p0,T,batch,tauBlock,dt,C_mean,C_std,C_sem,nReplica
3.750,0.16952498,fill,1000,0,6.7640326e-05,1.6017402e-06,5.0651474e-07,10
3.750,0.16952498,fill,1000,0.01,6.761428e-05,1.6016699e-06,5.0649249e-07,10
3.750,0.16952498,fill,1000,0.02,6.7536662e-05,1.6015888e-06,5.0646685e-07,10
3.750,0.16952498,fill,1000,0.03,6.7408005e-05,1.6014978e-06,5.0643807e-07,10
3.750,0.16952498,fill,1000,0.04,6.7229124e-05,1.6013977e-06,5.0640641e-07,10
3.750,0.16952498,fill,1000,0.05,6.7001091e-05,1.6012892e-06,5.0637212e-07,10
3.750,0.16952498,fill,1000,0.06,6.6725203e-05,1.6011738e-06,5.0633562e-07,10
3.750,0.16952498,fill,1000,0.07,6.6402969e-05,1.6010523e-06,5.0629718e-07,10
3.750,0.16952498,fill,1000,0.08,6.6036079e-05,1.6009258e-06,5.062572e-07,10
3.750,0.16952498,fill,1000,0.09,6.562639e-05,1.6007961e-06,5.0621618e-07,10
3.750,0.16952498,fill,1000,0.1,6.5175905e-05,1.6006646e-06,5.0617459e-07,10
3.750,0.16952498,fill,1000,0.11,6.4686751e-05,1.6005329e-06,5.0613294e-07,10
3.750,0.16952498,fill,1000,0.12,6.4161161e-05,1.6004029e-06,5.0609183e-07,10
3.750,0.16952498,fill,1000,0.13,6.3601456e-05,1.6002761e-06,5.0605172e-07,10
3.750,0.16952498,fill,1000,0.14,6.3010028e-05,1.6001544e-06,5.0601326e-07,10
3.750,0.16952498,fill,1000,0.15,6.238932e-05,1.6000397e-06,5.0597698e-07,10
3.750,0.16952498,fill,1000,0.16,6.1735738e-05,1.5999331e-06,5.0594327e-07,10
3.750,0.16952498,fill,1000,0.18,6.03716e-05,1.5997568e-06,5.0588753e-07,10
3.750,0.16952498,fill,1000,0.2,5.8930309e-05,1.5996412e-06,5.0585095e-07,10
3.750,0.16952498,fill,1000,0.22,5.7431632e-05,1.5996055e-06,5.0583966e-07,10
3.750,0.16952498,fill,1000,0.24,5.5894757e-05,1.5996669e-06,5.0585908e-07,10
3.750,0.16952498,fill,1000,0.26,5.4338035e-05,1.5998396e-06,5.0591372e-07,10
3.750,0.16952498,fill,1000,0.28,5.2778764e-05,1.6001365e-06,5.060076e-07,10
3.750,0.16952498,fill,1000,0.3,5.1233031e-05,1.6005668e-06,5.0614366e-07,10
3.750,0.16952498,fill,1000,0.32,4.9725889e-05,1.6010664e-06,5.0630166e-07,10
3.750,0.16952498,fill,1000,0.36,4.6833046e-05,1.6026426e-06,5.068001e-07,10
3.750,0.16952498,fill,1000,0.4,4.4191445e-05,1.6047565e-06,5.0746858e-07,10
3.750,0.16952498,fill,1000,0.44,4.1863877e-05,1.6073409e-06,5.0828582e-07,10
3.750,0.16952498,fill,1000,0.48,3.9888143e-05,1.6103239e-06,5.0922914e-07,10
3.750,0.16952498,fill,1000,0.52,3.8278416e-05,1.6136421e-06,5.1027844e-07,10
3.750,0.16952498,fill,1000,0.56,3.702766e-05,1.6172318e-06,5.1141358e-07,10
3.750,0.16952498,fill,1000,0.6,3.6110977e-05,1.6210194e-06,5.1261136e-07,10
3.750,0.16952498,fill,1000,0.64,3.5551364e-05,1.6247367e-06,5.1378684e-07,10
3.750,0.16952498,fill,1000,0.72,3.4969533e-05,1.6319823e-06,5.1607813e-07,10
3.750,0.16952498,fill,1000,0.8,3.4951655e-05,1.636657e-06,5.1755638e-07,10
3.750,0.16952498,fill,1000,0.88,3.5123393e-05,1.6356657e-06,5.1724291e-07,10
3.750,0.16952498,fill,1000,0.96,3.5233518e-05,1.6269e-06,5.1447096e-07,10
3.750,0.16952498,fill,1000,1.04,3.5183058e-05,1.6107235e-06,5.0935549e-07,10
3.750,0.16952498,fill,1000,1.12,3.5004429e-05,1.590068e-06,5.0282366e-07,10
3.750,0.16952498,fill,1000,1.2,3.4809002e-05,1.5692086e-06,4.9622733e-07,10
3.750,0.16952498,fill,1000,1.28,3.4778992e-05,1.5518481e-06,4.9073745e-07,10
3.750,0.16952498,fill,1000,1.44,3.528554e-05,1.5310965e-06,4.8417523e-07,10
3.750,0.16952498,fill,1000,1.6,3.6574137e-05,1.5244348e-06,4.8206863e-07,10
3.750,0.16952498,fill,1000,1.76,3.7985995e-05,1.5206875e-06,4.808836e-07,10
3.750,0.16952498,fill,1000,1.92,3.8769297e-05,1.5081335e-06,4.7691367e-07,10
3.750,0.16952498,fill,1000,2.08,3.8600544e-05,1.4868298e-06,4.7017686e-07,10
3.750,0.16952498,fill,1000,2.24,3.7686481e-05,1.4673694e-06,4.6402296e-07,10
3.750,0.16952498,fill,1000,2.4,3.6494671e-05,1.4532333e-06,4.5955273e-07,10
3.750,0.16952498,fill,1000,2.56,3.5423418e-05,1.4456116e-06,4.5714254e-07,10
3.750,0.16952498,fill,1000,2.88,3.364506e-05,1.4861095e-06,4.6994909e-07,10
3.750,0.16952498,fill,1000,3.2,3.260305e-05,1.5457804e-06,4.8881869e-07,10
3.750,0.16952498,fill,1000,3.52,3.2733655e-05,1.5161158e-06,4.7943791e-07,10
3.750,0.16952498,fill,1000,3.84,3.3392377e-05,1.4943086e-06,4.7254186e-07,10
3.750,0.16952498,fill,1000,4.16,3.3445453e-05,1.527757e-06,4.8311918e-07,10
3.750,0.16952498,fill,1000,4.48,3.2580697e-05,1.5802276e-06,4.9971186e-07,10
3.750,0.16952498,fill,1000,4.8,3.1365045e-05,1.5722609e-06,4.9719254e-07,10
3.750,0.16952498,fill,1000,5.12,3.0676717e-05,1.4751954e-06,4.6649776e-07,10
3.750,0.16952498,fill,1000,5.76,3.031453e-05,1.3253797e-06,4.1912187e-07,10
3.750,0.16952498,fill,1000,6.4,2.9684264e-05,1.390581e-06,4.3974032e-07,10
3.750,0.16952498,fill,1000,7.04,2.8517388e-05,1.4654376e-06,4.6341205e-07,10
3.750,0.16952498,fill,1000,7.68,2.777466e-05,1.4391403e-06,4.5509614e-07,10
3.750,0.16952498,fill,1000,8.32,2.7232714e-05,1.4578621e-06,4.6101647e-07,10
3.750,0.16952498,fill,1000,8.96,2.6415396e-05,1.4691947e-06,4.6460017e-07,10
3.750,0.16952498,fill,1000,9.6,2.565513e-05,1.3711437e-06,4.3359372e-07,10
3.750,0.16952498,fill,1000,10.24,2.5027044e-05,1.4106555e-06,4.4608843e-07,10
3.750,0.16952498,fill,1000,11.52,2.386188e-05,1.4830763e-06,4.6898989e-07,10
3.750,0.16952498,fill,1000,12.8,2.2588736e-05,1.4100876e-06,4.4590884e-07,10
3.750,0.16952498,fill,1000,14.08,2.1431277e-05,1.4332938e-06,4.5324731e-07,10
3.750,0.16952498,fill,1000,15.36,2.0465623e-05,1.4375706e-06,4.5459973e-07,10
3.750,0.16952498,fill,1000,16.64,1.9305171e-05,1.4751091e-06,4.6647045e-07,10
3.750,0.16952498,fill,1000,17.92,1.83871e-05,1.4129611e-06,4.4681752e-07,10
3.750,0.16952498,fill,1000,19.2,1.7429434e-05,1.3955638e-06,4.4131601e-07,10
3.750,0.16952498,fill,1000,20.48,1.6503362e-05,1.4577838e-06,4.6099171e-07,10
3.750,0.16952498,fill,1000,23.04,1.481769e-05,1.3872866e-06,4.3869855e-07,10
3.750,0.16952498,fill,1000,25.6,1.3247044e-05,1.3576433e-06,4.2932452e-07,10
3.750,0.16952498,fill,1000,28.16,1.1809434e-05,1.4512696e-06,4.5893174e-07,10
3.750,0.16952498,fill,1000,30.72,1.0569644e-05,1.4722664e-06,4.655715e-07,10
3.750,0.16952498,fill,1000,33.28,9.5499715e-06,1.717181e-06,5.430203e-07,10
3.750,0.16952498,fill,1000,35.84,8.6185189e-06,1.8601803e-06,5.8824068e-07,10
3.750,0.16952498,fill,1000,38.4,7.8411505e-06,1.9776486e-06,6.2538739e-07,10
3.750,0.16952498,fill,1000,40.96,7.1583089e-06,2.0429099e-06,6.4602483e-07,10
3.750,0.16952498,fill,1000,46.08,6.0714075e-06,2.3216103e-06,7.3415763e-07,10
3.750,0.16952498,fill,1000,51.2,5.2086763e-06,2.4085401e-06,7.6164725e-07,10
3.750,0.16952498,fill,1000,56.32,4.4771417e-06,2.216254e-06,7.0084105e-07,10
3.750,0.16952498,fill,1000,61.44,3.9517096e-06,2.108709e-06,6.6683234e-07,10
3.750,0.16952498,fill,1000,66.56,3.3930101e-06,2.0309263e-06,6.4223527e-07,10
3.750,0.16952498,fill,1000,71.68,2.8167394e-06,2.1072323e-06,6.6636535e-07,10
3.750,0.16952498,fill,1000,76.8,2.3243252e-06,2.1490668e-06,6.7959458e-07,10
3.750,0.16952498,fill,1000,81.92,2.0287631e-06,2.2382859e-06,7.0780815e-07,10
3.750,0.16952498,fill,1000,92.16,1.4783976e-06,1.9294761e-06,6.1015392e-07,10
3.750,0.16952498,fill,1000,102.4,9.7121572e-07,1.2271196e-06,3.8804928e-07,10
3.750,0.16952498,fill,1000,112.64,4.3926122e-07,1.1936983e-06,3.7748055e-07,10
3.750,0.16952498,fill,1000,122.88,7.1607759e-08,1.3324045e-06,4.213433e-07,10
3.750,0.16952498,fill,1000,133.12,-5.5753405e-08,1.5256329e-06,4.8244748e-07,10
3.750,0.16952498,fill,1000,143.36,-2.1966995e-07,1.5435148e-06,4.8810224e-07,10
3.750,0.16952498,fill,1000,153.6,-2.6145917e-07,1.2598184e-06,3.9838955e-07,10
3.750,0.16952498,fill,1000,163.84,-1.1694434e-07,9.3868747e-07,2.9683904e-07,10
3.750,0.16952498,fill,1000,184.32,1.3579184e-07,1.1017466e-06,3.4840286e-07,10
3.750,0.16952498,fill,1000,204.8,4.4571885e-07,1.0709548e-06,3.3866565e-07,10
3.750,0.16952498,fill,1000,225.28,5.9638503e-07,1.4040011e-06,4.4398414e-07,10
3.750,0.16952498,fill,1000,245.76,7.7954849e-07,1.7398936e-06,5.5020266e-07,10
3.750,0.16952498,fill,1000,266.24,6.6776155e-07,2.2068297e-06,6.9786081e-07,10
3.750,0.16952498,fill,1000,286.72,2.2209182e-07,1.9582378e-06,6.1924917e-07,10
3.750,0.16952498,fill,1000,307.2,2.0894924e-08,2.555528e-06,8.0812891e-07,10
3.750,0.16952498,fill,1000,327.68,-5.4703584e-08,2.2502673e-06,7.1159701e-07,10
3.750,0.16952498,fill,1000,368.64,1.3084496e-07,1.7742304e-06,5.6106092e-07,10
3.750,0.16952498,fill,1000,409.6,5.7265288e-07,1.0750179e-06,3.3995049e-07,10
3.750,0.16952498,fill,1000,450.56,4.1843341e-07,1.0645584e-06,3.3664292e-07,10
3.750,0.16952498,fill,1000,491.52,6.203047e-07,1.6464052e-06,5.2063903e-07,10
3.750,0.16952498,fill,1000,532.48,8.4796183e-08,1.5901452e-06,5.0284807e-07,10
3.750,0.16952498,fill,1000,573.44,2.9178825e-07,1.2130271e-06,3.8359286e-07,10
3.750,0.16952498,fill,1000,614.4,5.0385689e-07,1.3541916e-06,4.2823299e-07,10
3.750,0.16952498,fill,1000,655.36,1.5770722e-07,1.7260971e-06,5.4583984e-07,10
3.750,0.16952498,fill,1000,737.28,-7.1623967e-07,2.154234e-06,6.8122861e-07,10
3.750,0.16952498,fill,1000,819.2,-7.7782292e-07,1.5372626e-06,4.8612513e-07,10
3.750,0.16952498,fill,1000,901.12,-1.1100062e-06,1.2406732e-06,3.923353e-07,10
3.750,0.16952498,fill,1000,983.04,9.0472192e-08,1.7351599e-06,5.4870574e-07,10
3.750,0.16952498,fill,1000,1064.96,-1.3867517e-07,1.4641281e-06,4.6299795e-07,10
3.750,0.16952498,fill,1000,1146.88,-1.5312407e-07,1.1394187e-06,3.6031582e-07,10
3.750,0.16952498,fill,1000,1228.8,-3.1236659e-08,2.3485394e-06,7.4267336e-07,10
3.750,0.16952498,fill,1000,1310.72,-3.8760384e-07,1.2344192e-06,3.9035762e-07,10
3.750,0.16952498,fill,1000,1474.56,3.2596385e-07,1.486884e-06,4.7019402e-07,10
3.750,0.16952498,fill,1000,1638.4,1.9924637e-07,1.5495885e-06,4.900229e-07,10
3.750,0.16952498,fill,1000,1802.24,5.7401593e-07,1.2355887e-06,3.9072745e-07,10
3.750,0.16952498,fill,1000,1966.08,1.0602316e-06,7.6367092e-07,2.4149395e-07,10
3.750,0.16952498,fill,1000,2129.92,1.0352949e-07,1.2663747e-06,4.0046284e-07,10
3.750,0.16952498,fill,1000,2293.76,1.9632386e-07,1.1971819e-06,3.7858215e-07,10
3.750,0.16952498,fill,1000,2457.6,2.7199785e-07,1.7670021e-06,5.5877513e-07,10
3.750,0.16952498,fill,1000,2621.44,-1.2254906e-07,1.1752118e-06,3.716346e-07,10
3.750,0.16952498,fill,1000,2949.12,-6.4316125e-07,1.5554327e-06,4.9187101e-07,10
3.750,0.16952498,fill,1000,3276.8,-2.5794761e-07,1.5232578e-06,4.8169641e-07,10
3.750,0.16952498,fill,1000,3604.48,-5.6446885e-07,1.0446608e-06,3.3035075e-07,10
3.750,0.16952498,fill,1000,3932.16,-2.182195e-07,1.5082115e-06,4.7693834e-07,10
3.750,0.16952498,fill,1000,4259.84,-8.054641e-07,1.6919614e-06,5.3504517e-07,10
3.750,0.16952498,fill,1000,4587.52,8.1751132e-07,6.8608505e-07,2.1695914e-07,10
3.750,0.16952498,fill,1000,4915.2,4.4912439e-07,1.7665397e-06,5.5862891e-07,10
3.750,0.16952498,fill,1000,5242.88,-7.2572663e-07,1.7332655e-06,5.4810668e-07,10
3.750,0.16952498,fill,1000,5898.24,2.173118e-07,1.0091524e-06,3.1912202e-07,10
3.750,0.16952498,fill,1000,6553.6,5.6678157e-07,1.7961264e-06,5.6798503e-07,10
3.750,0.16952498,fill,1000,7208.96,3.005528e-07,1.0004746e-06,3.1637784e-07,10
3.750,0.16952498,fill,1000,7864.32,1.0322842e-06,1.9387032e-06,6.1307178e-07,10
3.750,0.16952498,fill,1000,8519.68,1.6168364e-07,3.2077263e-06,1.0143721e-06,10
3.750,0.16952498,fill,1000,9175.04,3.2770529e-06,4.391896e-06,1.3888394e-06,10
3.750,0.1507937,2,1000,0,5.7095811e-05,2.1156036e-06,6.6901261e-07,10
3.750,0.1507937,2,1000,0.01,5.7074633e-05,2.1155687e-06,6.6900156e-07,10
3.750,0.1507937,2,1000,0.02,5.7011465e-05,2.1154451e-06,6.6896248e-07,10
3.750,0.1507937,2,1000,0.03,5.6906707e-05,2.115234e-06,6.6889572e-07,10
3.750,0.1507937,2,1000,0.04,5.6760973e-05,2.1149369e-06,6.6880176e-07,10
3.750,0.1507937,2,1000,0.05,5.657507e-05,2.1145559e-06,6.686813e-07,10
3.750,0.1507937,2,1000,0.06,5.6349987e-05,2.1140941e-06,6.6853524e-07,10
3.750,0.1507937,2,1000,0.07,5.608687e-05,2.1135547e-06,6.6836467e-07,10
3.750,0.1507937,2,1000,0.08,5.5787013e-05,2.1129416e-06,6.6817082e-07,10
3.750,0.1507937,2,1000,0.09,5.545184e-05,2.1122593e-06,6.6795505e-07,10
3.750,0.1507937,2,1000,0.1,5.5082892e-05,2.1115126e-06,6.677189e-07,10
3.750,0.1507937,2,1000,0.11,5.468181e-05,2.1107061e-06,6.6746388e-07,10
3.750,0.1507937,2,1000,0.12,5.4250328e-05,2.1098453e-06,6.6719165e-07,10
3.750,0.1507937,2,1000,0.13,5.3790249e-05,2.1089354e-06,6.6690393e-07,10
3.750,0.1507937,2,1000,0.14,5.3303441e-05,2.1079822e-06,6.666025e-07,10
3.750,0.1507937,2,1000,0.15,5.2791819e-05,2.1069915e-06,6.6628922e-07,10
3.750,0.1507937,2,1000,0.16,5.2252115e-05,2.1059621e-06,6.659637e-07,10
3.750,0.1507937,2,1000,0.18,5.1123483e-05,2.1038524e-06,6.6529655e-07,10
3.750,0.1507937,2,1000,0.2,4.9927257e-05,2.101696e-06,6.6461465e-07,10
3.750,0.1507937,2,1000,0.22,4.8679289e-05,2.0995477e-06,6.6393528e-07,10
3.750,0.1507937,2,1000,0.24,4.7395109e-05,2.0974604e-06,6.6327522e-07,10
3.750,0.1507937,2,1000,0.26,4.6089708e-05,2.095484e-06,6.6265022e-07,10
3.750,0.1507937,2,1000,0.28,4.4777352e-05,2.093661e-06,6.6207373e-07,10
3.750,0.1507937,2,1000,0.3,4.3471437e-05,2.0920268e-06,6.6155698e-07,10
3.750,0.1507937,2,1000,0.32,4.2191818e-05,2.0906038e-06,6.6110699e-07,10
3.750,0.1507937,2,1000,0.36,3.9722999e-05,2.0884796e-06,6.6043525e-07,10
3.750,0.1507937,2,1000,0.4,3.7448408e-05,2.0873281e-06,6.6007111e-07,10
3.750,0.1507937,2,1000,0.44,3.5424019e-05,2.0871116e-06,6.6000264e-07,10
3.750,0.1507937,2,1000,0.48,3.3685474e-05,2.0877459e-06,6.6020322e-07,10
3.750,0.1507937,2,1000,0.52,3.2248849e-05,2.0891253e-06,6.6063944e-07,10
3.750,0.1507937,2,1000,0.56,3.1112404e-05,2.0911356e-06,6.6127514e-07,10
3.750,0.1507937,2,1000,0.6,3.025912e-05,2.0936389e-06,6.6206677e-07,10
3.750,0.1507937,2,1000,0.64,2.9713867e-05,2.0964221e-06,6.6294688e-07,10
3.750,0.1507937,2,1000,0.72,2.9099095e-05,2.101854e-06,6.6466459e-07,10
3.750,0.1507937,2,1000,0.8,2.9002912e-05,2.1051587e-06,6.6570962e-07,10
3.750,0.1507937,2,1000,0.88,2.9109308e-05,2.1041454e-06,6.6538921e-07,10
3.750,0.1507937,2,1000,0.96,2.9194713e-05,2.0980764e-06,6.6347002e-07,10
3.750,0.1507937,2,1000,1.04,2.9158373e-05,2.0883022e-06,6.6037915e-07,10
3.750,0.1507937,2,1000,1.12,2.9012223e-05,2.077998e-06,6.5712066e-07,10
3.750,0.1507937,2,1000,1.2,2.8842976e-05,2.071106e-06,6.5494122e-07,10
3.750,0.1507937,2,1000,1.28,2.8808047e-05,2.0725234e-06,6.5538944e-07,10
3.750,0.1507937,2,1000,1.44,2.9243283e-05,2.0929876e-06,6.6186078e-07,10
3.750,0.1507937,2,1000,1.6,3.0433592e-05,2.1268144e-06,6.7255777e-07,10
3.750,0.1507937,2,1000,1.76,3.1843721e-05,2.1467868e-06,6.7887361e-07,10
3.750,0.1507937,2,1000,1.92,3.2779719e-05,2.1377283e-06,6.7600905e-07,10
3.750,0.1507937,2,1000,2.08,3.287423e-05,2.107155e-06,6.663409e-07,10
3.750,0.1507937,2,1000,2.24,3.2238722e-05,2.0712951e-06,6.5500104e-07,10
3.750,0.1507937,2,1000,2.4,3.1259261e-05,2.045306e-06,6.4678255e-07,10
3.750,0.1507937,2,1000,2.56,3.0282356e-05,2.0352867e-06,6.4361417e-07,10
3.750,0.1507937,2,1000,2.88,2.8514904e-05,2.0368883e-06,6.4412063e-07,10
3.750,0.1507937,2,1000,3.2,2.7308231e-05,2.0282971e-06,6.4140387e-07,10
3.750,0.1507937,2,1000,3.52,2.7315565e-05,2.0016965e-06,6.3299203e-07,10
3.750,0.1507937,2,1000,3.84,2.8052294e-05,1.9667915e-06,6.2195409e-07,10
3.750,0.1507937,2,1000,4.16,2.8431301e-05,1.952071e-06,6.1729904e-07,10
3.750,0.1507937,2,1000,4.48,2.7917943e-05,1.950293e-06,6.1673679e-07,10
3.750,0.1507937,2,1000,4.8,2.6832567e-05,1.9547319e-06,6.1814049e-07,10
3.750,0.1507937,2,1000,5.12,2.608499e-05,1.9769012e-06,6.2515106e-07,10
3.750,0.1507937,2,1000,5.76,2.5608554e-05,1.8928342e-06,5.9856674e-07,10
3.750,0.1507937,2,1000,6.4,2.5385112e-05,1.8297722e-06,5.7862477e-07,10
3.750,0.1507937,2,1000,7.04,2.4498918e-05,1.8858317e-06,5.9635233e-07,10
3.750,0.1507937,2,1000,7.68,2.3706976e-05,1.8927787e-06,5.9854918e-07,10
3.750,0.1507937,2,1000,8.32,2.3438145e-05,1.8224828e-06,5.7631966e-07,10
3.750,0.1507937,2,1000,8.96,2.2730165e-05,1.8172359e-06,5.7466043e-07,10
3.750,0.1507937,2,1000,9.6,2.2152148e-05,1.8017026e-06,5.697484e-07,10
3.750,0.1507937,2,1000,10.24,2.1747874e-05,1.7831603e-06,5.638848e-07,10
3.750,0.1507937,2,1000,11.52,2.0759222e-05,1.7623657e-06,5.5730896e-07,10
3.750,0.1507937,2,1000,12.8,1.9883155e-05,1.7537498e-06,5.5458437e-07,10
3.750,0.1507937,2,1000,14.08,1.8966228e-05,1.7018795e-06,5.3818155e-07,10
3.750,0.1507937,2,1000,15.36,1.8076285e-05,1.6346412e-06,5.1691895e-07,10
3.750,0.1507937,2,1000,16.64,1.7297076e-05,1.6321989e-06,5.161466e-07,10
3.750,0.1507937,2,1000,17.92,1.6489369e-05,1.6002126e-06,5.0603167e-07,10
3.750,0.1507937,2,1000,19.2,1.5743359e-05,1.5594544e-06,4.9314279e-07,10
3.750,0.1507937,2,1000,20.48,1.5114094e-05,1.5492679e-06,4.8992152e-07,10
3.750,0.1507937,2,1000,23.04,1.3883648e-05,1.5612701e-06,4.9371694e-07,10
3.750,0.1507937,2,1000,25.6,1.2795818e-05,1.6355614e-06,5.1720994e-07,10
3.750,0.1507937,2,1000,28.16,1.1759667e-05,1.5469606e-06,4.891919e-07,10
3.750,0.1507937,2,1000,30.72,1.0720609e-05,1.483728e-06,4.69196e-07,10
3.750,0.1507937,2,1000,33.28,9.7510244e-06,1.4782413e-06,4.6746095e-07,10
3.750,0.1507937,2,1000,35.84,8.9261893e-06,1.4495831e-06,4.5839842e-07,10
3.750,0.1507937,2,1000,38.4,8.1562306e-06,1.4690092e-06,4.6454149e-07,10
3.750,0.1507937,2,1000,40.96,7.5529977e-06,1.5254557e-06,4.8239146e-07,10
3.750,0.1507937,2,1000,46.08,6.3628402e-06,1.620508e-06,5.1244963e-07,10
3.750,0.1507937,2,1000,51.2,5.3098243e-06,1.6286564e-06,5.1502639e-07,10
3.750,0.1507937,2,1000,56.32,4.5466249e-06,1.7394438e-06,5.5006043e-07,10
3.750,0.1507937,2,1000,61.44,3.8756111e-06,1.7479294e-06,5.5274381e-07,10
3.750,0.1507937,2,1000,66.56,3.2602e-06,1.7857159e-06,5.6469295e-07,10
3.750,0.1507937,2,1000,71.68,2.8087825e-06,1.860731e-06,5.8841482e-07,10
3.750,0.1507937,2,1000,76.8,2.5376795e-06,1.7959916e-06,5.6794242e-07,10
3.750,0.1507937,2,1000,81.92,2.2608566e-06,1.6594411e-06,5.2476137e-07,10
3.750,0.1507937,2,1000,92.16,1.6156101e-06,1.5666637e-06,4.9542256e-07,10
3.750,0.1507937,2,1000,102.4,9.1872257e-07,1.6237873e-06,5.1348661e-07,10
3.750,0.1507937,2,1000,112.64,7.5160781e-07,1.6494156e-06,5.21591e-07,10
3.750,0.1507937,2,1000,122.88,8.4038873e-07,1.7513445e-06,5.5382376e-07,10
3.750,0.1507937,2,1000,133.12,9.0031011e-07,1.7376656e-06,5.4949812e-07,10
3.750,0.1507937,2,1000,143.36,7.4259695e-07,1.773041e-06,5.606848e-07,10
3.750,0.1507937,2,1000,153.6,5.7952863e-07,1.6962119e-06,5.363893e-07,10
3.750,0.1507937,2,1000,163.84,2.277717e-07,1.734104e-06,5.4837184e-07,10
3.750,0.1507937,2,1000,184.32,-2.4433982e-07,1.8049058e-06,5.7076133e-07,10
3.750,0.1507937,2,1000,204.8,-6.1376764e-07,1.7153401e-06,5.4243817e-07,10
3.750,0.1507937,2,1000,225.28,-1.0528372e-06,1.5086326e-06,4.7707151e-07,10
3.750,0.1507937,2,1000,245.76,-1.1984467e-06,1.4355067e-06,4.5394708e-07,10
3.750,0.1507937,2,1000,266.24,-9.5146161e-07,1.3869388e-06,4.3858857e-07,10
3.750,0.1507937,2,1000,286.72,-4.4467145e-07,1.5857181e-06,5.0144809e-07,10
3.750,0.1507937,2,1000,307.2,-3.4268316e-07,1.5813143e-06,5.0005547e-07,10
3.750,0.1507937,2,1000,327.68,-5.5832007e-09,1.436669e-06,4.5431464e-07,10
3.750,0.1507937,2,1000,368.64,2.0765407e-07,1.499308e-06,4.7412282e-07,10
3.750,0.1507937,2,1000,409.6,8.1662824e-07,1.5626706e-06,4.9415982e-07,10
3.750,0.1507937,2,1000,450.56,5.8831298e-07,2.4057993e-06,7.6078054e-07,10
3.750,0.1507937,2,1000,491.52,4.1267693e-07,2.3086741e-06,7.3006685e-07,10
3.750,0.1507937,2,1000,532.48,3.670199e-07,2.270178e-06,7.178933e-07,10
3.750,0.1507937,2,1000,573.44,1.8134041e-07,1.4287316e-06,4.5180459e-07,10
3.750,0.1507937,2,1000,614.4,-4.393615e-08,1.3523817e-06,4.2766064e-07,10
3.750,0.1507937,2,1000,655.36,-2.8390626e-07,1.35821e-06,4.2950372e-07,10
3.750,0.1507937,2,1000,737.28,-6.855481e-07,1.3240344e-06,4.1869645e-07,10
3.750,0.1507937,2,1000,819.2,-2.413604e-07,9.4908761e-07,3.0012786e-07,10
3.750,0.1507937,2,1000,901.12,1.0742312e-07,1.3790502e-06,4.3609395e-07,10
3.750,0.1507937,2,1000,983.04,8.5548663e-07,8.8457297e-07,2.7972653e-07,10
3.750,0.1507937,2,1000,1064.96,-5.5687579e-09,1.7082609e-06,5.4019952e-07,10
3.750,0.1507937,2,1000,1146.88,-4.4266709e-07,1.7199659e-06,5.4390098e-07,10
3.750,0.1507937,2,1000,1228.8,-6.9806137e-07,1.0853979e-06,3.4323294e-07,10
3.750,0.1507937,2,1000,1310.72,3.2579689e-07,1.1935562e-06,3.7743562e-07,10
3.750,0.1507937,2,1000,1474.56,4.5987408e-08,1.0456957e-06,3.3067802e-07,10
3.750,0.1507937,2,1000,1638.4,-2.8472841e-07,1.2603005e-06,3.9854202e-07,10
3.750,0.1507937,2,1000,1802.24,1.2994763e-07,1.2730937e-06,4.0258759e-07,10
3.750,0.1507937,2,1000,1966.08,-4.0170606e-07,2.5169761e-06,7.9593774e-07,10
3.750,0.1507937,2,1000,2129.92,-4.6534544e-07,1.3580241e-06,4.2944494e-07,10
3.750,0.1507937,2,1000,2293.76,-5.5068462e-07,1.0217391e-06,3.2310226e-07,10
3.750,0.1507937,2,1000,2457.6,2.6545874e-07,1.8029002e-06,5.7012712e-07,10
3.750,0.1507937,2,1000,2621.44,2.6626762e-08,9.443207e-07,2.9862042e-07,10
3.750,0.1507937,2,1000,2949.12,3.8405979e-07,8.2155717e-07,2.5979919e-07,10
3.750,0.1507937,2,1000,3276.8,1.8920816e-07,4.6807146e-07,1.4801719e-07,10
3.750,0.1507937,2,1000,3604.48,-4.4720729e-07,1.1930354e-06,3.7727091e-07,10
3.750,0.1507937,2,1000,3932.16,-5.2942063e-07,8.4558048e-07,2.6739603e-07,10
3.750,0.1507937,2,1000,4259.84,1.2495925e-07,9.6481706e-07,3.0510194e-07,10
3.750,0.1507937,2,1000,4587.52,-1.406034e-07,1.0279979e-06,3.250815e-07,10
3.750,0.1507937,2,1000,4915.2,1.7587188e-07,1.0007598e-06,3.1646803e-07,10
3.750,0.1507937,2,1000,5242.88,-1.9407429e-07,7.6260879e-07,2.4115807e-07,10
3.750,0.1507937,2,1000,5898.24,6.323204e-07,1.0772633e-06,3.4066057e-07,10
3.750,0.1507937,2,1000,6553.6,3.0265231e-07,9.6808497e-07,3.0613535e-07,10
3.750,0.1507937,2,1000,7208.96,-2.1515802e-07,1.2651376e-06,4.0007163e-07,10
3.750,0.1507937,2,1000,7864.32,-1.7111035e-07,1.327168e-06,4.1968738e-07,10
3.750,0.1507937,2,1000,8519.68,-3.654093e-07,1.0934467e-06,3.4577819e-07,10
3.750,0.1507937,2,1000,9175.04,1.8374872e-07,2.1085014e-06,6.6676668e-07,10
3.750,0.09518981,2,1000,0,2.8104127e-05,1.4467642e-06,4.5750701e-07,10
3.750,0.09518981,2,1000,0.01,2.8094843e-05,1.4467204e-06,4.5749317e-07,10
3.750,0.09518981,2,1000,0.02,2.8067127e-05,1.4465967e-06,4.5745404e-07,10
3.750,0.09518981,2,1000,0.03,2.802111e-05,1.4463932e-06,4.5738968e-07,10
3.750,0.09518981,2,1000,0.04,2.7956994e-05,1.4461103e-06,4.5730023e-07,10
3.750,0.09518981,2,1000,0.05,2.7875048e-05,1.4457485e-06,4.5718582e-07,10
3.750,0.09518981,2,1000,0.06,2.7775608e-05,1.4453084e-06,4.5704664e-07,10
3.750,0.09518981,2,1000,0.07,2.7659069e-05,1.4447907e-06,4.5688295e-07,10
3.750,0.09518981,2,1000,0.08,2.7525881e-05,1.4441964e-06,4.5669501e-07,10
3.750,0.09518981,2,1000,0.09,2.7376547e-05,1.4435265e-06,4.5648316e-07,10
3.750,0.09518981,2,1000,0.1,2.7211618e-05,1.442782e-06,4.5624772e-07,10
3.750,0.09518981,2,1000,0.11,2.7031686e-05,1.4419639e-06,4.5598903e-07,10
3.750,0.09518981,2,1000,0.12,2.6837386e-05,1.4410736e-06,4.5570749e-07,10
3.750,0.09518981,2,1000,0.13,2.6629386e-05,1.4401123e-06,4.5540348e-07,10
3.750,0.09518981,2,1000,0.14,2.6408387e-05,1.4390812e-06,4.5507742e-07,10
3.750,0.09518981,2,1000,0.15,2.6175116e-05,1.4379817e-06,4.5472975e-07,10
3.750,0.09518981,2,1000,0.16,2.592764e-05,1.4367978e-06,4.5435537e-07,10
3.750,0.09518981,2,1000,0.18,2.5407003e-05,1.4342712e-06,4.5355639e-07,10
3.750,0.09518981,2,1000,0.2,2.4849753e-05,1.431496e-06,4.5267879e-07,10
3.750,0.09518981,2,1000,0.22,2.4262383e-05,1.4284853e-06,4.5172673e-07,10
3.750,0.09518981,2,1000,0.24,2.3651438e-05,1.4252528e-06,4.5070452e-07,10
3.750,0.09518981,2,1000,0.26,2.3023415e-05,1.4218121e-06,4.4961646e-07,10
3.750,0.09518981,2,1000,0.28,2.238468e-05,1.4181767e-06,4.4846684e-07,10
3.750,0.09518981,2,1000,0.3,2.174139e-05,1.4143602e-06,4.4725996e-07,10
3.750,0.09518981,2,1000,0.32,2.1101124e-05,1.4103085e-06,4.4597871e-07,10
3.750,0.09518981,2,1000,0.36,1.9845362e-05,1.4019024e-06,4.4332048e-07,10
3.750,0.09518981,2,1000,0.4,1.8655435e-05,1.3929977e-06,4.4050456e-07,10
3.750,0.09518981,2,1000,0.44,1.7562976e-05,1.3837192e-06,4.3757042e-07,10
3.750,0.09518981,2,1000,0.48,1.6591267e-05,1.3742093e-06,4.3456315e-07,10
3.750,0.09518981,2,1000,0.52,1.5754988e-05,1.364638e-06,4.3153642e-07,10
3.750,0.09518981,2,1000,0.56,1.5060452e-05,1.355198e-06,4.2855124e-07,10
3.750,0.09518981,2,1000,0.6,1.4506293e-05,1.3460963e-06,4.2567302e-07,10
3.750,0.09518981,2,1000,0.64,1.4114302e-05,1.3377212e-06,4.230246e-07,10
3.750,0.09518981,2,1000,0.72,1.3601973e-05,1.3231875e-06,4.1842863e-07,10
3.750,0.09518981,2,1000,0.8,1.3419212e-05,1.3130381e-06,4.1521911e-07,10
3.750,0.09518981,2,1000,0.88,1.3413096e-05,1.30792e-06,4.1360062e-07,10
3.750,0.09518981,2,1000,0.96,1.3455508e-05,1.3075859e-06,4.1349497e-07,10
3.750,0.09518981,2,1000,1.04,1.3466372e-05,1.3110401e-06,4.1458727e-07,10
3.750,0.09518981,2,1000,1.12,1.341966e-05,1.3168881e-06,4.1643657e-07,10
3.750,0.09518981,2,1000,1.2,1.3334785e-05,1.3237197e-06,4.1859693e-07,10
3.750,0.09518981,2,1000,1.28,1.3274738e-05,1.3300101e-06,4.2058611e-07,10
3.750,0.09518981,2,1000,1.44,1.3372809e-05,1.3401717e-06,4.2379949e-07,10
3.750,0.09518981,2,1000,1.6,1.3930409e-05,1.3476567e-06,4.2616648e-07,10
3.750,0.09518981,2,1000,1.76,1.4814899e-05,1.3576779e-06,4.2933544e-07,10
3.750,0.09518981,2,1000,1.92,1.5644846e-05,1.3721044e-06,4.3389752e-07,10
3.750,0.09518981,2,1000,2.08,1.6083629e-05,1.3858364e-06,4.3823994e-07,10
3.750,0.09518981,2,1000,2.24,1.6057711e-05,1.3924665e-06,4.4033656e-07,10
3.750,0.09518981,2,1000,2.4,1.5736517e-05,1.3861607e-06,4.3834249e-07,10
3.750,0.09518981,2,1000,2.56,1.5319292e-05,1.3605756e-06,4.3025178e-07,10
3.750,0.09518981,2,1000,2.88,1.4363449e-05,1.3077747e-06,4.1355466e-07,10
3.750,0.09518981,2,1000,3.2,1.3287012e-05,1.3010613e-06,4.1143172e-07,10
3.750,0.09518981,2,1000,3.52,1.286399e-05,1.3229505e-06,4.183537e-07,10
3.750,0.09518981,2,1000,3.84,1.3269408e-05,1.3484154e-06,4.2640638e-07,10
3.750,0.09518981,2,1000,4.16,1.3696231e-05,1.3463603e-06,4.2575651e-07,10
3.750,0.09518981,2,1000,4.48,1.3713019e-05,1.3084892e-06,4.1378061e-07,10
3.750,0.09518981,2,1000,4.8,1.3477788e-05,1.2775455e-06,4.0399537e-07,10
3.750,0.09518981,2,1000,5.12,1.3157112e-05,1.3019066e-06,4.1169902e-07,10
3.750,0.09518981,2,1000,5.76,1.2644641e-05,1.3439318e-06,4.2498856e-07,10
3.750,0.09518981,2,1000,6.4,1.2522441e-05,1.3349533e-06,4.2214929e-07,10
3.750,0.09518981,2,1000,7.04,1.2415729e-05,1.3147653e-06,4.1576531e-07,10
3.750,0.09518981,2,1000,7.68,1.2046228e-05,1.2816628e-06,4.0529735e-07,10
3.750,0.09518981,2,1000,8.32,1.1731531e-05,1.3062265e-06,4.1306508e-07,10
3.750,0.09518981,2,1000,8.96,1.1528009e-05,1.2929028e-06,4.0885175e-07,10
3.750,0.09518981,2,1000,9.6,1.1364974e-05,1.2794623e-06,4.0460151e-07,10
3.750,0.09518981,2,1000,10.24,1.1083981e-05,1.2837061e-06,4.0594351e-07,10
3.750,0.09518981,2,1000,11.52,1.0638831e-05,1.3139437e-06,4.1550547e-07,10
3.750,0.09518981,2,1000,12.8,1.0200591e-05,1.2624474e-06,3.9922091e-07,10
3.750,0.09518981,2,1000,14.08,9.8283735e-06,1.3159729e-06,4.1614717e-07,10
3.750,0.09518981,2,1000,15.36,9.4270184e-06,1.3099091e-06,4.1422962e-07,10
3.750,0.09518981,2,1000,16.64,9.0653727e-06,1.3171266e-06,4.16512e-07,10
3.750,0.09518981,2,1000,17.92,8.6940304e-06,1.330327e-06,4.2068634e-07,10
3.750,0.09518981,2,1000,19.2,8.3483073e-06,1.2635914e-06,3.9958268e-07,10
3.750,0.09518981,2,1000,20.48,8.0049655e-06,1.2838432e-06,4.0598687e-07,10
3.750,0.09518981,2,1000,23.04,7.3922414e-06,1.2503986e-06,3.9541075e-07,10
3.750,0.09518981,2,1000,25.6,6.8495757e-06,1.2346955e-06,3.9044501e-07,10
3.750,0.09518981,2,1000,28.16,6.3578922e-06,1.1812234e-06,3.7353564e-07,10
3.750,0.09518981,2,1000,30.72,5.8737112e-06,1.1773919e-06,3.72324e-07,10
3.750,0.09518981,2,1000,33.28,5.4609852e-06,1.1809395e-06,3.7344586e-07,10
3.750,0.09518981,2,1000,35.84,5.0468124e-06,1.1447816e-06,3.6201172e-07,10
3.750,0.09518981,2,1000,38.4,4.6431246e-06,1.1083926e-06,3.5050451e-07,10
3.750,0.09518981,2,1000,40.96,4.3176955e-06,1.0574856e-06,3.3440629e-07,10
3.750,0.09518981,2,1000,46.08,3.7061047e-06,9.920232e-07,3.1370528e-07,10
3.750,0.09518981,2,1000,51.2,3.1787181e-06,9.202041e-07,2.9099409e-07,10
3.750,0.09518981,2,1000,56.32,2.7340898e-06,8.2196132e-07,2.5992699e-07,10
3.750,0.09518981,2,1000,61.44,2.3442817e-06,7.5354975e-07,2.3829335e-07,10
3.750,0.09518981,2,1000,66.56,2.0210958e-06,7.337645e-07,2.3203671e-07,10
3.750,0.09518981,2,1000,71.68,1.7046935e-06,7.3054745e-07,2.3101939e-07,10
3.750,0.09518981,2,1000,76.8,1.4385073e-06,6.9031757e-07,2.1829758e-07,10
3.750,0.09518981,2,1000,81.92,1.3004465e-06,7.0521852e-07,2.2300968e-07,10
3.750,0.09518981,2,1000,92.16,1.1188589e-06,7.5897394e-07,2.4000863e-07,10
3.750,0.09518981,2,1000,102.4,9.9078558e-07,8.1184097e-07,2.5672666e-07,10
3.750,0.09518981,2,1000,112.64,8.4787499e-07,9.0977651e-07,2.8769659e-07,10
3.750,0.09518981,2,1000,122.88,6.425084e-07,1.0057364e-06,3.1804176e-07,10
3.750,0.09518981,2,1000,133.12,5.1453475e-07,1.0444843e-06,3.3029493e-07,10
3.750,0.09518981,2,1000,143.36,5.6772683e-07,1.0009757e-06,3.1653631e-07,10
3.750,0.09518981,2,1000,153.6,5.4661716e-07,9.1643274e-07,2.8980148e-07,10
3.750,0.09518981,2,1000,163.84,4.9377756e-07,9.7689502e-07,3.0892133e-07,10
3.750,0.09518981,2,1000,184.32,3.0205069e-07,9.0811951e-07,2.8717261e-07,10
3.750,0.09518981,2,1000,204.8,1.4640908e-07,7.6012495e-07,2.4037262e-07,10
3.750,0.09518981,2,1000,225.28,2.3416921e-07,1.1273463e-06,3.5649822e-07,10
3.750,0.09518981,2,1000,245.76,2.0313624e-07,1.2477328e-06,3.9456776e-07,10
3.750,0.09518981,2,1000,266.24,2.5954116e-07,1.2055177e-06,3.8121818e-07,10
3.750,0.09518981,2,1000,286.72,9.9164464e-08,1.1610849e-06,3.671673e-07,10
3.750,0.09518981,2,1000,307.2,1.1419169e-07,1.0677992e-06,3.3766774e-07,10
3.750,0.09518981,2,1000,327.68,3.7657974e-07,1.062429e-06,3.3596956e-07,10
3.750,0.09518981,2,1000,368.64,2.0685707e-07,8.9650787e-07,2.8350068e-07,10
3.750,0.09518981,2,1000,409.6,1.7535302e-07,1.0811067e-06,3.4187597e-07,10
3.750,0.09518981,2,1000,450.56,1.1363643e-07,1.0351763e-06,3.273515e-07,10
3.750,0.09518981,2,1000,491.52,1.2143061e-07,9.6501596e-07,3.0516484e-07,10
3.750,0.09518981,2,1000,532.48,2.4754057e-07,7.8945526e-07,2.4964767e-07,10
3.750,0.09518981,2,1000,573.44,1.1462677e-08,7.2653359e-07,2.297501e-07,10
3.750,0.09518981,2,1000,614.4,1.5511417e-08,7.8185601e-07,2.4724458e-07,10
3.750,0.09518981,2,1000,655.36,6.0578499e-08,8.5449405e-07,2.7021475e-07,10
3.750,0.09518981,2,1000,737.28,2.3649609e-07,6.0288691e-07,1.9064958e-07,10
3.750,0.09518981,2,1000,819.2,3.6023931e-07,4.2593404e-07,1.3469217e-07,10
3.750,0.09518981,2,1000,901.12,2.3144018e-07,6.1317908e-07,1.9390425e-07,10
3.750,0.09518981,2,1000,983.04,1.0251271e-07,1.0188044e-06,3.2217425e-07,10
3.750,0.09518981,2,1000,1064.96,3.2159339e-08,1.1077345e-06,3.5029639e-07,10
3.750,0.09518981,2,1000,1146.88,-3.4813328e-07,7.5082194e-07,2.3743074e-07,10
3.750,0.09518981,2,1000,1228.8,-3.1088364e-08,9.4405324e-07,2.9853585e-07,10
3.750,0.09518981,2,1000,1310.72,-1.9850051e-07,9.845698e-07,3.1134831e-07,10
3.750,0.09518981,2,1000,1474.56,-8.8226627e-08,1.0323522e-06,3.2645843e-07,10
3.750,0.09518981,2,1000,1638.4,-2.3691727e-07,9.2873787e-07,2.936927e-07,10
3.750,0.09518981,2,1000,1802.24,-9.1773934e-08,6.3632926e-07,2.0122498e-07,10
3.750,0.09518981,2,1000,1966.08,-1.0170009e-08,4.3711591e-07,1.3822819e-07,10
3.750,0.09518981,2,1000,2129.92,3.3171187e-07,8.9970606e-07,2.8451204e-07,10
3.750,0.09518981,2,1000,2293.76,-1.7891213e-07,6.6482173e-07,2.1023509e-07,10
3.750,0.09518981,2,1000,2457.6,-2.8527001e-07,8.3446217e-07,2.6388011e-07,10
3.750,0.09518981,2,1000,2621.44,1.8605983e-07,5.1229315e-07,1.6200132e-07,10
3.750,0.09518981,2,1000,2949.12,2.3916388e-07,3.6865461e-07,1.1657882e-07,10
3.750,0.09518981,2,1000,3276.8,-7.8349105e-08,4.4704443e-07,1.4136786e-07,10
3.750,0.09518981,2,1000,3604.48,-1.43837e-07,4.8132324e-07,1.5220777e-07,10
3.750,0.09518981,2,1000,3932.16,-3.3870069e-07,4.7255934e-07,1.4943638e-07,10
3.750,0.09518981,2,1000,4259.84,-9.9479147e-08,4.4094327e-07,1.3943851e-07,10
3.750,0.09518981,2,1000,4587.52,-1.2064806e-07,6.6121483e-07,2.0909449e-07,10
3.750,0.09518981,2,1000,4915.2,-1.576561e-07,8.0792127e-07,2.5548714e-07,10
3.750,0.09518981,2,1000,5242.88,9.2236447e-08,5.1718549e-07,1.6354841e-07,10
3.750,0.09518981,2,1000,5898.24,-1.5798953e-07,1.0575019e-06,3.3441147e-07,10
3.750,0.09518981,2,1000,6553.6,-4.4619444e-08,9.9967345e-07,3.161245e-07,10
3.750,0.09518981,2,1000,7208.96,2.6374196e-07,1.0285937e-06,3.2526989e-07,10
3.750,0.09518981,2,1000,7864.32,8.381245e-08,1.193295e-06,3.7735303e-07,10
3.750,0.09518981,2,1000,8519.68,-4.0634893e-07,1.3054213e-06,4.1281047e-07,10
3.750,0.09518981,2,1000,9175.04,3.8201111e-07,1.8873553e-06,5.9683416e-07,10
3.750,0.05939491,2,1000,0,1.3716837e-05,8.3190917e-07,2.6307278e-07,10
3.750,0.05939491,2,1000,0.01,1.3712738e-05,8.3187907e-07,2.6306326e-07,10
3.750,0.05939491,2,1000,0.02,1.3700498e-05,8.317993e-07,2.6303803e-07,10
3.750,0.05939491,2,1000,0.03,1.3680162e-05,8.3167013e-07,2.6299719e-07,10
3.750,0.05939491,2,1000,0.04,1.3651798e-05,8.31492e-07,2.6294086e-07,10
3.750,0.05939491,2,1000,0.05,1.36155e-05,8.3126546e-07,2.6286922e-07,10
3.750,0.05939491,2,1000,0.06,1.3571385e-05,8.3099119e-07,2.6278249e-07,10
3.750,0.05939491,2,1000,0.07,1.3519594e-05,8.3067002e-07,2.6268092e-07,10
3.750,0.05939491,2,1000,0.08,1.3460289e-05,8.3030294e-07,2.6256484e-07,10
3.750,0.05939491,2,1000,0.09,1.3393653e-05,8.2989101e-07,2.6243458e-07,10
3.750,0.05939491,2,1000,0.1,1.3319887e-05,8.2943543e-07,2.6229051e-07,10
3.750,0.05939491,2,1000,0.11,1.3239212e-05,8.2893752e-07,2.6213306e-07,10
3.750,0.05939491,2,1000,0.12,1.3151866e-05,8.2839873e-07,2.6196268e-07,10
3.750,0.05939491,2,1000,0.13,1.3058102e-05,8.2782066e-07,2.6177988e-07,10
3.750,0.05939491,2,1000,0.14,1.2958188e-05,8.2720494e-07,2.6158517e-07,10
3.750,0.05939491,2,1000,0.15,1.2852406e-05,8.2655324e-07,2.6137908e-07,10
3.750,0.05939491,2,1000,0.16,1.2739733e-05,8.258587e-07,2.6115945e-07,10
3.750,0.05939491,2,1000,0.18,1.2501687e-05,8.2439309e-07,2.6069598e-07,10
3.750,0.05939491,2,1000,0.2,1.2245129e-05,8.2281407e-07,2.6019666e-07,10
3.750,0.05939491,2,1000,0.22,1.1972722e-05,8.2113806e-07,2.5966665e-07,10
3.750,0.05939491,2,1000,0.24,1.1687205e-05,8.1938178e-07,2.5911127e-07,10
3.750,0.05939491,2,1000,0.26,1.1391355e-05,8.1756226e-07,2.5853589e-07,10
3.750,0.05939491,2,1000,0.28,1.1087954e-05,8.1569612e-07,2.5794576e-07,10
3.750,0.05939491,2,1000,0.3,1.0779749e-05,8.1379965e-07,2.5734605e-07,10
3.750,0.05939491,2,1000,0.32,1.0469537e-05,8.1189399e-07,2.5674342e-07,10
3.750,0.05939491,2,1000,0.36,9.8539354e-06,8.0809459e-07,2.5554195e-07,10
3.750,0.05939491,2,1000,0.4,9.2589492e-06,8.0440192e-07,2.5437422e-07,10
3.750,0.05939491,2,1000,0.44,8.7008693e-06,8.0090764e-07,2.5326923e-07,10
3.750,0.05939491,2,1000,0.48,8.19273e-06,7.9768662e-07,2.5225066e-07,10
3.750,0.05939491,2,1000,0.52,7.7439864e-06,7.9479813e-07,2.5133724e-07,10
3.750,0.05939491,2,1000,0.56,7.3604136e-06,7.9228758e-07,2.5054333e-07,10
3.750,0.05939491,2,1000,0.6,7.0442128e-06,7.901877e-07,2.4987929e-07,10
3.750,0.05939491,2,1000,0.64,6.8098882e-06,7.8862182e-07,2.4938412e-07,10
3.750,0.05939491,2,1000,0.72,6.4873614e-06,7.8660551e-07,2.487465e-07,10
3.750,0.05939491,2,1000,0.8,6.355572e-06,7.8629078e-07,2.4864698e-07,10
3.750,0.05939491,2,1000,0.88,6.3435316e-06,7.8748503e-07,2.4902463e-07,10
3.750,0.05939491,2,1000,0.96,6.3818201e-06,7.8988672e-07,2.4978411e-07,10
3.750,0.05939491,2,1000,1.04,6.4166305e-06,7.9314176e-07,2.5081345e-07,10
3.750,0.05939491,2,1000,1.12,6.4174317e-06,7.9689442e-07,2.5200014e-07,10
3.750,0.05939491,2,1000,1.2,6.378101e-06,8.0084208e-07,2.532485e-07,10
3.750,0.05939491,2,1000,1.28,6.3128058e-06,8.0470728e-07,2.5447078e-07,10
3.750,0.05939491,2,1000,1.44,6.2270051e-06,8.1215808e-07,2.5682694e-07,10
3.750,0.05939491,2,1000,1.6,6.3404853e-06,8.1870158e-07,2.5889617e-07,10
3.750,0.05939491,2,1000,1.76,6.697025e-06,8.237026e-07,2.6047763e-07,10
3.750,0.05939491,2,1000,1.92,7.1482673e-06,8.2601352e-07,2.6120841e-07,10
3.750,0.05939491,2,1000,2.08,7.4795612e-06,8.2377978e-07,2.6050204e-07,10
3.750,0.05939491,2,1000,2.24,7.5837279e-06,8.1594995e-07,2.5802603e-07,10
3.750,0.05939491,2,1000,2.4,7.523157e-06,8.0349974e-07,2.5408893e-07,10
3.750,0.05939491,2,1000,2.56,7.4443331e-06,7.8985074e-07,2.4977273e-07,10
3.750,0.05939491,2,1000,2.88,7.312765e-06,7.710127e-07,2.4381563e-07,10
3.750,0.05939491,2,1000,3.2,6.9661155e-06,7.7339777e-07,2.4456985e-07,10
3.750,0.05939491,2,1000,3.52,6.6060367e-06,7.87751e-07,2.4910874e-07,10
3.750,0.05939491,2,1000,3.84,6.6321404e-06,7.9493939e-07,2.5138191e-07,10
3.750,0.05939491,2,1000,4.16,6.6358081e-06,7.9563946e-07,2.5160329e-07,10
3.750,0.05939491,2,1000,4.48,6.3686599e-06,7.9464578e-07,2.5128906e-07,10
3.750,0.05939491,2,1000,4.8,6.2713602e-06,7.9233666e-07,2.5055885e-07,10
3.750,0.05939491,2,1000,5.12,6.4340508e-06,8.0021622e-07,2.5305059e-07,10
3.750,0.05939491,2,1000,5.76,6.5556172e-06,8.0481231e-07,2.54504e-07,10
3.750,0.05939491,2,1000,6.4,6.3130113e-06,8.0005193e-07,2.5299863e-07,10
3.750,0.05939491,2,1000,7.04,6.113049e-06,7.9830192e-07,2.5244523e-07,10
3.750,0.05939491,2,1000,7.68,6.0746498e-06,8.2357304e-07,2.6043666e-07,10
3.750,0.05939491,2,1000,8.32,6.0957352e-06,8.2231905e-07,2.6004012e-07,10
3.750,0.05939491,2,1000,8.96,5.9436141e-06,7.7681368e-07,2.4565006e-07,10
3.750,0.05939491,2,1000,9.6,5.809992e-06,8.0844291e-07,2.556521e-07,10
3.750,0.05939491,2,1000,10.24,5.7178686e-06,8.2751635e-07,2.6168365e-07,10
3.750,0.05939491,2,1000,11.52,5.597389e-06,7.9139064e-07,2.5025969e-07,10
3.750,0.05939491,2,1000,12.8,5.4043904e-06,8.2844797e-07,2.6197825e-07,10
3.750,0.05939491,2,1000,14.08,5.2743998e-06,7.9535531e-07,2.5151343e-07,10
3.750,0.05939491,2,1000,15.36,5.1092271e-06,8.1196978e-07,2.5676739e-07,10
3.750,0.05939491,2,1000,16.64,4.989454e-06,8.0346523e-07,2.5407802e-07,10
3.750,0.05939491,2,1000,17.92,4.8352627e-06,8.0493028e-07,2.545413e-07,10
3.750,0.05939491,2,1000,19.2,4.7026267e-06,7.7527223e-07,2.4516261e-07,10
3.750,0.05939491,2,1000,20.48,4.557875e-06,7.9121184e-07,2.5020315e-07,10
3.750,0.05939491,2,1000,23.04,4.3117657e-06,7.8826773e-07,2.4927214e-07,10
3.750,0.05939491,2,1000,25.6,4.0693261e-06,7.8377117e-07,2.4785021e-07,10
3.750,0.05939491,2,1000,28.16,3.8468362e-06,7.6395199e-07,2.4158283e-07,10
3.750,0.05939491,2,1000,30.72,3.6156388e-06,7.5361913e-07,2.3831529e-07,10
3.750,0.05939491,2,1000,33.28,3.4098799e-06,7.2816628e-07,2.3026639e-07,10
3.750,0.05939491,2,1000,35.84,3.2003644e-06,7.1230165e-07,2.2524956e-07,10
3.750,0.05939491,2,1000,38.4,3.023696e-06,6.9971555e-07,2.2126949e-07,10
3.750,0.05939491,2,1000,40.96,2.8616356e-06,6.9999021e-07,2.2135634e-07,10
3.750,0.05939491,2,1000,46.08,2.5665289e-06,6.995031e-07,2.212023e-07,10
3.750,0.05939491,2,1000,51.2,2.3040251e-06,6.7498689e-07,2.134496e-07,10
3.750,0.05939491,2,1000,56.32,2.0708188e-06,6.6017591e-07,2.0876595e-07,10
3.750,0.05939491,2,1000,61.44,1.8698295e-06,6.3524159e-07,2.0088103e-07,10
3.750,0.05939491,2,1000,66.56,1.7087711e-06,5.9871455e-07,1.8933017e-07,10
3.750,0.05939491,2,1000,71.68,1.5637742e-06,5.9109529e-07,1.8692074e-07,10
3.750,0.05939491,2,1000,76.8,1.4329414e-06,5.4774839e-07,1.7321325e-07,10
3.750,0.05939491,2,1000,81.92,1.3090927e-06,5.1838984e-07,1.6392926e-07,10
3.750,0.05939491,2,1000,92.16,1.0908905e-06,4.7406064e-07,1.4991114e-07,10
3.750,0.05939491,2,1000,102.4,9.2234737e-07,4.5074233e-07,1.4253724e-07,10
3.750,0.05939491,2,1000,112.64,8.2274384e-07,4.3902278e-07,1.3883119e-07,10
3.750,0.05939491,2,1000,122.88,7.2115948e-07,4.8044575e-07,1.5193029e-07,10
3.750,0.05939491,2,1000,133.12,6.530242e-07,5.2361182e-07,1.6558059e-07,10
3.750,0.05939491,2,1000,143.36,5.7903188e-07,5.0173565e-07,1.5866274e-07,10
3.750,0.05939491,2,1000,153.6,5.1422079e-07,4.6306289e-07,1.4643334e-07,10
3.750,0.05939491,2,1000,163.84,4.5796127e-07,4.2938695e-07,1.3578408e-07,10
3.750,0.05939491,2,1000,184.32,4.0414473e-07,4.1994212e-07,1.3279736e-07,10
3.750,0.05939491,2,1000,204.8,3.3820185e-07,4.4048162e-07,1.3929252e-07,10
3.750,0.05939491,2,1000,225.28,2.2651335e-07,4.5998569e-07,1.4546025e-07,10
3.750,0.05939491,2,1000,245.76,1.0700412e-07,5.4926763e-07,1.7369367e-07,10
3.750,0.05939491,2,1000,266.24,2.5584894e-08,6.3685168e-07,2.0139018e-07,10
3.750,0.05939491,2,1000,286.72,-1.8671407e-08,7.5244292e-07,2.3794334e-07,10
3.750,0.05939491,2,1000,307.2,-2.9914779e-08,7.9023808e-07,2.4989522e-07,10
3.750,0.05939491,2,1000,327.68,-3.0078335e-08,7.071427e-07,2.2361816e-07,10
3.750,0.05939491,2,1000,368.64,-5.6546663e-08,5.1822195e-07,1.6387617e-07,10
3.750,0.05939491,2,1000,409.6,7.9074646e-08,4.1130732e-07,1.300668e-07,10
3.750,0.05939491,2,1000,450.56,5.4088972e-08,4.5519179e-07,1.4394428e-07,10
3.750,0.05939491,2,1000,491.52,8.1341368e-08,5.746497e-07,1.8172019e-07,10
3.750,0.05939491,2,1000,532.48,6.1161697e-08,6.0829661e-07,1.9236028e-07,10
3.750,0.05939491,2,1000,573.44,1.757359e-08,5.9001427e-07,1.8657889e-07,10
3.750,0.05939491,2,1000,614.4,2.0191152e-08,4.6280943e-07,1.4635319e-07,10
3.750,0.05939491,2,1000,655.36,5.9197831e-08,2.8899669e-07,9.1388779e-08,10
3.750,0.05939491,2,1000,737.28,4.1408508e-08,3.2755642e-07,1.0358243e-07,10
3.750,0.05939491,2,1000,819.2,-1.1871767e-07,3.8645603e-07,1.2220813e-07,10
3.750,0.05939491,2,1000,901.12,-7.642665e-09,3.0226597e-07,9.5584893e-08,10
3.750,0.05939491,2,1000,983.04,-2.8097707e-08,4.4693033e-07,1.4133178e-07,10
3.750,0.05939491,2,1000,1064.96,-8.1078605e-08,5.4904251e-07,1.7362249e-07,10
3.750,0.05939491,2,1000,1146.88,-3.8344102e-08,4.8656922e-07,1.538667e-07,10
3.750,0.05939491,2,1000,1228.8,2.4748293e-08,3.7672109e-07,1.1912967e-07,10
3.750,0.05939491,2,1000,1310.72,-6.5109197e-09,4.2447298e-07,1.3423014e-07,10
3.750,0.05939491,2,1000,1474.56,2.644586e-08,3.7279772e-07,1.1788899e-07,10
3.750,0.05939491,2,1000,1638.4,1.890675e-07,4.702803e-07,1.4871569e-07,10
3.750,0.05939491,2,1000,1802.24,1.8167541e-07,3.6544285e-07,1.1556317e-07,10
3.750,0.05939491,2,1000,1966.08,4.5669589e-09,5.0031771e-07,1.5821435e-07,10
3.750,0.05939491,2,1000,2129.92,4.6029995e-09,3.8558237e-07,1.2193185e-07,10
3.750,0.05939491,2,1000,2293.76,2.0575657e-07,3.5400921e-07,1.1194754e-07,10
3.750,0.05939491,2,1000,2457.6,1.8123469e-07,3.8159221e-07,1.2067005e-07,10
3.750,0.05939491,2,1000,2621.44,1.1733916e-07,3.4688682e-07,1.0969524e-07,10
3.750,0.05939491,2,1000,2949.12,-2.3628528e-07,2.3866053e-07,7.5471087e-08,10
3.750,0.05939491,2,1000,3276.8,-8.7401767e-08,3.4407887e-07,1.0880729e-07,10
3.750,0.05939491,2,1000,3604.48,3.1974722e-07,4.5775494e-07,1.4475482e-07,10
3.750,0.05939491,2,1000,3932.16,1.1922814e-08,5.273744e-07,1.6677043e-07,10
3.750,0.05939491,2,1000,4259.84,-2.31218e-08,7.5148717e-07,2.3764111e-07,10
3.750,0.05939491,2,1000,4587.52,1.581055e-07,6.9823929e-07,2.2080265e-07,10
3.750,0.05939491,2,1000,4915.2,3.0743653e-07,5.7569827e-07,1.8205178e-07,10
3.750,0.05939491,2,1000,5242.88,7.9150956e-08,2.7022027e-07,8.5451153e-08,10
3.750,0.05939491,2,1000,5898.24,-3.7028926e-07,4.1113169e-07,1.3001126e-07,10
3.750,0.05939491,2,1000,6553.6,-9.2171536e-08,5.0174554e-07,1.5866587e-07,10
3.750,0.05939491,2,1000,7208.96,2.3100541e-07,2.9548134e-07,9.3439405e-08,10
3.750,0.05939491,2,1000,7864.32,-1.2264494e-08,6.6766738e-07,2.1113496e-07,10
3.750,0.05939491,2,1000,8519.68,2.1163279e-07,5.4718229e-07,1.7303423e-07,10
3.750,0.05939491,2,1000,9175.04,2.4003731e-07,1.0863955e-06,3.4354841e-07,10
3.750,0.03830322,2,1000,0,7.0113744e-06,4.6944826e-07,1.4845258e-07,10
3.750,0.03830322,2,1000,0.01,7.0094093e-06,4.6943672e-07,1.4844893e-07,10
3.750,0.03830322,2,1000,0.02,7.0035353e-06,4.6940137e-07,1.4843775e-07,10
3.750,0.03830322,2,1000,0.03,6.9937697e-06,4.6934235e-07,1.4841908e-07,10
3.750,0.03830322,2,1000,0.04,6.9801397e-06,4.6925984e-07,1.4839299e-07,10
3.750,0.03830322,2,1000,0.05,6.9626825e-06,4.6915412e-07,1.4835956e-07,10
3.750,0.03830322,2,1000,0.06,6.9414455e-06,4.6902551e-07,1.4831889e-07,10
3.750,0.03830322,2,1000,0.07,6.9164857e-06,4.6887446e-07,1.4827112e-07,10
3.750,0.03830322,2,1000,0.08,6.8878696e-06,4.6870144e-07,1.4821641e-07,10
3.750,0.03830322,2,1000,0.09,6.8556724e-06,4.6850704e-07,1.4815493e-07,10
3.750,0.03830322,2,1000,0.1,6.8199784e-06,4.6829189e-07,1.480869e-07,10
3.750,0.03830322,2,1000,0.11,6.7808798e-06,4.6805672e-07,1.4801253e-07,10
3.750,0.03830322,2,1000,0.12,6.7384769e-06,4.678023e-07,1.4793208e-07,10
3.750,0.03830322,2,1000,0.13,6.6928772e-06,4.6752947e-07,1.478458e-07,10
3.750,0.03830322,2,1000,0.14,6.6441955e-06,4.6723912e-07,1.4775398e-07,10
3.750,0.03830322,2,1000,0.15,6.5925531e-06,4.6693223e-07,1.4765694e-07,10
3.750,0.03830322,2,1000,0.16,6.5374023e-06,4.6660596e-07,1.4755376e-07,10
3.750,0.03830322,2,1000,0.18,6.420559e-06,4.659192e-07,1.4733659e-07,10
3.750,0.03830322,2,1000,0.2,6.2940486e-06,4.6518343e-07,1.4710392e-07,10
3.750,0.03830322,2,1000,0.22,6.1590617e-06,4.6440816e-07,1.4685875e-07,10
3.750,0.03830322,2,1000,0.24,6.0168403e-06,4.636033e-07,1.4660423e-07,10
3.750,0.03830322,2,1000,0.26,5.8686617e-06,4.6277911e-07,1.463436e-07,10
3.750,0.03830322,2,1000,0.28,5.7158228e-06,4.6194605e-07,1.4608017e-07,10
3.750,0.03830322,2,1000,0.3,5.5596237e-06,4.6111476e-07,1.4581729e-07,10
3.750,0.03830322,2,1000,0.32,5.401151e-06,4.603055e-07,1.4556138e-07,10
3.750,0.03830322,2,1000,0.36,5.0840044e-06,4.5875028e-07,1.4506958e-07,10
3.750,0.03830322,2,1000,0.4,4.7730621e-06,4.5736507e-07,1.4463153e-07,10
3.750,0.03830322,2,1000,0.44,4.4768264e-06,4.5622288e-07,1.4427034e-07,10
3.750,0.03830322,2,1000,0.48,4.2024729e-06,4.5538733e-07,1.4400612e-07,10
3.750,0.03830322,2,1000,0.52,3.9556315e-06,4.5491041e-07,1.438553e-07,10
3.750,0.03830322,2,1000,0.56,3.740263e-06,4.5483125e-07,1.4383027e-07,10
3.750,0.03830322,2,1000,0.6,3.5586298e-06,4.5517484e-07,1.4393892e-07,10
3.750,0.03830322,2,1000,0.64,3.4197227e-06,4.5605461e-07,1.4421713e-07,10
3.750,0.03830322,2,1000,0.72,3.2220442e-06,4.5885385e-07,1.4510233e-07,10
3.750,0.03830322,2,1000,0.8,3.1349054e-06,4.6311185e-07,1.4644883e-07,10
3.750,0.03830322,2,1000,0.88,3.1250317e-06,4.6840117e-07,1.4812146e-07,10
3.750,0.03830322,2,1000,0.96,3.1553154e-06,4.741632e-07,1.4994357e-07,10
3.750,0.03830322,2,1000,1.04,3.1925333e-06,4.7981825e-07,1.5173185e-07,10
3.750,0.03830322,2,1000,1.12,3.2128737e-06,4.8488634e-07,1.5333452e-07,10
3.750,0.03830322,2,1000,1.2,3.2046983e-06,4.8907393e-07,1.5465876e-07,10
3.750,0.03830322,2,1000,1.28,3.1641359e-06,4.9204724e-07,1.55599e-07,10
3.750,0.03830322,2,1000,1.44,3.0635374e-06,4.9611611e-07,1.5688569e-07,10
3.750,0.03830322,2,1000,1.6,3.0200804e-06,4.9813006e-07,1.5752256e-07,10
3.750,0.03830322,2,1000,1.76,3.1081615e-06,4.987232e-07,1.5771012e-07,10
3.750,0.03830322,2,1000,1.92,3.2911726e-06,4.9697737e-07,1.5715804e-07,10
3.750,0.03830322,2,1000,2.08,3.4591626e-06,4.9153485e-07,1.5543697e-07,10
3.750,0.03830322,2,1000,2.24,3.5307351e-06,4.8277884e-07,1.5266808e-07,10
3.750,0.03830322,2,1000,2.4,3.5197777e-06,4.734448e-07,1.4971639e-07,10
3.750,0.03830322,2,1000,2.56,3.5238342e-06,4.6770387e-07,1.4790095e-07,10
3.750,0.03830322,2,1000,2.88,3.6660088e-06,4.6446865e-07,1.4687788e-07,10
3.750,0.03830322,2,1000,3.2,3.7802275e-06,4.6344516e-07,1.4655423e-07,10
3.750,0.03830322,2,1000,3.52,3.6905581e-06,4.6096629e-07,1.4577034e-07,10
3.750,0.03830322,2,1000,3.84,3.6364669e-06,4.7472509e-07,1.5012125e-07,10
3.750,0.03830322,2,1000,4.16,3.5372459e-06,4.9784688e-07,1.5743301e-07,10
3.750,0.03830322,2,1000,4.48,3.1984577e-06,5.0781477e-07,1.6058513e-07,10
3.750,0.03830322,2,1000,4.8,2.9721262e-06,5.0258539e-07,1.5893145e-07,10
3.750,0.03830322,2,1000,5.12,3.1140451e-06,4.9065408e-07,1.5515844e-07,10
3.750,0.03830322,2,1000,5.76,3.3229263e-06,4.8918168e-07,1.5469283e-07,10
3.750,0.03830322,2,1000,6.4,3.3471967e-06,4.7970983e-07,1.5169757e-07,10
3.750,0.03830322,2,1000,7.04,3.3103368e-06,4.8044434e-07,1.5192984e-07,10
3.750,0.03830322,2,1000,7.68,3.1640905e-06,4.7846161e-07,1.5130285e-07,10
3.750,0.03830322,2,1000,8.32,3.0712725e-06,4.8549067e-07,1.5352563e-07,10
3.750,0.03830322,2,1000,8.96,3.100772e-06,5.0242708e-07,1.5888139e-07,10
3.750,0.03830322,2,1000,9.6,3.1668695e-06,4.9340453e-07,1.5602821e-07,10
3.750,0.03830322,2,1000,10.24,3.0772074e-06,5.0443271e-07,1.5951563e-07,10
3.750,0.03830322,2,1000,11.52,2.9627574e-06,4.7844814e-07,1.5129859e-07,10
3.750,0.03830322,2,1000,12.8,2.9585931e-06,4.9532435e-07,1.5663531e-07,10
3.750,0.03830322,2,1000,14.08,2.8812452e-06,5.0187521e-07,1.5870688e-07,10
3.750,0.03830322,2,1000,15.36,2.8073614e-06,5.0288174e-07,1.5902517e-07,10
3.750,0.03830322,2,1000,16.64,2.7814719e-06,5.0492188e-07,1.5967032e-07,10
3.750,0.03830322,2,1000,17.92,2.7238205e-06,5.0359083e-07,1.592494e-07,10
3.750,0.03830322,2,1000,19.2,2.66445e-06,5.0215257e-07,1.5879459e-07,10
3.750,0.03830322,2,1000,20.48,2.6194856e-06,5.0373523e-07,1.5929507e-07,10
3.750,0.03830322,2,1000,23.04,2.5315159e-06,5.1470712e-07,1.6276468e-07,10
3.750,0.03830322,2,1000,25.6,2.4426342e-06,5.2075147e-07,1.6467607e-07,10
3.750,0.03830322,2,1000,28.16,2.3572445e-06,5.3350971e-07,1.6871058e-07,10
3.750,0.03830322,2,1000,30.72,2.2756213e-06,5.3443066e-07,1.6900182e-07,10
3.750,0.03830322,2,1000,33.28,2.198846e-06,5.4223023e-07,1.7146826e-07,10
3.750,0.03830322,2,1000,35.84,2.1260079e-06,5.4093948e-07,1.7106008e-07,10
3.750,0.03830322,2,1000,38.4,2.0594125e-06,5.4160138e-07,1.7126939e-07,10
3.750,0.03830322,2,1000,40.96,1.9938447e-06,5.3403712e-07,1.6887737e-07,10
3.750,0.03830322,2,1000,46.08,1.8659724e-06,5.3061016e-07,1.6779367e-07,10
3.750,0.03830322,2,1000,51.2,1.7454669e-06,5.28459e-07,1.6711341e-07,10
3.750,0.03830322,2,1000,56.32,1.6378758e-06,5.2362439e-07,1.6558457e-07,10
3.750,0.03830322,2,1000,61.44,1.5450207e-06,5.2763099e-07,1.6685157e-07,10
3.750,0.03830322,2,1000,66.56,1.4531706e-06,5.2758078e-07,1.6683569e-07,10
3.750,0.03830322,2,1000,71.68,1.3634869e-06,5.2538546e-07,1.6614147e-07,10
3.750,0.03830322,2,1000,76.8,1.2780864e-06,5.223151e-07,1.6517054e-07,10
3.750,0.03830322,2,1000,81.92,1.1992906e-06,5.1535781e-07,1.6297045e-07,10
3.750,0.03830322,2,1000,92.16,1.0562264e-06,5.0258872e-07,1.5893251e-07,10
3.750,0.03830322,2,1000,102.4,9.4810192e-07,4.808063e-07,1.520443e-07,10
3.750,0.03830322,2,1000,112.64,8.6323108e-07,4.4504594e-07,1.4073588e-07,10
3.750,0.03830322,2,1000,122.88,7.8613947e-07,3.9481125e-07,1.2485028e-07,10
3.750,0.03830322,2,1000,133.12,7.170855e-07,3.6089991e-07,1.1412657e-07,10
3.750,0.03830322,2,1000,143.36,6.6305274e-07,3.4010089e-07,1.0754935e-07,10
3.750,0.03830322,2,1000,153.6,5.9849471e-07,3.184415e-07,1.0070004e-07,10
3.750,0.03830322,2,1000,163.84,5.4176448e-07,3.2180082e-07,1.0176235e-07,10
3.750,0.03830322,2,1000,184.32,4.374866e-07,3.245812e-07,1.0264159e-07,10
3.750,0.03830322,2,1000,204.8,3.5317082e-07,3.2523524e-07,1.0284841e-07,10
3.750,0.03830322,2,1000,225.28,2.7523336e-07,3.0104038e-07,9.5197326e-08,10
3.750,0.03830322,2,1000,245.76,2.0425236e-07,2.3327661e-07,7.3768541e-08,10
3.750,0.03830322,2,1000,266.24,1.5051822e-07,1.8005034e-07,5.6936918e-08,10
3.750,0.03830322,2,1000,286.72,1.0591877e-07,1.9787533e-07,6.2573674e-08,10
3.750,0.03830322,2,1000,307.2,1.0190945e-07,1.9895516e-07,6.2915145e-08,10
3.750,0.03830322,2,1000,327.68,1.0091644e-07,1.9240474e-07,6.0843721e-08,10
3.750,0.03830322,2,1000,368.64,7.6819008e-08,1.8740195e-07,5.9261701e-08,10
3.750,0.03830322,2,1000,409.6,5.7012402e-08,2.3710794e-07,7.4980113e-08,10
3.750,0.03830322,2,1000,450.56,-3.433839e-09,3.4969582e-07,1.1058353e-07,10
3.750,0.03830322,2,1000,491.52,-4.5510537e-08,3.9219035e-07,1.2402148e-07,10
3.750,0.03830322,2,1000,532.48,-6.8571656e-08,3.5607091e-07,1.1259951e-07,10
3.750,0.03830322,2,1000,573.44,-2.6999111e-08,3.2573608e-07,1.0300679e-07,10
3.750,0.03830322,2,1000,614.4,6.3034524e-08,3.4921564e-07,1.1043168e-07,10
3.750,0.03830322,2,1000,655.36,1.5152098e-07,3.5354202e-07,1.117998e-07,10
3.750,0.03830322,2,1000,737.28,1.7880665e-07,4.0156858e-07,1.2698714e-07,10
3.750,0.03830322,2,1000,819.2,1.1786769e-07,3.8975436e-07,1.2325115e-07,10
3.750,0.03830322,2,1000,901.12,1.1354762e-07,2.7075388e-07,8.5619895e-08,10
3.750,0.03830322,2,1000,983.04,4.6381338e-08,2.2019612e-07,6.9632128e-08,10
3.750,0.03830322,2,1000,1064.96,2.4741493e-08,1.7851263e-07,5.6450649e-08,10
3.750,0.03830322,2,1000,1146.88,5.7414994e-08,1.3394643e-07,4.2357582e-08,10
3.750,0.03830322,2,1000,1228.8,8.655324e-08,1.6822612e-07,5.3197771e-08,10
3.750,0.03830322,2,1000,1310.72,7.3005313e-08,3.0905987e-07,9.7733313e-08,10
3.750,0.03830322,2,1000,1474.56,5.7742858e-08,3.6277795e-07,1.1472046e-07,10
3.750,0.03830322,2,1000,1638.4,9.1206548e-08,3.6001944e-07,1.1384814e-07,10
3.750,0.03830322,2,1000,1802.24,8.4672501e-08,3.0640733e-07,9.6894506e-08,10
3.750,0.03830322,2,1000,1966.08,2.0243496e-07,3.3932101e-07,1.0730273e-07,10
3.750,0.03830322,2,1000,2129.92,2.3160765e-07,4.5617381e-07,1.4425482e-07,10
3.750,0.03830322,2,1000,2293.76,2.3189479e-07,3.802548e-07,1.2024712e-07,10
3.750,0.03830322,2,1000,2457.6,1.0951099e-07,3.6346307e-07,1.1493712e-07,10
3.750,0.03830322,2,1000,2621.44,-7.3713522e-09,1.9785798e-07,6.2568188e-08,10
3.750,0.03830322,2,1000,2949.12,7.7077229e-08,3.4573172e-07,1.0932997e-07,10
3.750,0.03830322,2,1000,3276.8,9.5120639e-08,1.9230699e-07,6.081281e-08,10
3.750,0.03830322,2,1000,3604.48,7.3668671e-08,4.2009025e-07,1.328442e-07,10
3.750,0.03830322,2,1000,3932.16,1.5698865e-07,1.9433687e-07,6.1454715e-08,10
3.750,0.03830322,2,1000,4259.84,8.1826464e-08,2.4518065e-07,7.7532929e-08,10
3.750,0.03830322,2,1000,4587.52,-2.0678102e-08,2.5833278e-07,8.1691999e-08,10
3.750,0.03830322,2,1000,4915.2,-7.2486705e-08,3.0070053e-07,9.5089857e-08,10
3.750,0.03830322,2,1000,5242.88,-7.3540198e-08,1.6857407e-07,5.3307803e-08,10
3.750,0.03830322,2,1000,5898.24,-1.1553567e-07,2.4000232e-07,7.5895396e-08,10
3.750,0.03830322,2,1000,6553.6,-1.5831185e-07,2.0546331e-07,6.4973205e-08,10
3.750,0.03830322,2,1000,7208.96,-1.6367619e-07,3.9315521e-07,1.2432659e-07,10
3.750,0.03830322,2,1000,7864.32,-6.2308705e-08,5.2068483e-07,1.64655e-07,10
3.750,0.03830322,2,1000,8519.68,-1.6586001e-07,4.4519516e-07,1.4078307e-07,10
3.750,0.03830322,2,1000,9175.04,-8.7467676e-08,6.7858055e-07,2.1458601e-07,10
3.750,0.02871607,2,1000,0,4.5232063e-06,2.7334129e-07,8.6438106e-08,10
3.750,0.02871607,2,1000,0.01,4.5219885e-06,2.7333843e-07,8.6437203e-08,10
3.750,0.02871607,2,1000,0.02,4.5183445e-06,2.73327e-07,8.6433588e-08,10
3.750,0.02871607,2,1000,0.03,4.5122837e-06,2.7330703e-07,8.6427271e-08,10
3.750,0.02871607,2,1000,0.04,4.5038216e-06,2.7327855e-07,8.6418266e-08,10
3.750,0.02871607,2,1000,0.05,4.4929793e-06,2.7324164e-07,8.6406594e-08,10
3.750,0.02871607,2,1000,0.06,4.4797837e-06,2.7319639e-07,8.6392283e-08,10
3.750,0.02871607,2,1000,0.07,4.4642674e-06,2.7314288e-07,8.6375362e-08,10
3.750,0.02871607,2,1000,0.08,4.4464684e-06,2.7308124e-07,8.635587e-08,10
3.750,0.02871607,2,1000,0.09,4.4264303e-06,2.7301161e-07,8.6333851e-08,10
3.750,0.02871607,2,1000,0.1,4.4042014e-06,2.7293414e-07,8.6309354e-08,10
3.750,0.02871607,2,1000,0.11,4.3798354e-06,2.7284901e-07,8.6282432e-08,10
3.750,0.02871607,2,1000,0.12,4.3533905e-06,2.7275639e-07,8.6253145e-08,10
3.750,0.02871607,2,1000,0.13,4.3249295e-06,2.726565e-07,8.6221556e-08,10
3.750,0.02871607,2,1000,0.14,4.2945196e-06,2.7254953e-07,8.618773e-08,10
3.750,0.02871607,2,1000,0.15,4.2622319e-06,2.7243571e-07,8.6151737e-08,10
3.750,0.02871607,2,1000,0.16,4.2277106e-06,2.7231352e-07,8.6113097e-08,10
3.750,0.02871607,2,1000,0.18,4.1544815e-06,2.7205389e-07,8.6030994e-08,10
3.750,0.02871607,2,1000,0.2,4.07503e-06,2.7177083e-07,8.5941482e-08,10
3.750,0.02871607,2,1000,0.22,3.9900677e-06,2.714665e-07,8.5845244e-08,10
3.750,0.02871607,2,1000,0.24,3.9003417e-06,2.7114309e-07,8.5742974e-08,10
3.750,0.02871607,2,1000,0.26,3.8066256e-06,2.7080286e-07,8.5635382e-08,10
3.750,0.02871607,2,1000,0.28,3.7097101e-06,2.7044804e-07,8.552318e-08,10
3.750,0.02871607,2,1000,0.3,3.6103937e-06,2.700809e-07,8.5407079e-08,10
3.750,0.02871607,2,1000,0.32,3.5092673e-06,2.6970257e-07,8.5287441e-08,10
3.750,0.02871607,2,1000,0.36,3.3061232e-06,2.6892706e-07,8.5042203e-08,10
3.750,0.02871607,2,1000,0.4,3.1056856e-06,2.6813668e-07,8.4792263e-08,10
3.750,0.02871607,2,1000,0.44,2.9134281e-06,2.6734716e-07,8.4542596e-08,10
3.750,0.02871607,2,1000,0.48,2.7340852e-06,2.6657323e-07,8.4297857e-08,10
3.750,0.02871607,2,1000,0.52,2.5714983e-06,2.6582861e-07,8.4062387e-08,10
3.750,0.02871607,2,1000,0.56,2.4285163e-06,2.6512596e-07,8.384019e-08,10
3.750,0.02871607,2,1000,0.6,2.3069512e-06,2.6447679e-07,8.3634904e-08,10
3.750,0.02871607,2,1000,0.64,2.2130887e-06,2.6390559e-07,8.3454275e-08,10
3.750,0.02871607,2,1000,0.72,2.0786104e-06,2.6295681e-07,8.3154246e-08,10
3.750,0.02871607,2,1000,0.8,2.0195154e-06,2.6232278e-07,8.2953748e-08,10
3.750,0.02871607,2,1000,0.88,2.0155953e-06,2.6199513e-07,8.2850136e-08,10
3.750,0.02871607,2,1000,0.96,2.0425669e-06,2.619313e-07,8.2829949e-08,10
3.750,0.02871607,2,1000,1.04,2.0771088e-06,2.6207994e-07,8.2876954e-08,10
3.750,0.02871607,2,1000,1.12,2.1008878e-06,2.6241065e-07,8.2981534e-08,10
3.750,0.02871607,2,1000,1.2,2.1030611e-06,2.6293078e-07,8.3146014e-08,10
3.750,0.02871607,2,1000,1.28,2.0762398e-06,2.6373855e-07,8.3401452e-08,10
3.750,0.02871607,2,1000,1.44,1.9901135e-06,2.6604966e-07,8.4132288e-08,10
3.750,0.02871607,2,1000,1.6,1.9150973e-06,2.6921063e-07,8.5131876e-08,10
3.750,0.02871607,2,1000,1.76,1.9190461e-06,2.7228931e-07,8.6105442e-08,10
3.750,0.02871607,2,1000,1.92,1.9984664e-06,2.7405073e-07,8.666245e-08,10
3.750,0.02871607,2,1000,2.08,2.0880197e-06,2.7374149e-07,8.6564661e-08,10
3.750,0.02871607,2,1000,2.24,2.1257488e-06,2.7156351e-07,8.5875924e-08,10
3.750,0.02871607,2,1000,2.4,2.1094763e-06,2.6858123e-07,8.4932844e-08,10
3.750,0.02871607,2,1000,2.56,2.1080554e-06,2.6642236e-07,8.4250147e-08,10
3.750,0.02871607,2,1000,2.88,2.2547368e-06,2.6574541e-07,8.4036078e-08,10
3.750,0.02871607,2,1000,3.2,2.4792016e-06,2.6750893e-07,8.459375e-08,10
3.750,0.02871607,2,1000,3.52,2.5210932e-06,2.6578673e-07,8.4049145e-08,10
3.750,0.02871607,2,1000,3.84,2.4928765e-06,2.6390103e-07,8.3452834e-08,10
3.750,0.02871607,2,1000,4.16,2.4403568e-06,2.6558354e-07,8.3984891e-08,10
3.750,0.02871607,2,1000,4.48,2.2047532e-06,2.6701995e-07,8.4439121e-08,10
3.750,0.02871607,2,1000,4.8,1.9743759e-06,2.65308e-07,8.3897755e-08,10
3.750,0.02871607,2,1000,5.12,2.008282e-06,2.6713943e-07,8.4476904e-08,10
3.750,0.02871607,2,1000,5.76,2.0520007e-06,2.6626401e-07,8.4200074e-08,10
3.750,0.02871607,2,1000,6.4,2.1054427e-06,2.7129925e-07,8.5792357e-08,10
3.750,0.02871607,2,1000,7.04,2.2370365e-06,2.6186189e-07,8.2808001e-08,10
3.750,0.02871607,2,1000,7.68,2.2058505e-06,2.603187e-07,8.232e-08,10
3.750,0.02871607,2,1000,8.32,2.0896222e-06,2.6213282e-07,8.2893677e-08,10
3.750,0.02871607,2,1000,8.96,2.0024192e-06,2.6358991e-07,8.3354448e-08,10
3.750,0.02871607,2,1000,9.6,2.0372403e-06,2.6952043e-07,8.5229843e-08,10
3.750,0.02871607,2,1000,10.24,2.0716168e-06,2.7210425e-07,8.6046919e-08,10
3.750,0.02871607,2,1000,11.52,2.0383301e-06,2.6024195e-07,8.229573e-08,10
3.750,0.02871607,2,1000,12.8,1.9740283e-06,2.6803929e-07,8.4761467e-08,10
3.750,0.02871607,2,1000,14.08,1.9909437e-06,2.673481e-07,8.4542892e-08,10
3.750,0.02871607,2,1000,15.36,1.9512587e-06,2.5989222e-07,8.2185137e-08,10
3.750,0.02871607,2,1000,16.64,1.905013e-06,2.7364485e-07,8.6534101e-08,10
3.750,0.02871607,2,1000,17.92,1.9018313e-06,2.6788603e-07,8.4712999e-08,10
3.750,0.02871607,2,1000,19.2,1.8696987e-06,2.6731071e-07,8.453107e-08,10
3.750,0.02871607,2,1000,20.48,1.8439641e-06,2.6726872e-07,8.4517789e-08,10
3.750,0.02871607,2,1000,23.04,1.8031045e-06,2.6616123e-07,8.4167572e-08,10
3.750,0.02871607,2,1000,25.6,1.7573638e-06,2.6606038e-07,8.4135678e-08,10
3.750,0.02871607,2,1000,28.16,1.71582e-06,2.6257689e-07,8.3034103e-08,10
3.750,0.02871607,2,1000,30.72,1.6735673e-06,2.6663057e-07,8.4315988e-08,10
3.750,0.02871607,2,1000,33.28,1.6349988e-06,2.6503417e-07,8.3811165e-08,10
3.750,0.02871607,2,1000,35.84,1.6039713e-06,2.6092447e-07,8.2511562e-08,10
3.750,0.02871607,2,1000,38.4,1.5666663e-06,2.6885524e-07,8.5019491e-08,10
3.750,0.02871607,2,1000,40.96,1.5307392e-06,2.7274345e-07,8.6249052e-08,10
3.750,0.02871607,2,1000,46.08,1.4662646e-06,2.7560447e-07,8.7153784e-08,10
3.750,0.02871607,2,1000,51.2,1.4082603e-06,2.8327907e-07,8.9580708e-08,10
3.750,0.02871607,2,1000,56.32,1.352928e-06,2.8194561e-07,8.9159029e-08,10
3.750,0.02871607,2,1000,61.44,1.2989253e-06,2.7965042e-07,8.8433227e-08,10
3.750,0.02871607,2,1000,66.56,1.2482839e-06,2.8185689e-07,8.9130974e-08,10
3.750,0.02871607,2,1000,71.68,1.1929522e-06,2.8654656e-07,9.0613977e-08,10
3.750,0.02871607,2,1000,76.8,1.1406418e-06,2.8593989e-07,9.0422133e-08,10
3.750,0.02871607,2,1000,81.92,1.0970944e-06,2.8629944e-07,9.0535834e-08,10
3.750,0.02871607,2,1000,92.16,1.0166571e-06,2.9982211e-07,9.4812076e-08,10
3.750,0.02871607,2,1000,102.4,9.3628711e-07,3.1179475e-07,9.8598157e-08,10
3.750,0.02871607,2,1000,112.64,8.7385806e-07,3.2467289e-07,1.0267058e-07,10
3.750,0.02871607,2,1000,122.88,8.1923216e-07,3.3101924e-07,1.0467747e-07,10
3.750,0.02871607,2,1000,133.12,7.6484333e-07,3.4314093e-07,1.0851069e-07,10
3.750,0.02871607,2,1000,143.36,7.2172876e-07,3.5722423e-07,1.1296422e-07,10
3.750,0.02871607,2,1000,153.6,6.8367431e-07,3.7284412e-07,1.1790366e-07,10
3.750,0.02871607,2,1000,163.84,6.4331153e-07,3.8313311e-07,1.2115733e-07,10
3.750,0.02871607,2,1000,184.32,5.6372299e-07,4.1004491e-07,1.2966759e-07,10
3.750,0.02871607,2,1000,204.8,4.8672832e-07,4.2309503e-07,1.337944e-07,10
3.750,0.02871607,2,1000,225.28,4.1684375e-07,4.2767939e-07,1.352441e-07,10
3.750,0.02871607,2,1000,245.76,3.4511133e-07,4.2328631e-07,1.3385488e-07,10
3.750,0.02871607,2,1000,266.24,2.8398327e-07,4.214355e-07,1.3326961e-07,10
3.750,0.02871607,2,1000,286.72,2.353081e-07,4.1695596e-07,1.3185305e-07,10
3.750,0.02871607,2,1000,307.2,1.8345131e-07,4.0865988e-07,1.292296e-07,10
3.750,0.02871607,2,1000,327.68,1.438165e-07,4.1620674e-07,1.3161613e-07,10
3.750,0.02871607,2,1000,368.64,1.2071362e-07,4.0155378e-07,1.2698245e-07,10
3.750,0.02871607,2,1000,409.6,9.7138618e-08,3.5376461e-07,1.1187019e-07,10
3.750,0.02871607,2,1000,450.56,8.8606291e-08,3.2766296e-07,1.0361613e-07,10
3.750,0.02871607,2,1000,491.52,1.1178537e-07,3.3033369e-07,1.0446069e-07,10
3.750,0.02871607,2,1000,532.48,1.1696174e-07,3.323312e-07,1.0509235e-07,10
3.750,0.02871607,2,1000,573.44,1.1282647e-07,3.2894993e-07,1.040231e-07,10
3.750,0.02871607,2,1000,614.4,1.2588636e-07,2.9556449e-07,9.34657e-08,10
3.750,0.02871607,2,1000,655.36,1.701213e-07,2.4685882e-07,7.8063614e-08,10
3.750,0.02871607,2,1000,737.28,2.2280731e-07,2.4255774e-07,7.6703492e-08,10
3.750,0.02871607,2,1000,819.2,1.93857e-07,3.1177938e-07,9.8593297e-08,10
3.750,0.02871607,2,1000,901.12,1.4995059e-07,2.9058615e-07,9.1891409e-08,10
3.750,0.02871607,2,1000,983.04,1.8508615e-07,1.9835609e-07,6.2725703e-08,10
3.750,0.02871607,2,1000,1064.96,2.0600557e-07,1.6542143e-07,5.2310849e-08,10
3.750,0.02871607,2,1000,1146.88,1.4137907e-07,2.2220832e-07,7.0268441e-08,10
3.750,0.02871607,2,1000,1228.8,5.5417976e-08,2.4529962e-07,7.757055e-08,10
3.750,0.02871607,2,1000,1310.72,-7.6235145e-09,2.5091326e-07,7.934574e-08,10
3.750,0.02871607,2,1000,1474.56,-7.3507278e-08,1.7992751e-07,5.6898075e-08,10
3.750,0.02871607,2,1000,1638.4,-2.2993949e-08,1.2983442e-07,4.1057249e-08,10
3.750,0.02871607,2,1000,1802.24,-5.378387e-08,2.6506637e-07,8.3821347e-08,10
3.750,0.02871607,2,1000,1966.08,-9.7591958e-08,2.2497125e-07,7.1142156e-08,10
3.750,0.02871607,2,1000,2129.92,-6.4805659e-09,2.1008028e-07,6.6433216e-08,10
3.750,0.02871607,2,1000,2293.76,-2.9104623e-08,2.5269634e-07,7.9909599e-08,10
3.750,0.02871607,2,1000,2457.6,-7.3788833e-08,2.7501771e-07,8.6968237e-08,10
3.750,0.02871607,2,1000,2621.44,-1.2553247e-07,2.8372232e-07,8.9720876e-08,10
3.750,0.02871607,2,1000,2949.12,-1.1330909e-07,2.4809372e-07,7.8454123e-08,10
3.750,0.02871607,2,1000,3276.8,-2.097704e-07,3.5919083e-07,1.1358611e-07,10
3.750,0.02871607,2,1000,3604.48,-1.436256e-07,3.6393035e-07,1.1508488e-07,10
3.750,0.02871607,2,1000,3932.16,-1.8107824e-07,4.0198291e-07,1.2711816e-07,10
3.750,0.02871607,2,1000,4259.84,-1.4101051e-07,3.8972677e-07,1.2324243e-07,10
3.750,0.02871607,2,1000,4587.52,-4.7563732e-08,3.4444855e-07,1.089242e-07,10
3.750,0.02871607,2,1000,4915.2,-2.9735188e-08,2.7776338e-07,8.7836494e-08,10
3.750,0.02871607,2,1000,5242.88,1.7238807e-08,3.0896779e-07,9.7704193e-08,10
3.750,0.02871607,2,1000,5898.24,-5.6773872e-08,2.2009153e-07,6.9599054e-08,10
3.750,0.02871607,2,1000,6553.6,3.3127626e-08,1.9313216e-07,6.1073752e-08,10
3.750,0.02871607,2,1000,7208.96,1.3551924e-07,3.414657e-07,1.0798094e-07,10
3.750,0.02871607,2,1000,7864.32,2.1950479e-08,2.8806601e-07,9.1094472e-08,10
3.750,0.02871607,2,1000,8519.68,1.0292075e-08,1.6282588e-07,5.1490065e-08,10
3.750,0.02871607,2,1000,9175.04,6.5689941e-08,1.5765969e-07,4.9856372e-08,10
3.750,0.021317,2,1000,0,2.6802416e-06,2.4907028e-07,7.8762938e-08,10
3.750,0.021317,2,1000,0.01,2.6795093e-06,2.4907366e-07,7.8764007e-08,10
3.750,0.021317,2,1000,0.02,2.6773179e-06,2.4908602e-07,7.8767914e-08,10
3.750,0.021317,2,1000,0.03,2.6736728e-06,2.4910731e-07,7.8774649e-08,10
3.750,0.021317,2,1000,0.04,2.6685826e-06,2.491375e-07,7.8784194e-08,10
3.750,0.021317,2,1000,0.05,2.662059e-06,2.4917648e-07,7.8796521e-08,10
3.750,0.021317,2,1000,0.06,2.6541171e-06,2.4922416e-07,7.8811599e-08,10
3.750,0.021317,2,1000,0.07,2.6447753e-06,2.492804e-07,7.8829385e-08,10
3.750,0.021317,2,1000,0.08,2.6340549e-06,2.4934506e-07,7.8849831e-08,10
3.750,0.021317,2,1000,0.09,2.6219804e-06,2.4941794e-07,7.8872877e-08,10
3.750,0.021317,2,1000,0.1,2.6085794e-06,2.4949885e-07,7.8898465e-08,10
3.750,0.021317,2,1000,0.11,2.5938822e-06,2.4958758e-07,7.8926523e-08,10
3.750,0.021317,2,1000,0.12,2.5779219e-06,2.4968388e-07,7.8956975e-08,10
3.750,0.021317,2,1000,0.13,2.5607343e-06,2.4978748e-07,7.8989737e-08,10
3.750,0.021317,2,1000,0.14,2.5423578e-06,2.4989811e-07,7.902472e-08,10
3.750,0.021317,2,1000,0.15,2.5228331e-06,2.5001544e-07,7.9061825e-08,10
3.750,0.021317,2,1000,0.16,2.5019384e-06,2.5014059e-07,7.9101401e-08,10
3.750,0.021317,2,1000,0.18,2.4575708e-06,2.504056e-07,7.9185204e-08,10
3.750,0.021317,2,1000,0.2,2.409353e-06,2.5069176e-07,7.9275696e-08,10
3.750,0.021317,2,1000,0.22,2.3576977e-06,2.5099585e-07,7.9371858e-08,10
3.750,0.021317,2,1000,0.24,2.3030406e-06,2.5131441e-07,7.9472596e-08,10
3.750,0.021317,2,1000,0.26,2.2458348e-06,2.5164379e-07,7.9576753e-08,10
3.750,0.021317,2,1000,0.28,2.1865459e-06,2.5198018e-07,7.9683129e-08,10
3.750,0.021317,2,1000,0.3,2.1256469e-06,2.5231969e-07,7.9790492e-08,10
3.750,0.021317,2,1000,0.32,2.0634475e-06,2.5265645e-07,7.9896984e-08,10
3.750,0.021317,2,1000,0.36,1.9380806e-06,2.5331346e-07,8.0104748e-08,10
3.750,0.021317,2,1000,0.4,1.8136845e-06,2.5392064e-07,8.0296757e-08,10
3.750,0.021317,2,1000,0.44,1.6936296e-06,2.5444946e-07,8.0463984e-08,10
3.750,0.021317,2,1000,0.48,1.580892e-06,2.5487506e-07,8.0598572e-08,10
3.750,0.021317,2,1000,0.52,1.4779552e-06,2.5517771e-07,8.0694277e-08,10
3.750,0.021317,2,1000,0.56,1.3867409e-06,2.5534388e-07,8.0746825e-08,10
3.750,0.021317,2,1000,0.6,1.3085703e-06,2.5536712e-07,8.0754175e-08,10
3.750,0.021317,2,1000,0.64,1.2476242e-06,2.552137e-07,8.0705659e-08,10
3.750,0.021317,2,1000,0.72,1.1596645e-06,2.5459939e-07,8.0511396e-08,10
3.750,0.021317,2,1000,0.8,1.1210712e-06,2.5360266e-07,8.0196204e-08,10
3.750,0.021317,2,1000,0.88,1.1204799e-06,2.5243322e-07,7.9826394e-08,10
3.750,0.021317,2,1000,0.96,1.1431036e-06,2.5132318e-07,7.9475369e-08,10
3.750,0.021317,2,1000,1.04,1.1737317e-06,2.5047623e-07,7.9207537e-08,10
3.750,0.021317,2,1000,1.12,1.1993455e-06,2.5002641e-07,7.9065292e-08,10
3.750,0.021317,2,1000,1.2,1.210999e-06,2.5001327e-07,7.9061138e-08,10
3.750,0.021317,2,1000,1.28,1.2005511e-06,2.5043375e-07,7.9194106e-08,10
3.750,0.021317,2,1000,1.44,1.1457249e-06,2.5155616e-07,7.9549043e-08,10
3.750,0.021317,2,1000,1.6,1.0743826e-06,2.5203253e-07,7.9699682e-08,10
3.750,0.021317,2,1000,1.76,1.0369229e-06,2.5084459e-07,7.9324025e-08,10
3.750,0.021317,2,1000,1.92,1.046063e-06,2.4830959e-07,7.8522387e-08,10
3.750,0.021317,2,1000,2.08,1.0715841e-06,2.4590884e-07,7.7763204e-08,10
3.750,0.021317,2,1000,2.24,1.0751611e-06,2.4511523e-07,7.7512242e-08,10
3.750,0.021317,2,1000,2.4,1.0494975e-06,2.4623376e-07,7.7865951e-08,10
3.750,0.021317,2,1000,2.56,1.0366106e-06,2.4805789e-07,7.8442793e-08,10
3.750,0.021317,2,1000,2.88,1.1381799e-06,2.4915134e-07,7.8788571e-08,10
3.750,0.021317,2,1000,3.2,1.3621689e-06,2.4698154e-07,7.810242e-08,10
3.750,0.021317,2,1000,3.52,1.4713593e-06,2.4720475e-07,7.8173006e-08,10
3.750,0.021317,2,1000,3.84,1.4734358e-06,2.4957639e-07,7.8922984e-08,10
3.750,0.021317,2,1000,4.16,1.4627568e-06,2.5000709e-07,7.9059183e-08,10
3.750,0.021317,2,1000,4.48,1.357243e-06,2.506756e-07,7.9270586e-08,10
3.750,0.021317,2,1000,4.8,1.2123374e-06,2.5244977e-07,7.9831628e-08,10
3.750,0.021317,2,1000,5.12,1.1958614e-06,2.5106795e-07,7.9394656e-08,10
3.750,0.021317,2,1000,5.76,1.1075694e-06,2.4816578e-07,7.8476911e-08,10
3.750,0.021317,2,1000,6.4,1.0756984e-06,2.4701519e-07,7.8113061e-08,10
3.750,0.021317,2,1000,7.04,1.2191479e-06,2.4679817e-07,7.8044433e-08,10
3.750,0.021317,2,1000,7.68,1.2910849e-06,2.4688078e-07,7.8070558e-08,10
3.750,0.021317,2,1000,8.32,1.2881416e-06,2.5211704e-07,7.9726409e-08,10
3.750,0.021317,2,1000,8.96,1.2092009e-06,2.4708088e-07,7.8133834e-08,10
3.750,0.021317,2,1000,9.6,1.1291073e-06,2.461402e-07,7.7836365e-08,10
3.750,0.021317,2,1000,10.24,1.1238147e-06,2.4796176e-07,7.8412392e-08,10
3.750,0.021317,2,1000,11.52,1.1984539e-06,2.4865356e-07,7.8631159e-08,10
3.750,0.021317,2,1000,12.8,1.1675718e-06,2.508337e-07,7.9320579e-08,10
3.750,0.021317,2,1000,14.08,1.1165272e-06,2.485848e-07,7.8609416e-08,10
3.750,0.021317,2,1000,15.36,1.158592e-06,2.5080205e-07,7.9310573e-08,10
3.750,0.021317,2,1000,16.64,1.1401891e-06,2.5437809e-07,8.0441416e-08,10
3.750,0.021317,2,1000,17.92,1.1018701e-06,2.5063943e-07,7.9259146e-08,10
3.750,0.021317,2,1000,19.2,1.1168402e-06,2.482965e-07,7.8518247e-08,10
3.750,0.021317,2,1000,20.48,1.1082621e-06,2.5335238e-07,8.0117056e-08,10
3.750,0.021317,2,1000,23.04,1.0795828e-06,2.50143e-07,7.9102161e-08,10
3.750,0.021317,2,1000,25.6,1.0661313e-06,2.5438982e-07,8.0445123e-08,10
3.750,0.021317,2,1000,28.16,1.0478531e-06,2.5366845e-07,8.0217006e-08,10
3.750,0.021317,2,1000,30.72,1.0335227e-06,2.5265556e-07,7.9896704e-08,10
3.750,0.021317,2,1000,33.28,1.0158561e-06,2.5840667e-07,8.1715364e-08,10
3.750,0.021317,2,1000,35.84,9.9985483e-07,2.5575094e-07,8.0875548e-08,10
3.750,0.021317,2,1000,38.4,9.8416833e-07,2.5681564e-07,8.1212236e-08,10
3.750,0.021317,2,1000,40.96,9.7006635e-07,2.54061e-07,8.0341143e-08,10
3.750,0.021317,2,1000,46.08,9.4025278e-07,2.5487802e-07,8.0599507e-08,10
3.750,0.021317,2,1000,51.2,9.1675425e-07,2.5494189e-07,8.0619704e-08,10
3.750,0.021317,2,1000,56.32,8.9260989e-07,2.5612949e-07,8.0995257e-08,10
3.750,0.021317,2,1000,61.44,8.657509e-07,2.5650534e-07,8.1114111e-08,10
3.750,0.021317,2,1000,66.56,8.4346449e-07,2.5675478e-07,8.119299e-08,10
3.750,0.021317,2,1000,71.68,8.1893644e-07,2.5824761e-07,8.1665065e-08,10
3.750,0.021317,2,1000,76.8,7.9717544e-07,2.5830561e-07,8.1683406e-08,10
3.750,0.021317,2,1000,81.92,7.7765821e-07,2.5730897e-07,8.1368242e-08,10
3.750,0.021317,2,1000,92.16,7.3917166e-07,2.5747303e-07,8.1420122e-08,10
3.750,0.021317,2,1000,102.4,7.0185794e-07,2.5570727e-07,8.086174e-08,10
3.750,0.021317,2,1000,112.64,6.6529812e-07,2.5805082e-07,8.1602834e-08,10
3.750,0.021317,2,1000,122.88,6.3353893e-07,2.5599249e-07,8.0951932e-08,10
3.750,0.021317,2,1000,133.12,6.0080178e-07,2.5913928e-07,8.1947037e-08,10
3.750,0.021317,2,1000,143.36,5.6881772e-07,2.6081101e-07,8.2475682e-08,10
3.750,0.021317,2,1000,153.6,5.3841734e-07,2.6291423e-07,8.314078e-08,10
3.750,0.021317,2,1000,163.84,5.0915173e-07,2.61709e-07,8.2759652e-08,10
3.750,0.021317,2,1000,184.32,4.5498454e-07,2.5393229e-07,8.030044e-08,10
3.750,0.021317,2,1000,204.8,4.0776579e-07,2.4074059e-07,7.6128857e-08,10
3.750,0.021317,2,1000,225.28,3.7546612e-07,2.3006796e-07,7.2753876e-08,10
3.750,0.021317,2,1000,245.76,3.4015971e-07,2.2447493e-07,7.0985204e-08,10
3.750,0.021317,2,1000,266.24,3.043733e-07,2.1976173e-07,6.9494761e-08,10
3.750,0.021317,2,1000,286.72,2.765658e-07,2.0963476e-07,6.6292331e-08,10
3.750,0.021317,2,1000,307.2,2.483353e-07,2.0049535e-07,6.3402196e-08,10
3.750,0.021317,2,1000,327.68,2.2777352e-07,1.8910101e-07,5.979899e-08,10
3.750,0.021317,2,1000,368.64,1.8616295e-07,1.7901641e-07,5.660996e-08,10
3.750,0.021317,2,1000,409.6,1.5618896e-07,1.8081607e-07,5.7179063e-08,10
3.750,0.021317,2,1000,450.56,1.4100089e-07,1.8498817e-07,5.8498397e-08,10
3.750,0.021317,2,1000,491.52,1.179329e-07,1.9537497e-07,6.1782991e-08,10
3.750,0.021317,2,1000,532.48,8.894548e-08,2.0621626e-07,6.5211308e-08,10
3.750,0.021317,2,1000,573.44,5.8804176e-08,2.1226978e-07,6.7125597e-08,10
3.750,0.021317,2,1000,614.4,3.6085267e-08,2.3051007e-07,7.2893685e-08,10
3.750,0.021317,2,1000,655.36,1.5838697e-08,2.4202587e-07,7.6535301e-08,10
3.750,0.021317,2,1000,737.28,-1.1611426e-09,2.4630511e-07,7.7888515e-08,10
3.750,0.021317,2,1000,819.2,-7.7308831e-09,2.3564202e-07,7.4516549e-08,10
3.750,0.021317,2,1000,901.12,2.9592488e-09,2.364501e-07,7.4772087e-08,10
3.750,0.021317,2,1000,983.04,2.8256982e-08,2.2744064e-07,7.1923044e-08,10
3.750,0.021317,2,1000,1064.96,3.1597073e-08,1.9043449e-07,6.0220672e-08,10
3.750,0.021317,2,1000,1146.88,2.6476429e-08,1.8536458e-07,5.8617426e-08,10
3.750,0.021317,2,1000,1228.8,3.3180748e-08,2.0811046e-07,6.5810307e-08,10
3.750,0.021317,2,1000,1310.72,4.5922834e-08,2.0784585e-07,6.5726629e-08,10
3.750,0.021317,2,1000,1474.56,3.2395022e-08,1.8564113e-07,5.870488e-08,10
3.750,0.021317,2,1000,1638.4,-1.0433108e-08,1.4549148e-07,4.6008446e-08,10
3.750,0.021317,2,1000,1802.24,-4.5242064e-09,1.2533168e-07,3.9633356e-08,10
3.750,0.021317,2,1000,1966.08,2.0958086e-08,1.2503467e-07,3.9539433e-08,10
3.750,0.021317,2,1000,2129.92,1.7061941e-08,1.2039313e-07,3.8071652e-08,10
3.750,0.021317,2,1000,2293.76,5.5171671e-08,1.5624217e-07,4.9408112e-08,10
3.750,0.021317,2,1000,2457.6,1.022165e-07,1.8540516e-07,5.8630261e-08,10
3.750,0.021317,2,1000,2621.44,1.1571504e-07,1.6016267e-07,5.0647882e-08,10
3.750,0.021317,2,1000,2949.12,9.2711159e-08,1.8832841e-07,5.9554673e-08,10
3.750,0.021317,2,1000,3276.8,-1.4331109e-08,1.374084e-07,4.3452353e-08,10
3.750,0.021317,2,1000,3604.48,9.5872414e-09,1.5559129e-07,4.9202287e-08,10
3.750,0.021317,2,1000,3932.16,5.965583e-08,1.5260445e-07,4.8257763e-08,10
3.750,0.021317,2,1000,4259.84,1.2223171e-08,1.8250726e-07,5.7713862e-08,10
3.750,0.021317,2,1000,4587.52,-4.9362853e-08,2.8827054e-07,9.1159147e-08,10
3.750,0.021317,2,1000,4915.2,5.6023375e-08,3.1472046e-07,9.9523347e-08,10
3.750,0.021317,2,1000,5242.88,1.0574774e-07,2.7601341e-07,8.7283103e-08,10
3.750,0.021317,2,1000,5898.24,2.6177045e-08,2.4477123e-07,7.7403459e-08,10
3.750,0.021317,2,1000,6553.6,-6.7863582e-08,2.0341138e-07,6.4324326e-08,10
3.750,0.021317,2,1000,7208.96,-1.0980307e-07,2.0010837e-07,6.3279822e-08,10
3.750,0.021317,2,1000,7864.32,2.6762323e-08,3.2648197e-07,1.0324266e-07,10
3.750,0.021317,2,1000,8519.68,-1.6139382e-07,2.8873545e-07,9.1306165e-08,10
3.750,0.021317,2,1000,9175.04,-1.1314596e-07,4.3357064e-07,1.3710708e-07,10
3.750,0.0173726,2,1000,0,1.9460505e-06,1.569325e-07,4.9626413e-08,10
3.750,0.0173726,2,1000,0.01,1.9455331e-06,1.5693388e-07,4.962685e-08,10
3.750,0.0173726,2,1000,0.02,1.9439829e-06,1.5693787e-07,4.9628111e-08,10
3.750,0.0173726,2,1000,0.03,1.9414034e-06,1.5694446e-07,4.9630196e-08,10
3.750,0.0173726,2,1000,0.04,1.9378005e-06,1.5695364e-07,4.9633099e-08,10
3.750,0.0173726,2,1000,0.05,1.9331822e-06,1.569654e-07,4.9636817e-08,10
3.750,0.0173726,2,1000,0.06,1.9275588e-06,1.5697971e-07,4.9641343e-08,10
3.750,0.0173726,2,1000,0.07,1.9209428e-06,1.5699656e-07,4.964667e-08,10
3.750,0.0173726,2,1000,0.08,1.9133491e-06,1.5701591e-07,4.965279e-08,10
3.750,0.0173726,2,1000,0.09,1.9047943e-06,1.5703773e-07,4.9659692e-08,10
3.750,0.0173726,2,1000,0.1,1.8952973e-06,1.57062e-07,4.9667366e-08,10
3.750,0.0173726,2,1000,0.11,1.8848791e-06,1.5708867e-07,4.9675798e-08,10
3.750,0.0173726,2,1000,0.12,1.8735624e-06,1.5711768e-07,4.9684974e-08,10
3.750,0.0173726,2,1000,0.13,1.8613719e-06,1.5714901e-07,4.9694879e-08,10
3.750,0.0173726,2,1000,0.14,1.8483342e-06,1.5718258e-07,4.9705497e-08,10
3.750,0.0173726,2,1000,0.15,1.8344774e-06,1.5721835e-07,4.9716808e-08,10
3.750,0.0173726,2,1000,0.16,1.8196419e-06,1.572567e-07,4.9728935e-08,10
3.750,0.0173726,2,1000,0.18,1.7881256e-06,1.5733857e-07,4.9754826e-08,10
3.750,0.0173726,2,1000,0.2,1.7538481e-06,1.5742809e-07,4.9783134e-08,10
3.750,0.0173726,2,1000,0.22,1.7170965e-06,1.5752458e-07,4.9813645e-08,10
3.750,0.0173726,2,1000,0.24,1.678175e-06,1.5762727e-07,4.9846121e-08,10
3.750,0.0173726,2,1000,0.26,1.6374007e-06,1.5773535e-07,4.9880296e-08,10
3.750,0.0173726,2,1000,0.28,1.5951003e-06,1.578479e-07,4.9915887e-08,10
3.750,0.0173726,2,1000,0.3,1.5516066e-06,1.5796395e-07,4.9952589e-08,10
3.750,0.0173726,2,1000,0.32,1.507124e-06,1.5808239e-07,4.9990041e-08,10
3.750,0.0173726,2,1000,0.36,1.4173414e-06,1.5832213e-07,5.0065853e-08,10
3.750,0.0173726,2,1000,0.4,1.3280474e-06,1.5855872e-07,5.014067e-08,10
3.750,0.0173726,2,1000,0.44,1.2416623e-06,1.587834e-07,5.0211721e-08,10
3.750,0.0173726,2,1000,0.48,1.1603443e-06,1.5898802e-07,5.0276427e-08,10
3.750,0.0173726,2,1000,0.52,1.0859179e-06,1.591656e-07,5.0332581e-08,10
3.750,0.0173726,2,1000,0.56,1.0198207e-06,1.5931079e-07,5.0378496e-08,10
3.750,0.0173726,2,1000,0.6,9.6307061e-07,1.5942031e-07,5.0413128e-08,10
3.750,0.0173726,2,1000,0.64,9.1877813e-07,1.5948308e-07,5.0432977e-08,10
3.750,0.0173726,2,1000,0.72,8.5498861e-07,1.5952785e-07,5.0447136e-08,10
3.750,0.0173726,2,1000,0.8,8.276495e-07,1.5946798e-07,5.0428202e-08,10
3.750,0.0173726,2,1000,0.88,8.2883826e-07,1.5935954e-07,5.039391e-08,10
3.750,0.0173726,2,1000,0.96,8.4783511e-07,1.5926744e-07,5.0364786e-08,10
3.750,0.0173726,2,1000,1.04,8.7327871e-07,1.5925217e-07,5.0359958e-08,10
3.750,0.0173726,2,1000,1.12,8.9513455e-07,1.5935955e-07,5.0393915e-08,10
3.750,0.0173726,2,1000,1.2,9.0619789e-07,1.5961403e-07,5.047439e-08,10
3.750,0.0173726,2,1000,1.28,8.9943997e-07,1.6004269e-07,5.0609944e-08,10
3.750,0.0173726,2,1000,1.44,8.5662535e-07,1.6113964e-07,5.0956829e-08,10
3.750,0.0173726,2,1000,1.6,7.9520309e-07,1.6232023e-07,5.1330165e-08,10
3.750,0.0173726,2,1000,1.76,7.5573325e-07,1.6320395e-07,5.1609621e-08,10
3.750,0.0173726,2,1000,1.92,7.5188894e-07,1.6357874e-07,5.1728139e-08,10
3.750,0.0173726,2,1000,2.08,7.6270272e-07,1.6339792e-07,5.167096e-08,10
3.750,0.0173726,2,1000,2.24,7.5701902e-07,1.6277958e-07,5.1475422e-08,10
3.750,0.0173726,2,1000,2.4,7.2534743e-07,1.6201406e-07,5.1233344e-08,10
3.750,0.0173726,2,1000,2.56,6.9864431e-07,1.6148653e-07,5.1066524e-08,10
3.750,0.0173726,2,1000,2.88,7.5474808e-07,1.6153873e-07,5.1083032e-08,10
3.750,0.0173726,2,1000,3.2,9.4844867e-07,1.6297498e-07,5.1537214e-08,10
3.750,0.0173726,2,1000,3.52,1.0646931e-06,1.6210498e-07,5.1262094e-08,10
3.750,0.0173726,2,1000,3.84,1.0687474e-06,1.5760604e-07,4.9839406e-08,10
3.750,0.0173726,2,1000,4.16,1.0789486e-06,1.5542668e-07,4.9150231e-08,10
3.750,0.0173726,2,1000,4.48,1.0539104e-06,1.5906456e-07,5.0300631e-08,10
3.750,0.0173726,2,1000,4.8,9.7557161e-07,1.6386349e-07,5.1818187e-08,10
3.750,0.0173726,2,1000,5.12,9.5458847e-07,1.6419304e-07,5.19224e-08,10
3.750,0.0173726,2,1000,5.76,8.3908973e-07,1.6348414e-07,5.1698226e-08,10
3.750,0.0173726,2,1000,6.4,7.5443845e-07,1.6461067e-07,5.2054463e-08,10
3.750,0.0173726,2,1000,7.04,8.240336e-07,1.6492585e-07,5.2154134e-08,10
3.750,0.0173726,2,1000,7.68,8.9884676e-07,1.6345381e-07,5.1688633e-08,10
3.750,0.0173726,2,1000,8.32,9.7403923e-07,1.6278619e-07,5.1477513e-08,10
3.750,0.0173726,2,1000,8.96,9.7436819e-07,1.6383702e-07,5.1809815e-08,10
3.750,0.0173726,2,1000,9.6,8.9944218e-07,1.6066281e-07,5.0806042e-08,10
3.750,0.0173726,2,1000,10.24,8.4038837e-07,1.6331451e-07,5.1644582e-08,10
3.750,0.0173726,2,1000,11.52,8.4600025e-07,1.621672e-07,5.128177e-08,10
3.750,0.0173726,2,1000,12.8,9.0972885e-07,1.6245654e-07,5.1373269e-08,10
3.750,0.0173726,2,1000,14.08,8.6101935e-07,1.6226441e-07,5.1312512e-08,10
3.750,0.0173726,2,1000,15.36,8.2838714e-07,1.6560771e-07,5.2369755e-08,10
3.750,0.0173726,2,1000,16.64,8.695698e-07,1.6090746e-07,5.0883406e-08,10
3.750,0.0173726,2,1000,17.92,8.6308557e-07,1.6356384e-07,5.1723429e-08,10
3.750,0.0173726,2,1000,19.2,8.2605899e-07,1.655596e-07,5.2354542e-08,10
3.750,0.0173726,2,1000,20.48,8.3862739e-07,1.6254452e-07,5.140109e-08,10
3.750,0.0173726,2,1000,23.04,8.3166491e-07,1.6474085e-07,5.2095631e-08,10
3.750,0.0173726,2,1000,25.6,8.2445454e-07,1.6373483e-07,5.17775e-08,10
3.750,0.0173726,2,1000,28.16,8.1265801e-07,1.6510882e-07,5.2211995e-08,10
3.750,0.0173726,2,1000,30.72,8.1090948e-07,1.6343079e-07,5.1681354e-08,10
3.750,0.0173726,2,1000,33.28,7.9833715e-07,1.6431903e-07,5.1962241e-08,10
3.750,0.0173726,2,1000,35.84,7.9538324e-07,1.6552413e-07,5.2343325e-08,10
3.750,0.0173726,2,1000,38.4,7.8706001e-07,1.621951e-07,5.1290593e-08,10
3.750,0.0173726,2,1000,40.96,7.7952556e-07,1.6397592e-07,5.185374e-08,10
3.750,0.0173726,2,1000,46.08,7.6700254e-07,1.637868e-07,5.1793935e-08,10
3.750,0.0173726,2,1000,51.2,7.5510338e-07,1.6429219e-07,5.1953753e-08,10
3.750,0.0173726,2,1000,56.32,7.40579e-07,1.6332579e-07,5.1648148e-08,10
3.750,0.0173726,2,1000,61.44,7.2864587e-07,1.6320518e-07,5.161001e-08,10
3.750,0.0173726,2,1000,66.56,7.1695959e-07,1.6199621e-07,5.1227699e-08,10
3.750,0.0173726,2,1000,71.68,7.0360207e-07,1.6376848e-07,5.178814e-08,10
3.750,0.0173726,2,1000,76.8,6.9430491e-07,1.6397776e-07,5.1854321e-08,10
3.750,0.0173726,2,1000,81.92,6.8325787e-07,1.6401088e-07,5.1864794e-08,10
3.750,0.0173726,2,1000,92.16,6.6368395e-07,1.6241578e-07,5.1360378e-08,10
3.750,0.0173726,2,1000,102.4,6.4455287e-07,1.6238732e-07,5.135138e-08,10
3.750,0.0173726,2,1000,112.64,6.2657239e-07,1.6224612e-07,5.1306729e-08,10
3.750,0.0173726,2,1000,122.88,6.1149933e-07,1.6150485e-07,5.1072316e-08,10
3.750,0.0173726,2,1000,133.12,5.9706318e-07,1.6340446e-07,5.1673027e-08,10
3.750,0.0173726,2,1000,143.36,5.8329609e-07,1.6477586e-07,5.2106702e-08,10
3.750,0.0173726,2,1000,153.6,5.7128256e-07,1.6568076e-07,5.2392855e-08,10
3.750,0.0173726,2,1000,163.84,5.573359e-07,1.6645792e-07,5.2638618e-08,10
3.750,0.0173726,2,1000,184.32,5.3004428e-07,1.6997474e-07,5.3750733e-08,10
3.750,0.0173726,2,1000,204.8,5.0801935e-07,1.692752e-07,5.3529518e-08,10
3.750,0.0173726,2,1000,225.28,4.8785181e-07,1.6648279e-07,5.264648e-08,10
3.750,0.0173726,2,1000,245.76,4.6811368e-07,1.6618327e-07,5.2551763e-08,10
3.750,0.0173726,2,1000,266.24,4.4779752e-07,1.6342708e-07,5.1680182e-08,10
3.750,0.0173726,2,1000,286.72,4.3101662e-07,1.6352616e-07,5.1711513e-08,10
3.750,0.0173726,2,1000,307.2,4.136519e-07,1.6309307e-07,5.1574558e-08,10
3.750,0.0173726,2,1000,327.68,3.9695576e-07,1.6241247e-07,5.1359333e-08,10
3.750,0.0173726,2,1000,368.64,3.6575885e-07,1.647663e-07,5.210368e-08,10
3.750,0.0173726,2,1000,409.6,3.4038245e-07,1.6973344e-07,5.3674426e-08,10
3.750,0.0173726,2,1000,450.56,3.1824895e-07,1.7453712e-07,5.5193485e-08,10
3.750,0.0173726,2,1000,491.52,2.9423067e-07,1.8604362e-07,5.8832158e-08,10
3.750,0.0173726,2,1000,532.48,2.7250398e-07,1.9295437e-07,6.1017529e-08,10
3.750,0.0173726,2,1000,573.44,2.523038e-07,2.0053893e-07,6.3415977e-08,10
3.750,0.0173726,2,1000,614.4,2.3650433e-07,2.0471213e-07,6.473566e-08,10
3.750,0.0173726,2,1000,655.36,2.2630597e-07,2.0583114e-07,6.5089521e-08,10
3.750,0.0173726,2,1000,737.28,2.1139994e-07,1.9537495e-07,6.1782984e-08,10
3.750,0.0173726,2,1000,819.2,1.9688006e-07,1.9049696e-07,6.024043e-08,10
3.750,0.0173726,2,1000,901.12,1.7904991e-07,1.8197744e-07,5.754632e-08,10
3.750,0.0173726,2,1000,983.04,1.6732772e-07,1.8214755e-07,5.7600112e-08,10
3.750,0.0173726,2,1000,1064.96,1.6044666e-07,1.9263556e-07,6.0916713e-08,10
3.750,0.0173726,2,1000,1146.88,1.4999914e-07,2.0744889e-07,6.56011e-08,10
3.750,0.0173726,2,1000,1228.8,1.3707443e-07,2.2849122e-07,7.2255268e-08,10
3.750,0.0173726,2,1000,1310.72,1.3549005e-07,2.4844244e-07,7.8564397e-08,10
3.750,0.0173726,2,1000,1474.56,1.4046142e-07,2.5600075e-07,8.0954547e-08,10
3.750,0.0173726,2,1000,1638.4,1.4291849e-07,2.2168879e-07,7.0104152e-08,10
3.750,0.0173726,2,1000,1802.24,1.5208657e-07,1.8950604e-07,5.9927072e-08,10
3.750,0.0173726,2,1000,1966.08,1.5217464e-07,1.7971841e-07,5.683195e-08,10
3.750,0.0173726,2,1000,2129.92,1.4401358e-07,1.9245358e-07,6.0859165e-08,10
3.750,0.0173726,2,1000,2293.76,1.334558e-07,1.8718157e-07,5.9192011e-08,10
3.750,0.0173726,2,1000,2457.6,1.3575096e-07,1.7540477e-07,5.5467857e-08,10
3.750,0.0173726,2,1000,2621.44,1.3234375e-07,1.919026e-07,6.0684932e-08,10
3.750,0.0173726,2,1000,2949.12,1.402023e-07,2.0905178e-07,6.6107976e-08,10
3.750,0.0173726,2,1000,3276.8,1.669378e-07,1.6457224e-07,5.2042313e-08,10
3.750,0.0173726,2,1000,3604.48,1.350638e-07,1.6746886e-07,5.2958304e-08,10
3.750,0.0173726,2,1000,3932.16,1.1390289e-07,1.8069425e-07,5.7140539e-08,10
3.750,0.0173726,2,1000,4259.84,1.124346e-07,1.9282124e-07,6.0975431e-08,10
3.750,0.0173726,2,1000,4587.52,1.006221e-07,2.0564459e-07,6.5030529e-08,10
3.750,0.0173726,2,1000,4915.2,2.8782706e-08,2.3634941e-07,7.4740245e-08,10
3.750,0.0173726,2,1000,5242.88,1.3662152e-08,2.7189267e-07,8.5980012e-08,10
3.750,0.0173726,2,1000,5898.24,4.0908565e-08,2.0528774e-07,6.4917684e-08,10
3.750,0.0173726,2,1000,6553.6,8.2708498e-08,2.3164047e-07,7.325115e-08,10
3.750,0.0173726,2,1000,7208.96,-1.8181143e-08,2.6972816e-07,8.5295532e-08,10
3.750,0.0173726,2,1000,7864.32,2.0304594e-08,3.7152208e-07,1.174856e-07,10
3.750,0.0173726,2,1000,8519.68,6.7336328e-08,3.4739388e-07,1.0985559e-07,10
3.750,0.0173726,2,1000,9175.04,4.7874538e-08,2.1509996e-07,6.802058e-08,10
3.750,0.0173726,2,1000,9830.4,-5.2031229e-08,2.3963292e-07,7.5778583e-08,10
3.750,0.0173726,2,1000,10485.76,-3.8558228e-08,1.4430204e-07,4.5632311e-08,10
3.750,0.016527131,fill,4641.59,0,1.8228861e-06,1.2880603e-07,4.0732043e-08,10
3.750,0.016527131,fill,4641.59,0.01,1.8224096e-06,1.2880527e-07,4.0731802e-08,10
3.750,0.016527131,fill,4641.59,0.02,1.8209829e-06,1.2880296e-07,4.0731073e-08,10
3.750,0.016527131,fill,4641.59,0.03,1.8186092e-06,1.2879912e-07,4.0729857e-08,10
3.750,0.016527131,fill,4641.59,0.04,1.8152938e-06,1.2879375e-07,4.0728159e-08,10
3.750,0.016527131,fill,4641.59,0.05,1.8110441e-06,1.2878687e-07,4.0725985e-08,10
3.750,0.016527131,fill,4641.59,0.06,1.8058695e-06,1.2877851e-07,4.0723341e-08,10
3.750,0.016527131,fill,4641.59,0.07,1.7997815e-06,1.2876869e-07,4.0720236e-08,10
3.750,0.016527131,fill,4641.59,0.08,1.7927935e-06,1.2875745e-07,4.071668e-08,10
3.750,0.016527131,fill,4641.59,0.09,1.7849208e-06,1.2874481e-07,4.0712684e-08,10
3.750,0.016527131,fill,4641.59,0.1,1.7761808e-06,1.2873082e-07,4.0708261e-08,10
3.750,0.016527131,fill,4641.59,0.11,1.7665925e-06,1.2871553e-07,4.0703425e-08,10
3.750,0.016527131,fill,4641.59,0.12,1.7561768e-06,1.2869898e-07,4.069819e-08,10
3.750,0.016527131,fill,4641.59,0.13,1.7449564e-06,1.2868122e-07,4.0692573e-08,10
3.750,0.016527131,fill,4641.59,0.14,1.7329555e-06,1.286623e-07,4.0686592e-08,10
3.750,0.016527131,fill,4641.59,0.15,1.7201998e-06,1.2864229e-07,4.0680265e-08,10
3.750,0.016527131,fill,4641.59,0.16,1.7065421e-06,1.28621e-07,4.067353e-08,10
3.750,0.016527131,fill,4641.59,0.18,1.6775254e-06,1.285761e-07,4.0659333e-08,10
3.750,0.016527131,fill,4641.59,0.2,1.645962e-06,1.2852787e-07,4.064408e-08,10
3.750,0.016527131,fill,4641.59,0.22,1.6121153e-06,1.2847687e-07,4.0627954e-08,10
3.750,0.016527131,fill,4641.59,0.24,1.5762645e-06,1.2842371e-07,4.0611143e-08,10
3.750,0.016527131,fill,4641.59,0.26,1.5387008e-06,1.2836899e-07,4.059384e-08,10
3.750,0.016527131,fill,4641.59,0.28,1.4997247e-06,1.2831334e-07,4.0576241e-08,10
3.750,0.016527131,fill,4641.59,0.3,1.4596421e-06,1.2825737e-07,4.0558541e-08,10
3.750,0.016527131,fill,4641.59,0.32,1.4186394e-06,1.2820183e-07,4.0540978e-08,10
3.750,0.016527131,fill,4641.59,0.36,1.3358637e-06,1.2809394e-07,4.0506859e-08,10
3.750,0.016527131,fill,4641.59,0.4,1.2535134e-06,1.279939e-07,4.0475224e-08,10
3.750,0.016527131,fill,4641.59,0.44,1.1738264e-06,1.2790553e-07,4.044728e-08,10
3.750,0.016527131,fill,4641.59,0.48,1.0988036e-06,1.2783195e-07,4.0424012e-08,10
3.750,0.016527131,fill,4641.59,0.52,1.0301419e-06,1.2777542e-07,4.0406136e-08,10
3.750,0.016527131,fill,4641.59,0.56,9.6918452e-07,1.277373e-07,4.0394081e-08,10
3.750,0.016527131,fill,4641.59,0.6,9.1688937e-07,1.2771798e-07,4.0387972e-08,10
3.750,0.016527131,fill,4641.59,0.64,8.7616447e-07,1.2772098e-07,4.0388919e-08,10
3.750,0.016527131,fill,4641.59,0.72,8.1780392e-07,1.2776532e-07,4.0402941e-08,10
3.750,0.016527131,fill,4641.59,0.8,7.934745e-07,1.2785336e-07,4.0430784e-08,10
3.750,0.016527131,fill,4641.59,0.88,7.9588719e-07,1.2795327e-07,4.0462377e-08,10
3.750,0.016527131,fill,4641.59,0.96,8.1506785e-07,1.2802777e-07,4.0485934e-08,10
3.750,0.016527131,fill,4641.59,1.04,8.4035004e-07,1.2804007e-07,4.0489826e-08,10
3.750,0.016527131,fill,4641.59,1.12,8.6222104e-07,1.2795981e-07,4.0464446e-08,10
3.750,0.016527131,fill,4641.59,1.2,8.7375786e-07,1.2776752e-07,4.0403637e-08,10
3.750,0.016527131,fill,4641.59,1.28,8.6804372e-07,1.2742861e-07,4.0296465e-08,10
3.750,0.016527131,fill,4641.59,1.44,8.2765653e-07,1.2650061e-07,4.0003004e-08,10
3.750,0.016527131,fill,4641.59,1.6,7.6753332e-07,1.253088e-07,3.9626121e-08,10
3.750,0.016527131,fill,4641.59,1.76,7.2684043e-07,1.2411926e-07,3.9249956e-08,10
3.750,0.016527131,fill,4641.59,1.92,7.2003235e-07,1.2324375e-07,3.8973097e-08,10
3.750,0.016527131,fill,4641.59,2.08,7.2822917e-07,1.2294766e-07,3.8879465e-08,10
3.750,0.016527131,fill,4641.59,2.24,7.2144963e-07,1.2333251e-07,3.9001165e-08,10
3.750,0.016527131,fill,4641.59,2.4,6.8914195e-07,1.2426417e-07,3.9295781e-08,10
3.750,0.016527131,fill,4641.59,2.56,6.591444e-07,1.2533177e-07,3.9633386e-08,10
3.750,0.016527131,fill,4641.59,2.88,7.0319453e-07,1.2647429e-07,3.9994684e-08,10
3.750,0.016527131,fill,4641.59,3.2,8.8859419e-07,1.2578728e-07,3.9777431e-08,10
3.750,0.016527131,fill,4641.59,3.52,1.0067973e-06,1.2530462e-07,3.9624799e-08,10
3.750,0.016527131,fill,4641.59,3.84,1.0102812e-06,1.2671556e-07,4.0070979e-08,10
3.750,0.016527131,fill,4641.59,4.16,1.0224082e-06,1.2863114e-07,4.067674e-08,10
3.750,0.016527131,fill,4641.59,4.48,1.0149908e-06,1.288439e-07,4.0744017e-08,10
3.750,0.016527131,fill,4641.59,4.8,9.5280151e-07,1.2738836e-07,4.0283736e-08,10
3.750,0.016527131,fill,4641.59,5.12,9.3097219e-07,1.2600265e-07,3.9845538e-08,10
3.750,0.016527131,fill,4641.59,5.76,8.1853901e-07,1.2484013e-07,3.9477916e-08,10
3.750,0.016527131,fill,4641.59,6.4,7.2194307e-07,1.2537784e-07,3.9647955e-08,10
3.750,0.016527131,fill,4641.59,7.04,7.7242797e-07,1.2478538e-07,3.9460602e-08,10
3.750,0.016527131,fill,4641.59,7.68,8.4251173e-07,1.2613737e-07,3.988814e-08,10
3.750,0.016527131,fill,4641.59,8.32,9.279872e-07,1.2672843e-07,4.0075047e-08,10
3.750,0.016527131,fill,4641.59,8.96,9.4645412e-07,1.2791918e-07,4.0451596e-08,10
3.750,0.016527131,fill,4641.59,9.6,8.8586344e-07,1.2543368e-07,3.9665613e-08,10
3.750,0.016527131,fill,4641.59,10.24,8.1974396e-07,1.2574941e-07,3.9765455e-08,10
3.750,0.016527131,fill,4641.59,11.52,7.9819196e-07,1.2528563e-07,3.9618795e-08,10
3.750,0.016527131,fill,4641.59,12.8,8.7392126e-07,1.2658971e-07,4.003118e-08,10
3.750,0.016527131,fill,4641.59,14.08,8.4292747e-07,1.2700886e-07,4.0163729e-08,10
3.750,0.016527131,fill,4641.59,15.36,7.9132332e-07,1.2581067e-07,3.9784829e-08,10
3.750,0.016527131,fill,4641.59,16.64,8.2791263e-07,1.267253e-07,4.0074059e-08,10
3.750,0.016527131,fill,4641.59,17.92,8.4227065e-07,1.2632398e-07,3.994715e-08,10
3.750,0.016527131,fill,4641.59,19.2,7.9968469e-07,1.2498956e-07,3.952517e-08,10
3.750,0.016527131,fill,4641.59,20.48,8.0619161e-07,1.2552678e-07,3.9695053e-08,10
3.750,0.016527131,fill,4641.59,23.04,8.080678e-07,1.2612397e-07,3.9883902e-08,10
3.750,0.016527131,fill,4641.59,25.6,7.9858383e-07,1.2496751e-07,3.9518196e-08,10
3.750,0.016527131,fill,4641.59,28.16,7.9025134e-07,1.2490834e-07,3.9499484e-08,10
3.750,0.016527131,fill,4641.59,30.72,7.8762461e-07,1.2470202e-07,3.9434241e-08,10
3.750,0.016527131,fill,4641.59,33.28,7.7719255e-07,1.2422362e-07,3.9282957e-08,10
3.750,0.016527131,fill,4641.59,35.84,7.7491687e-07,1.2557629e-07,3.9710708e-08,10
3.750,0.016527131,fill,4641.59,38.4,7.660766e-07,1.2554878e-07,3.970201e-08,10
3.750,0.016527131,fill,4641.59,40.96,7.6181036e-07,1.2534256e-07,3.9636799e-08,10
3.750,0.016527131,fill,4641.59,46.08,7.510653e-07,1.2589533e-07,3.98116e-08,10
3.750,0.016527131,fill,4641.59,51.2,7.4082531e-07,1.2682464e-07,4.0105473e-08,10
3.750,0.016527131,fill,4641.59,56.32,7.3048751e-07,1.2641017e-07,3.9974405e-08,10
3.750,0.016527131,fill,4641.59,61.44,7.2104618e-07,1.26362e-07,3.9959173e-08,10
3.750,0.016527131,fill,4641.59,66.56,7.1097564e-07,1.2579298e-07,3.9779233e-08,10
3.750,0.016527131,fill,4641.59,71.68,7.0228282e-07,1.2627924e-07,3.9933e-08,10
3.750,0.016527131,fill,4641.59,76.8,6.9429557e-07,1.2636015e-07,3.9958587e-08,10
3.750,0.016527131,fill,4641.59,81.92,6.8648993e-07,1.254552e-07,3.9672419e-08,10
3.750,0.016527131,fill,4641.59,92.16,6.7028017e-07,1.2482335e-07,3.9472609e-08,10
3.750,0.016527131,fill,4641.59,102.4,6.5605637e-07,1.2485456e-07,3.9482478e-08,10
3.750,0.016527131,fill,4641.59,112.64,6.4286986e-07,1.2417007e-07,3.9266023e-08,10
3.750,0.016527131,fill,4641.59,122.88,6.3041293e-07,1.236378e-07,3.9097705e-08,10
3.750,0.016527131,fill,4641.59,133.12,6.1780233e-07,1.2351753e-07,3.9059673e-08,10
3.750,0.016527131,fill,4641.59,143.36,6.0564956e-07,1.2358507e-07,3.9081029e-08,10
3.750,0.016527131,fill,4641.59,153.6,5.9312281e-07,1.2308163e-07,3.8921829e-08,10
3.750,0.016527131,fill,4641.59,163.84,5.8174701e-07,1.2240913e-07,3.8709167e-08,10
3.750,0.016527131,fill,4641.59,184.32,5.6025285e-07,1.2107094e-07,3.8285992e-08,10
3.750,0.016527131,fill,4641.59,204.8,5.3971428e-07,1.2017258e-07,3.8001905e-08,10
3.750,0.016527131,fill,4641.59,225.28,5.2013808e-07,1.1846181e-07,3.7460913e-08,10
3.750,0.016527131,fill,4641.59,245.76,5.0166628e-07,1.1641256e-07,3.6812883e-08,10
3.750,0.016527131,fill,4641.59,266.24,4.8483001e-07,1.1535987e-07,3.6479993e-08,10
3.750,0.016527131,fill,4641.59,286.72,4.6863656e-07,1.1581454e-07,3.6623774e-08,10
3.750,0.016527131,fill,4641.59,307.2,4.5322303e-07,1.1527345e-07,3.6452666e-08,10
3.750,0.016527131,fill,4641.59,327.68,4.3829085e-07,1.1530517e-07,3.6462696e-08,10
3.750,0.016527131,fill,4641.59,368.64,4.1039273e-07,1.1780976e-07,3.7254716e-08,10
3.750,0.016527131,fill,4641.59,409.6,3.876344e-07,1.2124427e-07,3.8340804e-08,10
3.750,0.016527131,fill,4641.59,450.56,3.682941e-07,1.240528e-07,3.9228939e-08,10
3.750,0.016527131,fill,4641.59,491.52,3.4871924e-07,1.2559497e-07,3.9716617e-08,10
3.750,0.016527131,fill,4641.59,532.48,3.3031743e-07,1.2603378e-07,3.9855379e-08,10
3.750,0.016527131,fill,4641.59,573.44,3.1212883e-07,1.2604788e-07,3.985984e-08,10
3.750,0.016527131,fill,4641.59,614.4,2.9768097e-07,1.2481822e-07,3.9470986e-08,10
3.750,0.016527131,fill,4641.59,655.36,2.8470551e-07,1.2067367e-07,3.8160364e-08,10
3.750,0.016527131,fill,4641.59,737.28,2.6073552e-07,1.1710325e-07,3.7031301e-08,10
3.750,0.016527131,fill,4641.59,819.2,2.3501897e-07,1.165976e-07,3.6871398e-08,10
3.750,0.016527131,fill,4641.59,901.12,2.1570175e-07,1.1596527e-07,3.6671438e-08,10
3.750,0.016527131,fill,4641.59,983.04,2.0204914e-07,1.1513415e-07,3.6408616e-08,10
3.750,0.016527131,fill,4641.59,1064.96,1.8991382e-07,1.1748838e-07,3.7153087e-08,10
3.750,0.016527131,fill,4641.59,1146.88,1.7681162e-07,1.1470659e-07,3.627341e-08,10
3.750,0.016527131,fill,4641.59,1228.8,1.6750047e-07,1.1114364e-07,3.5146704e-08,10
3.750,0.016527131,fill,4641.59,1310.72,1.5894645e-07,1.0699821e-07,3.3835804e-08,10
3.750,0.016527131,fill,4641.59,1474.56,1.3692604e-07,1.0312061e-07,3.2609601e-08,10
3.750,0.016527131,fill,4641.59,1638.4,1.2729965e-07,1.0495745e-07,3.3190459e-08,10
3.750,0.016527131,fill,4641.59,1802.24,1.1958238e-07,1.1128527e-07,3.5191494e-08,10
3.750,0.016527131,fill,4641.59,1966.08,1.126165e-07,1.0772524e-07,3.4065713e-08,10
3.750,0.016527131,fill,4641.59,2129.92,9.7568728e-08,1.0435912e-07,3.3001251e-08,10
3.750,0.016527131,fill,4641.59,2293.76,7.9199193e-08,1.1076149e-07,3.5025857e-08,10
3.750,0.016527131,fill,4641.59,2457.6,6.6111478e-08,9.8068053e-08,3.1011841e-08,10
3.750,0.016527131,fill,4641.59,2621.44,5.5809251e-08,8.5859171e-08,2.7151054e-08,10
3.750,0.016527131,fill,4641.59,2949.12,4.5278957e-08,7.7297193e-08,2.4443519e-08,10
3.750,0.016527131,fill,4641.59,3276.8,5.0092687e-08,7.3034615e-08,2.3095573e-08,10
3.750,0.016527131,fill,4641.59,3604.48,5.2631086e-08,8.0429848e-08,2.5434151e-08,10
3.750,0.016527131,fill,4641.59,3932.16,5.4962796e-08,6.5220551e-08,2.0624549e-08,10
3.750,0.016527131,fill,4641.59,4259.84,4.5354284e-08,6.5404244e-08,2.0682638e-08,10
3.750,0.016527131,fill,4641.59,4587.52,3.4186453e-08,7.8874246e-08,2.4942227e-08,10
3.750,0.016527131,fill,4641.59,4915.2,1.7148618e-08,9.2224538e-08,2.916396e-08,10
3.750,0.016527131,fill,4641.59,5242.88,1.3633968e-09,8.2028028e-08,2.593954e-08,10
3.750,0.016527131,fill,4641.59,5898.24,1.6300054e-09,9.1272423e-08,2.8862874e-08,10
3.750,0.016527131,fill,4641.59,6553.6,-1.9966996e-08,1.0762836e-07,3.4035077e-08,10
3.750,0.016527131,fill,4641.59,7208.96,-4.418393e-08,1.2519491e-07,3.9590105e-08,10
3.750,0.016527131,fill,4641.59,7864.32,-4.3053307e-08,1.1939693e-07,3.7756624e-08,10
3.750,0.016527131,fill,4641.59,8519.68,-2.5743142e-08,8.2952494e-08,2.6231882e-08,10
3.750,0.016527131,fill,4641.59,9175.04,-1.2080237e-09,8.6482046e-08,2.7348024e-08,10
3.750,0.016527131,fill,4641.59,9830.4,-1.6278352e-08,6.3244434e-08,1.9999646e-08,10
3.750,0.016527131,fill,4641.59,10485.76,-1.3832954e-08,7.2247276e-08,2.2846595e-08,10
3.750,0.016527131,fill,4641.59,11796.48,-5.5075374e-09,8.2649042e-08,2.6135922e-08,10
3.750,0.016527131,fill,4641.59,13107.2,1.982205e-08,7.248607e-08,2.2922108e-08,10
3.750,0.016527131,fill,4641.59,14417.92,-4.1579383e-09,9.2957499e-08,2.9395742e-08,10
3.750,0.016527131,fill,4641.59,15728.64,-6.5017194e-08,1.1256873e-07,3.5597359e-08,10
3.750,0.016527131,fill,4641.59,17039.36,-9.2245991e-08,8.3009965e-08,2.6250056e-08,10
3.750,0.016527131,fill,4641.59,18350.08,-6.3704597e-08,1.0049551e-07,3.1779469e-08,10
3.750,0.016527131,fill,4641.59,19660.8,-2.0483076e-08,9.0005656e-08,2.8462288e-08,10
3.750,0.016527131,fill,4641.59,20971.52,-2.0650934e-08,1.1441344e-07,3.6180705e-08,10
3.750,0.016527131,fill,4641.59,23592.96,2.6841254e-08,8.4716533e-08,2.678972e-08,10
3.750,0.016527131,fill,4641.59,26214.4,6.9701761e-08,1.279163e-07,4.0450685e-08,10
3.750,0.016527131,fill,4641.59,28835.84,3.6490642e-08,1.7733152e-07,5.6077151e-08,10
3.750,0.016527131,fill,4641.59,31457.28,-9.8787873e-09,1.7735802e-07,5.6085531e-08,10
3.750,0.016527131,fill,4641.59,34078.72,3.5160602e-08,1.042067e-07,3.2953051e-08,10
3.750,0.016527131,fill,4641.59,36700.16,-7.7617145e-08,2.6984281e-07,8.5331788e-08,10
3.750,0.016527131,fill,4641.59,39321.6,-1.8039267e-07,3.8734329e-07,1.224887e-07,10
3.750,0.01513379,2,2154.43,0,1.5579781e-06,1.0072711e-07,3.1852708e-08,10
3.750,0.01513379,2,2154.43,0.01,1.557572e-06,1.0072742e-07,3.1852807e-08,10
3.750,0.01513379,2,2154.43,0.02,1.5563554e-06,1.0072855e-07,3.1853166e-08,10
3.750,0.01513379,2,2154.43,0.03,1.5543312e-06,1.0073051e-07,3.1853784e-08,10
3.750,0.01513379,2,2154.43,0.04,1.5515038e-06,1.0073329e-07,3.1854663e-08,10
3.750,0.01513379,2,2154.43,0.05,1.5478793e-06,1.0073689e-07,3.1855801e-08,10
3.750,0.01513379,2,2154.43,0.06,1.5434659e-06,1.0074131e-07,3.18572e-08,10
3.750,0.01513379,2,2154.43,0.07,1.5382731e-06,1.0074656e-07,3.1858859e-08,10
3.750,0.01513379,2,2154.43,0.08,1.5323122e-06,1.0075263e-07,3.186078e-08,10
3.750,0.01513379,2,2154.43,0.09,1.5255964e-06,1.0075953e-07,3.1862962e-08,10
3.750,0.01513379,2,2154.43,0.1,1.51814e-06,1.0076726e-07,3.1865406e-08,10
3.750,0.01513379,2,2154.43,0.11,1.5099595e-06,1.0077582e-07,3.1868113e-08,10
3.750,0.01513379,2,2154.43,0.12,1.5010723e-06,1.0078521e-07,3.1871083e-08,10
3.750,0.01513379,2,2154.43,0.13,1.4914976e-06,1.0079544e-07,3.1874318e-08,10
3.750,0.01513379,2,2154.43,0.14,1.481256e-06,1.0080651e-07,3.1877817e-08,10
3.750,0.01513379,2,2154.43,0.15,1.4703694e-06,1.0081841e-07,3.1881581e-08,10
3.750,0.01513379,2,2154.43,0.16,1.4587114e-06,1.0083136e-07,3.1885675e-08,10
3.750,0.01513379,2,2154.43,0.18,1.4339401e-06,1.0085937e-07,3.1894533e-08,10
3.750,0.01513379,2,2154.43,0.2,1.4069887e-06,1.0089076e-07,3.190446e-08,10
3.750,0.01513379,2,2154.43,0.22,1.3780811e-06,1.0092553e-07,3.1915453e-08,10
3.750,0.01513379,2,2154.43,0.24,1.3474544e-06,1.0096366e-07,3.1927511e-08,10
3.750,0.01513379,2,2154.43,0.26,1.3153562e-06,1.0100513e-07,3.1940626e-08,10
3.750,0.01513379,2,2154.43,0.28,1.2820421e-06,1.010499e-07,3.1954785e-08,10
3.750,0.01513379,2,2154.43,0.3,1.2477731e-06,1.0109793e-07,3.1969971e-08,10
3.750,0.01513379,2,2154.43,0.32,1.2127052e-06,1.0114927e-07,3.1986207e-08,10
3.750,0.01513379,2,2154.43,0.36,1.1418854e-06,1.0126075e-07,3.2021462e-08,10
3.750,0.01513379,2,2154.43,0.4,1.0713905e-06,1.013835e-07,3.2060276e-08,10
3.750,0.01513379,2,2154.43,0.44,1.00314e-06,1.0151618e-07,3.2102234e-08,10
3.750,0.01513379,2,2154.43,0.48,9.3885598e-07,1.0165721e-07,3.2146833e-08,10
3.750,0.01513379,2,2154.43,0.52,8.8000513e-07,1.0180481e-07,3.2193508e-08,10
3.750,0.01513379,2,2154.43,0.56,8.2775542e-07,1.0195706e-07,3.2241655e-08,10
3.750,0.01513379,2,2154.43,0.6,7.8294796e-07,1.02112e-07,3.2290648e-08,10
3.750,0.01513379,2,2154.43,0.64,7.4811258e-07,1.0226679e-07,3.2339598e-08,10
3.750,0.01513379,2,2154.43,0.72,6.9841393e-07,1.0257169e-07,3.2436015e-08,10
3.750,0.01513379,2,2154.43,0.8,6.7826831e-07,1.0285746e-07,3.2526386e-08,10
3.750,0.01513379,2,2154.43,0.88,6.8149896e-07,1.0311137e-07,3.2606677e-08,10
3.750,0.01513379,2,2154.43,0.96,6.9952584e-07,1.0332279e-07,3.2673536e-08,10
3.750,0.01513379,2,2154.43,1.04,7.230688e-07,1.0348477e-07,3.2724756e-08,10
3.750,0.01513379,2,2154.43,1.12,7.4375166e-07,1.0359615e-07,3.2759979e-08,10
3.750,0.01513379,2,2154.43,1.2,7.5537623e-07,1.0366359e-07,3.2781305e-08,10
3.750,0.01513379,2,2154.43,1.28,7.5160364e-07,1.03698e-07,3.2792186e-08,10
3.750,0.01513379,2,2154.43,1.44,7.1754789e-07,1.0378285e-07,3.281902e-08,10
3.750,0.01513379,2,2154.43,1.6,6.6405443e-07,1.0400296e-07,3.2888623e-08,10
3.750,0.01513379,2,2154.43,1.76,6.2594619e-07,1.0444084e-07,3.3027092e-08,10
3.750,0.01513379,2,2154.43,1.92,6.1704962e-07,1.0502333e-07,3.3211294e-08,10
3.750,0.01513379,2,2154.43,2.08,6.2136884e-07,1.055101e-07,3.3365223e-08,10
3.750,0.01513379,2,2154.43,2.24,6.118429e-07,1.0561178e-07,3.3397376e-08,10
3.750,0.01513379,2,2154.43,2.4,5.777892e-07,1.0522604e-07,3.3275395e-08,10
3.750,0.01513379,2,2154.43,2.56,5.4305814e-07,1.0456476e-07,3.3066279e-08,10
3.750,0.01513379,2,2154.43,2.88,5.6827966e-07,1.0376768e-07,3.2814222e-08,10
3.750,0.01513379,2,2154.43,3.2,7.3503529e-07,1.0389037e-07,3.2853018e-08,10
3.750,0.01513379,2,2154.43,3.52,8.4924362e-07,1.0315161e-07,3.2619402e-08,10
3.750,0.01513379,2,2154.43,3.84,8.4910365e-07,1.0121065e-07,3.2005616e-08,10
3.750,0.01513379,2,2154.43,4.16,8.6122277e-07,1.0147403e-07,3.2088905e-08,10
3.750,0.01513379,2,2154.43,4.48,8.7826352e-07,1.0426018e-07,3.2969964e-08,10
3.750,0.01513379,2,2154.43,4.8,8.4499145e-07,1.0601433e-07,3.3524675e-08,10
3.750,0.01513379,2,2154.43,5.12,8.2819794e-07,1.0523154e-07,3.3277134e-08,10
3.750,0.01513379,2,2154.43,5.76,7.2601198e-07,1.0477008e-07,3.3131207e-08,10
3.750,0.01513379,2,2154.43,6.4,6.2343276e-07,1.0436356e-07,3.3002655e-08,10
3.750,0.01513379,2,2154.43,7.04,6.3804504e-07,1.0286896e-07,3.2530022e-08,10
3.750,0.01513379,2,2154.43,7.68,6.8326819e-07,1.0175684e-07,3.2178339e-08,10
3.750,0.01513379,2,2154.43,8.32,7.7376125e-07,1.0303137e-07,3.2581379e-08,10
3.750,0.01513379,2,2154.43,8.96,8.2398934e-07,1.0412667e-07,3.2927745e-08,10
3.750,0.01513379,2,2154.43,9.6,7.9524074e-07,1.0531388e-07,3.3303173e-08,10
3.750,0.01513379,2,2154.43,10.24,7.3429108e-07,1.0544085e-07,3.3343326e-08,10
3.750,0.01513379,2,2154.43,11.52,6.6611072e-07,1.0391548e-07,3.2860961e-08,10
3.750,0.01513379,2,2154.43,12.8,7.3654832e-07,1.0359048e-07,3.2758185e-08,10
3.750,0.01513379,2,2154.43,14.08,7.5476332e-07,1.0567747e-07,3.3418149e-08,10
3.750,0.01513379,2,2154.43,15.36,6.877319e-07,1.0422993e-07,3.2960397e-08,10
3.750,0.01513379,2,2154.43,16.64,6.9088328e-07,1.0309958e-07,3.260295e-08,10
3.750,0.01513379,2,2154.43,17.92,7.3596585e-07,1.0517376e-07,3.3258865e-08,10
3.750,0.01513379,2,2154.43,19.2,7.1429445e-07,1.0630054e-07,3.3615182e-08,10
3.750,0.01513379,2,2154.43,20.48,6.949308e-07,1.0340839e-07,3.2700603e-08,10
3.750,0.01513379,2,2154.43,23.04,7.0985484e-07,1.0557398e-07,3.3385423e-08,10
3.750,0.01513379,2,2154.43,25.6,6.9064631e-07,1.0312688e-07,3.2611584e-08,10
3.750,0.01513379,2,2154.43,28.16,6.9707484e-07,1.0552151e-07,3.3368831e-08,10
3.750,0.01513379,2,2154.43,30.72,6.8535186e-07,1.0427522e-07,3.2974719e-08,10
3.750,0.01513379,2,2154.43,33.28,6.8563812e-07,1.054254e-07,3.333844e-08,10
3.750,0.01513379,2,2154.43,35.84,6.797959e-07,1.0544543e-07,3.3344772e-08,10
3.750,0.01513379,2,2154.43,38.4,6.7626613e-07,1.0505841e-07,3.3222386e-08,10
3.750,0.01513379,2,2154.43,40.96,6.7374565e-07,1.0531512e-07,3.3303566e-08,10
3.750,0.01513379,2,2154.43,46.08,6.6761235e-07,1.0538514e-07,3.3325707e-08,10
3.750,0.01513379,2,2154.43,51.2,6.6049028e-07,1.0583694e-07,3.346858e-08,10
3.750,0.01513379,2,2154.43,56.32,6.5385952e-07,1.054734e-07,3.3353618e-08,10
3.750,0.01513379,2,2154.43,61.44,6.485422e-07,1.0619287e-07,3.3581135e-08,10
3.750,0.01513379,2,2154.43,66.56,6.4242729e-07,1.0626866e-07,3.3605101e-08,10
3.750,0.01513379,2,2154.43,71.68,6.3608712e-07,1.0613115e-07,3.3561616e-08,10
3.750,0.01513379,2,2154.43,76.8,6.3027112e-07,1.0616627e-07,3.3572723e-08,10
3.750,0.01513379,2,2154.43,81.92,6.2494855e-07,1.0621296e-07,3.3587488e-08,10
3.750,0.01513379,2,2154.43,92.16,6.1393913e-07,1.058226e-07,3.3464045e-08,10
3.750,0.01513379,2,2154.43,102.4,6.0364729e-07,1.0616101e-07,3.3571059e-08,10
3.750,0.01513379,2,2154.43,112.64,5.9470325e-07,1.0712627e-07,3.3876301e-08,10
3.750,0.01513379,2,2154.43,122.88,5.8556317e-07,1.0829071e-07,3.424453e-08,10
3.750,0.01513379,2,2154.43,133.12,5.7683051e-07,1.094557e-07,3.461293e-08,10
3.750,0.01513379,2,2154.43,143.36,5.689668e-07,1.1062909e-07,3.4983989e-08,10
3.750,0.01513379,2,2154.43,153.6,5.6182372e-07,1.1094242e-07,3.5083073e-08,10
3.750,0.01513379,2,2154.43,163.84,5.5392023e-07,1.1214514e-07,3.5463406e-08,10
3.750,0.01513379,2,2154.43,184.32,5.3905743e-07,1.146475e-07,3.6254723e-08,10
3.750,0.01513379,2,2154.43,204.8,5.2512398e-07,1.1478127e-07,3.6297026e-08,10
3.750,0.01513379,2,2154.43,225.28,5.1329748e-07,1.1486408e-07,3.6323212e-08,10
3.750,0.01513379,2,2154.43,245.76,5.0258152e-07,1.1456344e-07,3.622814e-08,10
3.750,0.01513379,2,2154.43,266.24,4.915106e-07,1.1285024e-07,3.5686378e-08,10
3.750,0.01513379,2,2154.43,286.72,4.8046529e-07,1.1255268e-07,3.5592282e-08,10
3.750,0.01513379,2,2154.43,307.2,4.7037591e-07,1.1193944e-07,3.539836e-08,10
3.750,0.01513379,2,2154.43,327.68,4.6141925e-07,1.1124638e-07,3.5179193e-08,10
3.750,0.01513379,2,2154.43,368.64,4.4509412e-07,1.1034688e-07,3.4894746e-08,10
3.750,0.01513379,2,2154.43,409.6,4.2951988e-07,1.1098115e-07,3.5095322e-08,10
3.750,0.01513379,2,2154.43,450.56,4.1376494e-07,1.115012e-07,3.5259775e-08,10
3.750,0.01513379,2,2154.43,491.52,3.9816027e-07,1.1265213e-07,3.5623731e-08,10
3.750,0.01513379,2,2154.43,532.48,3.8536215e-07,1.1412761e-07,3.6090318e-08,10
3.750,0.01513379,2,2154.43,573.44,3.7257872e-07,1.1465024e-07,3.625559e-08,10
3.750,0.01513379,2,2154.43,614.4,3.6040041e-07,1.1608774e-07,3.6710166e-08,10
3.750,0.01513379,2,2154.43,655.36,3.4886776e-07,1.156618e-07,3.6575472e-08,10
3.750,0.01513379,2,2154.43,737.28,3.2638841e-07,1.1427945e-07,3.6138335e-08,10
3.750,0.01513379,2,2154.43,819.2,3.0293267e-07,1.1285281e-07,3.5687194e-08,10
3.750,0.01513379,2,2154.43,901.12,2.7986665e-07,1.1362163e-07,3.5930315e-08,10
3.750,0.01513379,2,2154.43,983.04,2.5739658e-07,1.1808094e-07,3.7340471e-08,10
3.750,0.01513379,2,2154.43,1064.96,2.3796892e-07,1.2332185e-07,3.8997794e-08,10
3.750,0.01513379,2,2154.43,1146.88,2.2323609e-07,1.2513783e-07,3.9572057e-08,10
3.750,0.01513379,2,2154.43,1228.8,2.1097166e-07,1.2808133e-07,4.0502874e-08,10
3.750,0.01513379,2,2154.43,1310.72,1.9887939e-07,1.2885536e-07,4.0747643e-08,10
3.750,0.01513379,2,2154.43,1474.56,1.7912318e-07,1.2456526e-07,3.9390992e-08,10
3.750,0.01513379,2,2154.43,1638.4,1.6825392e-07,1.1298523e-07,3.5729066e-08,10
3.750,0.01513379,2,2154.43,1802.24,1.5794691e-07,1.0543871e-07,3.3342647e-08,10
3.750,0.01513379,2,2154.43,1966.08,1.3356816e-07,1.0250924e-07,3.2416268e-08,10
3.750,0.01513379,2,2154.43,2129.92,1.0863792e-07,1.0365824e-07,3.2779613e-08,10
3.750,0.01513379,2,2154.43,2293.76,9.2950349e-08,1.1493883e-07,3.6346849e-08,10
3.750,0.01513379,2,2154.43,2457.6,8.3103424e-08,1.2966469e-07,4.1003575e-08,10
3.750,0.01513379,2,2154.43,2621.44,7.3734491e-08,1.4720136e-07,4.6549158e-08,10
3.750,0.01513379,2,2154.43,2949.12,4.1145303e-08,1.7124359e-07,5.4151978e-08,10
3.750,0.01513379,2,2154.43,3276.8,3.1037236e-08,1.681063e-07,5.315988e-08,10
3.750,0.01513379,2,2154.43,3604.48,1.8993988e-08,1.5592022e-07,4.9306304e-08,10
3.750,0.01513379,2,2154.43,3932.16,2.646342e-08,1.3543383e-07,4.2827939e-08,10
3.750,0.01513379,2,2154.43,4259.84,2.0849516e-08,1.2187586e-07,3.8540531e-08,10
3.750,0.01513379,2,2154.43,4587.52,4.0819436e-08,1.1643898e-07,3.6821239e-08,10
3.750,0.01513379,2,2154.43,4915.2,5.8242878e-08,1.2019385e-07,3.8008631e-08,10
3.750,0.01513379,2,2154.43,5242.88,5.9618413e-08,9.2994153e-08,2.9407333e-08,10
3.750,0.01513379,2,2154.43,5898.24,4.8508202e-08,7.8968464e-08,2.4972021e-08,10
3.750,0.01513379,2,2154.43,6553.6,4.0129959e-08,1.1624192e-07,3.6758922e-08,10
3.750,0.01513379,2,2154.43,7208.96,4.6598564e-08,1.1978257e-07,3.7878574e-08,10
3.750,0.01513379,2,2154.43,7864.32,7.2489199e-08,1.2480535e-07,3.9466918e-08,10
3.750,0.01513379,2,2154.43,8519.68,6.6273366e-08,1.2394983e-07,3.9196378e-08,10
3.750,0.01513379,2,2154.43,9175.04,3.0245518e-08,1.370082e-07,4.3325798e-08,10
3.750,0.01513379,2,2154.43,9830.4,1.485374e-08,1.5877334e-07,5.0208539e-08,10
3.750,0.01513379,2,2154.43,10485.76,9.5266782e-09,1.3327811e-07,4.2146239e-08,10
3.750,0.01513379,2,2154.43,11796.48,1.3919305e-08,1.0073782e-07,3.1856096e-08,10
3.750,0.01513379,2,2154.43,13107.2,7.5187544e-08,1.5548447e-07,4.9168505e-08,10
3.750,0.01513379,2,2154.43,14417.92,6.3892293e-08,1.4587489e-07,4.612969e-08,10
3.750,0.01513379,2,2154.43,15728.64,2.8676828e-08,1.4421899e-07,4.5606048e-08,10
3.750,0.01513379,2,2154.43,17039.36,3.5709858e-08,1.3908163e-07,4.3981473e-08,10
3.750,0.01513379,2,2154.43,18350.08,3.5850864e-08,1.5774176e-07,4.9882325e-08,10
3.750,0.01513379,2,2154.43,19660.8,-3.4441831e-08,1.5986577e-07,5.0553994e-08,10
3.750,0.01513379,2,2154.43,20971.52,-3.4792551e-08,2.453918e-07,7.7599702e-08,10
3.750,0.01513379,2,2154.43,23592.96,4.1687564e-08,3.2979468e-07,1.0429023e-07,10
3.750,0.01513379,2,2154.43,26214.4,2.0626676e-07,6.9403815e-07,2.1947413e-07,10
3.750,0.01508705,6,4641.59,0,1.6314787e-06,2.0868931e-07,6.5993355e-08,10
3.750,0.01508705,6,4641.59,0.01,1.6310773e-06,2.0868921e-07,6.5993322e-08,10
3.750,0.01508705,6,4641.59,0.02,1.629875e-06,2.0868892e-07,6.5993232e-08,10
3.750,0.01508705,6,4641.59,0.03,1.6278746e-06,2.0868846e-07,6.5993086e-08,10
3.750,0.01508705,6,4641.59,0.04,1.6250804e-06,2.0868783e-07,6.5992886e-08,10
3.750,0.01508705,6,4641.59,0.05,1.6214985e-06,2.0868703e-07,6.5992633e-08,10
3.750,0.01508705,6,4641.59,0.06,1.617137e-06,2.0868607e-07,6.599233e-08,10
3.750,0.01508705,6,4641.59,0.07,1.6120052e-06,2.0868496e-07,6.5991979e-08,10
3.750,0.01508705,6,4641.59,0.08,1.6061145e-06,2.0868371e-07,6.5991584e-08,10
3.750,0.01508705,6,4641.59,0.09,1.5994776e-06,2.0868234e-07,6.5991149e-08,10
3.750,0.01508705,6,4641.59,0.1,1.5921091e-06,2.0868084e-07,6.5990677e-08,10
3.750,0.01508705,6,4641.59,0.11,1.5840249e-06,2.0867925e-07,6.5990174e-08,10
3.750,0.01508705,6,4641.59,0.12,1.5752425e-06,2.0867758e-07,6.5989643e-08,10
3.750,0.01508705,6,4641.59,0.13,1.5657807e-06,2.0867583e-07,6.5989092e-08,10
3.750,0.01508705,6,4641.59,0.14,1.55566e-06,2.0867404e-07,6.5988525e-08,10
3.750,0.01508705,6,4641.59,0.15,1.544902e-06,2.0867221e-07,6.5987948e-08,10
3.750,0.01508705,6,4641.59,0.16,1.5333819e-06,2.0867037e-07,6.5987364e-08,10
3.750,0.01508705,6,4641.59,0.18,1.508904e-06,2.0866677e-07,6.5986226e-08,10
3.750,0.01508705,6,4641.59,0.2,1.4822726e-06,2.086634e-07,6.598516e-08,10
3.750,0.01508705,6,4641.59,0.22,1.4537092e-06,2.0866044e-07,6.5984226e-08,10
3.750,0.01508705,6,4641.59,0.24,1.4234482e-06,2.0865812e-07,6.598349e-08,10
3.750,0.01508705,6,4641.59,0.26,1.3917348e-06,2.0865662e-07,6.5983016e-08,10
3.750,0.01508705,6,4641.59,0.28,1.3588218e-06,2.0865617e-07,6.5982875e-08,10
3.750,0.01508705,6,4641.59,0.3,1.3249671e-06,2.0865699e-07,6.5983135e-08,10
3.750,0.01508705,6,4641.59,0.32,1.290326e-06,2.086596e-07,6.598396e-08,10
3.750,0.01508705,6,4641.59,0.36,1.2203746e-06,2.0866973e-07,6.5987164e-08,10
3.750,0.01508705,6,4641.59,0.4,1.1507563e-06,2.0868856e-07,6.5993116e-08,10
3.750,0.01508705,6,4641.59,0.44,1.0833686e-06,2.0871786e-07,6.6002384e-08,10
3.750,0.01508705,6,4641.59,0.48,1.0199137e-06,2.0875943e-07,6.6015527e-08,10
3.750,0.01508705,6,4641.59,0.52,9.6184048e-07,2.0881497e-07,6.6033093e-08,10
3.750,0.01508705,6,4641.59,0.56,9.1030146e-07,2.0888619e-07,6.6055614e-08,10
3.750,0.01508705,6,4641.59,0.6,8.6612518e-07,2.0897468e-07,6.6083596e-08,10
3.750,0.01508705,6,4641.59,0.64,8.3180771e-07,2.0908672e-07,6.6119025e-08,10
3.750,0.01508705,6,4641.59,0.72,7.8290099e-07,2.0936272e-07,6.6206305e-08,10
3.750,0.01508705,6,4641.59,0.8,7.6314969e-07,2.0972443e-07,6.6320687e-08,10
3.750,0.01508705,6,4641.59,0.88,7.6639581e-07,2.1017066e-07,6.64618e-08,10
3.750,0.01508705,6,4641.59,0.96,7.8410796e-07,2.106905e-07,6.6626186e-08,10
3.750,0.01508705,6,4641.59,1.04,8.0707424e-07,2.1126256e-07,6.6807088e-08,10
3.750,0.01508705,6,4641.59,1.12,8.269961e-07,2.1185632e-07,6.699485e-08,10
3.750,0.01508705,6,4641.59,1.2,8.3775332e-07,2.1243513e-07,6.7177887e-08,10
3.750,0.01508705,6,4641.59,1.28,8.3308317e-07,2.1293802e-07,6.7336913e-08,10
3.750,0.01508705,6,4641.59,1.44,7.9735906e-07,2.1366897e-07,6.7568061e-08,10
3.750,0.01508705,6,4641.59,1.6,7.4257891e-07,2.1384318e-07,6.7623152e-08,10
3.750,0.01508705,6,4641.59,1.76,7.0370545e-07,2.1345048e-07,6.7498968e-08,10
3.750,0.01508705,6,4641.59,1.92,6.9458318e-07,2.1272075e-07,6.7268209e-08,10
3.750,0.01508705,6,4641.59,2.08,6.9910615e-07,2.1203209e-07,6.7050435e-08,10
3.750,0.01508705,6,4641.59,2.24,6.8995597e-07,2.1169502e-07,6.6943843e-08,10
3.750,0.01508705,6,4641.59,2.4,6.5613606e-07,2.1176201e-07,6.6965028e-08,10
3.750,0.01508705,6,4641.59,2.56,6.2127836e-07,2.1194807e-07,6.7023866e-08,10
3.750,0.01508705,6,4641.59,2.88,6.4625092e-07,2.1153882e-07,6.6894449e-08,10
3.750,0.01508705,6,4641.59,3.2,8.1388861e-07,2.100779e-07,6.6432466e-08,10
3.750,0.01508705,6,4641.59,3.52,9.2923635e-07,2.0955935e-07,6.6268484e-08,10
3.750,0.01508705,6,4641.59,3.84,9.2890036e-07,2.1012203e-07,6.6446421e-08,10
3.750,0.01508705,6,4641.59,4.16,9.4164545e-07,2.098749e-07,6.6368272e-08,10
3.750,0.01508705,6,4641.59,4.48,9.6187323e-07,2.089717e-07,6.6082653e-08,10
3.750,0.01508705,6,4641.59,4.8,9.3071902e-07,2.0891806e-07,6.6065692e-08,10
3.750,0.01508705,6,4641.59,5.12,9.1271205e-07,2.0934204e-07,6.6199766e-08,10
3.750,0.01508705,6,4641.59,5.76,8.071787e-07,2.104372e-07,6.6546085e-08,10
3.750,0.01508705,6,4641.59,6.4,7.0202053e-07,2.1138005e-07,6.6844241e-08,10
3.750,0.01508705,6,4641.59,7.04,7.1504792e-07,2.1202576e-07,6.7048432e-08,10
3.750,0.01508705,6,4641.59,7.68,7.5950304e-07,2.1123822e-07,6.6799391e-08,10
3.750,0.01508705,6,4641.59,8.32,8.5491588e-07,2.1020024e-07,6.6471153e-08,10
3.750,0.01508705,6,4641.59,8.96,9.0848406e-07,2.0931353e-07,6.6190749e-08,10
3.750,0.01508705,6,4641.59,9.6,8.8135505e-07,2.1099845e-07,6.672357e-08,10
3.750,0.01508705,6,4641.59,10.24,8.1616444e-07,2.1185997e-07,6.6996004e-08,10
3.750,0.01508705,6,4641.59,11.52,7.4356399e-07,2.115918e-07,6.6911201e-08,10
3.750,0.01508705,6,4641.59,12.8,8.1742435e-07,2.1071651e-07,6.6634412e-08,10
3.750,0.01508705,6,4641.59,14.08,8.3981442e-07,2.1147617e-07,6.6874637e-08,10
3.750,0.01508705,6,4641.59,15.36,7.6766398e-07,2.1172169e-07,6.6952276e-08,10
3.750,0.01508705,6,4641.59,16.64,7.6776102e-07,2.1068924e-07,6.6625786e-08,10
3.750,0.01508705,6,4641.59,17.92,8.1867581e-07,2.1131246e-07,6.6822868e-08,10
3.750,0.01508705,6,4641.59,19.2,7.9773373e-07,2.117963e-07,6.6975871e-08,10
3.750,0.01508705,6,4641.59,20.48,7.7468287e-07,2.1106044e-07,6.6743171e-08,10
3.750,0.01508705,6,4641.59,23.04,7.9255385e-07,2.1147966e-07,6.6875739e-08,10
3.750,0.01508705,6,4641.59,25.6,7.7059708e-07,2.1114179e-07,6.6768896e-08,10
3.750,0.01508705,6,4641.59,28.16,7.7941803e-07,2.1170973e-07,6.6948497e-08,10
3.750,0.01508705,6,4641.59,30.72,7.6626886e-07,2.1108903e-07,6.6752213e-08,10
3.750,0.01508705,6,4641.59,33.28,7.6819083e-07,2.1122244e-07,6.6794399e-08,10
3.750,0.01508705,6,4641.59,35.84,7.6148146e-07,2.1203379e-07,6.7050971e-08,10
3.750,0.01508705,6,4641.59,38.4,7.589122e-07,2.1064813e-07,6.6612786e-08,10
3.750,0.01508705,6,4641.59,40.96,7.5564265e-07,2.1165281e-07,6.6930494e-08,10
3.750,0.01508705,6,4641.59,46.08,7.488987e-07,2.1241657e-07,6.7172019e-08,10
3.750,0.01508705,6,4641.59,51.2,7.4260113e-07,2.1207061e-07,6.7062614e-08,10
3.750,0.01508705,6,4641.59,56.32,7.3604335e-07,2.1177193e-07,6.6968165e-08,10
3.750,0.01508705,6,4641.59,61.44,7.3012613e-07,2.1260411e-07,6.7231323e-08,10
3.750,0.01508705,6,4641.59,66.56,7.2404123e-07,2.1270454e-07,6.726308e-08,10
3.750,0.01508705,6,4641.59,71.68,7.1858066e-07,2.1298212e-07,6.7350861e-08,10
3.750,0.01508705,6,4641.59,76.8,7.1307314e-07,2.1261338e-07,6.7234254e-08,10
3.750,0.01508705,6,4641.59,81.92,7.0828902e-07,2.1260095e-07,6.7230323e-08,10
3.750,0.01508705,6,4641.59,92.16,6.9757896e-07,2.1249506e-07,6.719684e-08,10
3.750,0.01508705,6,4641.59,102.4,6.8827698e-07,2.1270515e-07,6.7263274e-08,10
3.750,0.01508705,6,4641.59,112.64,6.7903618e-07,2.1243328e-07,6.7177302e-08,10
3.750,0.01508705,6,4641.59,122.88,6.7074675e-07,2.1189045e-07,6.7005644e-08,10
3.750,0.01508705,6,4641.59,133.12,6.622582e-07,2.1149278e-07,6.6879889e-08,10
3.750,0.01508705,6,4641.59,143.36,6.5415985e-07,2.1137267e-07,6.6841907e-08,10
3.750,0.01508705,6,4641.59,153.6,6.4642047e-07,2.1076159e-07,6.6648666e-08,10
3.750,0.01508705,6,4641.59,163.84,6.3912194e-07,2.1090106e-07,6.669277e-08,10
3.750,0.01508705,6,4641.59,184.32,6.2388047e-07,2.1043517e-07,6.6545444e-08,10
3.750,0.01508705,6,4641.59,204.8,6.0909922e-07,2.1083167e-07,6.6670827e-08,10
3.750,0.01508705,6,4641.59,225.28,5.9593711e-07,2.1119801e-07,6.6786676e-08,10
3.750,0.01508705,6,4641.59,245.76,5.8296225e-07,2.1111368e-07,6.6760008e-08,10
3.750,0.01508705,6,4641.59,266.24,5.7048781e-07,2.1109964e-07,6.6755568e-08,10
3.750,0.01508705,6,4641.59,286.72,5.5921798e-07,2.108664e-07,6.6681809e-08,10
3.750,0.01508705,6,4641.59,307.2,5.4816003e-07,2.1098645e-07,6.6719773e-08,10
3.750,0.01508705,6,4641.59,327.68,5.3768997e-07,2.1161556e-07,6.6918715e-08,10
3.750,0.01508705,6,4641.59,368.64,5.1656855e-07,2.1309105e-07,6.7385307e-08,10
3.750,0.01508705,6,4641.59,409.6,4.9681921e-07,2.1357604e-07,6.7538674e-08,10
3.750,0.01508705,6,4641.59,450.56,4.7883093e-07,2.1410225e-07,6.7705075e-08,10
3.750,0.01508705,6,4641.59,491.52,4.6143263e-07,2.1501774e-07,6.799458e-08,10
3.750,0.01508705,6,4641.59,532.48,4.4381412e-07,2.1631954e-07,6.8406243e-08,10
3.750,0.01508705,6,4641.59,573.44,4.2711246e-07,2.1521551e-07,6.8057121e-08,10
3.750,0.01508705,6,4641.59,614.4,4.1232268e-07,2.1434504e-07,6.7781853e-08,10
3.750,0.01508705,6,4641.59,655.36,3.9985567e-07,2.1382168e-07,6.7616354e-08,10
3.750,0.01508705,6,4641.59,737.28,3.771196e-07,2.1172785e-07,6.6954224e-08,10
3.750,0.01508705,6,4641.59,819.2,3.5525343e-07,2.114085e-07,6.6853238e-08,10
3.750,0.01508705,6,4641.59,901.12,3.3339587e-07,2.0937129e-07,6.6209015e-08,10
3.750,0.01508705,6,4641.59,983.04,3.1560467e-07,2.057256e-07,6.5056148e-08,10
3.750,0.01508705,6,4641.59,1064.96,3.0205031e-07,2.0044658e-07,6.3386773e-08,10
3.750,0.01508705,6,4641.59,1146.88,2.8853519e-07,1.9485933e-07,6.161993e-08,10
3.750,0.01508705,6,4641.59,1228.8,2.768744e-07,1.9066433e-07,6.0293354e-08,10
3.750,0.01508705,6,4641.59,1310.72,2.6652371e-07,1.8495007e-07,5.8486348e-08,10
3.750,0.01508705,6,4641.59,1474.56,2.4972256e-07,1.714224e-07,5.4208523e-08,10
3.750,0.01508705,6,4641.59,1638.4,2.3531967e-07,1.6285388e-07,5.1498918e-08,10
3.750,0.01508705,6,4641.59,1802.24,2.176379e-07,1.5161025e-07,4.7943369e-08,10
3.750,0.01508705,6,4641.59,1966.08,1.9849311e-07,1.3522974e-07,4.2763399e-08,10
3.750,0.01508705,6,4641.59,2129.92,1.7768665e-07,1.2005335e-07,3.7964203e-08,10
3.750,0.01508705,6,4641.59,2293.76,1.595036e-07,1.1670307e-07,3.6904751e-08,10
3.750,0.01508705,6,4641.59,2457.6,1.5003841e-07,1.1507749e-07,3.6390698e-08,10
3.750,0.01508705,6,4641.59,2621.44,1.4376354e-07,1.0945763e-07,3.4613542e-08,10
3.750,0.01508705,6,4641.59,2949.12,1.3673927e-07,1.135227e-07,3.5899031e-08,10
3.750,0.01508705,6,4641.59,3276.8,1.2742371e-07,1.1698493e-07,3.6993884e-08,10
3.750,0.01508705,6,4641.59,3604.48,1.1590099e-07,1.2833462e-07,4.0582969e-08,10
3.750,0.01508705,6,4641.59,3932.16,1.1171189e-07,1.3793769e-07,4.3619729e-08,10
3.750,0.01508705,6,4641.59,4259.84,1.1800906e-07,1.4240931e-07,4.5033778e-08,10
3.750,0.01508705,6,4641.59,4587.52,1.1440145e-07,1.4416678e-07,4.5589539e-08,10
3.750,0.01508705,6,4641.59,4915.2,1.0744642e-07,1.4950743e-07,4.7278399e-08,10
3.750,0.01508705,6,4641.59,5242.88,9.198065e-08,1.5056886e-07,4.7614053e-08,10
3.750,0.01508705,6,4641.59,5898.24,6.7707954e-08,1.5078934e-07,4.7683776e-08,10
3.750,0.01508705,6,4641.59,6553.6,6.6323624e-08,1.5647416e-07,4.9481474e-08,10
3.750,0.01508705,6,4641.59,7208.96,4.8576509e-08,1.5829506e-07,5.0057293e-08,10
3.750,0.01508705,6,4641.59,7864.32,3.7520281e-08,1.288263e-07,4.0738452e-08,10
3.750,0.01508705,6,4641.59,8519.68,2.2219895e-08,1.4101072e-07,4.4591505e-08,10
3.750,0.01508705,6,4641.59,9175.04,1.2605414e-08,1.4682687e-07,4.6430733e-08,10
3.750,0.01508705,6,4641.59,9830.4,-1.4034625e-08,1.6322057e-07,5.1614877e-08,10
3.750,0.01508705,6,4641.59,10485.76,-2.3290439e-08,1.633147e-07,5.1644644e-08,10
3.750,0.01508705,6,4641.59,11796.48,-2.9046981e-08,2.0699493e-07,6.5457543e-08,10
3.750,0.01508705,6,4641.59,13107.2,-3.2235211e-08,1.9494425e-07,6.1646784e-08,10
3.750,0.01508705,6,4641.59,14417.92,2.3489198e-11,2.4085806e-07,7.6166007e-08,10
3.750,0.01508705,6,4641.59,15728.64,3.8737759e-08,2.3921148e-07,7.5645311e-08,10
3.750,0.01508705,6,4641.59,17039.36,-2.5294496e-08,2.1646043e-07,6.8450797e-08,10
3.750,0.01508705,6,4641.59,18350.08,-3.2349263e-08,1.7575642e-07,5.5579061e-08,10
3.750,0.01508705,6,4641.59,19660.8,2.5169891e-08,1.2947428e-07,4.0943362e-08,10
3.750,0.01508705,6,4641.59,20971.52,5.9070343e-08,1.4288865e-07,4.518536e-08,10
3.750,0.01508705,6,4641.59,23592.96,3.3494927e-08,1.8991245e-07,6.005559e-08,10
3.750,0.01508705,6,4641.59,26214.4,9.8301849e-08,1.8551707e-07,5.8665648e-08,10
3.750,0.01508705,6,4641.59,28835.84,2.2611991e-07,2.5811216e-07,8.1622231e-08,10
3.750,0.01508705,6,4641.59,31457.28,9.188038e-08,3.3146309e-07,1.0481783e-07,10
3.750,0.01508705,6,4641.59,34078.72,3.741143e-08,4.0976166e-07,1.2957802e-07,10
3.750,0.01508705,6,4641.59,36700.16,8.9620991e-08,2.7098382e-07,8.5692608e-08,10
3.750,0.01499281,5,10000,0,1.5697438e-06,1.2186187e-07,3.8536106e-08,10
3.750,0.01499281,5,10000,0.01,1.56935e-06,1.2186034e-07,3.8535624e-08,10
3.750,0.01499281,5,10000,0.02,1.5681706e-06,1.2185586e-07,3.8534207e-08,10
3.750,0.01499281,5,10000,0.03,1.5662082e-06,1.2184843e-07,3.8531856e-08,10
3.750,0.01499281,5,10000,0.04,1.5634672e-06,1.2183805e-07,3.8528576e-08,10
3.750,0.01499281,5,10000,0.05,1.5599535e-06,1.2182475e-07,3.852437e-08,10
3.750,0.01499281,5,10000,0.06,1.555675e-06,1.2180855e-07,3.8519245e-08,10
3.750,0.01499281,5,10000,0.07,1.550641e-06,1.2178945e-07,3.8513207e-08,10
3.750,0.01499281,5,10000,0.08,1.5448626e-06,1.217675e-07,3.8506265e-08,10
3.750,0.01499281,5,10000,0.09,1.5383523e-06,1.2174272e-07,3.8498428e-08,10
3.750,0.01499281,5,10000,0.1,1.5311245e-06,1.2171514e-07,3.8489707e-08,10
3.750,0.01499281,5,10000,0.11,1.5231948e-06,1.216848e-07,3.8480112e-08,10
3.750,0.01499281,5,10000,0.12,1.5145805e-06,1.2165173e-07,3.8469656e-08,10
3.750,0.01499281,5,10000,0.13,1.5053001e-06,1.2161599e-07,3.8458353e-08,10
3.750,0.01499281,5,10000,0.14,1.4953736e-06,1.2157761e-07,3.8446215e-08,10
3.750,0.01499281,5,10000,0.15,1.4848223e-06,1.2153663e-07,3.8433258e-08,10
3.750,0.01499281,5,10000,0.16,1.4735241e-06,1.2149247e-07,3.8419294e-08,10
3.750,0.01499281,5,10000,0.18,1.4495188e-06,1.2139806e-07,3.8389436e-08,10
3.750,0.01499281,5,10000,0.2,1.423404e-06,1.2129413e-07,3.8356571e-08,10
3.750,0.01499281,5,10000,0.22,1.3953975e-06,1.2118115e-07,3.8320845e-08,10
3.750,0.01499281,5,10000,0.24,1.3657301e-06,1.2105963e-07,3.8282416e-08,10
3.750,0.01499281,5,10000,0.26,1.334643e-06,1.2093007e-07,3.8241447e-08,10
3.750,0.01499281,5,10000,0.28,1.3023849e-06,1.2079302e-07,3.8198107e-08,10
3.750,0.01499281,5,10000,0.3,1.2692099e-06,1.2064903e-07,3.8152572e-08,10
3.750,0.01499281,5,10000,0.32,1.2352728e-06,1.2049676e-07,3.8104422e-08,10
3.750,0.01499281,5,10000,0.36,1.1667642e-06,1.2017942e-07,3.800407e-08,10
3.750,0.01499281,5,10000,0.4,1.098621e-06,1.198435e-07,3.7897841e-08,10
3.750,0.01499281,5,10000,0.44,1.0327096e-06,1.1949367e-07,3.7787217e-08,10
3.750,0.01499281,5,10000,0.48,9.707031e-07,1.1913463e-07,3.7673678e-08,10
3.750,0.01499281,5,10000,0.52,9.1402438e-07,1.1877104e-07,3.7558701e-08,10
3.750,0.01499281,5,10000,0.56,8.6380374e-07,1.1840753e-07,3.7443748e-08,10
3.750,0.01499281,5,10000,0.6,8.2085145e-07,1.1804867e-07,3.7330266e-08,10
3.750,0.01499281,5,10000,0.64,7.8761978e-07,1.1770151e-07,3.7220484e-08,10
3.750,0.01499281,5,10000,0.72,7.40581e-07,1.1704961e-07,3.7014336e-08,10
3.750,0.01499281,5,10000,0.8,7.2219953e-07,1.1648548e-07,3.6835944e-08,10
3.750,0.01499281,5,10000,0.88,7.263392e-07,1.1603908e-07,3.669478e-08,10
3.750,0.01499281,5,10000,0.96,7.445317e-07,1.1573395e-07,3.659829e-08,10
3.750,0.01499281,5,10000,1.04,7.676554e-07,1.1558352e-07,3.6550719e-08,10
3.750,0.01499281,5,10000,1.12,7.875166e-07,1.1558698e-07,3.6551813e-08,10
3.750,0.01499281,5,10000,1.2,7.9810446e-07,1.1572576e-07,3.65957e-08,10
3.750,0.01499281,5,10000,1.28,7.9328699e-07,1.1597112e-07,3.6673289e-08,10
3.750,0.01499281,5,10000,1.44,7.5762058e-07,1.1646867e-07,3.6830626e-08,10
3.750,0.01499281,5,10000,1.6,7.0379315e-07,1.1661287e-07,3.6876226e-08,10
3.750,0.01499281,5,10000,1.76,6.6686352e-07,1.1607857e-07,3.6707268e-08,10
3.750,0.01499281,5,10000,1.92,6.6015205e-07,1.1498752e-07,3.6362246e-08,10
3.750,0.01499281,5,10000,2.08,6.6645349e-07,1.1386945e-07,3.6008681e-08,10
3.750,0.01499281,5,10000,2.24,6.5719848e-07,1.1333667e-07,3.5840201e-08,10
3.750,0.01499281,5,10000,2.4,6.2070477e-07,1.1374299e-07,3.5968691e-08,10
3.750,0.01499281,5,10000,2.56,5.8098219e-07,1.1504119e-07,3.6379219e-08,10
3.750,0.01499281,5,10000,2.88,5.9802769e-07,1.1737048e-07,3.7115806e-08,10
3.750,0.01499281,5,10000,3.2,7.6616126e-07,1.1747154e-07,3.7147762e-08,10
3.750,0.01499281,5,10000,3.52,8.8384483e-07,1.1780713e-07,3.7253884e-08,10
3.750,0.01499281,5,10000,3.84,8.7919847e-07,1.199467e-07,3.7930476e-08,10
3.750,0.01499281,5,10000,4.16,8.9013376e-07,1.2036671e-07,3.8063295e-08,10
3.750,0.01499281,5,10000,4.48,9.1832475e-07,1.1797144e-07,3.7305846e-08,10
3.750,0.01499281,5,10000,4.8,8.9481995e-07,1.1651824e-07,3.6846301e-08,10
3.750,0.01499281,5,10000,5.12,8.781854e-07,1.1612198e-07,3.6720995e-08,10
3.750,0.01499281,5,10000,5.76,7.7584864e-07,1.1421318e-07,3.6117377e-08,10
3.750,0.01499281,5,10000,6.4,6.689616e-07,1.1374541e-07,3.5969458e-08,10
3.750,0.01499281,5,10000,7.04,6.7152061e-07,1.1677725e-07,3.6928209e-08,10
3.750,0.01499281,5,10000,7.68,7.1001763e-07,1.1875739e-07,3.7554384e-08,10
3.750,0.01499281,5,10000,8.32,8.0476011e-07,1.1989261e-07,3.7913372e-08,10
3.750,0.01499281,5,10000,8.96,8.6870098e-07,1.1650739e-07,3.6842871e-08,10
3.750,0.01499281,5,10000,9.6,8.4985744e-07,1.1514688e-07,3.6412642e-08,10
3.750,0.01499281,5,10000,10.24,7.8744275e-07,1.1405644e-07,3.6067812e-08,10
3.750,0.01499281,5,10000,11.52,7.0338346e-07,1.1634977e-07,3.6793027e-08,10
3.750,0.01499281,5,10000,12.8,7.7106958e-07,1.1830341e-07,3.7410823e-08,10
3.750,0.01499281,5,10000,14.08,8.0885673e-07,1.151946e-07,3.642773e-08,10
3.750,0.01499281,5,10000,15.36,7.372642e-07,1.1428645e-07,3.6140549e-08,10
3.750,0.01499281,5,10000,16.64,7.2265539e-07,1.1795215e-07,3.7299745e-08,10
3.750,0.01499281,5,10000,17.92,7.7836959e-07,1.1681094e-07,3.6938863e-08,10
3.750,0.01499281,5,10000,19.2,7.7006328e-07,1.1387204e-07,3.60095e-08,10
3.750,0.01499281,5,10000,20.48,7.3980016e-07,1.1564256e-07,3.6569388e-08,10
3.750,0.01499281,5,10000,23.04,7.57673e-07,1.1519579e-07,3.6428106e-08,10
3.750,0.01499281,5,10000,25.6,7.3535528e-07,1.1568494e-07,3.658279e-08,10
3.750,0.01499281,5,10000,28.16,7.4696212e-07,1.1470027e-07,3.6271411e-08,10
3.750,0.01499281,5,10000,30.72,7.3266838e-07,1.1561684e-07,3.6561254e-08,10
3.750,0.01499281,5,10000,33.28,7.3671561e-07,1.1454349e-07,3.6221831e-08,10
3.750,0.01499281,5,10000,35.84,7.2957819e-07,1.1517998e-07,3.6423107e-08,10
3.750,0.01499281,5,10000,38.4,7.2888714e-07,1.1445419e-07,3.6193594e-08,10
3.750,0.01499281,5,10000,40.96,7.257558e-07,1.1449447e-07,3.6206331e-08,10
3.750,0.01499281,5,10000,46.08,7.2066495e-07,1.1449297e-07,3.6205855e-08,10
3.750,0.01499281,5,10000,51.2,7.1536793e-07,1.1421136e-07,3.6116804e-08,10
3.750,0.01499281,5,10000,56.32,7.1071082e-07,1.1400218e-07,3.6050656e-08,10
3.750,0.01499281,5,10000,61.44,7.0624122e-07,1.1376038e-07,3.5974192e-08,10
3.750,0.01499281,5,10000,66.56,7.0159799e-07,1.1352431e-07,3.5899539e-08,10
3.750,0.01499281,5,10000,71.68,6.9721741e-07,1.1345561e-07,3.5877814e-08,10
3.750,0.01499281,5,10000,76.8,6.9343199e-07,1.1330307e-07,3.5829577e-08,10
3.750,0.01499281,5,10000,81.92,6.8964558e-07,1.1329778e-07,3.5827905e-08,10
3.750,0.01499281,5,10000,92.16,6.8196606e-07,1.128821e-07,3.5696455e-08,10
3.750,0.01499281,5,10000,102.4,6.7474312e-07,1.1286068e-07,3.5689681e-08,10
3.750,0.01499281,5,10000,112.64,6.6815455e-07,1.1247173e-07,3.5566685e-08,10
3.750,0.01499281,5,10000,122.88,6.6224748e-07,1.1222848e-07,3.5489763e-08,10
3.750,0.01499281,5,10000,133.12,6.5622351e-07,1.1193183e-07,3.5395953e-08,10
3.750,0.01499281,5,10000,143.36,6.5033839e-07,1.1140199e-07,3.5228402e-08,10
3.750,0.01499281,5,10000,153.6,6.4514254e-07,1.1128463e-07,3.5191289e-08,10
3.750,0.01499281,5,10000,163.84,6.3987353e-07,1.1123118e-07,3.5174387e-08,10
3.750,0.01499281,5,10000,184.32,6.2907393e-07,1.1086583e-07,3.5058853e-08,10
3.750,0.01499281,5,10000,204.8,6.1863194e-07,1.1087766e-07,3.5062596e-08,10
3.750,0.01499281,5,10000,225.28,6.0872985e-07,1.1128874e-07,3.519259e-08,10
3.750,0.01499281,5,10000,245.76,5.9930629e-07,1.108983e-07,3.5069122e-08,10
3.750,0.01499281,5,10000,266.24,5.9057834e-07,1.1089994e-07,3.506964e-08,10
3.750,0.01499281,5,10000,286.72,5.8300063e-07,1.1130198e-07,3.5196777e-08,10
3.750,0.01499281,5,10000,307.2,5.7560761e-07,1.1133893e-07,3.5208462e-08,10
3.750,0.01499281,5,10000,327.68,5.6776509e-07,1.1182875e-07,3.5363357e-08,10
3.750,0.01499281,5,10000,368.64,5.5369109e-07,1.1152143e-07,3.5266173e-08,10
3.750,0.01499281,5,10000,409.6,5.4082999e-07,1.1126992e-07,3.5186639e-08,10
3.750,0.01499281,5,10000,450.56,5.2783859e-07,1.1129757e-07,3.5195383e-08,10
3.750,0.01499281,5,10000,491.52,5.1525016e-07,1.1112986e-07,3.5142347e-08,10
3.750,0.01499281,5,10000,532.48,5.0412978e-07,1.1086342e-07,3.5058091e-08,10
3.750,0.01499281,5,10000,573.44,4.9319271e-07,1.1028902e-07,3.487645e-08,10
3.750,0.01499281,5,10000,614.4,4.834085e-07,1.1088663e-07,3.5065432e-08,10
3.750,0.01499281,5,10000,655.36,4.7483021e-07,1.1169108e-07,3.531982e-08,10
3.750,0.01499281,5,10000,737.28,4.5850298e-07,1.1351524e-07,3.5896672e-08,10
3.750,0.01499281,5,10000,819.2,4.4317557e-07,1.1619845e-07,3.6745176e-08,10
3.750,0.01499281,5,10000,901.12,4.2715555e-07,1.1802711e-07,3.7323449e-08,10
3.750,0.01499281,5,10000,983.04,4.1153476e-07,1.1954728e-07,3.780417e-08,10
3.750,0.01499281,5,10000,1064.96,3.9569874e-07,1.2053881e-07,3.8117719e-08,10
3.750,0.01499281,5,10000,1146.88,3.8207132e-07,1.2334219e-07,3.9004227e-08,10
3.750,0.01499281,5,10000,1228.8,3.7037193e-07,1.261238e-07,3.9883848e-08,10
3.750,0.01499281,5,10000,1310.72,3.594915e-07,1.2754498e-07,4.0333265e-08,10
3.750,0.01499281,5,10000,1474.56,3.3941905e-07,1.3031698e-07,4.1209848e-08,10
3.750,0.01499281,5,10000,1638.4,3.2184034e-07,1.3110142e-07,4.1457909e-08,10
3.750,0.01499281,5,10000,1802.24,3.0436944e-07,1.3272039e-07,4.1969871e-08,10
3.750,0.01499281,5,10000,1966.08,2.9067629e-07,1.3415926e-07,4.2424882e-08,10
3.750,0.01499281,5,10000,2129.92,2.7808687e-07,1.3239785e-07,4.1867876e-08,10
3.750,0.01499281,5,10000,2293.76,2.6991078e-07,1.3226518e-07,4.1825924e-08,10
3.750,0.01499281,5,10000,2457.6,2.634364e-07,1.3096372e-07,4.1414366e-08,10
3.750,0.01499281,5,10000,2621.44,2.5777977e-07,1.2801475e-07,4.0481818e-08,10
3.750,0.01499281,5,10000,2949.12,2.396416e-07,1.1849418e-07,3.7471151e-08,10
3.750,0.01499281,5,10000,3276.8,2.2206635e-07,1.1329181e-07,3.5826016e-08,10
3.750,0.01499281,5,10000,3604.48,2.073272e-07,1.115069e-07,3.5261579e-08,10
3.750,0.01499281,5,10000,3932.16,1.8994023e-07,1.0639037e-07,3.3643588e-08,10
3.750,0.01499281,5,10000,4259.84,1.7868942e-07,1.014388e-07,3.2077764e-08,10
3.750,0.01499281,5,10000,4587.52,1.6304434e-07,9.8248202e-08,3.1068809e-08,10
3.750,0.01499281,5,10000,4915.2,1.4860991e-07,9.9861529e-08,3.1578988e-08,10
3.750,0.01499281,5,10000,5242.88,1.3420439e-07,9.9402663e-08,3.1433882e-08,10
3.750,0.01499281,5,10000,5898.24,1.0015344e-07,1.1227948e-07,3.5505889e-08,10
3.750,0.01499281,5,10000,6553.6,7.9448179e-08,1.0597989e-07,3.3513784e-08,10
3.750,0.01499281,5,10000,7208.96,6.8771425e-08,8.893273e-08,2.8122998e-08,10
3.750,0.01499281,5,10000,7864.32,6.0989881e-08,6.8780489e-08,2.17503e-08,10
3.750,0.01499281,5,10000,8519.68,5.4074772e-08,6.6599962e-08,2.1060757e-08,10
3.750,0.01499281,5,10000,9175.04,4.9379163e-08,6.7858968e-08,2.145889e-08,10
3.750,0.01499281,5,10000,9830.4,3.3466644e-08,7.1051296e-08,2.2468393e-08,10
3.750,0.01499281,5,10000,10485.76,3.1828425e-08,8.7098643e-08,2.7543009e-08,10
3.750,0.01499281,5,10000,11796.48,4.1491533e-08,9.0034882e-08,2.847153e-08,10
3.750,0.01499281,5,10000,13107.2,3.5711917e-08,9.4723923e-08,2.9954334e-08,10
3.750,0.01499281,5,10000,14417.92,3.4195713e-08,8.4965217e-08,2.6868361e-08,10
3.750,0.01499281,5,10000,15728.64,2.8056434e-08,8.5916614e-08,2.7169219e-08,10
3.750,0.01499281,5,10000,17039.36,2.3610681e-08,7.6696113e-08,2.425344e-08,10
3.750,0.01499281,5,10000,18350.08,1.7907527e-08,8.6776308e-08,2.7441078e-08,10
3.750,0.01499281,5,10000,19660.8,-1.057028e-09,1.0833629e-07,3.4258944e-08,10
3.750,0.01499281,5,10000,20971.52,-1.3696673e-08,1.0283772e-07,3.2520142e-08,10
3.750,0.01499281,5,10000,23592.96,-3.8159426e-08,1.0122777e-07,3.2011031e-08,10
3.750,0.01499281,5,10000,26214.4,-5.6732072e-08,9.3216203e-08,2.9477552e-08,10
3.750,0.01499281,5,10000,28835.84,-3.3432041e-08,8.0487593e-08,2.5452412e-08,10
3.750,0.01499281,5,10000,31457.28,9.8668989e-09,9.5717806e-08,3.0268628e-08,10
3.750,0.01499281,5,10000,34078.72,4.3300632e-08,1.1215423e-07,3.5466282e-08,10
3.750,0.01499281,5,10000,36700.16,5.3045751e-08,1.019281e-07,3.2232497e-08,10
3.750,0.01499281,5,10000,39321.6,6.2255082e-08,8.4888277e-08,2.684403e-08,10
3.750,0.01499281,5,10000,41943.04,4.0631525e-08,9.4621051e-08,2.9921804e-08,10
3.750,0.01499281,5,10000,47185.92,2.0659698e-08,1.1203313e-07,3.5427986e-08,10
3.750,0.01499281,5,10000,52428.8,7.8461782e-08,1.3859211e-07,4.3826675e-08,10
3.750,0.01499281,5,10000,57671.68,5.004917e-08,1.3122591e-07,4.1497275e-08,10
3.750,0.01499281,5,10000,62914.56,8.3712496e-09,1.3167458e-07,4.1639159e-08,10
3.750,0.01499281,5,10000,68157.44,6.6405474e-08,1.4105164e-07,4.4604445e-08,10
3.750,0.01499281,5,10000,73400.32,3.8604042e-08,1.5339649e-07,4.8508231e-08,10
3.750,0.01499281,5,10000,78643.2,-8.4896084e-09,1.6213923e-07,5.1272928e-08,10
3.750,0.01499281,5,10000,83886.08,1.2490742e-08,1.5373453e-07,4.8615126e-08,10
3.750,0.01499281,5,10000,94371.84,-3.5227176e-08,1.5814703e-07,5.0010481e-08,10
3.775,0.13638536,fill,1000,0,4.815459e-05,1.8781954e-06,5.9393754e-07,10
3.775,0.13638536,fill,1000,0.01,4.8136811e-05,1.8780971e-06,5.9390646e-07,10
3.775,0.13638536,fill,1000,0.02,4.8083796e-05,1.8778818e-06,5.9383835e-07,10
3.775,0.13638536,fill,1000,0.03,4.7995856e-05,1.8775505e-06,5.937336e-07,10
3.775,0.13638536,fill,1000,0.04,4.7873477e-05,1.8771051e-06,5.9359274e-07,10
3.775,0.13638536,fill,1000,0.05,4.7717296e-05,1.8765481e-06,5.9341661e-07,10
3.775,0.13638536,fill,1000,0.06,4.7528098e-05,1.8758825e-06,5.9320615e-07,10
3.775,0.13638536,fill,1000,0.07,4.7306795e-05,1.8751123e-06,5.9296258e-07,10
3.775,0.13638536,fill,1000,0.08,4.705442e-05,1.8742415e-06,5.9268721e-07,10
3.775,0.13638536,fill,1000,0.09,4.6772114e-05,1.8732746e-06,5.9238143e-07,10
3.775,0.13638536,fill,1000,0.1,4.6461115e-05,1.8722164e-06,5.920468e-07,10
3.775,0.13638536,fill,1000,0.11,4.6122744e-05,1.8710722e-06,5.9168498e-07,10
3.775,0.13638536,fill,1000,0.12,4.5758401e-05,1.869848e-06,5.9129784e-07,10
3.775,0.13638536,fill,1000,0.13,4.5369548e-05,1.8685497e-06,5.908873e-07,10
3.775,0.13638536,fill,1000,0.14,4.4957702e-05,1.8671835e-06,5.9045528e-07,10
3.775,0.13638536,fill,1000,0.15,4.4524424e-05,1.8657559e-06,5.9000381e-07,10
3.775,0.13638536,fill,1000,0.16,4.4066756e-05,1.8642577e-06,5.8953005e-07,10
3.775,0.13638536,fill,1000,0.18,4.3108344e-05,1.8611567e-06,5.8854943e-07,10
3.775,0.13638536,fill,1000,0.2,4.2090223e-05,1.8579171e-06,5.8752496e-07,10
3.775,0.13638536,fill,1000,0.22,4.1025539e-05,1.8545923e-06,5.8647358e-07,10
3.775,0.13638536,fill,1000,0.24,3.9927252e-05,1.8512348e-06,5.8541184e-07,10
3.775,0.13638536,fill,1000,0.26,3.8807955e-05,1.8478946e-06,5.8435558e-07,10
3.775,0.13638536,fill,1000,0.28,3.7679712e-05,1.8446177e-06,5.8331933e-07,10
3.775,0.13638536,fill,1000,0.3,3.6553932e-05,1.841446e-06,5.8231635e-07,10
3.775,0.13638536,fill,1000,0.32,3.5446986e-05,1.8383692e-06,5.8134339e-07,10
3.775,0.13638536,fill,1000,0.36,3.3303325e-05,1.8328729e-06,5.7960531e-07,10
3.775,0.13638536,fill,1000,0.4,3.1316047e-05,1.8282531e-06,5.7814439e-07,10
3.775,0.13638536,fill,1000,0.44,2.9535609e-05,1.8246216e-06,5.7699602e-07,10
3.775,0.13638536,fill,1000,0.48,2.799564e-05,1.8220148e-06,5.7617167e-07,10
3.775,0.13638536,fill,1000,0.52,2.6713285e-05,1.8204164e-06,5.7566621e-07,10
3.775,0.13638536,fill,1000,0.56,2.5690396e-05,1.8197773e-06,5.7546412e-07,10
3.775,0.13638536,fill,1000,0.6,2.4915436e-05,1.8200383e-06,5.7554663e-07,10
3.775,0.13638536,fill,1000,0.64,2.4414674e-05,1.8212671e-06,5.7593523e-07,10
3.775,0.13638536,fill,1000,0.72,2.3846359e-05,1.8255978e-06,5.7730471e-07,10
3.775,0.13638536,fill,1000,0.8,2.3764789e-05,1.8318634e-06,5.7928606e-07,10
3.775,0.13638536,fill,1000,0.88,2.3892398e-05,1.8382664e-06,5.8131089e-07,10
3.775,0.13638536,fill,1000,0.96,2.4021903e-05,1.8422696e-06,5.8257681e-07,10
3.775,0.13638536,fill,1000,1.04,2.4047239e-05,1.8411919e-06,5.8223601e-07,10
3.775,0.13638536,fill,1000,1.12,2.3960552e-05,1.8332418e-06,5.7972196e-07,10
3.775,0.13638536,fill,1000,1.2,2.382441e-05,1.8183171e-06,5.7500236e-07,10
3.775,0.13638536,fill,1000,1.28,2.3764875e-05,1.7973856e-06,5.6838323e-07,10
3.775,0.13638536,fill,1000,1.44,2.4037999e-05,1.7555189e-06,5.5514383e-07,10
3.775,0.13638536,fill,1000,1.6,2.4978409e-05,1.732178e-06,5.4776278e-07,10
3.775,0.13638536,fill,1000,1.76,2.6213691e-05,1.7410951e-06,5.5058263e-07,10
3.775,0.13638536,fill,1000,1.92,2.7142375e-05,1.7685407e-06,5.5926168e-07,10
3.775,0.13638536,fill,1000,2.08,2.7380172e-05,1.7899921e-06,5.6604522e-07,10
3.775,0.13638536,fill,1000,2.24,2.696168e-05,1.7916198e-06,5.6655994e-07,10
3.775,0.13638536,fill,1000,2.4,2.6207206e-05,1.7717161e-06,5.6026583e-07,10
3.775,0.13638536,fill,1000,2.56,2.5426171e-05,1.7437841e-06,5.5143296e-07,10
3.775,0.13638536,fill,1000,2.88,2.392215e-05,1.7151837e-06,5.4238872e-07,10
3.775,0.13638536,fill,1000,3.2,2.2682282e-05,1.7128652e-06,5.4165554e-07,10
3.775,0.13638536,fill,1000,3.52,2.2518549e-05,1.7222906e-06,5.4463612e-07,10
3.775,0.13638536,fill,1000,3.84,2.3191428e-05,1.7206776e-06,5.4412602e-07,10
3.775,0.13638536,fill,1000,4.16,2.3615702e-05,1.6883634e-06,5.339074e-07,10
3.775,0.13638536,fill,1000,4.48,2.3335166e-05,1.7077035e-06,5.4002327e-07,10
3.775,0.13638536,fill,1000,4.8,2.2606632e-05,1.7456148e-06,5.5201188e-07,10
3.775,0.13638536,fill,1000,5.12,2.1962567e-05,1.7447523e-06,5.5173911e-07,10
3.775,0.13638536,fill,1000,5.76,2.1372209e-05,1.7732879e-06,5.6076288e-07,10
3.775,0.13638536,fill,1000,6.4,2.1250948e-05,1.7430486e-06,5.5120037e-07,10
3.775,0.13638536,fill,1000,7.04,2.0704179e-05,1.60405e-06,5.0724514e-07,10
3.775,0.13638536,fill,1000,7.68,2.0006417e-05,1.6022813e-06,5.0668582e-07,10
3.775,0.13638536,fill,1000,8.32,1.9642844e-05,1.6990462e-06,5.3728559e-07,10
3.775,0.13638536,fill,1000,8.96,1.9272488e-05,1.6494469e-06,5.2160092e-07,10
3.775,0.13638536,fill,1000,9.6,1.8724533e-05,1.612705e-06,5.0998211e-07,10
3.775,0.13638536,fill,1000,10.24,1.8333692e-05,1.6262663e-06,5.1427057e-07,10
3.775,0.13638536,fill,1000,11.52,1.749606e-05,1.6327293e-06,5.1631435e-07,10
3.775,0.13638536,fill,1000,12.8,1.6614238e-05,1.6194876e-06,5.1212696e-07,10
3.775,0.13638536,fill,1000,14.08,1.5865528e-05,1.556011e-06,4.9205388e-07,10
3.775,0.13638536,fill,1000,15.36,1.5107973e-05,1.6008368e-06,5.0622904e-07,10
3.775,0.13638536,fill,1000,16.64,1.438763e-05,1.5895494e-06,5.0265966e-07,10
3.775,0.13638536,fill,1000,17.92,1.3722197e-05,1.5487752e-06,4.8976574e-07,10
3.775,0.13638536,fill,1000,19.2,1.2988227e-05,1.5395613e-06,4.8685202e-07,10
3.775,0.13638536,fill,1000,20.48,1.2413828e-05,1.547305e-06,4.8930081e-07,10
3.775,0.13638536,fill,1000,23.04,1.1347524e-05,1.5588143e-06,4.9294036e-07,10
3.775,0.13638536,fill,1000,25.6,1.0279896e-05,1.5039465e-06,4.7558963e-07,10
3.775,0.13638536,fill,1000,28.16,9.3074999e-06,1.4963881e-06,4.7319948e-07,10
3.775,0.13638536,fill,1000,30.72,8.4334149e-06,1.4907747e-06,4.7142437e-07,10
3.775,0.13638536,fill,1000,33.28,7.6273788e-06,1.4205144e-06,4.4920608e-07,10
3.775,0.13638536,fill,1000,35.84,6.9792082e-06,1.4041863e-06,4.4404269e-07,10
3.775,0.13638536,fill,1000,38.4,6.3493463e-06,1.4763761e-06,4.6687112e-07,10
3.775,0.13638536,fill,1000,40.96,5.7396522e-06,1.4344937e-06,4.5362674e-07,10
3.775,0.13638536,fill,1000,46.08,4.6804491e-06,1.3761309e-06,4.3517079e-07,10
3.775,0.13638536,fill,1000,51.2,3.8171603e-06,1.3742183e-06,4.3456598e-07,10
3.775,0.13638536,fill,1000,56.32,3.0374714e-06,1.2879467e-06,4.0728451e-07,10
3.775,0.13638536,fill,1000,61.44,2.4989476e-06,1.3167167e-06,4.1638237e-07,10
3.775,0.13638536,fill,1000,66.56,2.0891957e-06,1.2693738e-06,4.0141125e-07,10
3.775,0.13638536,fill,1000,71.68,1.7992818e-06,1.3325561e-06,4.2139125e-07,10
3.775,0.13638536,fill,1000,76.8,1.5797812e-06,1.3232766e-06,4.1845679e-07,10
3.775,0.13638536,fill,1000,81.92,1.2177352e-06,1.3216538e-06,4.1794363e-07,10
3.775,0.13638536,fill,1000,92.16,6.3288505e-07,1.3493896e-06,4.2671446e-07,10
3.775,0.13638536,fill,1000,102.4,7.1768325e-08,1.4282607e-06,4.516557e-07,10
3.775,0.13638536,fill,1000,112.64,-2.422816e-07,1.4754818e-06,4.6658833e-07,10
3.775,0.13638536,fill,1000,122.88,-3.755679e-07,1.4425794e-06,4.5618366e-07,10
3.775,0.13638536,fill,1000,133.12,-4.008283e-07,1.5222654e-06,4.8138259e-07,10
3.775,0.13638536,fill,1000,143.36,-2.9099374e-07,1.584582e-06,5.0108884e-07,10
3.775,0.13638536,fill,1000,153.6,-2.0381742e-07,1.5609691e-06,4.9362178e-07,10
3.775,0.13638536,fill,1000,163.84,-3.940436e-07,1.4087121e-06,4.4547387e-07,10
3.775,0.13638536,fill,1000,184.32,-7.192714e-07,1.4516152e-06,4.5904102e-07,10
3.775,0.13638536,fill,1000,204.8,-5.3221851e-07,1.1856997e-06,3.7495116e-07,10
3.775,0.13638536,fill,1000,225.28,-2.9067531e-07,8.2002002e-07,2.593131e-07,10
3.775,0.13638536,fill,1000,245.76,-5.2275074e-07,1.2068282e-06,3.816326e-07,10
3.775,0.13638536,fill,1000,266.24,-5.0422985e-07,1.0358887e-06,3.2757677e-07,10
3.775,0.13638536,fill,1000,286.72,-1.4659092e-07,1.0178952e-06,3.2188674e-07,10
3.775,0.13638536,fill,1000,307.2,-6.5892874e-08,8.4698073e-07,2.6783882e-07,10
3.775,0.13638536,fill,1000,327.68,-4.9871143e-08,5.5112868e-07,1.7428219e-07,10
3.775,0.13638536,fill,1000,368.64,-2.7366595e-07,7.8616109e-07,2.4860596e-07,10
3.775,0.13638536,fill,1000,409.6,-8.4769891e-08,1.1466385e-06,3.6259894e-07,10
3.775,0.13638536,fill,1000,450.56,-5.4702077e-08,7.7597903e-07,2.4538611e-07,10
3.775,0.13638536,fill,1000,491.52,3.186223e-07,1.5243588e-06,4.8204457e-07,10
3.775,0.13638536,fill,1000,532.48,6.4276927e-07,1.5472603e-06,4.8928668e-07,10
3.775,0.13638536,fill,1000,573.44,3.1413062e-07,1.7691187e-06,5.5944445e-07,10
3.775,0.13638536,fill,1000,614.4,1.7045086e-07,2.1664386e-06,6.8508805e-07,10
3.775,0.13638536,fill,1000,655.36,1.9495054e-07,1.3535084e-06,4.2801693e-07,10
3.775,0.13638536,fill,1000,737.28,-3.2344147e-07,9.0623681e-07,2.8657724e-07,10
3.775,0.13638536,fill,1000,819.2,-5.5023639e-07,1.0058375e-06,3.1807373e-07,10
3.775,0.13638536,fill,1000,901.12,2.2972001e-07,1.1298757e-06,3.5729806e-07,10
3.775,0.13638536,fill,1000,983.04,7.2708091e-07,7.4788745e-07,2.3650278e-07,10
3.775,0.13638536,fill,1000,1064.96,3.0342931e-08,1.1381886e-06,3.5992683e-07,10
3.775,0.13638536,fill,1000,1146.88,-1.2438012e-07,7.037617e-07,2.2254899e-07,10
3.775,0.13638536,fill,1000,1228.8,-3.1422324e-07,1.2433991e-06,3.9319732e-07,10
3.775,0.13638536,fill,1000,1310.72,-2.1168276e-07,8.1340567e-07,2.5722146e-07,10
3.775,0.13638536,fill,1000,1474.56,3.8061982e-07,1.0872519e-06,3.4381923e-07,10
3.775,0.13638536,fill,1000,1638.4,2.1263524e-07,7.8933081e-07,2.4960832e-07,10
3.775,0.13638536,fill,1000,1802.24,5.6079298e-08,8.0626982e-07,2.5496491e-07,10
3.775,0.13638536,fill,1000,1966.08,-6.6407581e-07,1.2728372e-06,4.0250647e-07,10
3.775,0.13638536,fill,1000,2129.92,1.2370915e-08,1.2930107e-06,4.0888587e-07,10
3.775,0.13638536,fill,1000,2293.76,-2.6158552e-07,8.9164442e-07,2.8196272e-07,10
3.775,0.13638536,fill,1000,2457.6,3.0651662e-07,1.3408598e-06,4.2401709e-07,10
3.775,0.13638536,fill,1000,2621.44,-8.2429471e-08,8.1548592e-07,2.5787929e-07,10
3.775,0.13638536,fill,1000,2949.12,2.1596216e-07,7.9014697e-07,2.4986641e-07,10
3.775,0.13638536,fill,1000,3276.8,-6.7340595e-08,8.4437628e-07,2.6701522e-07,10
3.775,0.13638536,fill,1000,3604.48,8.4297899e-09,8.7047275e-07,2.7526765e-07,10
3.775,0.13638536,fill,1000,3932.16,4.5985053e-07,1.0167861e-06,3.2153598e-07,10
3.775,0.13638536,fill,1000,4259.84,1.1058011e-07,8.9122162e-07,2.8182902e-07,10
3.775,0.13638536,fill,1000,4587.52,2.1416581e-07,1.0393211e-06,3.2866218e-07,10
3.775,0.13638536,fill,1000,4915.2,-1.5626388e-07,7.8913256e-07,2.4954563e-07,10
3.775,0.13638536,fill,1000,5242.88,1.7391907e-07,4.4987149e-07,1.4226185e-07,10
3.775,0.13638536,fill,1000,5898.24,5.8983665e-08,7.4151217e-07,2.3448674e-07,10
3.775,0.13638536,fill,1000,6553.6,-5.2598302e-07,5.9017579e-07,1.8662997e-07,10
3.775,0.13638536,fill,1000,7208.96,-2.4019021e-07,9.2566244e-07,2.9272016e-07,10
3.775,0.13638536,fill,1000,7864.32,-2.9709013e-07,1.5780371e-06,4.9901913e-07,10
3.775,0.13638536,fill,1000,8519.68,2.9288941e-07,1.6047258e-06,5.0745885e-07,10
3.775,0.13638536,fill,1000,9175.04,-6.0925929e-07,3.5495336e-06,1.1224611e-06,10
3.775,0.12396405,6,1000,0,4.0775813e-05,1.0573301e-06,3.3435713e-07,10
3.775,0.12396405,6,1000,0.01,4.076086e-05,1.0573557e-06,3.3436524e-07,10
3.775,0.12396405,6,1000,0.02,4.071625e-05,1.0574062e-06,3.343812e-07,10
3.775,0.12396405,6,1000,0.03,4.064223e-05,1.0574814e-06,3.3440499e-07,10
3.775,0.12396405,6,1000,0.04,4.0539185e-05,1.0575817e-06,3.3443669e-07,10
3.775,0.12396405,6,1000,0.05,4.0407626e-05,1.0577071e-06,3.3447634e-07,10
3.775,0.12396405,6,1000,0.06,4.024818e-05,1.0578579e-06,3.3452404e-07,10
3.775,0.12396405,6,1000,0.07,4.0061582e-05,1.0580345e-06,3.3457989e-07,10
3.775,0.12396405,6,1000,0.08,3.9848663e-05,1.0582375e-06,3.3464407e-07,10
3.775,0.12396405,6,1000,0.09,3.9610345e-05,1.0584672e-06,3.3471671e-07,10
3.775,0.12396405,6,1000,0.1,3.934763e-05,1.0587244e-06,3.3479806e-07,10
3.775,0.12396405,6,1000,0.11,3.9061593e-05,1.05901e-06,3.3488838e-07,10
3.775,0.12396405,6,1000,0.12,3.8753371e-05,1.059325e-06,3.3498797e-07,10
3.775,0.12396405,6,1000,0.13,3.842416e-05,1.0596702e-06,3.3509714e-07,10
3.775,0.12396405,6,1000,0.14,3.8075201e-05,1.0600465e-06,3.3521612e-07,10
3.775,0.12396405,6,1000,0.15,3.7707775e-05,1.060455e-06,3.3534531e-07,10
3.775,0.12396405,6,1000,0.16,3.7319243e-05,1.0608978e-06,3.3548535e-07,10
3.775,0.12396405,6,1000,0.18,3.650468e-05,1.0618838e-06,3.3579714e-07,10
3.775,0.12396405,6,1000,0.2,3.563777e-05,1.0630125e-06,3.3615407e-07,10
3.775,0.12396405,6,1000,0.22,3.4729475e-05,1.0642872e-06,3.3655717e-07,10
3.775,0.12396405,6,1000,0.24,3.3790668e-05,1.065708e-06,3.3700647e-07,10
3.775,0.12396405,6,1000,0.26,3.2831973e-05,1.0672703e-06,3.3750051e-07,10
3.775,0.12396405,6,1000,0.28,3.186363e-05,1.0689647e-06,3.3803633e-07,10
3.775,0.12396405,6,1000,0.3,3.0895381e-05,1.0707773e-06,3.3860951e-07,10
3.775,0.12396405,6,1000,0.32,2.9940798e-05,1.0726152e-06,3.391907e-07,10
3.775,0.12396405,6,1000,0.36,2.808721e-05,1.0766491e-06,3.4046635e-07,10
3.775,0.12396405,6,1000,0.4,2.6361107e-05,1.0808035e-06,3.4178008e-07,10
3.775,0.12396405,6,1000,0.44,2.4807267e-05,1.0848678e-06,3.4306532e-07,10
3.775,0.12396405,6,1000,0.48,2.3456333e-05,1.0886552e-06,3.44263e-07,10
3.775,0.12396405,6,1000,0.52,2.232494e-05,1.0920278e-06,3.4532951e-07,10
3.775,0.12396405,6,1000,0.56,2.1416575e-05,1.0949204e-06,3.4624422e-07,10
3.775,0.12396405,6,1000,0.6,2.0723092e-05,1.0973612e-06,3.4701609e-07,10
3.775,0.12396405,6,1000,0.64,2.026974e-05,1.0993706e-06,3.4765151e-07,10
3.775,0.12396405,6,1000,0.72,1.9747811e-05,1.1037281e-06,3.4902948e-07,10
3.775,0.12396405,6,1000,0.8,1.9666226e-05,1.109962e-06,3.510008e-07,10
3.775,0.12396405,6,1000,0.88,1.9784403e-05,1.1200218e-06,3.5418201e-07,10
3.775,0.12396405,6,1000,0.96,1.9916475e-05,1.1344136e-06,3.5873308e-07,10
3.775,0.12396405,6,1000,1.04,1.9960595e-05,1.1518201e-06,3.642375e-07,10
3.775,0.12396405,6,1000,1.12,1.9899706e-05,1.1695098e-06,3.6983148e-07,10
3.775,0.12396405,6,1000,1.2,1.9780544e-05,1.1840465e-06,3.7442838e-07,10
3.775,0.12396405,6,1000,1.28,1.9705959e-05,1.1896349e-06,3.7619557e-07,10
3.775,0.12396405,6,1000,1.44,1.9870945e-05,1.1770111e-06,3.7220361e-07,10
3.775,0.12396405,6,1000,1.6,2.0623618e-05,1.1333308e-06,3.5839066e-07,10
3.775,0.12396405,6,1000,1.76,2.1696154e-05,1.0877051e-06,3.4396254e-07,10
3.775,0.12396405,6,1000,1.92,2.2568419e-05,1.0644172e-06,3.3659829e-07,10
3.775,0.12396405,6,1000,2.08,2.2867866e-05,1.061146e-06,3.3556382e-07,10
3.775,0.12396405,6,1000,2.24,2.2589096e-05,1.0650553e-06,3.3680004e-07,10
3.775,0.12396405,6,1000,2.4,2.2001913e-05,1.0712318e-06,3.3875325e-07,10
3.775,0.12396405,6,1000,2.56,2.1376634e-05,1.088013e-06,3.4405991e-07,10
3.775,0.12396405,6,1000,2.88,2.0096986e-05,1.1510131e-06,3.639823e-07,10
3.775,0.12396405,6,1000,3.2,1.889138e-05,1.2236604e-06,3.8695539e-07,10
3.775,0.12396405,6,1000,3.52,1.8627792e-05,1.2113043e-06,3.8304806e-07,10
3.775,0.12396405,6,1000,3.84,1.9213937e-05,1.1509198e-06,3.6395281e-07,10
3.775,0.12396405,6,1000,4.16,1.9597354e-05,1.0889517e-06,3.4435677e-07,10
3.775,0.12396405,6,1000,4.48,1.9428939e-05,1.0423243e-06,3.2961188e-07,10
3.775,0.12396405,6,1000,4.8,1.8944102e-05,1.0447401e-06,3.3037582e-07,10
3.775,0.12396405,6,1000,5.12,1.8378066e-05,1.0856525e-06,3.4331346e-07,10
3.775,0.12396405,6,1000,5.76,1.7719743e-05,1.1489557e-06,3.633317e-07,10
3.775,0.12396405,6,1000,6.4,1.759902e-05,1.0990724e-06,3.475572e-07,10
3.775,0.12396405,6,1000,7.04,1.7246642e-05,1.0670675e-06,3.3743636e-07,10
3.775,0.12396405,6,1000,7.68,1.6608429e-05,1.1269e-06,3.5635708e-07,10
3.775,0.12396405,6,1000,8.32,1.6291116e-05,1.1362895e-06,3.5932627e-07,10
3.775,0.12396405,6,1000,8.96,1.6027737e-05,1.1050308e-06,3.4944141e-07,10
3.775,0.12396405,6,1000,9.6,1.5654759e-05,1.1037589e-06,3.4903921e-07,10
3.775,0.12396405,6,1000,10.24,1.528209e-05,1.0590074e-06,3.3488755e-07,10
3.775,0.12396405,6,1000,11.52,1.4591082e-05,1.0535686e-06,3.3316766e-07,10
3.775,0.12396405,6,1000,12.8,1.390173e-05,1.0281485e-06,3.251291e-07,10
3.775,0.12396405,6,1000,14.08,1.3321231e-05,1.1026824e-06,3.4869879e-07,10
3.775,0.12396405,6,1000,15.36,1.2737392e-05,1.0662945e-06,3.3719192e-07,10
3.775,0.12396405,6,1000,16.64,1.2230982e-05,1.1078099e-06,3.5032025e-07,10
3.775,0.12396405,6,1000,17.92,1.1688778e-05,1.0874047e-06,3.4386755e-07,10
3.775,0.12396405,6,1000,19.2,1.1242961e-05,1.0475357e-06,3.3125989e-07,10
3.775,0.12396405,6,1000,20.48,1.0766039e-05,9.7862484e-07,3.0946835e-07,10
3.775,0.12396405,6,1000,23.04,9.9150939e-06,9.0986026e-07,2.8772308e-07,10
3.775,0.12396405,6,1000,25.6,9.2022734e-06,9.1275659e-07,2.8863898e-07,10
3.775,0.12396405,6,1000,28.16,8.5754034e-06,8.7241973e-07,2.7588334e-07,10
3.775,0.12396405,6,1000,30.72,7.9615717e-06,7.9557391e-07,2.5158256e-07,10
3.775,0.12396405,6,1000,33.28,7.3968698e-06,7.8416723e-07,2.4797545e-07,10
3.775,0.12396405,6,1000,35.84,6.8757128e-06,7.311298e-07,2.3120354e-07,10
3.775,0.12396405,6,1000,38.4,6.4142129e-06,7.1661705e-07,2.2661421e-07,10
3.775,0.12396405,6,1000,40.96,5.9275977e-06,6.8667086e-07,2.1714439e-07,10
3.775,0.12396405,6,1000,46.08,5.0061174e-06,6.7022268e-07,2.1194302e-07,10
3.775,0.12396405,6,1000,51.2,4.2546495e-06,6.6994804e-07,2.1185617e-07,10
3.775,0.12396405,6,1000,56.32,3.6467764e-06,7.7195464e-07,2.4411349e-07,10
3.775,0.12396405,6,1000,61.44,3.097105e-06,9.84674e-07,3.1138126e-07,10
3.775,0.12396405,6,1000,66.56,2.6706908e-06,1.0952874e-06,3.4636029e-07,10
3.775,0.12396405,6,1000,71.68,2.3065132e-06,1.082331e-06,3.4226311e-07,10
3.775,0.12396405,6,1000,76.8,1.9090594e-06,1.0309038e-06,3.260004e-07,10
3.775,0.12396405,6,1000,81.92,1.5127636e-06,9.4010822e-07,2.9728832e-07,10
3.775,0.12396405,6,1000,92.16,9.7586568e-07,8.5534725e-07,2.7048455e-07,10
3.775,0.12396405,6,1000,102.4,7.6803235e-07,1.0396349e-06,3.2876141e-07,10
3.775,0.12396405,6,1000,112.64,6.6998932e-07,1.0915489e-06,3.4517807e-07,10
3.775,0.12396405,6,1000,122.88,4.6762864e-07,1.0107332e-06,3.1962191e-07,10
3.775,0.12396405,6,1000,133.12,4.177171e-07,1.0208741e-06,3.2282873e-07,10
3.775,0.12396405,6,1000,143.36,5.216451e-07,1.0770215e-06,3.405841e-07,10
3.775,0.12396405,6,1000,153.6,4.7753141e-07,1.119718e-06,3.5408594e-07,10
3.775,0.12396405,6,1000,163.84,4.0286887e-07,1.4217267e-06,4.4958945e-07,10
3.775,0.12396405,6,1000,184.32,3.765321e-07,1.8631918e-06,5.8919299e-07,10
3.775,0.12396405,6,1000,204.8,2.6546496e-07,1.6345497e-06,5.1689001e-07,10
3.775,0.12396405,6,1000,225.28,1.5743258e-07,1.3460583e-06,4.2566102e-07,10
3.775,0.12396405,6,1000,245.76,-2.2385627e-07,1.4033303e-06,4.4377201e-07,10
3.775,0.12396405,6,1000,266.24,-4.5596835e-07,1.608733e-06,5.0872604e-07,10
3.775,0.12396405,6,1000,286.72,-5.3173507e-07,1.3893566e-06,4.3935312e-07,10
3.775,0.12396405,6,1000,307.2,-6.4313216e-07,1.2625923e-06,3.9926674e-07,10
3.775,0.12396405,6,1000,327.68,-7.7344873e-07,1.3087863e-06,4.1387457e-07,10
3.775,0.12396405,6,1000,368.64,-6.8265849e-07,8.622394e-07,2.7266404e-07,10
3.775,0.12396405,6,1000,409.6,-2.5247942e-07,6.5393785e-07,2.0679331e-07,10
3.775,0.12396405,6,1000,450.56,-4.6773085e-07,1.0957782e-06,3.4651549e-07,10
3.775,0.12396405,6,1000,491.52,-4.5697255e-07,1.2653492e-06,4.0013855e-07,10
3.775,0.12396405,6,1000,532.48,-7.3820132e-08,9.7754736e-07,3.0912762e-07,10
3.775,0.12396405,6,1000,573.44,2.0246634e-07,7.0613914e-07,2.233008e-07,10
3.775,0.12396405,6,1000,614.4,1.0385626e-07,9.1591392e-07,2.8963741e-07,10
3.775,0.12396405,6,1000,655.36,-2.8784762e-07,7.0434702e-07,2.2273408e-07,10
3.775,0.12396405,6,1000,737.28,-3.5359298e-07,1.1412814e-06,3.6090488e-07,10
3.775,0.12396405,6,1000,819.2,2.0798497e-07,1.1759158e-06,3.7185723e-07,10
3.775,0.12396405,6,1000,901.12,2.1454746e-07,1.5255887e-06,4.824335e-07,10
3.775,0.12396405,6,1000,983.04,-1.0069671e-07,1.3150303e-06,4.1584909e-07,10
3.775,0.12396405,6,1000,1064.96,2.158019e-07,1.1885525e-06,3.7585332e-07,10
3.775,0.12396405,6,1000,1146.88,-2.0773503e-07,8.5989849e-07,2.7192378e-07,10
3.775,0.12396405,6,1000,1228.8,7.3923808e-08,8.2217265e-07,2.5999382e-07,10
3.775,0.12396405,6,1000,1310.72,5.1110408e-07,7.3902194e-07,2.3369926e-07,10
3.775,0.12396405,6,1000,1474.56,-1.7495467e-07,9.3051552e-07,2.9425484e-07,10
3.775,0.12396405,6,1000,1638.4,-9.7778182e-08,1.2015043e-06,3.7994901e-07,10
3.775,0.12396405,6,1000,1802.24,-3.437282e-08,7.7972425e-07,2.4657046e-07,10
3.775,0.12396405,6,1000,1966.08,4.1205966e-07,4.8441145e-07,1.5318435e-07,10
3.775,0.12396405,6,1000,2129.92,-1.6223917e-07,1.1557533e-06,3.6548127e-07,10
3.775,0.12396405,6,1000,2293.76,5.021768e-07,9.3710136e-07,2.9633747e-07,10
3.775,0.12396405,6,1000,2457.6,-3.7255806e-07,9.2427412e-07,2.9228114e-07,10
3.775,0.12396405,6,1000,2621.44,1.7543253e-11,6.080035e-07,1.9226759e-07,10
3.775,0.12396405,6,1000,2949.12,1.1817599e-07,6.9116144e-07,2.1856444e-07,10
3.775,0.12396405,6,1000,3276.8,8.1061358e-08,9.2996272e-07,2.9408003e-07,10
3.775,0.12396405,6,1000,3604.48,-2.7241413e-07,1.2164281e-06,3.8466834e-07,10
3.775,0.12396405,6,1000,3932.16,-6.3885881e-07,5.4411505e-07,1.7206429e-07,10
3.775,0.12396405,6,1000,4259.84,1.0566232e-07,6.3425637e-07,2.0056947e-07,10
3.775,0.12396405,6,1000,4587.52,-5.5937872e-07,8.0498877e-07,2.545598e-07,10
3.775,0.12396405,6,1000,4915.2,2.952347e-07,7.5191276e-07,2.3777569e-07,10
3.775,0.12396405,6,1000,5242.88,1.8704625e-07,6.0808441e-07,1.9229317e-07,10
3.775,0.12396405,6,1000,5898.24,5.029369e-08,7.3825039e-07,2.3345527e-07,10
3.775,0.12396405,6,1000,6553.6,7.2836972e-08,7.9432651e-07,2.511881e-07,10
3.775,0.12396405,6,1000,7208.96,-6.0110674e-08,9.0411884e-07,2.8590748e-07,10
3.775,0.12396405,6,1000,7864.32,2.4471051e-07,4.7780282e-07,1.5109452e-07,10
3.775,0.12396405,6,1000,8519.68,5.0803629e-07,1.0666156e-06,3.3729347e-07,10
3.775,0.12396405,6,1000,9175.04,-8.5757298e-07,2.6682952e-06,8.4378904e-07,10
3.775,0.07946596,2,1000,0,2.0554619e-05,1.0460842e-06,3.3080087e-07,10
3.775,0.07946596,2,1000,0.01,2.0547727e-05,1.0460582e-06,3.3079266e-07,10
3.775,0.07946596,2,1000,0.02,2.0527138e-05,1.0459744e-06,3.3076616e-07,10
3.775,0.07946596,2,1000,0.03,2.0492938e-05,1.0458332e-06,3.3072151e-07,10
3.775,0.07946596,2,1000,0.04,2.0445264e-05,1.0456353e-06,3.3065892e-07,10
3.775,0.07946596,2,1000,0.05,2.0384298e-05,1.0453816e-06,3.3057869e-07,10
3.775,0.07946596,2,1000,0.06,2.0310269e-05,1.0450732e-06,3.3048117e-07,10
3.775,0.07946596,2,1000,0.07,2.0223446e-05,1.0447116e-06,3.3036681e-07,10
3.775,0.07946596,2,1000,0.08,2.0124139e-05,1.0442984e-06,3.3023616e-07,10
3.775,0.07946596,2,1000,0.09,2.0012696e-05,1.0438357e-06,3.3008983e-07,10
3.775,0.07946596,2,1000,0.1,1.9889498e-05,1.0433255e-06,3.299285e-07,10
3.775,0.07946596,2,1000,0.11,1.9754958e-05,1.0427703e-06,3.2975292e-07,10
3.775,0.07946596,2,1000,0.12,1.9609519e-05,1.0421725e-06,3.2956388e-07,10
3.775,0.07946596,2,1000,0.13,1.945365e-05,1.041535e-06,3.2936227e-07,10
3.775,0.07946596,2,1000,0.14,1.9287845e-05,1.0408605e-06,3.29149e-07,10
3.775,0.07946596,2,1000,0.15,1.911262e-05,1.0401523e-06,3.2892503e-07,10
3.775,0.07946596,2,1000,0.16,1.8926424e-05,1.0394064e-06,3.2868918e-07,10
3.775,0.07946596,2,1000,0.18,1.8534044e-05,1.0378516e-06,3.2819749e-07,10
3.775,0.07946596,2,1000,0.2,1.8112906e-05,1.0362149e-06,3.2767991e-07,10
3.775,0.07946596,2,1000,0.22,1.7667716e-05,1.0345249e-06,3.2714549e-07,10
3.775,0.07946596,2,1000,0.24,1.7203256e-05,1.0328109e-06,3.2660348e-07,10
3.775,0.07946596,2,1000,0.26,1.6724313e-05,1.0311023e-06,3.2606319e-07,10
3.775,0.07946596,2,1000,0.28,1.6235624e-05,1.0294281e-06,3.2553374e-07,10
3.775,0.07946596,2,1000,0.3,1.5741807e-05,1.0278162e-06,3.2502402e-07,10
3.775,0.07946596,2,1000,0.32,1.5248214e-05,1.0263274e-06,3.2455323e-07,10
3.775,0.07946596,2,1000,0.36,1.427581e-05,1.023657e-06,3.2370876e-07,10
3.775,0.07946596,2,1000,0.4,1.3347635e-05,1.0216045e-06,3.2305969e-07,10
3.775,0.07946596,2,1000,0.44,1.2489001e-05,1.0202869e-06,3.2264306e-07,10
3.775,0.07946596,2,1000,0.48,1.1719311e-05,1.0197673e-06,3.2247874e-07,10
3.775,0.07946596,2,1000,0.52,1.1051713e-05,1.0200519e-06,3.2256872e-07,10
3.775,0.07946596,2,1000,0.56,1.0493133e-05,1.0210917e-06,3.2289754e-07,10
3.775,0.07946596,2,1000,0.6,1.004463e-05,1.0227877e-06,3.2343387e-07,10
3.775,0.07946596,2,1000,0.64,9.7264053e-06,1.0250764e-06,3.2415761e-07,10
3.775,0.07946596,2,1000,0.72,9.3151872e-06,1.0302901e-06,3.2580635e-07,10
3.775,0.07946596,2,1000,0.8,9.1876421e-06,1.0355317e-06,3.2746387e-07,10
3.775,0.07946596,2,1000,0.88,9.225135e-06,1.0396227e-06,3.2875757e-07,10
3.775,0.07946596,2,1000,0.96,9.3194382e-06,1.0418169e-06,3.2945142e-07,10
3.775,0.07946596,2,1000,1.04,9.3933043e-06,1.0418835e-06,3.294725e-07,10
3.775,0.07946596,2,1000,1.12,9.4094883e-06,1.0400268e-06,3.2888536e-07,10
3.775,0.07946596,2,1000,1.2,9.3687699e-06,1.0367019e-06,3.2783392e-07,10
3.775,0.07946596,2,1000,1.28,9.3034789e-06,1.0322178e-06,3.2641592e-07,10
3.775,0.07946596,2,1000,1.44,9.2686505e-06,1.0217537e-06,3.2310688e-07,10
3.775,0.07946596,2,1000,1.6,9.5410122e-06,1.0087868e-06,3.190064e-07,10
3.775,0.07946596,2,1000,1.76,1.0120663e-05,9.9307224e-07,3.1403702e-07,10
3.775,0.07946596,2,1000,1.92,1.0756012e-05,9.7559062e-07,3.0850884e-07,10
3.775,0.07946596,2,1000,2.08,1.1153076e-05,9.5914375e-07,3.0330789e-07,10
3.775,0.07946596,2,1000,2.24,1.11996e-05,9.4797045e-07,2.9977458e-07,10
3.775,0.07946596,2,1000,2.4,1.1009905e-05,9.4699483e-07,2.9946606e-07,10
3.775,0.07946596,2,1000,2.56,1.0776996e-05,9.6252505e-07,3.0437715e-07,10
3.775,0.07946596,2,1000,2.88,1.0294416e-05,1.01185e-06,3.1997506e-07,10
3.775,0.07946596,2,1000,3.2,9.6028293e-06,1.0360812e-06,3.2763763e-07,10
3.775,0.07946596,2,1000,3.52,9.163283e-06,1.0250474e-06,3.2414846e-07,10
3.775,0.07946596,2,1000,3.84,9.3454009e-06,9.9727405e-07,3.1536575e-07,10
3.775,0.07946596,2,1000,4.16,9.5057987e-06,9.5838103e-07,3.0306669e-07,10
3.775,0.07946596,2,1000,4.48,9.3451234e-06,9.4265799e-07,2.9809463e-07,10
3.775,0.07946596,2,1000,4.8,9.2478319e-06,9.6135456e-07,3.0400701e-07,10
3.775,0.07946596,2,1000,5.12,9.2372998e-06,1.0060628e-06,3.1814498e-07,10
3.775,0.07946596,2,1000,5.76,9.0327665e-06,1.0436232e-06,3.3002264e-07,10
3.775,0.07946596,2,1000,6.4,8.7233513e-06,9.8624913e-07,3.1187936e-07,10
3.775,0.07946596,2,1000,7.04,8.5992282e-06,9.7900297e-07,3.0958792e-07,10
3.775,0.07946596,2,1000,7.68,8.5300474e-06,9.8551846e-07,3.116483e-07,10
3.775,0.07946596,2,1000,8.32,8.3424629e-06,9.6307659e-07,3.0455156e-07,10
3.775,0.07946596,2,1000,8.96,8.0502966e-06,9.6533204e-07,3.052648e-07,10
3.775,0.07946596,2,1000,9.6,7.9378519e-06,9.9403138e-07,3.1434032e-07,10
3.775,0.07946596,2,1000,10.24,7.8417596e-06,9.6107089e-07,3.039173e-07,10
3.775,0.07946596,2,1000,11.52,7.5407645e-06,9.4695912e-07,2.9945477e-07,10
3.775,0.07946596,2,1000,12.8,7.2201892e-06,9.4047568e-07,2.9740452e-07,10
3.775,0.07946596,2,1000,14.08,6.9576659e-06,9.1485658e-07,2.8930305e-07,10
3.775,0.07946596,2,1000,15.36,6.6823108e-06,9.288444e-07,2.9372639e-07,10
3.775,0.07946596,2,1000,16.64,6.4564999e-06,9.1963044e-07,2.9081268e-07,10
3.775,0.07946596,2,1000,17.92,6.1749584e-06,9.2463456e-07,2.9239512e-07,10
3.775,0.07946596,2,1000,19.2,5.9978549e-06,9.0759016e-07,2.8700521e-07,10
3.775,0.07946596,2,1000,20.48,5.7619789e-06,9.0121773e-07,2.8499007e-07,10
3.775,0.07946596,2,1000,23.04,5.341122e-06,8.9719115e-07,2.8371675e-07,10
3.775,0.07946596,2,1000,25.6,4.9623885e-06,8.8965497e-07,2.813336e-07,10
3.775,0.07946596,2,1000,28.16,4.6050489e-06,8.8874072e-07,2.8104449e-07,10
3.775,0.07946596,2,1000,30.72,4.310486e-06,9.1201214e-07,2.8840356e-07,10
3.775,0.07946596,2,1000,33.28,4.0443266e-06,9.1986423e-07,2.9088661e-07,10
3.775,0.07946596,2,1000,35.84,3.8126817e-06,9.174819e-07,2.9013325e-07,10
3.775,0.07946596,2,1000,38.4,3.5495745e-06,9.1287057e-07,2.8867502e-07,10
3.775,0.07946596,2,1000,40.96,3.3345629e-06,9.0635725e-07,2.8661533e-07,10
3.775,0.07946596,2,1000,46.08,2.9542448e-06,8.940972e-07,2.8273836e-07,10
3.775,0.07946596,2,1000,51.2,2.5963198e-06,9.0074258e-07,2.8483981e-07,10
3.775,0.07946596,2,1000,56.32,2.2983623e-06,8.7409787e-07,2.7641402e-07,10
3.775,0.07946596,2,1000,61.44,2.0736299e-06,8.2802947e-07,2.6184591e-07,10
3.775,0.07946596,2,1000,66.56,1.8237198e-06,7.6779784e-07,2.42799e-07,10
3.775,0.07946596,2,1000,71.68,1.6391313e-06,7.0727964e-07,2.2366146e-07,10
3.775,0.07946596,2,1000,76.8,1.4632937e-06,6.802655e-07,2.1511884e-07,10
3.775,0.07946596,2,1000,81.92,1.2972843e-06,6.3829472e-07,2.0184651e-07,10
3.775,0.07946596,2,1000,92.16,1.0252168e-06,6.0370523e-07,1.9090835e-07,10
3.775,0.07946596,2,1000,102.4,7.6569338e-07,6.0620301e-07,1.9169822e-07,10
3.775,0.07946596,2,1000,112.64,6.2192034e-07,5.2893269e-07,1.672632e-07,10
3.775,0.07946596,2,1000,122.88,5.0238616e-07,4.6624197e-07,1.4743866e-07,10
3.775,0.07946596,2,1000,133.12,3.4462118e-07,4.0806378e-07,1.290411e-07,10
3.775,0.07946596,2,1000,143.36,2.6621986e-07,4.110384e-07,1.2998176e-07,10
3.775,0.07946596,2,1000,153.6,1.7103526e-07,4.435619e-07,1.4026659e-07,10
3.775,0.07946596,2,1000,163.84,1.9199241e-07,5.0346342e-07,1.5920911e-07,10
3.775,0.07946596,2,1000,184.32,2.2913541e-07,5.6142051e-07,1.7753675e-07,10
3.775,0.07946596,2,1000,204.8,6.4979085e-08,6.2155277e-07,1.9655224e-07,10
3.775,0.07946596,2,1000,225.28,7.2809818e-08,6.3630003e-07,2.0121574e-07,10
3.775,0.07946596,2,1000,245.76,9.5494378e-08,5.2446043e-07,1.6584895e-07,10
3.775,0.07946596,2,1000,266.24,1.0563479e-07,5.0614384e-07,1.6005674e-07,10
3.775,0.07946596,2,1000,286.72,-1.5160211e-08,4.5634209e-07,1.4430804e-07,10
3.775,0.07946596,2,1000,307.2,-2.4064401e-08,4.3872982e-07,1.3873855e-07,10
3.775,0.07946596,2,1000,327.68,-5.5655204e-08,4.7778563e-07,1.5108908e-07,10
3.775,0.07946596,2,1000,368.64,-1.2686798e-07,6.3512444e-07,2.0084398e-07,10
3.775,0.07946596,2,1000,409.6,-2.7259919e-07,6.0975818e-07,1.9282247e-07,10
3.775,0.07946596,2,1000,450.56,-2.8685921e-07,7.2900271e-07,2.305309e-07,10
3.775,0.07946596,2,1000,491.52,-2.1400192e-08,6.3547258e-07,2.0095408e-07,10
3.775,0.07946596,2,1000,532.48,-1.1338712e-07,4.9303367e-07,1.5591094e-07,10
3.775,0.07946596,2,1000,573.44,-1.4350654e-07,5.3869435e-07,1.7035011e-07,10
3.775,0.07946596,2,1000,614.4,-8.2491477e-08,4.2229981e-07,1.3354293e-07,10
3.775,0.07946596,2,1000,655.36,4.8474575e-08,5.0158374e-07,1.5861471e-07,10
3.775,0.07946596,2,1000,737.28,4.0464673e-08,5.6152923e-07,1.7757113e-07,10
3.775,0.07946596,2,1000,819.2,1.5677353e-07,6.6680697e-07,2.1086288e-07,10
3.775,0.07946596,2,1000,901.12,5.9397511e-08,6.2541219e-07,1.977727e-07,10
3.775,0.07946596,2,1000,983.04,-9.5341518e-08,4.6969902e-07,1.4853187e-07,10
3.775,0.07946596,2,1000,1064.96,-1.0828357e-07,4.4503793e-07,1.4073335e-07,10
3.775,0.07946596,2,1000,1146.88,1.1583831e-07,5.4817607e-07,1.7334849e-07,10
3.775,0.07946596,2,1000,1228.8,2.6109431e-08,6.522668e-07,2.0626487e-07,10
3.775,0.07946596,2,1000,1310.72,-2.1966076e-07,6.5933546e-07,2.0850018e-07,10
3.775,0.07946596,2,1000,1474.56,1.778544e-07,4.7704948e-07,1.5085629e-07,10
3.775,0.07946596,2,1000,1638.4,-3.0701237e-08,4.5532844e-07,1.439875e-07,10
3.775,0.07946596,2,1000,1802.24,-3.338416e-07,5.6865789e-07,1.7982542e-07,10
3.775,0.07946596,2,1000,1966.08,-9.0754228e-08,3.7698613e-07,1.1921348e-07,10
3.775,0.07946596,2,1000,2129.92,-1.7891012e-07,5.4835148e-07,1.7340396e-07,10
3.775,0.07946596,2,1000,2293.76,2.6991812e-07,5.3373246e-07,1.6878102e-07,10
3.775,0.07946596,2,1000,2457.6,3.6187214e-07,4.2637103e-07,1.3483036e-07,10
3.775,0.07946596,2,1000,2621.44,3.2139787e-07,4.4554663e-07,1.4089422e-07,10
3.775,0.07946596,2,1000,2949.12,-2.1635663e-07,3.980058e-07,1.2586048e-07,10
3.775,0.07946596,2,1000,3276.8,8.8539309e-08,4.4160269e-07,1.3964703e-07,10
3.775,0.07946596,2,1000,3604.48,1.1305871e-08,2.1946809e-07,6.9401903e-08,10
3.775,0.07946596,2,1000,3932.16,9.9140692e-08,6.5789354e-07,2.080442e-07,10
3.775,0.07946596,2,1000,4259.84,7.3214677e-08,3.6973907e-07,1.1692176e-07,10
3.775,0.07946596,2,1000,4587.52,1.1140242e-07,6.3726592e-07,2.0152118e-07,10
3.775,0.07946596,2,1000,4915.2,2.2161706e-07,4.4170257e-07,1.3967862e-07,10
3.775,0.07946596,2,1000,5242.88,1.2504906e-08,5.0987161e-07,1.6123556e-07,10
3.775,0.07946596,2,1000,5898.24,3.0181956e-08,4.4998814e-07,1.4229875e-07,10
3.775,0.07946596,2,1000,6553.6,-1.9722435e-07,3.3796153e-07,1.0687282e-07,10
3.775,0.07946596,2,1000,7208.96,1.2798072e-07,4.1997523e-07,1.3280783e-07,10
3.775,0.07946596,2,1000,7864.32,1.4646308e-07,6.0640594e-07,1.917624e-07,10
3.775,0.07946596,2,1000,8519.68,-1.5547607e-07,5.6000112e-07,1.770879e-07,10
3.775,0.07946596,2,1000,9175.04,6.1277511e-07,2.0125062e-06,6.3641033e-07,10
3.775,0.05356109,2,1000,0,1.1616311e-05,5.9684152e-07,1.8873786e-07,10
3.775,0.05356109,2,1000,0.01,1.1612785e-05,5.9685353e-07,1.8874166e-07,10
3.775,0.05356109,2,1000,0.02,1.1602249e-05,5.9689373e-07,1.8875437e-07,10
3.775,0.05356109,2,1000,0.03,1.158474e-05,5.9696206e-07,1.8877598e-07,10
3.775,0.05356109,2,1000,0.04,1.1560314e-05,5.9705838e-07,1.8880644e-07,10
3.775,0.05356109,2,1000,0.05,1.1529049e-05,5.971825e-07,1.8884569e-07,10
3.775,0.05356109,2,1000,0.06,1.149104e-05,5.9733415e-07,1.8889364e-07,10
3.775,0.05356109,2,1000,0.07,1.1446404e-05,5.9751301e-07,1.8895021e-07,10
3.775,0.05356109,2,1000,0.08,1.1395277e-05,5.9771868e-07,1.8901524e-07,10
3.775,0.05356109,2,1000,0.09,1.1337809e-05,5.9795074e-07,1.8908863e-07,10
3.775,0.05356109,2,1000,0.1,1.1274168e-05,5.9820869e-07,1.891702e-07,10
3.775,0.05356109,2,1000,0.11,1.1204539e-05,5.9849191e-07,1.8925976e-07,10
3.775,0.05356109,2,1000,0.12,1.112912e-05,5.9879978e-07,1.8935712e-07,10
3.775,0.05356109,2,1000,0.13,1.1048122e-05,5.9913156e-07,1.8946203e-07,10
3.775,0.05356109,2,1000,0.14,1.096177e-05,5.9948652e-07,1.8957428e-07,10
3.775,0.05356109,2,1000,0.15,1.08703e-05,5.998638e-07,1.8969359e-07,10
3.775,0.05356109,2,1000,0.16,1.0772807e-05,6.0026713e-07,1.8982113e-07,10
3.775,0.05356109,2,1000,0.18,1.0566682e-05,6.0112459e-07,1.9009229e-07,10
3.775,0.05356109,2,1000,0.2,1.0344265e-05,6.0205573e-07,1.9038674e-07,10
3.775,0.05356109,2,1000,0.22,1.0107809e-05,6.030514e-07,1.907016e-07,10
3.775,0.05356109,2,1000,0.24,9.8596392e-06,6.0410157e-07,1.9103369e-07,10
3.775,0.05356109,2,1000,0.26,9.6021241e-06,6.0519546e-07,1.9137961e-07,10
3.775,0.05356109,2,1000,0.28,9.3376426e-06,6.0632147e-07,1.9173569e-07,10
3.775,0.05356109,2,1000,0.3,9.0685553e-06,6.0746739e-07,1.9209806e-07,10
3.775,0.05356109,2,1000,0.32,8.7971659e-06,6.0861258e-07,1.924602e-07,10
3.775,0.05356109,2,1000,0.36,8.2574515e-06,6.10883e-07,1.9317817e-07,10
3.775,0.05356109,2,1000,0.4,7.7339655e-06,6.1302438e-07,1.9385533e-07,10
3.775,0.05356109,2,1000,0.44,7.2411569e-06,6.1493341e-07,1.9445902e-07,10
3.775,0.05356109,2,1000,0.48,6.7908172e-06,6.1651465e-07,1.9495905e-07,10
3.775,0.05356109,2,1000,0.52,6.3917691e-06,6.1768677e-07,1.9532971e-07,10
3.775,0.05356109,2,1000,0.56,6.0497357e-06,6.1838839e-07,1.9555158e-07,10
3.775,0.05356109,2,1000,0.6,5.7673836e-06,6.1858309e-07,1.9561315e-07,10
3.775,0.05356109,2,1000,0.64,5.5587075e-06,6.1812526e-07,1.9546837e-07,10
3.775,0.05356109,2,1000,0.72,5.275586e-06,6.1607567e-07,1.9482023e-07,10
3.775,0.05356109,2,1000,0.8,5.1720766e-06,6.1256522e-07,1.9371013e-07,10
3.775,0.05356109,2,1000,0.88,5.1873307e-06,6.0836054e-07,1.9238049e-07,10
3.775,0.05356109,2,1000,0.96,5.2584226e-06,6.0432332e-07,1.9110381e-07,10
3.775,0.05356109,2,1000,1.04,5.3329771e-06,6.011855e-07,1.9011155e-07,10
3.775,0.05356109,2,1000,1.12,5.3770371e-06,5.9939036e-07,1.8954388e-07,10
3.775,0.05356109,2,1000,1.2,5.3776614e-06,5.9904041e-07,1.8943321e-07,10
3.775,0.05356109,2,1000,1.28,5.3364008e-06,6.0008836e-07,1.897646e-07,10
3.775,0.05356109,2,1000,1.44,5.2477024e-06,6.0318007e-07,1.9074229e-07,10
3.775,0.05356109,2,1000,1.6,5.2748337e-06,6.0467859e-07,1.9121616e-07,10
3.775,0.05356109,2,1000,1.76,5.4968393e-06,6.0233354e-07,1.9047459e-07,10
3.775,0.05356109,2,1000,1.92,5.8228321e-06,5.9750122e-07,1.8894647e-07,10
3.775,0.05356109,2,1000,2.08,6.0768584e-06,5.9360768e-07,1.8771523e-07,10
3.775,0.05356109,2,1000,2.24,6.1521724e-06,5.9384498e-07,1.8779027e-07,10
3.775,0.05356109,2,1000,2.4,6.0886018e-06,5.9883659e-07,1.8936876e-07,10
3.775,0.05356109,2,1000,2.56,6.0250469e-06,6.0602765e-07,1.9164277e-07,10
3.775,0.05356109,2,1000,2.88,6.0119925e-06,6.1654448e-07,1.9496848e-07,10
3.775,0.05356109,2,1000,3.2,5.9061146e-06,6.1641467e-07,1.9492743e-07,10
3.775,0.05356109,2,1000,3.52,5.6785869e-06,6.0871457e-07,1.9249245e-07,10
3.775,0.05356109,2,1000,3.84,5.6649336e-06,6.0261119e-07,1.9056239e-07,10
3.775,0.05356109,2,1000,4.16,5.6069084e-06,6.0625069e-07,1.917133e-07,10
3.775,0.05356109,2,1000,4.48,5.2520108e-06,6.1408664e-07,1.9419125e-07,10
3.775,0.05356109,2,1000,4.8,5.0532106e-06,6.1173995e-07,1.9344916e-07,10
3.775,0.05356109,2,1000,5.12,5.2427591e-06,6.0292449e-07,1.9066146e-07,10
3.775,0.05356109,2,1000,5.76,5.4716169e-06,6.175873e-07,1.9529825e-07,10
3.775,0.05356109,2,1000,6.4,5.3021371e-06,5.9312461e-07,1.8756247e-07,10
3.775,0.05356109,2,1000,7.04,5.1205797e-06,5.9520233e-07,1.882195e-07,10
3.775,0.05356109,2,1000,7.68,5.0227261e-06,6.0336221e-07,1.9079988e-07,10
3.775,0.05356109,2,1000,8.32,5.0214055e-06,6.0497883e-07,1.913111e-07,10
3.775,0.05356109,2,1000,8.96,4.9819702e-06,5.917276e-07,1.871207e-07,10
3.775,0.05356109,2,1000,9.6,4.917399e-06,5.7901597e-07,1.8310093e-07,10
3.775,0.05356109,2,1000,10.24,4.7915973e-06,5.8588918e-07,1.8527443e-07,10
3.775,0.05356109,2,1000,11.52,4.6843921e-06,5.8157986e-07,1.839117e-07,10
3.775,0.05356109,2,1000,12.8,4.5646182e-06,5.7083999e-07,1.8051546e-07,10
3.775,0.05356109,2,1000,14.08,4.4267009e-06,5.7710253e-07,1.8249584e-07,10
3.775,0.05356109,2,1000,15.36,4.3335497e-06,5.5987127e-07,1.7704684e-07,10
3.775,0.05356109,2,1000,16.64,4.2121491e-06,5.5847932e-07,1.7660667e-07,10
3.775,0.05356109,2,1000,17.92,4.1148279e-06,5.5955633e-07,1.7694725e-07,10
3.775,0.05356109,2,1000,19.2,4.0116896e-06,5.4986868e-07,1.7388374e-07,10
3.775,0.05356109,2,1000,20.48,3.9206873e-06,5.4575272e-07,1.7258216e-07,10
3.775,0.05356109,2,1000,23.04,3.7213403e-06,5.2781798e-07,1.669107e-07,10
3.775,0.05356109,2,1000,25.6,3.5268508e-06,5.1970141e-07,1.6434401e-07,10
3.775,0.05356109,2,1000,28.16,3.3780395e-06,5.2967562e-07,1.6749814e-07,10
3.775,0.05356109,2,1000,30.72,3.2366138e-06,5.30516e-07,1.6776389e-07,10
3.775,0.05356109,2,1000,33.28,3.0876231e-06,5.2807857e-07,1.6699311e-07,10
3.775,0.05356109,2,1000,35.84,2.9568013e-06,5.2988528e-07,1.6756444e-07,10
3.775,0.05356109,2,1000,38.4,2.8485262e-06,5.2020719e-07,1.6450396e-07,10
3.775,0.05356109,2,1000,40.96,2.7180696e-06,5.2973215e-07,1.6751602e-07,10
3.775,0.05356109,2,1000,46.08,2.4841911e-06,5.4119492e-07,1.7114086e-07,10
3.775,0.05356109,2,1000,51.2,2.2800432e-06,5.4931689e-07,1.7370925e-07,10
3.775,0.05356109,2,1000,56.32,2.1228032e-06,5.7467763e-07,1.8172902e-07,10
3.775,0.05356109,2,1000,61.44,1.9757764e-06,6.0019326e-07,1.8979777e-07,10
3.775,0.05356109,2,1000,66.56,1.8603607e-06,6.2131488e-07,1.9647702e-07,10
3.775,0.05356109,2,1000,71.68,1.7416529e-06,6.424664e-07,2.0316572e-07,10
3.775,0.05356109,2,1000,76.8,1.6365326e-06,6.4370857e-07,2.0355852e-07,10
3.775,0.05356109,2,1000,81.92,1.5455616e-06,6.6158614e-07,2.0921191e-07,10
3.775,0.05356109,2,1000,92.16,1.3651146e-06,6.6366669e-07,2.0986983e-07,10
3.775,0.05356109,2,1000,102.4,1.1893964e-06,6.6357861e-07,2.0984198e-07,10
3.775,0.05356109,2,1000,112.64,1.0699237e-06,6.2581062e-07,1.9789869e-07,10
3.775,0.05356109,2,1000,122.88,9.3606212e-07,5.6633208e-07,1.7908993e-07,10
3.775,0.05356109,2,1000,133.12,8.1120958e-07,5.0779179e-07,1.6057786e-07,10
3.775,0.05356109,2,1000,143.36,6.4968116e-07,5.1920921e-07,1.6418837e-07,10
3.775,0.05356109,2,1000,153.6,5.4801381e-07,5.2542329e-07,1.6615343e-07,10
3.775,0.05356109,2,1000,163.84,4.3599975e-07,5.1874137e-07,1.6404043e-07,10
3.775,0.05356109,2,1000,184.32,2.8564639e-07,5.0669859e-07,1.6023216e-07,10
3.775,0.05356109,2,1000,204.8,1.8030302e-07,4.7389129e-07,1.4985758e-07,10
3.775,0.05356109,2,1000,225.28,1.1037932e-07,4.9368598e-07,1.5611721e-07,10
3.775,0.05356109,2,1000,245.76,5.0206277e-08,5.1836512e-07,1.6392144e-07,10
3.775,0.05356109,2,1000,266.24,-2.636662e-08,5.623061e-07,1.778168e-07,10
3.775,0.05356109,2,1000,286.72,-8.6479021e-08,5.935976e-07,1.8771204e-07,10
3.775,0.05356109,2,1000,307.2,-5.0842784e-08,5.7218827e-07,1.8094182e-07,10
3.775,0.05356109,2,1000,327.68,-3.4759901e-08,5.090322e-07,1.6097011e-07,10
3.775,0.05356109,2,1000,368.64,1.7453616e-08,4.3945312e-07,1.3896728e-07,10
3.775,0.05356109,2,1000,409.6,7.6263553e-08,3.6493036e-07,1.1540111e-07,10
3.775,0.05356109,2,1000,450.56,9.6192406e-08,4.1211582e-07,1.3032247e-07,10
3.775,0.05356109,2,1000,491.52,3.2543802e-08,3.9233418e-07,1.2406696e-07,10
3.775,0.05356109,2,1000,532.48,-7.7687506e-09,3.5066639e-07,1.1089045e-07,10
3.775,0.05356109,2,1000,573.44,5.4904287e-08,3.9383985e-07,1.245431e-07,10
3.775,0.05356109,2,1000,614.4,8.6673969e-09,5.4697586e-07,1.7296896e-07,10
3.775,0.05356109,2,1000,655.36,-6.3486434e-08,5.0167772e-07,1.5864442e-07,10
3.775,0.05356109,2,1000,737.28,-2.5653047e-07,4.5643446e-07,1.4433725e-07,10
3.775,0.05356109,2,1000,819.2,-4.0353243e-07,3.6098694e-07,1.1415409e-07,10
3.775,0.05356109,2,1000,901.12,-2.9737866e-07,3.3096002e-07,1.0465875e-07,10
3.775,0.05356109,2,1000,983.04,-1.8586878e-07,5.3893882e-07,1.7042742e-07,10
3.775,0.05356109,2,1000,1064.96,3.9779796e-09,4.8532584e-07,1.534735e-07,10
3.775,0.05356109,2,1000,1146.88,1.7694813e-08,4.3280678e-07,1.3686552e-07,10
3.775,0.05356109,2,1000,1228.8,9.712689e-08,2.9708747e-07,9.3947307e-08,10
3.775,0.05356109,2,1000,1310.72,1.5286002e-07,2.7084736e-07,8.5649455e-08,10
3.775,0.05356109,2,1000,1474.56,-4.587207e-08,6.7994962e-07,2.1501895e-07,10
3.775,0.05356109,2,1000,1638.4,-1.9808331e-07,6.4929429e-07,2.0532488e-07,10
3.775,0.05356109,2,1000,1802.24,1.7549176e-08,3.7280856e-07,1.1789242e-07,10
3.775,0.05356109,2,1000,1966.08,-8.0007809e-08,4.8464487e-07,1.5325816e-07,10
3.775,0.05356109,2,1000,2129.92,4.1765649e-08,5.0569934e-07,1.5991617e-07,10
3.775,0.05356109,2,1000,2293.76,1.0698018e-07,5.827696e-07,1.8428793e-07,10
3.775,0.05356109,2,1000,2457.6,-9.7125356e-09,7.0832816e-07,2.2399303e-07,10
3.775,0.05356109,2,1000,2621.44,-1.4773014e-08,3.1841179e-07,1.0069065e-07,10
3.775,0.05356109,2,1000,2949.12,6.7341495e-08,4.8063089e-07,1.5198883e-07,10
3.775,0.05356109,2,1000,3276.8,2.3922286e-08,4.8120033e-07,1.5216891e-07,10
3.775,0.05356109,2,1000,3604.48,1.3176121e-07,2.388122e-07,7.5519048e-08,10
3.775,0.05356109,2,1000,3932.16,-2.1363046e-08,4.5911229e-07,1.4518405e-07,10
3.775,0.05356109,2,1000,4259.84,1.2567397e-07,3.0174313e-07,9.5419555e-08,10
3.775,0.05356109,2,1000,4587.52,-6.6002212e-08,5.3236995e-07,1.6835016e-07,10
3.775,0.05356109,2,1000,4915.2,-5.4279219e-08,6.9882408e-07,2.2098758e-07,10
3.775,0.05356109,2,1000,5242.88,5.1551444e-08,2.5174896e-07,7.9610013e-08,10
3.775,0.05356109,2,1000,5898.24,9.7105807e-08,3.1179946e-07,9.8599647e-08,10
3.775,0.05356109,2,1000,6553.6,2.2063807e-07,5.0281248e-07,1.5900327e-07,10
3.775,0.05356109,2,1000,7208.96,-2.6622604e-07,4.338343e-07,1.3719045e-07,10
3.775,0.05356109,2,1000,7864.32,-3.0186131e-09,5.5278467e-07,1.7480586e-07,10
3.775,0.05356109,2,1000,8519.68,1.1056023e-07,6.4550188e-07,2.0412562e-07,10
3.775,0.05356109,2,1000,9175.04,-5.8148854e-08,7.1347295e-07,2.2561996e-07,10
3.775,0.03610087,2,1000,0,6.3405374e-06,3.823767e-07,1.2091813e-07,10
3.775,0.03610087,2,1000,0.01,6.3386989e-06,3.8237007e-07,1.2091603e-07,10
3.775,0.03610087,2,1000,0.02,6.333203e-06,3.8234645e-07,1.2090856e-07,10
3.775,0.03610087,2,1000,0.03,6.3240657e-06,3.823059e-07,1.2089574e-07,10
3.775,0.03610087,2,1000,0.04,6.3113119e-06,3.8224856e-07,1.2087761e-07,10
3.775,0.03610087,2,1000,0.05,6.2949762e-06,3.8217462e-07,1.2085423e-07,10
3.775,0.03610087,2,1000,0.06,6.275102e-06,3.8208431e-07,1.2082567e-07,10
3.775,0.03610087,2,1000,0.07,6.2517423e-06,3.8197792e-07,1.2079202e-07,10
3.775,0.03610087,2,1000,0.08,6.2249582e-06,3.8185579e-07,1.207534e-07,10
3.775,0.03610087,2,1000,0.09,6.1948195e-06,3.8171829e-07,1.2070992e-07,10
3.775,0.03610087,2,1000,0.1,6.1614039e-06,3.8156585e-07,1.2066172e-07,10
3.775,0.03610087,2,1000,0.11,6.124797e-06,3.8139892e-07,1.2060893e-07,10
3.775,0.03610087,2,1000,0.12,6.0850913e-06,3.8121803e-07,1.2055173e-07,10
3.775,0.03610087,2,1000,0.13,6.0423867e-06,3.8102371e-07,1.2049028e-07,10
3.775,0.03610087,2,1000,0.14,5.9967894e-06,3.8081653e-07,1.2042476e-07,10
3.775,0.03610087,2,1000,0.15,5.9484118e-06,3.8059707e-07,1.2035536e-07,10
3.775,0.03610087,2,1000,0.16,5.8967376e-06,3.8036289e-07,1.2028131e-07,10
3.775,0.03610087,2,1000,0.18,5.7872365e-06,3.7986864e-07,1.2012501e-07,10
3.775,0.03610087,2,1000,0.2,5.6686342e-06,3.7933572e-07,1.1995649e-07,10
3.775,0.03610087,2,1000,0.22,5.5420381e-06,3.7876952e-07,1.1977744e-07,10
3.775,0.03610087,2,1000,0.24,5.4086049e-06,3.7817546e-07,1.1958958e-07,10
3.775,0.03610087,2,1000,0.26,5.2695262e-06,3.7755886e-07,1.1939459e-07,10
3.775,0.03610087,2,1000,0.28,5.1260138e-06,3.769249e-07,1.1919412e-07,10
3.775,0.03610087,2,1000,0.3,4.9792855e-06,3.7627851e-07,1.1898971e-07,10
3.775,0.03610087,2,1000,0.32,4.8303425e-06,3.756286e-07,1.1878419e-07,10
3.775,0.03610087,2,1000,0.36,4.5321373e-06,3.7431625e-07,1.1836919e-07,10
3.775,0.03610087,2,1000,0.4,4.239592e-06,3.7302074e-07,1.1795951e-07,10
3.775,0.03610087,2,1000,0.44,3.9608104e-06,3.7176852e-07,1.1756353e-07,10
3.775,0.03610087,2,1000,0.48,3.702706e-06,3.7058278e-07,1.1718857e-07,10
3.775,0.03610087,2,1000,0.52,3.4707906e-06,3.6948488e-07,1.1684138e-07,10
3.775,0.03610087,2,1000,0.56,3.2690457e-06,3.6849588e-07,1.1652863e-07,10
3.775,0.03610087,2,1000,0.6,3.0998789e-06,3.6763731e-07,1.1625713e-07,10
3.775,0.03610087,2,1000,0.64,2.9723803e-06,3.6697171e-07,1.1604664e-07,10
3.775,0.03610087,2,1000,0.72,2.7965906e-06,3.6611182e-07,1.1577472e-07,10
3.775,0.03610087,2,1000,0.8,2.7318555e-06,3.6609369e-07,1.1576899e-07,10
3.775,0.03610087,2,1000,0.88,2.7473038e-06,3.6697982e-07,1.1604921e-07,10
3.775,0.03610087,2,1000,0.96,2.8070025e-06,3.6870742e-07,1.1659552e-07,10
3.775,0.03610087,2,1000,1.04,2.8772223e-06,3.7109077e-07,1.173492e-07,10
3.775,0.03610087,2,1000,1.12,2.931972e-06,3.73862e-07,1.1822554e-07,10
3.775,0.03610087,2,1000,1.2,2.9561873e-06,3.767256e-07,1.1913109e-07,10
3.775,0.03610087,2,1000,1.28,2.9396181e-06,3.7923959e-07,1.1992609e-07,10
3.775,0.03610087,2,1000,1.44,2.8593108e-06,3.8276309e-07,1.2104032e-07,10
3.775,0.03610087,2,1000,1.6,2.7863172e-06,3.8288996e-07,1.2108044e-07,10
3.775,0.03610087,2,1000,1.76,2.8068375e-06,3.7981175e-07,1.2010702e-07,10
3.775,0.03610087,2,1000,1.92,2.9132089e-06,3.7563772e-07,1.1878708e-07,10
3.775,0.03610087,2,1000,2.08,3.0215318e-06,3.7268696e-07,1.1785396e-07,10
3.775,0.03610087,2,1000,2.24,3.0576371e-06,3.7162211e-07,1.1751723e-07,10
3.775,0.03610087,2,1000,2.4,3.024897e-06,3.714901e-07,1.1747548e-07,10
3.775,0.03610087,2,1000,2.56,3.0092976e-06,3.7112737e-07,1.1736078e-07,10
3.775,0.03610087,2,1000,2.88,3.1385608e-06,3.7089078e-07,1.1728596e-07,10
3.775,0.03610087,2,1000,3.2,3.3250249e-06,3.7530817e-07,1.1868287e-07,10
3.775,0.03610087,2,1000,3.52,3.3212951e-06,3.8251856e-07,1.2096299e-07,10
3.775,0.03610087,2,1000,3.84,3.2881631e-06,3.8210992e-07,1.2083376e-07,10
3.775,0.03610087,2,1000,4.16,3.2231002e-06,3.7856697e-07,1.1971339e-07,10
3.775,0.03610087,2,1000,4.48,2.9401489e-06,3.8012372e-07,1.2020567e-07,10
3.775,0.03610087,2,1000,4.8,2.6998562e-06,3.7763728e-07,1.1941939e-07,10
3.775,0.03610087,2,1000,5.12,2.7784818e-06,3.7406526e-07,1.1828982e-07,10
3.775,0.03610087,2,1000,5.76,2.8841681e-06,3.6865795e-07,1.1657988e-07,10
3.775,0.03610087,2,1000,6.4,2.8954356e-06,3.6949388e-07,1.1684423e-07,10
3.775,0.03610087,2,1000,7.04,2.9750942e-06,3.9063073e-07,1.2352828e-07,10
3.775,0.03610087,2,1000,7.68,2.8865041e-06,3.9108999e-07,1.2367351e-07,10
3.775,0.03610087,2,1000,8.32,2.7652793e-06,3.8390138e-07,1.2140027e-07,10
3.775,0.03610087,2,1000,8.96,2.7320464e-06,3.7347463e-07,1.1810305e-07,10
3.775,0.03610087,2,1000,9.6,2.7824888e-06,3.6729321e-07,1.1614831e-07,10
3.775,0.03610087,2,1000,10.24,2.7577132e-06,3.7798398e-07,1.1952903e-07,10
3.775,0.03610087,2,1000,11.52,2.6642304e-06,3.8622028e-07,1.2213358e-07,10
3.775,0.03610087,2,1000,12.8,2.6170171e-06,3.7895181e-07,1.1983508e-07,10
3.775,0.03610087,2,1000,14.08,2.5904524e-06,3.837886e-07,1.2136461e-07,10
3.775,0.03610087,2,1000,15.36,2.51926e-06,3.8404421e-07,1.2144544e-07,10
3.775,0.03610087,2,1000,16.64,2.471154e-06,3.8331168e-07,1.212138e-07,10
3.775,0.03610087,2,1000,17.92,2.4421026e-06,3.8596535e-07,1.2205296e-07,10
3.775,0.03610087,2,1000,19.2,2.3755241e-06,3.8143928e-07,1.2062169e-07,10
3.775,0.03610087,2,1000,20.48,2.3339469e-06,3.7455801e-07,1.1844564e-07,10
3.775,0.03610087,2,1000,23.04,2.2455181e-06,3.7182592e-07,1.1758168e-07,10
3.775,0.03610087,2,1000,25.6,2.1532008e-06,3.6877868e-07,1.1661806e-07,10
3.775,0.03610087,2,1000,28.16,2.0790828e-06,3.6521679e-07,1.1549169e-07,10
3.775,0.03610087,2,1000,30.72,2.0053947e-06,3.5146532e-07,1.1114309e-07,10
3.775,0.03610087,2,1000,33.28,1.9363649e-06,3.3572382e-07,1.0616519e-07,10
3.775,0.03610087,2,1000,35.84,1.8735535e-06,3.3770113e-07,1.0679047e-07,10
3.775,0.03610087,2,1000,38.4,1.7953263e-06,3.3047429e-07,1.0450514e-07,10
3.775,0.03610087,2,1000,40.96,1.7297292e-06,3.2098759e-07,1.0150519e-07,10
3.775,0.03610087,2,1000,46.08,1.6154896e-06,3.1373933e-07,9.9213088e-08,10
3.775,0.03610087,2,1000,51.2,1.49749e-06,3.0959657e-07,9.7903031e-08,10
3.775,0.03610087,2,1000,56.32,1.3948031e-06,3.1250605e-07,9.8823091e-08,10
3.775,0.03610087,2,1000,61.44,1.3089535e-06,3.1555356e-07,9.9786796e-08,10
3.775,0.03610087,2,1000,66.56,1.2219065e-06,3.1415777e-07,9.9345411e-08,10
3.775,0.03610087,2,1000,71.68,1.1464507e-06,3.1072375e-07,9.8259477e-08,10
3.775,0.03610087,2,1000,76.8,1.0796702e-06,3.0075212e-07,9.5106171e-08,10
3.775,0.03610087,2,1000,81.92,1.0209149e-06,3.0059437e-07,9.5056286e-08,10
3.775,0.03610087,2,1000,92.16,8.8971615e-07,3.0594325e-07,9.6747751e-08,10
3.775,0.03610087,2,1000,102.4,7.8136041e-07,2.9337284e-07,9.2772638e-08,10
3.775,0.03610087,2,1000,112.64,6.8049533e-07,2.6475862e-07,8.3724026e-08,10
3.775,0.03610087,2,1000,122.88,6.0380879e-07,2.3509679e-07,7.4344132e-08,10
3.775,0.03610087,2,1000,133.12,5.3371439e-07,2.093246e-07,6.619425e-08,10
3.775,0.03610087,2,1000,143.36,4.6101034e-07,1.8244931e-07,5.7695537e-08,10
3.775,0.03610087,2,1000,153.6,3.9443014e-07,1.7177121e-07,5.4318826e-08,10
3.775,0.03610087,2,1000,163.84,3.285256e-07,1.5788581e-07,4.9927878e-08,10
3.775,0.03610087,2,1000,184.32,2.3963597e-07,1.7318621e-07,5.4766289e-08,10
3.775,0.03610087,2,1000,204.8,1.9621265e-07,1.9258599e-07,6.0901037e-08,10
3.775,0.03610087,2,1000,225.28,1.7212451e-07,1.8153204e-07,5.7405472e-08,10
3.775,0.03610087,2,1000,245.76,1.5594852e-07,1.8263402e-07,5.7753949e-08,10
3.775,0.03610087,2,1000,266.24,1.5684252e-07,2.1560219e-07,6.81794e-08,10
3.775,0.03610087,2,1000,286.72,1.4987606e-07,2.4112781e-07,7.6251307e-08,10
3.775,0.03610087,2,1000,307.2,1.201477e-07,2.4282876e-07,7.6789195e-08,10
3.775,0.03610087,2,1000,327.68,9.6093699e-08,2.2491438e-07,7.1124171e-08,10
3.775,0.03610087,2,1000,368.64,5.12433e-08,2.5277901e-07,7.993574e-08,10
3.775,0.03610087,2,1000,409.6,1.3595193e-08,2.5704365e-07,8.1284339e-08,10
3.775,0.03610087,2,1000,450.56,-7.0258389e-08,2.5524386e-07,8.0715194e-08,10
3.775,0.03610087,2,1000,491.52,-1.0020631e-07,2.0839456e-07,6.5900147e-08,10
3.775,0.03610087,2,1000,532.48,-1.0315466e-07,2.1066606e-07,6.6618458e-08,10
3.775,0.03610087,2,1000,573.44,-1.6038479e-07,2.710168e-07,8.5703037e-08,10
3.775,0.03610087,2,1000,614.4,-1.9460214e-07,2.8232131e-07,8.9277837e-08,10
3.775,0.03610087,2,1000,655.36,-1.3726776e-07,3.1550735e-07,9.9772184e-08,10
3.775,0.03610087,2,1000,737.28,-9.5846481e-08,3.0102947e-07,9.5193878e-08,10
3.775,0.03610087,2,1000,819.2,-2.1072955e-08,2.0928124e-07,6.618054e-08,10
3.775,0.03610087,2,1000,901.12,8.2673711e-08,2.8251039e-07,8.933763e-08,10
3.775,0.03610087,2,1000,983.04,1.0693282e-07,3.2501919e-07,1.0278009e-07,10
3.775,0.03610087,2,1000,1064.96,1.2999538e-07,3.286973e-07,1.0394321e-07,10
3.775,0.03610087,2,1000,1146.88,8.44772e-08,3.4936776e-07,1.1047979e-07,10
3.775,0.03610087,2,1000,1228.8,-1.1807849e-08,4.0223437e-07,1.2719768e-07,10
3.775,0.03610087,2,1000,1310.72,-1.7116591e-08,3.265818e-07,1.0327423e-07,10
3.775,0.03610087,2,1000,1474.56,-2.4899643e-08,2.2141809e-07,7.0018548e-08,10
3.775,0.03610087,2,1000,1638.4,-1.1687021e-07,2.4412638e-07,7.719954e-08,10
3.775,0.03610087,2,1000,1802.24,-1.4167069e-09,2.6010949e-07,8.2253845e-08,10
3.775,0.03610087,2,1000,1966.08,4.7518457e-08,2.8117345e-07,8.8914852e-08,10
3.775,0.03610087,2,1000,2129.92,2.4066623e-08,2.295124e-07,7.2578193e-08,10
3.775,0.03610087,2,1000,2293.76,9.9357949e-09,2.6373054e-07,8.3398921e-08,10
3.775,0.03610087,2,1000,2457.6,3.0196221e-08,1.926689e-07,6.0927256e-08,10
3.775,0.03610087,2,1000,2621.44,-3.7105922e-08,1.5637306e-07,4.9449504e-08,10
3.775,0.03610087,2,1000,2949.12,-6.1511781e-08,1.6428007e-07,5.1949919e-08,10
3.775,0.03610087,2,1000,3276.8,-8.1757188e-08,1.8116826e-07,5.7290435e-08,10
3.775,0.03610087,2,1000,3604.48,1.8924182e-08,2.2923998e-07,7.2492047e-08,10
3.775,0.03610087,2,1000,3932.16,5.3288915e-08,1.9705763e-07,6.2315095e-08,10
3.775,0.03610087,2,1000,4259.84,9.1658552e-08,2.4399587e-07,7.7158268e-08,10
3.775,0.03610087,2,1000,4587.52,4.7107425e-08,2.7839747e-07,8.803701e-08,10
3.775,0.03610087,2,1000,4915.2,5.2154711e-08,3.2888082e-07,1.0400125e-07,10
3.775,0.03610087,2,1000,5242.88,-4.1026126e-08,1.4567449e-07,4.6066319e-08,10
3.775,0.03610087,2,1000,5898.24,1.2891533e-08,2.5368925e-07,8.0223586e-08,10
3.775,0.03610087,2,1000,6553.6,-1.8771195e-08,3.5314177e-07,1.1167323e-07,10
3.775,0.03610087,2,1000,7208.96,-1.2125945e-07,3.6591732e-07,1.1571322e-07,10
3.775,0.03610087,2,1000,7864.32,-2.9562285e-08,3.5075143e-07,1.1091734e-07,10
3.775,0.03610087,2,1000,8519.68,-9.571322e-08,3.2784949e-07,1.0367511e-07,10
3.775,0.03610087,2,1000,9175.04,-2.4412764e-08,3.6028184e-07,1.1393112e-07,10
3.775,0.02445457,2,1000,0,3.3846022e-06,2.0118423e-07,6.362004e-08,10
3.775,0.02445457,2,1000,0.01,3.3836229e-06,2.0118337e-07,6.3619766e-08,10
3.775,0.02445457,2,1000,0.02,3.3806939e-06,2.0118112e-07,6.3619055e-08,10
3.775,0.02445457,2,1000,0.03,3.3758225e-06,2.0117751e-07,6.3617914e-08,10
3.775,0.02445457,2,1000,0.04,3.3690207e-06,2.0117257e-07,6.3616351e-08,10
3.775,0.02445457,2,1000,0.05,3.3603047e-06,2.0116633e-07,6.361438e-08,10
3.775,0.02445457,2,1000,0.06,3.3496955e-06,2.0115887e-07,6.3612021e-08,10
3.775,0.02445457,2,1000,0.07,3.3372184e-06,2.0115024e-07,6.3609292e-08,10
3.775,0.02445457,2,1000,0.08,3.322903e-06,2.0114052e-07,6.3606218e-08,10
3.775,0.02445457,2,1000,0.09,3.3067829e-06,2.0112979e-07,6.3602825e-08,10
3.775,0.02445457,2,1000,0.1,3.2888962e-06,2.0111815e-07,6.3599143e-08,10
3.775,0.02445457,2,1000,0.11,3.2692844e-06,2.0110569e-07,6.3595205e-08,10
3.775,0.02445457,2,1000,0.12,3.2479931e-06,2.0109254e-07,6.3591046e-08,10
3.775,0.02445457,2,1000,0.13,3.2250714e-06,2.010788e-07,6.3586699e-08,10
3.775,0.02445457,2,1000,0.14,3.2005718e-06,2.0106458e-07,6.3582203e-08,10
3.775,0.02445457,2,1000,0.15,3.1745501e-06,2.0105e-07,6.3577592e-08,10
3.775,0.02445457,2,1000,0.16,3.1467149e-06,2.0103503e-07,6.3572859e-08,10
3.775,0.02445457,2,1000,0.18,3.0876385e-06,2.010052e-07,6.3563424e-08,10
3.775,0.02445457,2,1000,0.2,3.0234872e-06,2.0097586e-07,6.3554146e-08,10
3.775,0.02445457,2,1000,0.22,2.9548228e-06,2.009479e-07,6.3545307e-08,10
3.775,0.02445457,2,1000,0.24,2.8822372e-06,2.0092213e-07,6.3537158e-08,10
3.775,0.02445457,2,1000,0.26,2.8063452e-06,2.008992e-07,6.3529904e-08,10
3.775,0.02445457,2,1000,0.28,2.7277774e-06,2.008796e-07,6.3523706e-08,10
3.775,0.02445457,2,1000,0.3,2.6471734e-06,2.0086364e-07,6.3518661e-08,10
3.775,0.02445457,2,1000,0.32,2.5649861e-06,2.0085195e-07,6.3514964e-08,10
3.775,0.02445457,2,1000,0.36,2.399644e-06,2.0083829e-07,6.3510642e-08,10
3.775,0.02445457,2,1000,0.4,2.2361432e-06,2.0083638e-07,6.351004e-08,10
3.775,0.02445457,2,1000,0.44,2.0790075e-06,2.008411e-07,6.3511532e-08,10
3.775,0.02445457,2,1000,0.48,1.9322197e-06,2.0084583e-07,6.3513028e-08,10
3.775,0.02445457,2,1000,0.52,1.7990927e-06,2.0084357e-07,6.3512312e-08,10
3.775,0.02445457,2,1000,0.56,1.6821783e-06,2.0082821e-07,6.3507457e-08,10
3.775,0.02445457,2,1000,0.6,1.5832181e-06,2.007955e-07,6.3497112e-08,10
3.775,0.02445457,2,1000,0.64,1.5078841e-06,2.0073723e-07,6.3478687e-08,10
3.775,0.02445457,2,1000,0.72,1.403651e-06,2.0058437e-07,6.3430347e-08,10
3.775,0.02445457,2,1000,0.8,1.3669118e-06,2.0039886e-07,6.3371685e-08,10
3.775,0.02445457,2,1000,0.88,1.3821437e-06,2.0023809e-07,6.3320844e-08,10
3.775,0.02445457,2,1000,0.96,1.429223e-06,2.0015998e-07,6.3296143e-08,10
3.775,0.02445457,2,1000,1.04,1.4874218e-06,2.0020907e-07,6.3311668e-08,10
3.775,0.02445457,2,1000,1.12,1.5388851e-06,2.004123e-07,6.3375934e-08,10
3.775,0.02445457,2,1000,1.2,1.5711244e-06,2.0077754e-07,6.3491432e-08,10
3.775,0.02445457,2,1000,1.28,1.5721862e-06,2.0130457e-07,6.3658093e-08,10
3.775,0.02445457,2,1000,1.44,1.5233733e-06,2.0250391e-07,6.403736e-08,10
3.775,0.02445457,2,1000,1.6,1.4406121e-06,2.0337575e-07,6.4313059e-08,10
3.775,0.02445457,2,1000,1.76,1.390095e-06,2.0330485e-07,6.429064e-08,10
3.775,0.02445457,2,1000,1.92,1.393036e-06,2.0219443e-07,6.3939491e-08,10
3.775,0.02445457,2,1000,2.08,1.4169407e-06,2.003687e-07,6.3362145e-08,10
3.775,0.02445457,2,1000,2.24,1.4167841e-06,1.9843582e-07,6.2750917e-08,10
3.775,0.02445457,2,1000,2.4,1.3823842e-06,1.9726935e-07,6.2382047e-08,10
3.775,0.02445457,2,1000,2.56,1.3599591e-06,1.9763225e-07,6.2496805e-08,10
3.775,0.02445457,2,1000,2.88,1.4538901e-06,1.9902135e-07,6.2936077e-08,10
3.775,0.02445457,2,1000,3.2,1.6802104e-06,1.9748977e-07,6.2451749e-08,10
3.775,0.02445457,2,1000,3.52,1.7825029e-06,1.9437922e-07,6.1468107e-08,10
3.775,0.02445457,2,1000,3.84,1.7804268e-06,1.9237287e-07,6.0833643e-08,10
3.775,0.02445457,2,1000,4.16,1.7710594e-06,1.8973755e-07,6.0000281e-08,10
3.775,0.02445457,2,1000,4.48,1.6522884e-06,1.8920381e-07,5.9831498e-08,10
3.775,0.02445457,2,1000,4.8,1.4985104e-06,1.9487331e-07,6.1624352e-08,10
3.775,0.02445457,2,1000,5.12,1.5065726e-06,1.9938998e-07,6.3052649e-08,10
3.775,0.02445457,2,1000,5.76,1.4359307e-06,1.952995e-07,6.1759125e-08,10
3.775,0.02445457,2,1000,6.4,1.3834724e-06,1.9694129e-07,6.2278303e-08,10
3.775,0.02445457,2,1000,7.04,1.5129375e-06,1.9989349e-07,6.3211872e-08,10
3.775,0.02445457,2,1000,7.68,1.554165e-06,1.9429839e-07,6.1442546e-08,10
3.775,0.02445457,2,1000,8.32,1.5551067e-06,1.9239359e-07,6.0840196e-08,10
3.775,0.02445457,2,1000,8.96,1.4849277e-06,1.9390979e-07,6.1319659e-08,10
3.775,0.02445457,2,1000,9.6,1.4236478e-06,1.9534901e-07,6.177478e-08,10
3.775,0.02445457,2,1000,10.24,1.4171004e-06,1.949868e-07,6.1660239e-08,10
3.775,0.02445457,2,1000,11.52,1.4562461e-06,1.8985104e-07,6.0036169e-08,10
3.775,0.02445457,2,1000,12.8,1.4228821e-06,1.9508872e-07,6.1692471e-08,10
3.775,0.02445457,2,1000,14.08,1.3816995e-06,1.9298444e-07,6.1027039e-08,10
3.775,0.02445457,2,1000,15.36,1.3935691e-06,1.8775257e-07,5.9372575e-08,10
3.775,0.02445457,2,1000,16.64,1.3752883e-06,1.9487238e-07,6.1624059e-08,10
3.775,0.02445457,2,1000,17.92,1.3388753e-06,1.9446093e-07,6.1493947e-08,10
3.775,0.02445457,2,1000,19.2,1.3377211e-06,1.9395761e-07,6.1334782e-08,10
3.775,0.02445457,2,1000,20.48,1.3234096e-06,1.9486208e-07,6.16208e-08,10
3.775,0.02445457,2,1000,23.04,1.2887229e-06,1.9335012e-07,6.1142678e-08,10
3.775,0.02445457,2,1000,25.6,1.2647365e-06,1.9579358e-07,6.1915365e-08,10
3.775,0.02445457,2,1000,28.16,1.231917e-06,1.9850944e-07,6.2774197e-08,10
3.775,0.02445457,2,1000,30.72,1.2076694e-06,1.9709527e-07,6.2326996e-08,10
3.775,0.02445457,2,1000,33.28,1.1855811e-06,1.9843708e-07,6.2751314e-08,10
3.775,0.02445457,2,1000,35.84,1.1550623e-06,1.9662229e-07,6.2177429e-08,10
3.775,0.02445457,2,1000,38.4,1.133809e-06,1.9894287e-07,6.291126e-08,10
3.775,0.02445457,2,1000,40.96,1.1087444e-06,1.9895979e-07,6.2916608e-08,10
3.775,0.02445457,2,1000,46.08,1.0658387e-06,2.0007712e-07,6.3269941e-08,10
3.775,0.02445457,2,1000,51.2,1.0219829e-06,2.0041608e-07,6.337713e-08,10
3.775,0.02445457,2,1000,56.32,9.8311619e-07,2.0044148e-07,6.338516e-08,10
3.775,0.02445457,2,1000,61.44,9.4979268e-07,2.0150131e-07,6.3720309e-08,10
3.775,0.02445457,2,1000,66.56,9.1397477e-07,1.9701285e-07,6.2300933e-08,10
3.775,0.02445457,2,1000,71.68,8.7689233e-07,1.9353087e-07,6.1199834e-08,10
3.775,0.02445457,2,1000,76.8,8.4326213e-07,1.944625e-07,6.1494442e-08,10
3.775,0.02445457,2,1000,81.92,8.1013982e-07,1.9727462e-07,6.2383712e-08,10
3.775,0.02445457,2,1000,92.16,7.4585683e-07,1.9806234e-07,6.263281e-08,10
3.775,0.02445457,2,1000,102.4,6.9023903e-07,1.9448179e-07,6.1500541e-08,10
3.775,0.02445457,2,1000,112.64,6.3564797e-07,1.9082651e-07,6.034464e-08,10
3.775,0.02445457,2,1000,122.88,5.8695853e-07,1.8956995e-07,5.9947283e-08,10
3.775,0.02445457,2,1000,133.12,5.4503947e-07,1.8203554e-07,5.7564693e-08,10
3.775,0.02445457,2,1000,143.36,5.0470612e-07,1.78084e-07,5.6315107e-08,10
3.775,0.02445457,2,1000,153.6,4.7694114e-07,1.7848147e-07,5.6440797e-08,10
3.775,0.02445457,2,1000,163.84,4.5007594e-07,1.7497131e-07,5.5330787e-08,10
3.775,0.02445457,2,1000,184.32,3.9973925e-07,1.8189956e-07,5.752169e-08,10
3.775,0.02445457,2,1000,204.8,3.5944371e-07,1.8279964e-07,5.7806323e-08,10
3.775,0.02445457,2,1000,225.28,3.2591327e-07,1.7562749e-07,5.553829e-08,10
3.775,0.02445457,2,1000,245.76,2.9530497e-07,1.641331e-07,5.1903445e-08,10
3.775,0.02445457,2,1000,266.24,2.6457072e-07,1.5041621e-07,4.7565781e-08,10
3.775,0.02445457,2,1000,286.72,2.3809019e-07,1.4543569e-07,4.5990805e-08,10
3.775,0.02445457,2,1000,307.2,2.1261469e-07,1.4757695e-07,4.666793e-08,10
3.775,0.02445457,2,1000,327.68,1.8504622e-07,1.6208176e-07,5.1254753e-08,10
3.775,0.02445457,2,1000,368.64,1.4150832e-07,2.0055086e-07,6.3419749e-08,10
3.775,0.02445457,2,1000,409.6,1.0524445e-07,2.2761378e-07,7.1977796e-08,10
3.775,0.02445457,2,1000,450.56,7.8190588e-08,2.1968274e-07,6.9469782e-08,10
3.775,0.02445457,2,1000,491.52,5.0556806e-08,1.9923847e-07,6.3004736e-08,10
3.775,0.02445457,2,1000,532.48,3.1438105e-08,1.7047625e-07,5.3909323e-08,10
3.775,0.02445457,2,1000,573.44,4.0805269e-08,1.3334888e-07,4.2168618e-08,10
3.775,0.02445457,2,1000,614.4,4.6761749e-08,1.3196567e-07,4.173121e-08,10
3.775,0.02445457,2,1000,655.36,2.9377893e-08,1.3983889e-07,4.4220939e-08,10
3.775,0.02445457,2,1000,737.28,5.8167817e-09,1.317569e-07,4.166519e-08,10
3.775,0.02445457,2,1000,819.2,1.918019e-09,9.836091e-08,3.1104451e-08,10
3.775,0.02445457,2,1000,901.12,2.5985431e-08,1.2009036e-07,3.7975905e-08,10
3.775,0.02445457,2,1000,983.04,4.7233716e-08,1.7249021e-07,5.4546192e-08,10
3.775,0.02445457,2,1000,1064.96,1.6085451e-08,1.9665412e-07,6.2187492e-08,10
3.775,0.02445457,2,1000,1146.88,2.9073002e-09,1.9430522e-07,6.1444705e-08,10
3.775,0.02445457,2,1000,1228.8,-5.6509579e-09,1.8098247e-07,5.7231681e-08,10
3.775,0.02445457,2,1000,1310.72,-1.996387e-08,1.6851586e-07,5.3289392e-08,10
3.775,0.02445457,2,1000,1474.56,-6.1490259e-08,1.9648571e-07,6.2134238e-08,10
3.775,0.02445457,2,1000,1638.4,-7.5703918e-08,2.4844405e-07,7.8564908e-08,10
3.775,0.02445457,2,1000,1802.24,-1.4045956e-08,2.1815939e-07,6.8988055e-08,10
3.775,0.02445457,2,1000,1966.08,2.2894376e-08,2.5741147e-07,8.1400655e-08,10
3.775,0.02445457,2,1000,2129.92,-4.6687357e-09,2.6746565e-07,8.4580066e-08,10
3.775,0.02445457,2,1000,2293.76,3.2558905e-08,2.3146984e-07,7.3197189e-08,10
3.775,0.02445457,2,1000,2457.6,2.0593326e-08,1.6867842e-07,5.3340799e-08,10
3.775,0.02445457,2,1000,2621.44,2.215665e-08,1.7008991e-07,5.3787153e-08,10
3.775,0.02445457,2,1000,2949.12,4.1668285e-08,1.4694356e-07,4.6467635e-08,10
3.775,0.02445457,2,1000,3276.8,3.3789302e-08,1.9557805e-07,6.1847209e-08,10
3.775,0.02445457,2,1000,3604.48,1.1714408e-07,1.790818e-07,5.6630636e-08,10
3.775,0.02445457,2,1000,3932.16,1.3231296e-07,2.0636179e-07,6.5257327e-08,10
3.775,0.02445457,2,1000,4259.84,2.8789632e-09,3.0156075e-07,9.5361882e-08,10
3.775,0.02445457,2,1000,4587.52,-9.4558196e-08,2.7436622e-07,8.6762217e-08,10
3.775,0.02445457,2,1000,4915.2,-8.6087982e-08,2.0073694e-07,6.3478594e-08,10
3.775,0.02445457,2,1000,5242.88,-8.8035879e-08,1.3639428e-07,4.3131659e-08,10
3.775,0.02445457,2,1000,5898.24,-5.9377963e-12,2.9588872e-07,9.356823e-08,10
3.775,0.02445457,2,1000,6553.6,-2.2584023e-08,1.5082668e-07,4.7695583e-08,10
3.775,0.02445457,2,1000,7208.96,2.4489493e-08,1.6217615e-07,5.1284602e-08,10
3.775,0.02445457,2,1000,7864.32,-4.1298427e-08,2.6703838e-07,8.444495e-08,10
3.775,0.02445457,2,1000,8519.68,-1.8945257e-07,3.1018558e-07,9.8089292e-08,10
3.775,0.02445457,2,1000,9175.04,8.7061026e-08,2.4657717e-07,7.7974548e-08,10
3.775,0.0182283,2,1000,0,2.1546702e-06,2.2832853e-07,7.2203821e-08,10
3.775,0.0182283,2,1000,0.01,2.1540628e-06,2.2833274e-07,7.2205153e-08,10
3.775,0.0182283,2,1000,0.02,2.1522472e-06,2.2834424e-07,7.2208788e-08,10
3.775,0.0182283,2,1000,0.03,2.1492276e-06,2.2836298e-07,7.2214715e-08,10
3.775,0.0182283,2,1000,0.04,2.1450108e-06,2.2838894e-07,7.2222924e-08,10
3.775,0.0182283,2,1000,0.05,2.1396065e-06,2.2842205e-07,7.2233395e-08,10
3.775,0.0182283,2,1000,0.06,2.1330268e-06,2.2846224e-07,7.2246102e-08,10
3.775,0.0182283,2,1000,0.07,2.1252865e-06,2.285094e-07,7.2261018e-08,10
3.775,0.0182283,2,1000,0.08,2.1164029e-06,2.2856344e-07,7.2278107e-08,10
3.775,0.0182283,2,1000,0.09,2.1063959e-06,2.2862423e-07,7.229733e-08,10
3.775,0.0182283,2,1000,0.1,2.0952878e-06,2.2869164e-07,7.2318647e-08,10
3.775,0.0182283,2,1000,0.11,2.0831032e-06,2.2876551e-07,7.2342008e-08,10
3.775,0.0182283,2,1000,0.12,2.0698689e-06,2.2884568e-07,7.2367359e-08,10
3.775,0.0182283,2,1000,0.13,2.0556141e-06,2.2893197e-07,7.2394644e-08,10
3.775,0.0182283,2,1000,0.14,2.04037e-06,2.2902417e-07,7.2423801e-08,10
3.775,0.0182283,2,1000,0.15,2.0241697e-06,2.2912209e-07,7.2454768e-08,10
3.775,0.0182283,2,1000,0.16,2.0068273e-06,2.2922679e-07,7.2487876e-08,10
3.775,0.0182283,2,1000,0.18,1.9699904e-06,2.2944906e-07,7.2558162e-08,10
3.775,0.0182283,2,1000,0.2,1.9299349e-06,2.296904e-07,7.2634483e-08,10
3.775,0.0182283,2,1000,0.22,1.8869987e-06,2.2994872e-07,7.2716169e-08,10
3.775,0.0182283,2,1000,0.24,1.8415393e-06,2.3022176e-07,7.2802511e-08,10
3.775,0.0182283,2,1000,0.26,1.7939298e-06,2.3050717e-07,7.2892768e-08,10
3.775,0.0182283,2,1000,0.28,1.7445547e-06,2.3080254e-07,7.2986171e-08,10
3.775,0.0182283,2,1000,0.3,1.6938058e-06,2.311054e-07,7.3081944e-08,10
3.775,0.0182283,2,1000,0.32,1.6419314e-06,2.3141308e-07,7.3179242e-08,10
3.775,0.0182283,2,1000,0.36,1.537303e-06,2.320329e-07,7.3375245e-08,10
3.775,0.0182283,2,1000,0.4,1.433388e-06,2.3264378e-07,7.3568422e-08,10
3.775,0.0182283,2,1000,0.44,1.3330541e-06,2.3322813e-07,7.375321e-08,10
3.775,0.0182283,2,1000,0.48,1.2388698e-06,2.3377071e-07,7.3924791e-08,10
3.775,0.0182283,2,1000,0.52,1.1530204e-06,2.3425923e-07,7.4079272e-08,10
3.775,0.0182283,2,1000,0.56,1.0772444e-06,2.3468474e-07,7.4213832e-08,10
3.775,0.0182283,2,1000,0.6,1.012794e-06,2.3504203e-07,7.4326815e-08,10
3.775,0.0182283,2,1000,0.64,9.6349959e-07,2.3531246e-07,7.4412332e-08,10
3.775,0.0182283,2,1000,0.72,8.9528841e-07,2.3569232e-07,7.4532454e-08,10
3.775,0.0182283,2,1000,0.8,8.7216838e-07,2.3585682e-07,7.4584475e-08,10
3.775,0.0182283,2,1000,0.88,8.8506752e-07,2.3588617e-07,7.4593758e-08,10
3.775,0.0182283,2,1000,0.96,9.2133731e-07,2.3586877e-07,7.4588255e-08,10
3.775,0.0182283,2,1000,1.04,9.6721569e-07,2.3588044e-07,7.4591944e-08,10
3.775,0.0182283,2,1000,1.12,1.0101288e-06,2.3596748e-07,7.4619468e-08,10
3.775,0.0182283,2,1000,1.2,1.0405116e-06,2.3613683e-07,7.4673023e-08,10
3.775,0.0182283,2,1000,1.28,1.0481846e-06,2.3634567e-07,7.4739063e-08,10
3.775,0.0182283,2,1000,1.44,1.0212189e-06,2.3659583e-07,7.4818172e-08,10
3.775,0.0182283,2,1000,1.6,9.5539251e-07,2.3610534e-07,7.4663066e-08,10
3.775,0.0182283,2,1000,1.76,8.9816497e-07,2.3455318e-07,7.4172227e-08,10
3.775,0.0182283,2,1000,1.92,8.7352239e-07,2.3234711e-07,7.3474606e-08,10
3.775,0.0182283,2,1000,2.08,8.6851433e-07,2.3048499e-07,7.2885752e-08,10
3.775,0.0182283,2,1000,2.24,8.5470183e-07,2.2991437e-07,7.2705307e-08,10
3.775,0.0182283,2,1000,2.4,8.2048387e-07,2.3086533e-07,7.3006028e-08,10
3.775,0.0182283,2,1000,2.56,7.9210165e-07,2.3249983e-07,7.3522901e-08,10
3.775,0.0182283,2,1000,2.88,8.3925363e-07,2.3332686e-07,7.378443e-08,10
3.775,0.0182283,2,1000,3.2,1.0202921e-06,2.2910825e-07,7.2450389e-08,10
3.775,0.0182283,2,1000,3.52,1.1291361e-06,2.2458028e-07,7.101852e-08,10
3.775,0.0182283,2,1000,3.84,1.128518e-06,2.2404501e-07,7.0849254e-08,10
3.775,0.0182283,2,1000,4.16,1.1391287e-06,2.2810138e-07,7.2131991e-08,10
3.775,0.0182283,2,1000,4.48,1.1253653e-06,2.3388608e-07,7.3961272e-08,10
3.775,0.0182283,2,1000,4.8,1.0626106e-06,2.3642792e-07,7.4765072e-08,10
3.775,0.0182283,2,1000,5.12,1.0574248e-06,2.3430501e-07,7.409375e-08,10
3.775,0.0182283,2,1000,5.76,9.605839e-07,2.3461109e-07,7.4190541e-08,10
3.775,0.0182283,2,1000,6.4,8.5645113e-07,2.341311e-07,7.4038755e-08,10
3.775,0.0182283,2,1000,7.04,9.1006629e-07,2.2785831e-07,7.2055125e-08,10
3.775,0.0182283,2,1000,7.68,9.4802583e-07,2.2632697e-07,7.1570871e-08,10
3.775,0.0182283,2,1000,8.32,1.021159e-06,2.280657e-07,7.2120707e-08,10
3.775,0.0182283,2,1000,8.96,1.0337757e-06,2.3118301e-07,7.3106487e-08,10
3.775,0.0182283,2,1000,9.6,9.8785196e-07,2.3473329e-07,7.4229183e-08,10
3.775,0.0182283,2,1000,10.24,9.3751248e-07,2.325764e-07,7.3547116e-08,10
3.775,0.0182283,2,1000,11.52,9.133514e-07,2.3350158e-07,7.3839683e-08,10
3.775,0.0182283,2,1000,12.8,9.5809927e-07,2.3065599e-07,7.2939827e-08,10
3.775,0.0182283,2,1000,14.08,9.3808361e-07,2.3439768e-07,7.4123056e-08,10
3.775,0.0182283,2,1000,15.36,8.9722443e-07,2.3645213e-07,7.4772729e-08,10
3.775,0.0182283,2,1000,16.64,9.1279832e-07,2.3119382e-07,7.3109904e-08,10
3.775,0.0182283,2,1000,17.92,9.1899969e-07,2.3105837e-07,7.3067073e-08,10
3.775,0.0182283,2,1000,19.2,8.9048495e-07,2.3223388e-07,7.3438802e-08,10
3.775,0.0182283,2,1000,20.48,8.8660594e-07,2.3406322e-07,7.4017288e-08,10
3.775,0.0182283,2,1000,23.04,8.8115939e-07,2.322813e-07,7.3453797e-08,10
3.775,0.0182283,2,1000,25.6,8.6248522e-07,2.3526185e-07,7.4396329e-08,10
3.775,0.0182283,2,1000,28.16,8.5363841e-07,2.3145182e-07,7.3191492e-08,10
3.775,0.0182283,2,1000,30.72,8.4114188e-07,2.3359131e-07,7.3868057e-08,10
3.775,0.0182283,2,1000,33.28,8.3042346e-07,2.3327162e-07,7.3766964e-08,10
3.775,0.0182283,2,1000,35.84,8.1810468e-07,2.3213951e-07,7.3408958e-08,10
3.775,0.0182283,2,1000,38.4,8.1127766e-07,2.323494e-07,7.3475333e-08,10
3.775,0.0182283,2,1000,40.96,8.0011107e-07,2.3196439e-07,7.335358e-08,10
3.775,0.0182283,2,1000,46.08,7.7996395e-07,2.2887989e-07,7.2378176e-08,10
3.775,0.0182283,2,1000,51.2,7.6158208e-07,2.2442244e-07,7.0968608e-08,10
3.775,0.0182283,2,1000,56.32,7.4350406e-07,2.2176745e-07,7.0129024e-08,10
3.775,0.0182283,2,1000,61.44,7.2571643e-07,2.1921401e-07,6.9321557e-08,10
3.775,0.0182283,2,1000,66.56,7.0728752e-07,2.1690934e-07,6.8592757e-08,10
3.775,0.0182283,2,1000,71.68,6.8940084e-07,2.163526e-07,6.8416699e-08,10
3.775,0.0182283,2,1000,76.8,6.7486776e-07,2.1549656e-07,6.8145995e-08,10
3.775,0.0182283,2,1000,81.92,6.6112926e-07,2.126804e-07,6.7255447e-08,10
3.775,0.0182283,2,1000,92.16,6.3245745e-07,2.0964657e-07,6.6296067e-08,10
3.775,0.0182283,2,1000,102.4,6.052794e-07,2.0460601e-07,6.47021e-08,10
3.775,0.0182283,2,1000,112.64,5.7952311e-07,2.0095134e-07,6.3546393e-08,10
3.775,0.0182283,2,1000,122.88,5.5390543e-07,1.9662526e-07,6.2178368e-08,10
3.775,0.0182283,2,1000,133.12,5.2803867e-07,1.9340026e-07,6.1158533e-08,10
3.775,0.0182283,2,1000,143.36,5.0354827e-07,1.8906066e-07,5.9786229e-08,10
3.775,0.0182283,2,1000,153.6,4.8532741e-07,1.8399155e-07,5.8183236e-08,10
3.775,0.0182283,2,1000,163.84,4.6619108e-07,1.7951753e-07,5.6768426e-08,10
3.775,0.0182283,2,1000,184.32,4.2967648e-07,1.6852005e-07,5.3290719e-08,10
3.775,0.0182283,2,1000,204.8,3.9871168e-07,1.6169288e-07,5.1131779e-08,10
3.775,0.0182283,2,1000,225.28,3.7064435e-07,1.5247546e-07,4.8216975e-08,10
3.775,0.0182283,2,1000,245.76,3.4616509e-07,1.4671389e-07,4.6395004e-08,10
3.775,0.0182283,2,1000,266.24,3.274419e-07,1.399868e-07,4.4267713e-08,10
3.775,0.0182283,2,1000,286.72,3.0583122e-07,1.3397706e-07,4.2367268e-08,10
3.775,0.0182283,2,1000,307.2,2.8115415e-07,1.2590636e-07,3.9815088e-08,10
3.775,0.0182283,2,1000,327.68,2.5973236e-07,1.2524212e-07,3.9605036e-08,10
3.775,0.0182283,2,1000,368.64,2.2812512e-07,1.2662871e-07,4.0043513e-08,10
3.775,0.0182283,2,1000,409.6,1.9360823e-07,1.2531363e-07,3.9627651e-08,10
3.775,0.0182283,2,1000,450.56,1.5827467e-07,1.3568285e-07,4.2906684e-08,10
3.775,0.0182283,2,1000,491.52,1.2293292e-07,1.4457852e-07,4.5719743e-08,10
3.775,0.0182283,2,1000,532.48,9.3064513e-08,1.4861258e-07,4.6995424e-08,10
3.775,0.0182283,2,1000,573.44,7.1575848e-08,1.5712116e-07,4.9686074e-08,10
3.775,0.0182283,2,1000,614.4,5.2071236e-08,1.6137008e-07,5.10297e-08,10
3.775,0.0182283,2,1000,655.36,4.5403322e-08,1.5003565e-07,4.744544e-08,10
3.775,0.0182283,2,1000,737.28,2.8739146e-08,1.3193736e-07,4.1722258e-08,10
3.775,0.0182283,2,1000,819.2,2.0560866e-08,1.3083763e-07,4.1374491e-08,10
3.775,0.0182283,2,1000,901.12,3.7453204e-08,1.2523398e-07,3.9602461e-08,10
3.775,0.0182283,2,1000,983.04,5.9880785e-08,1.2473889e-07,3.9445899e-08,10
3.775,0.0182283,2,1000,1064.96,6.7069083e-08,1.135461e-07,3.590643e-08,10
3.775,0.0182283,2,1000,1146.88,5.1679354e-08,1.1125293e-07,3.5181265e-08,10
3.775,0.0182283,2,1000,1228.8,4.1069652e-08,1.1291837e-07,3.5707923e-08,10
3.775,0.0182283,2,1000,1310.72,4.0085308e-08,1.1393571e-07,3.6029636e-08,10
3.775,0.0182283,2,1000,1474.56,2.613882e-08,1.1467583e-07,3.6263681e-08,10
3.775,0.0182283,2,1000,1638.4,-1.5168165e-08,1.0921376e-07,3.4536424e-08,10
3.775,0.0182283,2,1000,1802.24,-5.5282318e-08,1.0618428e-07,3.3578419e-08,10
3.775,0.0182283,2,1000,1966.08,-6.5664001e-08,1.6156042e-07,5.1089892e-08,10
3.775,0.0182283,2,1000,2129.92,-4.580691e-08,1.5239419e-07,4.8191275e-08,10
3.775,0.0182283,2,1000,2293.76,-2.4363251e-08,1.7557313e-07,5.55211e-08,10
3.775,0.0182283,2,1000,2457.6,-2.2142117e-08,1.6551047e-07,5.2339005e-08,10
3.775,0.0182283,2,1000,2621.44,-4.8802094e-08,1.0161663e-07,3.2134e-08,10
3.775,0.0182283,2,1000,2949.12,-8.2398702e-08,1.2489343e-07,3.9494771e-08,10
3.775,0.0182283,2,1000,3276.8,-7.7868491e-08,1.5825676e-07,5.0045183e-08,10
3.775,0.0182283,2,1000,3604.48,-8.271007e-08,1.9328109e-07,6.1120847e-08,10
3.775,0.0182283,2,1000,3932.16,-1.1028721e-07,1.5589413e-07,4.9298053e-08,10
3.775,0.0182283,2,1000,4259.84,-7.0957308e-08,1.5977922e-07,5.0526625e-08,10
3.775,0.0182283,2,1000,4587.52,-6.9716122e-08,2.7377365e-07,8.6574829e-08,10
3.775,0.0182283,2,1000,4915.2,-1.2869166e-07,2.9253862e-07,9.2508834e-08,10
3.775,0.0182283,2,1000,5242.88,-8.1678015e-08,2.2217564e-07,7.0258106e-08,10
3.775,0.0182283,2,1000,5898.24,2.6180581e-08,2.4550876e-07,7.7636688e-08,10
3.775,0.0182283,2,1000,6553.6,-1.8805009e-08,1.6287489e-07,5.1505563e-08,10
3.775,0.0182283,2,1000,7208.96,7.5625326e-08,2.5128853e-07,7.9464411e-08,10
3.775,0.0182283,2,1000,7864.32,1.2161419e-07,2.6328389e-07,8.3257675e-08,10
3.775,0.0182283,2,1000,8519.68,6.5636341e-08,4.4987059e-07,1.4226157e-07,10
3.775,0.0182283,2,1000,9175.04,2.0480105e-07,6.8319421e-07,2.1604498e-07,10
3.775,0.01531428,3,1000,0,1.557487e-06,1.6084272e-07,5.0862933e-08,10
3.775,0.01531428,3,1000,0.01,1.557027e-06,1.6084288e-07,5.0862985e-08,10
3.775,0.01531428,3,1000,0.02,1.5556503e-06,1.6084251e-07,5.0862869e-08,10
3.775,0.01531428,3,1000,0.03,1.5533599e-06,1.6084163e-07,5.0862588e-08,10
3.775,0.01531428,3,1000,0.04,1.5501609e-06,1.6084024e-07,5.0862149e-08,10
3.775,0.01531428,3,1000,0.05,1.5460604e-06,1.6083838e-07,5.0861563e-08,10
3.775,0.01531428,3,1000,0.06,1.5410673e-06,1.6083611e-07,5.0860845e-08,10
3.775,0.01531428,3,1000,0.07,1.5351926e-06,1.6083348e-07,5.0860012e-08,10
3.775,0.01531428,3,1000,0.08,1.5284492e-06,1.6083055e-07,5.0859085e-08,10
3.775,0.01531428,3,1000,0.09,1.5208516e-06,1.6082739e-07,5.0858087e-08,10
3.775,0.01531428,3,1000,0.1,1.5124164e-06,1.608241e-07,5.0857046e-08,10
3.775,0.01531428,3,1000,0.11,1.5031618e-06,1.6082076e-07,5.0855988e-08,10
3.775,0.01531428,3,1000,0.12,1.4931078e-06,1.6081746e-07,5.0854946e-08,10
3.775,0.01531428,3,1000,0.13,1.4822761e-06,1.6081432e-07,5.0853952e-08,10
3.775,0.01531428,3,1000,0.14,1.4706897e-06,1.6081144e-07,5.0853042e-08,10
3.775,0.01531428,3,1000,0.15,1.4583733e-06,1.6080894e-07,5.0852252e-08,10
3.775,0.01531428,3,1000,0.16,1.4451841e-06,1.6080708e-07,5.0851663e-08,10
3.775,0.01531428,3,1000,0.18,1.4171584e-06,1.6080517e-07,5.085106e-08,10
3.775,0.01531428,3,1000,0.2,1.3866649e-06,1.6080684e-07,5.0851587e-08,10
3.775,0.01531428,3,1000,0.22,1.3539565e-06,1.6081316e-07,5.0853587e-08,10
3.775,0.01531428,3,1000,0.24,1.3193011e-06,1.6082523e-07,5.0857405e-08,10
3.775,0.01531428,3,1000,0.26,1.2829788e-06,1.6084415e-07,5.0863385e-08,10
3.775,0.01531428,3,1000,0.28,1.2452794e-06,1.6087095e-07,5.087186e-08,10
3.775,0.01531428,3,1000,0.3,1.2064984e-06,1.6090663e-07,5.0883144e-08,10
3.775,0.01531428,3,1000,0.32,1.1668143e-06,1.609547e-07,5.0898345e-08,10
3.775,0.01531428,3,1000,0.36,1.0866786e-06,1.6107872e-07,5.0937565e-08,10
3.775,0.01531428,3,1000,0.4,1.0069377e-06,1.6125038e-07,5.0991848e-08,10
3.775,0.01531428,3,1000,0.44,9.2979342e-07,1.6147299e-07,5.1062243e-08,10
3.775,0.01531428,3,1000,0.48,8.5723544e-07,1.617476e-07,5.1149082e-08,10
3.775,0.01531428,3,1000,0.52,7.909753e-07,1.6207296e-07,5.125197e-08,10
3.775,0.01531428,3,1000,0.56,7.3239592e-07,1.6244554e-07,5.1369791e-08,10
3.775,0.01531428,3,1000,0.6,6.825177e-07,1.6285961e-07,5.150073e-08,10
3.775,0.01531428,3,1000,0.64,6.4438236e-07,1.6331226e-07,5.1643871e-08,10
3.775,0.01531428,3,1000,0.72,5.9187914e-07,1.6426141e-07,5.1944019e-08,10
3.775,0.01531428,3,1000,0.8,5.7502044e-07,1.6520644e-07,5.2242862e-08,10
3.775,0.01531428,3,1000,0.88,5.871297e-07,1.660331e-07,5.2504276e-08,10
3.775,0.01531428,3,1000,0.96,6.1850362e-07,1.666232e-07,5.2690883e-08,10
3.775,0.01531428,3,1000,1.04,6.5827182e-07,1.6687486e-07,5.2770464e-08,10
3.775,0.01531428,3,1000,1.12,6.9620596e-07,1.6672538e-07,5.2723195e-08,10
3.775,0.01531428,3,1000,1.2,7.2422186e-07,1.6617029e-07,5.254766e-08,10
3.775,0.01531428,3,1000,1.28,7.3331605e-07,1.6521253e-07,5.2244788e-08,10
3.775,0.01531428,3,1000,1.44,7.1426973e-07,1.6296643e-07,5.1534511e-08,10
3.775,0.01531428,3,1000,1.6,6.5744563e-07,1.6102923e-07,5.0921912e-08,10
3.775,0.01531428,3,1000,1.76,6.0226812e-07,1.6023031e-07,5.0669274e-08,10
3.775,0.01531428,3,1000,1.92,5.7247976e-07,1.6062457e-07,5.0793949e-08,10
3.775,0.01531428,3,1000,2.08,5.6183572e-07,1.6163284e-07,5.1112792e-08,10
3.775,0.01531428,3,1000,2.24,5.4801066e-07,1.6251424e-07,5.1391514e-08,10
3.775,0.01531428,3,1000,2.4,5.1834271e-07,1.6282927e-07,5.1491137e-08,10
3.775,0.01531428,3,1000,2.56,4.8891594e-07,1.6257141e-07,5.1409595e-08,10
3.775,0.01531428,3,1000,2.88,5.0930897e-07,1.621246e-07,5.1268301e-08,10
3.775,0.01531428,3,1000,3.2,6.517659e-07,1.6222533e-07,5.1300152e-08,10
3.775,0.01531428,3,1000,3.52,7.4919791e-07,1.6144225e-07,5.1052523e-08,10
3.775,0.01531428,3,1000,3.84,7.4672868e-07,1.5990563e-07,5.05666e-08,10
3.775,0.01531428,3,1000,4.16,7.6277939e-07,1.5994581e-07,5.0579305e-08,10
3.775,0.01531428,3,1000,4.48,7.9082634e-07,1.6230078e-07,5.1324012e-08,10
3.775,0.01531428,3,1000,4.8,7.7044115e-07,1.6501682e-07,5.2182899e-08,10
3.775,0.01531428,3,1000,5.12,7.6427503e-07,1.6490414e-07,5.2147268e-08,10
3.775,0.01531428,3,1000,5.76,6.8928736e-07,1.6255754e-07,5.1405207e-08,10
3.775,0.01531428,3,1000,6.4,5.8767673e-07,1.6413025e-07,5.1902541e-08,10
3.775,0.01531428,3,1000,7.04,5.879075e-07,1.625354e-07,5.1398208e-08,10
3.775,0.01531428,3,1000,7.68,5.8895095e-07,1.6286872e-07,5.1503611e-08,10
3.775,0.01531428,3,1000,8.32,6.6523278e-07,1.6327455e-07,5.1631947e-08,10
3.775,0.01531428,3,1000,8.96,7.1474402e-07,1.6252217e-07,5.1394023e-08,10
3.775,0.01531428,3,1000,9.6,7.1284561e-07,1.6533333e-07,5.2282991e-08,10
3.775,0.01531428,3,1000,10.24,6.7926182e-07,1.6108699e-07,5.0940179e-08,10
3.775,0.01531428,3,1000,11.52,6.0786849e-07,1.6219528e-07,5.1290652e-08,10
3.775,0.01531428,3,1000,12.8,6.3211544e-07,1.6444905e-07,5.2003356e-08,10
3.775,0.01531428,3,1000,14.08,6.6573146e-07,1.6498144e-07,5.2171712e-08,10
3.775,0.01531428,3,1000,15.36,6.3049903e-07,1.6148933e-07,5.106741e-08,10
3.775,0.01531428,3,1000,16.64,6.0609902e-07,1.6441609e-07,5.1992932e-08,10
3.775,0.01531428,3,1000,17.92,6.2949935e-07,1.6504275e-07,5.2191099e-08,10
3.775,0.01531428,3,1000,19.2,6.3226484e-07,1.6390897e-07,5.1832566e-08,10
3.775,0.01531428,3,1000,20.48,6.1100781e-07,1.6471805e-07,5.2088422e-08,10
3.775,0.01531428,3,1000,23.04,6.1126126e-07,1.6600945e-07,5.2496799e-08,10
3.775,0.01531428,3,1000,25.6,5.9743771e-07,1.6529164e-07,5.2269805e-08,10
3.775,0.01531428,3,1000,28.16,5.9543615e-07,1.675828e-07,5.2994335e-08,10
3.775,0.01531428,3,1000,30.72,5.8482604e-07,1.6435705e-07,5.1974263e-08,10
3.775,0.01531428,3,1000,33.28,5.788962e-07,1.6572506e-07,5.2406866e-08,10
3.775,0.01531428,3,1000,35.84,5.7096179e-07,1.6372509e-07,5.1774418e-08,10
3.775,0.01531428,3,1000,38.4,5.6299585e-07,1.6458169e-07,5.2045301e-08,10
3.775,0.01531428,3,1000,40.96,5.5809851e-07,1.6389048e-07,5.1826721e-08,10
3.775,0.01531428,3,1000,46.08,5.4497436e-07,1.6493125e-07,5.215584e-08,10
3.775,0.01531428,3,1000,51.2,5.3310521e-07,1.6503816e-07,5.2189649e-08,10
3.775,0.01531428,3,1000,56.32,5.2203085e-07,1.6644714e-07,5.2635209e-08,10
3.775,0.01531428,3,1000,61.44,5.1151259e-07,1.6475084e-07,5.2098789e-08,10
3.775,0.01531428,3,1000,66.56,5.0066769e-07,1.6505873e-07,5.2196154e-08,10
3.775,0.01531428,3,1000,71.68,4.9126539e-07,1.6509461e-07,5.22075e-08,10
3.775,0.01531428,3,1000,76.8,4.8123534e-07,1.6579002e-07,5.2427407e-08,10
3.775,0.01531428,3,1000,81.92,4.7185815e-07,1.6458236e-07,5.2045513e-08,10
3.775,0.01531428,3,1000,92.16,4.5471411e-07,1.6247877e-07,5.1380299e-08,10
3.775,0.01531428,3,1000,102.4,4.3868241e-07,1.6157804e-07,5.1095463e-08,10
3.775,0.01531428,3,1000,112.64,4.2161251e-07,1.5976081e-07,5.0520803e-08,10
3.775,0.01531428,3,1000,122.88,4.0700189e-07,1.5858145e-07,5.0147856e-08,10
3.775,0.01531428,3,1000,133.12,3.9219344e-07,1.5784781e-07,4.9915861e-08,10
3.775,0.01531428,3,1000,143.36,3.7842779e-07,1.5768252e-07,4.9863591e-08,10
3.775,0.01531428,3,1000,153.6,3.6811229e-07,1.566064e-07,4.9523292e-08,10
3.775,0.01531428,3,1000,163.84,3.5618985e-07,1.5370467e-07,4.8605685e-08,10
3.775,0.01531428,3,1000,184.32,3.3086553e-07,1.5041699e-07,4.7566028e-08,10
3.775,0.01531428,3,1000,204.8,3.1055274e-07,1.4799337e-07,4.6799613e-08,10
3.775,0.01531428,3,1000,225.28,2.9154324e-07,1.4587688e-07,4.613032e-08,10
3.775,0.01531428,3,1000,245.76,2.7346653e-07,1.4127859e-07,4.4676211e-08,10
3.775,0.01531428,3,1000,266.24,2.6005311e-07,1.4144564e-07,4.4729038e-08,10
3.775,0.01531428,3,1000,286.72,2.4849548e-07,1.404475e-07,4.44134e-08,10
3.775,0.01531428,3,1000,307.2,2.3615606e-07,1.4007833e-07,4.4296656e-08,10
3.775,0.01531428,3,1000,327.68,2.2993354e-07,1.3876445e-07,4.3881173e-08,10
3.775,0.01531428,3,1000,368.64,2.2006801e-07,1.3504805e-07,4.2705943e-08,10
3.775,0.01531428,3,1000,409.6,2.0606994e-07,1.3192143e-07,4.1717218e-08,10
3.775,0.01531428,3,1000,450.56,1.8984061e-07,1.2701692e-07,4.0166277e-08,10
3.775,0.01531428,3,1000,491.52,1.7270358e-07,1.2302359e-07,3.8903475e-08,10
3.775,0.01531428,3,1000,532.48,1.5893487e-07,1.2279293e-07,3.8830535e-08,10
3.775,0.01531428,3,1000,573.44,1.4354979e-07,1.2288708e-07,3.8860307e-08,10
3.775,0.01531428,3,1000,614.4,1.3173079e-07,1.2358407e-07,3.9080715e-08,10
3.775,0.01531428,3,1000,655.36,1.2417686e-07,1.1748787e-07,3.7152927e-08,10
3.775,0.01531428,3,1000,737.28,1.1456304e-07,1.0762483e-07,3.4033958e-08,10
3.775,0.01531428,3,1000,819.2,1.0155969e-07,9.7716711e-08,3.0900737e-08,10
3.775,0.01531428,3,1000,901.12,7.9485627e-08,1.0311709e-07,3.2608487e-08,10
3.775,0.01531428,3,1000,983.04,7.1087896e-08,1.2126721e-07,3.834806e-08,10
3.775,0.01531428,3,1000,1064.96,6.5898111e-08,1.2377682e-07,3.9141666e-08,10
3.775,0.01531428,3,1000,1146.88,4.7748819e-08,1.2443818e-07,3.9350807e-08,10
3.775,0.01531428,3,1000,1228.8,3.8941266e-08,1.1632414e-07,3.6784922e-08,10
3.775,0.01531428,3,1000,1310.72,3.3067563e-08,1.1353939e-07,3.5904308e-08,10
3.775,0.01531428,3,1000,1474.56,3.3694337e-08,1.395945e-07,4.4143657e-08,10
3.775,0.01531428,3,1000,1638.4,5.1321501e-08,1.4496641e-07,4.5842405e-08,10
3.775,0.01531428,3,1000,1802.24,5.0679885e-08,1.8229464e-07,5.7646627e-08,10
3.775,0.01531428,3,1000,1966.08,5.5805241e-08,1.7476571e-07,5.5265769e-08,10
3.775,0.01531428,3,1000,2129.92,4.9739649e-08,1.6030661e-07,5.0693401e-08,10
3.775,0.01531428,3,1000,2293.76,6.5829621e-08,1.5053549e-07,4.7603503e-08,10
3.775,0.01531428,3,1000,2457.6,5.1669091e-08,1.4001922e-07,4.4277964e-08,10
3.775,0.01531428,3,1000,2621.44,4.5861298e-08,1.4934486e-07,4.722699e-08,10
3.775,0.01531428,3,1000,2949.12,9.3848432e-08,8.5678524e-08,2.7093928e-08,10
3.775,0.01531428,3,1000,3276.8,1.2865404e-07,1.0208698e-07,3.2282737e-08,10
3.775,0.01531428,3,1000,3604.48,9.5125501e-08,1.0837382e-07,3.4270812e-08,10
3.775,0.01531428,3,1000,3932.16,9.7188126e-08,9.6986181e-08,3.0669723e-08,10
3.775,0.01531428,3,1000,4259.84,8.4508122e-08,1.2186984e-07,3.8538628e-08,10
3.775,0.01531428,3,1000,4587.52,7.7193198e-08,1.7113331e-07,5.4117105e-08,10
3.775,0.01531428,3,1000,4915.2,7.6047176e-08,2.21445e-07,7.0027059e-08,10
3.775,0.01531428,3,1000,5242.88,8.8951642e-08,1.9427709e-07,6.1435811e-08,10
3.775,0.01531428,3,1000,5898.24,7.6522576e-08,1.9102104e-07,6.0406155e-08,10
3.775,0.01531428,3,1000,6553.6,5.4219571e-08,2.3776212e-07,7.5186985e-08,10
3.775,0.01531428,3,1000,7208.96,1.2433546e-07,1.8782575e-07,5.9395718e-08,10
3.775,0.01531428,3,1000,7864.32,1.2276141e-07,1.9833558e-07,6.2719218e-08,10
3.775,0.01531428,3,1000,8519.68,5.4873822e-08,3.0884106e-07,9.7664118e-08,10
3.775,0.01531428,3,1000,9175.04,4.7466529e-08,4.5286942e-07,1.4320989e-07,10
3.775,0.01305204,3,2154.43,0,1.2538688e-06,1.0637334e-07,3.3638204e-08,10
3.775,0.01305204,3,2154.43,0.01,1.253516e-06,1.0637299e-07,3.3638094e-08,10
3.775,0.01305204,3,2154.43,0.02,1.2524599e-06,1.0637214e-07,3.3637823e-08,10
3.775,0.01305204,3,2154.43,0.03,1.2507028e-06,1.0637077e-07,3.3637392e-08,10
3.775,0.01305204,3,2154.43,0.04,1.2482484e-06,1.0636891e-07,3.3636804e-08,10
3.775,0.01305204,3,2154.43,0.05,1.2451022e-06,1.0636656e-07,3.3636061e-08,10
3.775,0.01305204,3,2154.43,0.06,1.2412708e-06,1.0636374e-07,3.3635167e-08,10
3.775,0.01305204,3,2154.43,0.07,1.2367624e-06,1.0636045e-07,3.3634128e-08,10
3.775,0.01305204,3,2154.43,0.08,1.2315868e-06,1.0635672e-07,3.3632948e-08,10
3.775,0.01305204,3,2154.43,0.09,1.2257549e-06,1.0635256e-07,3.3631634e-08,10
3.775,0.01305204,3,2154.43,0.1,1.2192792e-06,1.0634801e-07,3.3630193e-08,10
3.775,0.01305204,3,2154.43,0.11,1.2121734e-06,1.0634307e-07,3.3628632e-08,10
3.775,0.01305204,3,2154.43,0.12,1.2044526e-06,1.0633778e-07,3.362696e-08,10
3.775,0.01305204,3,2154.43,0.13,1.1961331e-06,1.0633217e-07,3.3625185e-08,10
3.775,0.01305204,3,2154.43,0.14,1.1872324e-06,1.0632627e-07,3.3623318e-08,10
3.775,0.01305204,3,2154.43,0.15,1.1777691e-06,1.063201e-07,3.3621367e-08,10
3.775,0.01305204,3,2154.43,0.16,1.1676326e-06,1.0631364e-07,3.3619325e-08,10
3.775,0.01305204,3,2154.43,0.18,1.1460875e-06,1.0630031e-07,3.3615109e-08,10
3.775,0.01305204,3,2154.43,0.2,1.1226344e-06,1.0628648e-07,3.3610737e-08,10
3.775,0.01305204,3,2154.43,0.22,1.0974653e-06,1.0627246e-07,3.3606303e-08,10
3.775,0.01305204,3,2154.43,0.24,1.0707837e-06,1.0625855e-07,3.3601905e-08,10
3.775,0.01305204,3,2154.43,0.26,1.0428031e-06,1.0624507e-07,3.3597642e-08,10
3.775,0.01305204,3,2154.43,0.28,1.0137443e-06,1.0623232e-07,3.3593609e-08,10
3.775,0.01305204,3,2154.43,0.3,9.8383312e-07,1.062206e-07,3.3589902e-08,10
3.775,0.01305204,3,2154.43,0.32,9.5320007e-07,1.0621055e-07,3.3586726e-08,10
3.775,0.01305204,3,2154.43,0.36,8.9128976e-07,1.0619488e-07,3.358177e-08,10
3.775,0.01305204,3,2154.43,0.4,8.2959883e-07,1.0618737e-07,3.3579395e-08,10
3.775,0.01305204,3,2154.43,0.44,7.6983253e-07,1.0618938e-07,3.3580029e-08,10
3.775,0.01305204,3,2154.43,0.48,7.1354214e-07,1.0620168e-07,3.358392e-08,10
3.775,0.01305204,3,2154.43,0.52,6.6207354e-07,1.0622443e-07,3.3591113e-08,10
3.775,0.01305204,3,2154.43,0.56,6.1652694e-07,1.062571e-07,3.3601445e-08,10
3.775,0.01305204,3,2154.43,0.6,5.777287e-07,1.0629854e-07,3.3614551e-08,10
3.775,0.01305204,3,2154.43,0.64,5.4809838e-07,1.0634784e-07,3.363014e-08,10
3.775,0.01305204,3,2154.43,0.72,5.0753732e-07,1.0645468e-07,3.3663927e-08,10
3.775,0.01305204,3,2154.43,0.8,4.9525137e-07,1.0655695e-07,3.3696265e-08,10
3.775,0.01305204,3,2154.43,0.88,5.062649e-07,1.06629e-07,3.3719051e-08,10
3.775,0.01305204,3,2154.43,0.96,5.3308865e-07,1.066463e-07,3.3724521e-08,10
3.775,0.01305204,3,2154.43,1.04,5.6713562e-07,1.0658947e-07,3.3706551e-08,10
3.775,0.01305204,3,2154.43,1.12,6.0014217e-07,1.0644763e-07,3.3661696e-08,10
3.775,0.01305204,3,2154.43,1.2,6.2539068e-07,1.0622014e-07,3.3589756e-08,10
3.775,0.01305204,3,2154.43,1.28,6.3517527e-07,1.0590036e-07,3.3488635e-08,10
3.775,0.01305204,3,2154.43,1.44,6.2306851e-07,1.0515732e-07,3.3253666e-08,10
3.775,0.01305204,3,2154.43,1.6,5.766859e-07,1.0438811e-07,3.3010418e-08,10
3.775,0.01305204,3,2154.43,1.76,5.2803111e-07,1.0379327e-07,3.2822313e-08,10
3.775,0.01305204,3,2154.43,1.92,4.9848712e-07,1.0351617e-07,3.2734686e-08,10
3.775,0.01305204,3,2154.43,2.08,4.852982e-07,1.0360109e-07,3.276154e-08,10
3.775,0.01305204,3,2154.43,2.24,4.7075527e-07,1.0398446e-07,3.2882774e-08,10
3.775,0.01305204,3,2154.43,2.4,4.427966e-07,1.0452143e-07,3.3052579e-08,10
3.775,0.01305204,3,2154.43,2.56,4.1181289e-07,1.0496546e-07,3.3192994e-08,10
3.775,0.01305204,3,2154.43,2.88,4.1265179e-07,1.0516016e-07,3.3254561e-08,10
3.775,0.01305204,3,2154.43,3.2,5.2555697e-07,1.0444488e-07,3.302837e-08,10
3.775,0.01305204,3,2154.43,3.52,6.1079692e-07,1.0429207e-07,3.2980047e-08,10
3.775,0.01305204,3,2154.43,3.84,6.004334e-07,1.0547266e-07,3.3353384e-08,10
3.775,0.01305204,3,2154.43,4.16,6.0946304e-07,1.0676361e-07,3.3761619e-08,10
3.775,0.01305204,3,2154.43,4.48,6.6147445e-07,1.0688377e-07,3.3799617e-08,10
3.775,0.01305204,3,2154.43,4.8,6.7684402e-07,1.065393e-07,3.3690684e-08,10
3.775,0.01305204,3,2154.43,5.12,6.736395e-07,1.0650111e-07,3.3678608e-08,10
3.775,0.01305204,3,2154.43,5.76,6.2424618e-07,1.0529309e-07,3.3296599e-08,10
3.775,0.01305204,3,2154.43,6.4,5.405795e-07,1.0428878e-07,3.2979007e-08,10
3.775,0.01305204,3,2154.43,7.04,5.0976256e-07,1.0498276e-07,3.3198463e-08,10
3.775,0.01305204,3,2154.43,7.68,4.7622716e-07,1.0488307e-07,3.316694e-08,10
3.775,0.01305204,3,2154.43,8.32,5.2946565e-07,1.0659044e-07,3.3706857e-08,10
3.775,0.01305204,3,2154.43,8.96,5.7940831e-07,1.0661051e-07,3.3713204e-08,10
3.775,0.01305204,3,2154.43,9.6,6.1710289e-07,1.0699391e-07,3.3834445e-08,10
3.775,0.01305204,3,2154.43,10.24,6.1419325e-07,1.0478438e-07,3.3135731e-08,10
3.775,0.01305204,3,2154.43,11.52,5.4920037e-07,1.0314857e-07,3.2618443e-08,10
3.775,0.01305204,3,2154.43,12.8,5.2070245e-07,1.0543751e-07,3.3342269e-08,10
3.775,0.01305204,3,2154.43,14.08,5.6572471e-07,1.0541563e-07,3.3335348e-08,10
3.775,0.01305204,3,2154.43,15.36,5.7823512e-07,1.0313686e-07,3.2614738e-08,10
3.775,0.01305204,3,2154.43,16.64,5.3940412e-07,1.0355173e-07,3.2745931e-08,10
3.775,0.01305204,3,2154.43,17.92,5.2852041e-07,1.052114e-07,3.3270766e-08,10
3.775,0.01305204,3,2154.43,19.2,5.5342792e-07,1.0538726e-07,3.3326377e-08,10
3.775,0.01305204,3,2154.43,20.48,5.502724e-07,1.043529e-07,3.2999286e-08,10
3.775,0.01305204,3,2154.43,23.04,5.3392957e-07,1.0445248e-07,3.3030774e-08,10
3.775,0.01305204,3,2154.43,25.6,5.4090582e-07,1.0398639e-07,3.2883383e-08,10
3.775,0.01305204,3,2154.43,28.16,5.2908742e-07,1.0356067e-07,3.2748758e-08,10
3.775,0.01305204,3,2154.43,30.72,5.3251654e-07,1.0332672e-07,3.2674777e-08,10
3.775,0.01305204,3,2154.43,33.28,5.2314995e-07,1.0302411e-07,3.2579086e-08,10
3.775,0.01305204,3,2154.43,35.84,5.236477e-07,1.030375e-07,3.2583319e-08,10
3.775,0.01305204,3,2154.43,38.4,5.1734751e-07,1.0278809e-07,3.2504447e-08,10
3.775,0.01305204,3,2154.43,40.96,5.1560625e-07,1.0248391e-07,3.2408258e-08,10
3.775,0.01305204,3,2154.43,46.08,5.09398e-07,1.0200316e-07,3.2256232e-08,10
3.775,0.01305204,3,2154.43,51.2,5.0363232e-07,1.0177141e-07,3.2182946e-08,10
3.775,0.01305204,3,2154.43,56.32,4.9701454e-07,1.0185413e-07,3.2209103e-08,10
3.775,0.01305204,3,2154.43,61.44,4.9167076e-07,1.0154735e-07,3.2112092e-08,10
3.775,0.01305204,3,2154.43,66.56,4.8613903e-07,1.01261e-07,3.2021541e-08,10
3.775,0.01305204,3,2154.43,71.68,4.811296e-07,1.0100135e-07,3.1939432e-08,10
3.775,0.01305204,3,2154.43,76.8,4.7666756e-07,1.0031256e-07,3.1721617e-08,10
3.775,0.01305204,3,2154.43,81.92,4.7232308e-07,9.9837384e-08,3.1571353e-08,10
3.775,0.01305204,3,2154.43,92.16,4.6307586e-07,9.91106e-08,3.1341524e-08,10
3.775,0.01305204,3,2154.43,102.4,4.5514199e-07,9.8403606e-08,3.1117952e-08,10
3.775,0.01305204,3,2154.43,112.64,4.4651477e-07,9.7933514e-08,3.0969296e-08,10
3.775,0.01305204,3,2154.43,122.88,4.3867182e-07,9.7388906e-08,3.0797076e-08,10
3.775,0.01305204,3,2154.43,133.12,4.3109803e-07,9.7605777e-08,3.0865657e-08,10
3.775,0.01305204,3,2154.43,143.36,4.2355705e-07,9.7357925e-08,3.0787279e-08,10
3.775,0.01305204,3,2154.43,153.6,4.1695431e-07,9.6745488e-08,3.059361e-08,10
3.775,0.01305204,3,2154.43,163.84,4.1074669e-07,9.5631714e-08,3.0241403e-08,10
3.775,0.01305204,3,2154.43,184.32,3.9847847e-07,9.403351e-08,2.9736007e-08,10
3.775,0.01305204,3,2154.43,204.8,3.8762651e-07,9.3134083e-08,2.9451583e-08,10
3.775,0.01305204,3,2154.43,225.28,3.7635338e-07,9.4024522e-08,2.9733164e-08,10
3.775,0.01305204,3,2154.43,245.76,3.6532764e-07,9.4355884e-08,2.983795e-08,10
3.775,0.01305204,3,2154.43,266.24,3.5561368e-07,9.5394131e-08,3.0166273e-08,10
3.775,0.01305204,3,2154.43,286.72,3.4660354e-07,9.4692725e-08,2.9944469e-08,10
3.775,0.01305204,3,2154.43,307.2,3.3830776e-07,9.4001608e-08,2.9725919e-08,10
3.775,0.01305204,3,2154.43,327.68,3.3048159e-07,9.3599808e-08,2.9598858e-08,10
3.775,0.01305204,3,2154.43,368.64,3.1574763e-07,9.2999417e-08,2.9408998e-08,10
3.775,0.01305204,3,2154.43,409.6,3.0256736e-07,9.2292592e-08,2.918548e-08,10
3.775,0.01305204,3,2154.43,450.56,2.9036927e-07,9.3352509e-08,2.9520655e-08,10
3.775,0.01305204,3,2154.43,491.52,2.7836365e-07,9.4112329e-08,2.9760932e-08,10
3.775,0.01305204,3,2154.43,532.48,2.6677781e-07,9.4635434e-08,2.9926352e-08,10
3.775,0.01305204,3,2154.43,573.44,2.5664617e-07,9.4253859e-08,2.9805687e-08,10
3.775,0.01305204,3,2154.43,614.4,2.4679259e-07,9.4920842e-08,3.0016606e-08,10
3.775,0.01305204,3,2154.43,655.36,2.3841006e-07,9.4608497e-08,2.9917834e-08,10
3.775,0.01305204,3,2154.43,737.28,2.2064971e-07,9.2223522e-08,2.9163638e-08,10
3.775,0.01305204,3,2154.43,819.2,2.0518095e-07,8.7871484e-08,2.7787403e-08,10
3.775,0.01305204,3,2154.43,901.12,1.9404055e-07,8.5574187e-08,2.7060934e-08,10
3.775,0.01305204,3,2154.43,983.04,1.8253638e-07,8.4366443e-08,2.6679012e-08,10
3.775,0.01305204,3,2154.43,1064.96,1.7369125e-07,8.2339332e-08,2.6037983e-08,10
3.775,0.01305204,3,2154.43,1146.88,1.6608423e-07,7.8919346e-08,2.4956489e-08,10
3.775,0.01305204,3,2154.43,1228.8,1.5855407e-07,7.6728142e-08,2.4263569e-08,10
3.775,0.01305204,3,2154.43,1310.72,1.5050353e-07,7.6876883e-08,2.4310605e-08,10
3.775,0.01305204,3,2154.43,1474.56,1.3692407e-07,7.7475561e-08,2.4499924e-08,10
3.775,0.01305204,3,2154.43,1638.4,1.2241444e-07,8.0606182e-08,2.5489913e-08,10
3.775,0.01305204,3,2154.43,1802.24,1.0957712e-07,8.9786869e-08,2.8393101e-08,10
3.775,0.01305204,3,2154.43,1966.08,9.6361081e-08,9.6476693e-08,3.0508609e-08,10
3.775,0.01305204,3,2154.43,2129.92,8.7747364e-08,9.5866837e-08,3.0315756e-08,10
3.775,0.01305204,3,2154.43,2293.76,8.0875824e-08,8.1692423e-08,2.5833412e-08,10
3.775,0.01305204,3,2154.43,2457.6,7.3085751e-08,6.9953106e-08,2.2121114e-08,10
3.775,0.01305204,3,2154.43,2621.44,6.6249927e-08,6.1001186e-08,1.9290269e-08,10
3.775,0.01305204,3,2154.43,2949.12,4.5109677e-08,6.0569735e-08,1.9153832e-08,10
3.775,0.01305204,3,2154.43,3276.8,3.438127e-08,6.3321017e-08,2.0023864e-08,10
3.775,0.01305204,3,2154.43,3604.48,3.5519284e-08,6.7056784e-08,2.1205217e-08,10
3.775,0.01305204,3,2154.43,3932.16,3.5561306e-08,8.010095e-08,2.5330144e-08,10
3.775,0.01305204,3,2154.43,4259.84,3.8779373e-08,8.3400257e-08,2.6373477e-08,10
3.775,0.01305204,3,2154.43,4587.52,2.993844e-08,9.2028567e-08,2.9101988e-08,10
3.775,0.01305204,3,2154.43,4915.2,8.836764e-09,9.5907215e-08,3.0328524e-08,10
3.775,0.01305204,3,2154.43,5242.88,4.612492e-09,8.8970159e-08,2.8134835e-08,10
3.775,0.01305204,3,2154.43,5898.24,-8.7004119e-09,8.9258128e-08,2.8225898e-08,10
3.775,0.01305204,3,2154.43,6553.6,-1.2652179e-08,9.8286432e-08,3.1080899e-08,10
3.775,0.01305204,3,2154.43,7208.96,-1.1256705e-08,9.947102e-08,3.1455498e-08,10
3.775,0.01305204,3,2154.43,7864.32,-2.177252e-08,7.9711947e-08,2.5207131e-08,10
3.775,0.01305204,3,2154.43,8519.68,-2.8835257e-08,7.3633585e-08,2.3284984e-08,10
3.775,0.01305204,3,2154.43,9175.04,-1.9692924e-08,7.0442633e-08,2.2275917e-08,10
3.775,0.01305204,3,2154.43,9830.4,-2.7288461e-09,4.8737171e-08,1.5412047e-08,10
3.775,0.01305204,3,2154.43,10485.76,-3.2658197e-09,6.2721924e-08,1.9834414e-08,10
3.775,0.01305204,3,2154.43,11796.48,-1.8939906e-08,1.0083125e-07,3.1885642e-08,10
3.775,0.01305204,3,2154.43,13107.2,-1.6822752e-08,1.0673006e-07,3.375101e-08,10
3.775,0.01305204,3,2154.43,14417.92,8.77525e-09,1.2451909e-07,3.9376392e-08,10
3.775,0.01305204,3,2154.43,15728.64,1.0216871e-08,1.0968086e-07,3.4684132e-08,10
3.775,0.01305204,3,2154.43,17039.36,1.6300441e-08,1.442897e-07,4.5628409e-08,10
3.775,0.01305204,3,2154.43,18350.08,1.2253821e-08,1.4903511e-07,4.7129041e-08,10
3.775,0.01305204,3,2154.43,19660.8,2.0529256e-09,1.6970658e-07,5.3665933e-08,10
3.775,0.01305204,3,2154.43,20971.52,4.5859294e-08,2.1667485e-07,6.8518605e-08,10
3.775,0.01305204,3,2154.43,23592.96,1.0087016e-07,2.4158894e-07,7.6397132e-08,10
3.775,0.01305204,3,2154.43,26214.4,-1.2746241e-08,3.0294123e-07,9.5798428e-08,10
3.775,0.01235791,4,4641.59,0,1.1297898e-06,1.051164e-07,3.3240723e-08,10
3.775,0.01235791,4,4641.59,0.01,1.129466e-06,1.0511681e-07,3.3240853e-08,10
3.775,0.01235791,4,4641.59,0.02,1.1284965e-06,1.0511788e-07,3.3241192e-08,10
3.775,0.01235791,4,4641.59,0.03,1.1268835e-06,1.0511962e-07,3.3241741e-08,10
3.775,0.01235791,4,4641.59,0.04,1.1246303e-06,1.0512201e-07,3.32425e-08,10
3.775,0.01235791,4,4641.59,0.05,1.1217419e-06,1.0512507e-07,3.3243467e-08,10
3.775,0.01235791,4,4641.59,0.06,1.1182244e-06,1.051288e-07,3.3244645e-08,10
3.775,0.01235791,4,4641.59,0.07,1.1140853e-06,1.0513319e-07,3.3246032e-08,10
3.775,0.01235791,4,4641.59,0.08,1.1093333e-06,1.0513824e-07,3.324763e-08,10
3.775,0.01235791,4,4641.59,0.09,1.1039788e-06,1.0514395e-07,3.3249437e-08,10
3.775,0.01235791,4,4641.59,0.1,1.0980328e-06,1.0515033e-07,3.3251455e-08,10
3.775,0.01235791,4,4641.59,0.11,1.0915082e-06,1.0515738e-07,3.3253683e-08,10
3.775,0.01235791,4,4641.59,0.12,1.0844185e-06,1.0516509e-07,3.3256121e-08,10
3.775,0.01235791,4,4641.59,0.13,1.0767788e-06,1.0517347e-07,3.325877e-08,10
3.775,0.01235791,4,4641.59,0.14,1.068605e-06,1.0518251e-07,3.326163e-08,10
3.775,0.01235791,4,4641.59,0.15,1.0599142e-06,1.0519222e-07,3.3264699e-08,10
3.775,0.01235791,4,4641.59,0.16,1.0506045e-06,1.0520273e-07,3.3268026e-08,10
3.775,0.01235791,4,4641.59,0.18,1.0308158e-06,1.0522546e-07,3.3275212e-08,10
3.775,0.01235791,4,4641.59,0.2,1.0092725e-06,1.0525081e-07,3.328323e-08,10
3.775,0.01235791,4,4641.59,0.22,9.8615047e-07,1.0527877e-07,3.3292069e-08,10
3.775,0.01235791,4,4641.59,0.24,9.6163632e-07,1.0530927e-07,3.3301716e-08,10
3.775,0.01235791,4,4641.59,0.26,9.3592576e-07,1.0534227e-07,3.3312149e-08,10
3.775,0.01235791,4,4641.59,0.28,9.0922141e-07,1.0537767e-07,3.3323344e-08,10
3.775,0.01235791,4,4641.59,0.3,8.8173077e-07,1.0541537e-07,3.3335268e-08,10
3.775,0.01235791,4,4641.59,0.32,8.5357287e-07,1.0545563e-07,3.3347997e-08,10
3.775,0.01235791,4,4641.59,0.36,7.9665764e-07,1.0554125e-07,3.3375073e-08,10
3.775,0.01235791,4,4641.59,0.4,7.3993452e-07,1.0563356e-07,3.3404263e-08,10
3.775,0.01235791,4,4641.59,0.44,6.8497555e-07,1.0573078e-07,3.3435009e-08,10
3.775,0.01235791,4,4641.59,0.48,6.3321361e-07,1.0583086e-07,3.3466656e-08,10
3.775,0.01235791,4,4641.59,0.52,5.8589498e-07,1.0593148e-07,3.3498476e-08,10
3.775,0.01235791,4,4641.59,0.56,5.4404178e-07,1.060302e-07,3.3529694e-08,10
3.775,0.01235791,4,4641.59,0.6,5.0842552e-07,1.0612451e-07,3.3559518e-08,10
3.775,0.01235791,4,4641.59,0.64,4.8129695e-07,1.0620924e-07,3.358631e-08,10
3.775,0.01235791,4,4641.59,0.72,4.4438849e-07,1.0635352e-07,3.3631935e-08,10
3.775,0.01235791,4,4641.59,0.8,4.3377237e-07,1.0644552e-07,3.3661029e-08,10
3.775,0.01235791,4,4641.59,0.88,4.4490526e-07,1.0647418e-07,3.3670091e-08,10
3.775,0.01235791,4,4641.59,0.96,4.7087682e-07,1.0643382e-07,3.3657328e-08,10
3.775,0.01235791,4,4641.59,1.04,5.0370976e-07,1.0632412e-07,3.362264e-08,10
3.775,0.01235791,4,4641.59,1.12,5.3567781e-07,1.061499e-07,3.3567547e-08,10
3.775,0.01235791,4,4641.59,1.2,5.6045181e-07,1.059209e-07,3.349513e-08,10
3.775,0.01235791,4,4641.59,1.28,5.7071521e-07,1.0564542e-07,3.3408015e-08,10
3.775,0.01235791,4,4641.59,1.44,5.6121188e-07,1.0507848e-07,3.3228733e-08,10
3.775,0.01235791,4,4641.59,1.6,5.1871136e-07,1.0462081e-07,3.3084006e-08,10
3.775,0.01235791,4,4641.59,1.76,4.7317642e-07,1.0445917e-07,3.303289e-08,10
3.775,0.01235791,4,4641.59,1.92,4.4506951e-07,1.046882e-07,3.3105315e-08,10
3.775,0.01235791,4,4641.59,2.08,4.3218648e-07,1.0521949e-07,3.3273324e-08,10
3.775,0.01235791,4,4641.59,2.24,4.1779523e-07,1.057827e-07,3.3451427e-08,10
3.775,0.01235791,4,4641.59,2.4,3.9000035e-07,1.060661e-07,3.3541045e-08,10
3.775,0.01235791,4,4641.59,2.56,3.5789451e-07,1.058064e-07,3.345892e-08,10
3.775,0.01235791,4,4641.59,2.88,3.5220527e-07,1.0474454e-07,3.3123132e-08,10
3.775,0.01235791,4,4641.59,3.2,4.5631492e-07,1.0413666e-07,3.2930903e-08,10
3.775,0.01235791,4,4641.59,3.52,5.365688e-07,1.045423e-07,3.3059179e-08,10
3.775,0.01235791,4,4641.59,3.84,5.2074975e-07,1.0477194e-07,3.3131798e-08,10
3.775,0.01235791,4,4641.59,4.16,5.2456531e-07,1.0480145e-07,3.3141129e-08,10
3.775,0.01235791,4,4641.59,4.48,5.8178637e-07,1.0549374e-07,3.3360051e-08,10
3.775,0.01235791,4,4641.59,4.8,6.070643e-07,1.0612848e-07,3.3560773e-08,10
3.775,0.01235791,4,4641.59,5.12,6.0486323e-07,1.0561847e-07,3.3399493e-08,10
3.775,0.01235791,4,4641.59,5.76,5.6692732e-07,1.0627404e-07,3.3606803e-08,10
3.775,0.01235791,4,4641.59,6.4,4.9481074e-07,1.0712696e-07,3.387652e-08,10
3.775,0.01235791,4,4641.59,7.04,4.5987699e-07,1.0544801e-07,3.3345588e-08,10
3.775,0.01235791,4,4641.59,7.68,4.1563656e-07,1.0499791e-07,3.3203254e-08,10
3.775,0.01235791,4,4641.59,8.32,4.5380297e-07,1.0422034e-07,3.2957365e-08,10
3.775,0.01235791,4,4641.59,8.96,4.9776351e-07,1.0493087e-07,3.3182054e-08,10
3.775,0.01235791,4,4641.59,9.6,5.3987064e-07,1.0581486e-07,3.3461597e-08,10
3.775,0.01235791,4,4641.59,10.24,5.5187894e-07,1.0618805e-07,3.3579609e-08,10
3.775,0.01235791,4,4641.59,11.52,5.0289673e-07,1.0698035e-07,3.3830157e-08,10
3.775,0.01235791,4,4641.59,12.8,4.5632783e-07,1.053332e-07,3.3309281e-08,10
3.775,0.01235791,4,4641.59,14.08,4.9041074e-07,1.052801e-07,3.3292492e-08,10
3.775,0.01235791,4,4641.59,15.36,5.2163309e-07,1.0684073e-07,3.3786005e-08,10
3.775,0.01235791,4,4641.59,16.64,4.9159316e-07,1.0662365e-07,3.3717357e-08,10
3.775,0.01235791,4,4641.59,17.92,4.6350443e-07,1.0565274e-07,3.341033e-08,10
3.775,0.01235791,4,4641.59,19.2,4.8300341e-07,1.0575693e-07,3.3443279e-08,10
3.775,0.01235791,4,4641.59,20.48,4.9358324e-07,1.066592e-07,3.37286e-08,10
3.775,0.01235791,4,4641.59,23.04,4.7421846e-07,1.0579055e-07,3.3453909e-08,10
3.775,0.01235791,4,4641.59,25.6,4.8562428e-07,1.0649326e-07,3.3676126e-08,10
3.775,0.01235791,4,4641.59,28.16,4.7154868e-07,1.0613967e-07,3.3564309e-08,10
3.775,0.01235791,4,4641.59,30.72,4.7734034e-07,1.0716182e-07,3.3887542e-08,10
3.775,0.01235791,4,4641.59,33.28,4.6822085e-07,1.0612717e-07,3.3560358e-08,10
3.775,0.01235791,4,4641.59,35.84,4.6969874e-07,1.075332e-07,3.4004983e-08,10
3.775,0.01235791,4,4641.59,38.4,4.6445736e-07,1.0649045e-07,3.3675236e-08,10
3.775,0.01235791,4,4641.59,40.96,4.6327607e-07,1.0703425e-07,3.3847202e-08,10
3.775,0.01235791,4,4641.59,46.08,4.5906707e-07,1.0701057e-07,3.3839714e-08,10
3.775,0.01235791,4,4641.59,51.2,4.5444702e-07,1.072261e-07,3.3907869e-08,10
3.775,0.01235791,4,4641.59,56.32,4.5002397e-07,1.0742183e-07,3.3969766e-08,10
3.775,0.01235791,4,4641.59,61.44,4.458049e-07,1.0742745e-07,3.3971542e-08,10
3.775,0.01235791,4,4641.59,66.56,4.417495e-07,1.0740288e-07,3.3963773e-08,10
3.775,0.01235791,4,4641.59,71.68,4.379893e-07,1.0747306e-07,3.3985966e-08,10
3.775,0.01235791,4,4641.59,76.8,4.3427061e-07,1.079854e-07,3.414798e-08,10
3.775,0.01235791,4,4641.59,81.92,4.3081971e-07,1.0823432e-07,3.4226697e-08,10
3.775,0.01235791,4,4641.59,92.16,4.2416317e-07,1.0883342e-07,3.441615e-08,10
3.775,0.01235791,4,4641.59,102.4,4.1774599e-07,1.0925745e-07,3.455024e-08,10
3.775,0.01235791,4,4641.59,112.64,4.1135617e-07,1.0947593e-07,3.461933e-08,10
3.775,0.01235791,4,4641.59,122.88,4.0503954e-07,1.0936318e-07,3.4583673e-08,10
3.775,0.01235791,4,4641.59,133.12,3.9963e-07,1.0970215e-07,3.4690867e-08,10
3.775,0.01235791,4,4641.59,143.36,3.9383278e-07,1.1008406e-07,3.4811638e-08,10
3.775,0.01235791,4,4641.59,153.6,3.8866873e-07,1.1028368e-07,3.4874762e-08,10
3.775,0.01235791,4,4641.59,163.84,3.8414104e-07,1.1039993e-07,3.4911522e-08,10
3.775,0.01235791,4,4641.59,184.32,3.7471079e-07,1.109568e-07,3.5087621e-08,10
3.775,0.01235791,4,4641.59,204.8,3.6563231e-07,1.1169084e-07,3.5319745e-08,10
3.775,0.01235791,4,4641.59,225.28,3.5714013e-07,1.1275531e-07,3.5656359e-08,10
3.775,0.01235791,4,4641.59,245.76,3.4834252e-07,1.1363088e-07,3.593324e-08,10
3.775,0.01235791,4,4641.59,266.24,3.4110494e-07,1.1413177e-07,3.6091635e-08,10
3.775,0.01235791,4,4641.59,286.72,3.3398436e-07,1.1462413e-07,3.6247334e-08,10
3.775,0.01235791,4,4641.59,307.2,3.2787435e-07,1.1471855e-07,3.627719e-08,10
3.775,0.01235791,4,4641.59,327.68,3.2200792e-07,1.1518074e-07,3.6423349e-08,10
3.775,0.01235791,4,4641.59,368.64,3.110743e-07,1.1584391e-07,3.663306e-08,10
3.775,0.01235791,4,4641.59,409.6,2.9984251e-07,1.1623475e-07,3.6756655e-08,10
3.775,0.01235791,4,4641.59,450.56,2.8946943e-07,1.1659101e-07,3.6869316e-08,10
3.775,0.01235791,4,4641.59,491.52,2.7849073e-07,1.1718144e-07,3.7056024e-08,10
3.775,0.01235791,4,4641.59,532.48,2.6740606e-07,1.1745865e-07,3.7143686e-08,10
3.775,0.01235791,4,4641.59,573.44,2.5862281e-07,1.1749001e-07,3.7153604e-08,10
3.775,0.01235791,4,4641.59,614.4,2.501039e-07,1.1754339e-07,3.7170482e-08,10
3.775,0.01235791,4,4641.59,655.36,2.4278584e-07,1.1718567e-07,3.7057363e-08,10
3.775,0.01235791,4,4641.59,737.28,2.2897337e-07,1.1623749e-07,3.6757521e-08,10
3.775,0.01235791,4,4641.59,819.2,2.1652582e-07,1.1363094e-07,3.5933259e-08,10
3.775,0.01235791,4,4641.59,901.12,2.0465486e-07,1.1107984e-07,3.5126531e-08,10
3.775,0.01235791,4,4641.59,983.04,1.9310405e-07,1.1025189e-07,3.4864709e-08,10
3.775,0.01235791,4,4641.59,1064.96,1.8089325e-07,1.0889721e-07,3.443632e-08,10
3.775,0.01235791,4,4641.59,1146.88,1.689366e-07,1.0641207e-07,3.365045e-08,10
3.775,0.01235791,4,4641.59,1228.8,1.5670923e-07,1.0518878e-07,3.3263612e-08,10
3.775,0.01235791,4,4641.59,1310.72,1.4592253e-07,1.0668816e-07,3.3737758e-08,10
3.775,0.01235791,4,4641.59,1474.56,1.286619e-07,1.0649731e-07,3.3677408e-08,10
3.775,0.01235791,4,4641.59,1638.4,1.1713493e-07,1.0548845e-07,3.3358376e-08,10
3.775,0.01235791,4,4641.59,1802.24,1.1035509e-07,1.0066669e-07,3.1833602e-08,10
3.775,0.01235791,4,4641.59,1966.08,1.0507703e-07,9.3648102e-08,2.961413e-08,10
3.775,0.01235791,4,4641.59,2129.92,1.0180933e-07,8.8765549e-08,2.8070131e-08,10
3.775,0.01235791,4,4641.59,2293.76,1.013204e-07,8.601087e-08,2.7199025e-08,10
3.775,0.01235791,4,4641.59,2457.6,9.9148901e-08,8.7006201e-08,2.7513777e-08,10
3.775,0.01235791,4,4641.59,2621.44,9.7808049e-08,8.7972272e-08,2.7819275e-08,10
3.775,0.01235791,4,4641.59,2949.12,9.8908102e-08,9.1892925e-08,2.9059094e-08,10
3.775,0.01235791,4,4641.59,3276.8,9.4011349e-08,9.370372e-08,2.9631718e-08,10
3.775,0.01235791,4,4641.59,3604.48,9.373738e-08,9.0525311e-08,2.8626617e-08,10
3.775,0.01235791,4,4641.59,3932.16,9.0999182e-08,9.417301e-08,2.978012e-08,10
3.775,0.01235791,4,4641.59,4259.84,7.8765064e-08,9.6948113e-08,3.0657685e-08,10
3.775,0.01235791,4,4641.59,4587.52,5.9412079e-08,9.5383666e-08,3.0162964e-08,10
3.775,0.01235791,4,4641.59,4915.2,4.4897868e-08,1.0102615e-07,3.1947273e-08,10
3.775,0.01235791,4,4641.59,5242.88,4.0222202e-08,1.0229391e-07,3.2348173e-08,10
3.775,0.01235791,4,4641.59,5898.24,3.3687265e-08,1.1043131e-07,3.4921448e-08,10
3.775,0.01235791,4,4641.59,6553.6,2.7208515e-08,1.0871118e-07,3.4377493e-08,10
3.775,0.01235791,4,4641.59,7208.96,2.0195985e-08,9.7072929e-08,3.0697155e-08,10
3.775,0.01235791,4,4641.59,7864.32,1.604468e-08,8.7641292e-08,2.771461e-08,10
3.775,0.01235791,4,4641.59,8519.68,6.9293096e-09,7.5341466e-08,2.3825064e-08,10
3.775,0.01235791,4,4641.59,9175.04,9.1432758e-09,6.8326539e-08,2.1606749e-08,10
3.775,0.01235791,4,4641.59,9830.4,2.7618875e-08,7.7885064e-08,2.462942e-08,10
3.775,0.01235791,4,4641.59,10485.76,3.5378445e-08,8.5966247e-08,2.7184914e-08,10
3.775,0.01235791,4,4641.59,11796.48,2.7699762e-08,7.3477854e-08,2.3235738e-08,10
3.775,0.01235791,4,4641.59,13107.2,3.0588764e-08,6.2111159e-08,1.9641273e-08,10
3.775,0.01235791,4,4641.59,14417.92,3.7067285e-08,5.3801602e-08,1.701356e-08,10
3.775,0.01235791,4,4641.59,15728.64,2.9572761e-08,5.1939883e-08,1.6424833e-08,10
3.775,0.01235791,4,4641.59,17039.36,3.8016634e-08,5.3084907e-08,1.6786922e-08,10
3.775,0.01235791,4,4641.59,18350.08,5.2584508e-09,5.5254046e-08,1.7472864e-08,10
3.775,0.01235791,4,4641.59,19660.8,1.4525406e-08,4.983805e-08,1.5760175e-08,10
3.775,0.01235791,4,4641.59,20971.52,1.3222906e-08,5.6680559e-08,1.7923967e-08,10
3.775,0.01235791,4,4641.59,23592.96,1.8839002e-08,7.1153497e-08,2.2500711e-08,10
3.775,0.01235791,4,4641.59,26214.4,-1.4282567e-08,9.7773951e-08,3.0918838e-08,10
3.775,0.01235791,4,4641.59,28835.84,-2.9827122e-08,1.0901724e-07,3.4474279e-08,10
3.775,0.01235791,4,4641.59,31457.28,3.0260708e-09,6.6329467e-08,2.0975219e-08,10
3.775,0.01235791,4,4641.59,34078.72,2.0594339e-08,8.0809905e-08,2.5554336e-08,10
3.775,0.01235791,4,4641.59,36700.16,3.4499472e-08,6.3157794e-08,1.9972248e-08,10
3.775,0.01235791,4,4641.59,39321.6,-9.8335417e-09,5.8332171e-08,1.8446252e-08,10
3.775,0.01235791,4,4641.59,41943.04,-6.1291069e-08,9.8051058e-08,3.1006467e-08,10
3.775,0.01235791,4,4641.59,47185.92,-3.7255144e-08,1.0244356e-07,3.2395498e-08,10
3.775,0.01235791,4,4641.59,52428.8,-2.4145264e-08,1.2792484e-07,4.0453385e-08,10
3.775,0.01235791,4,4641.59,57671.68,2.7488962e-08,4.0599375e-07,1.283865e-07,10
3.775,0.01135263,5,10000,0,9.657396e-07,9.7873379e-08,3.095028e-08,10
3.775,0.01135263,5,10000,0.01,9.6546269e-07,9.7873296e-08,3.0950254e-08,10
3.775,0.01135263,5,10000,0.02,9.646333e-07,9.7873045e-08,3.0950174e-08,10
3.775,0.01135263,5,10000,0.03,9.632532e-07,9.7872628e-08,3.0950043e-08,10
3.775,0.01135263,5,10000,0.04,9.6132535e-07,9.7872046e-08,3.0949858e-08,10
3.775,0.01135263,5,10000,0.05,9.5885386e-07,9.7871299e-08,3.0949622e-08,10
3.775,0.01135263,5,10000,0.06,9.5584399e-07,9.7870389e-08,3.0949335e-08,10
3.775,0.01135263,5,10000,0.07,9.5230213e-07,9.7869318e-08,3.0948996e-08,10
3.775,0.01135263,5,10000,0.08,9.4823581e-07,9.7868087e-08,3.0948607e-08,10
3.775,0.01135263,5,10000,0.09,9.4365362e-07,9.7866699e-08,3.0948168e-08,10
3.775,0.01135263,5,10000,0.1,9.3856526e-07,9.7865155e-08,3.0947679e-08,10
3.775,0.01135263,5,10000,0.11,9.3298144e-07,9.7863459e-08,3.0947143e-08,10
3.775,0.01135263,5,10000,0.12,9.2691393e-07,9.7861612e-08,3.0946559e-08,10
3.775,0.01135263,5,10000,0.13,9.2037544e-07,9.7859618e-08,3.0945928e-08,10
3.775,0.01135263,5,10000,0.14,9.1337965e-07,9.7857479e-08,3.0945252e-08,10
3.775,0.01135263,5,10000,0.15,9.0594114e-07,9.7855198e-08,3.0944531e-08,10
3.775,0.01135263,5,10000,0.16,8.9797264e-07,9.7852742e-08,3.0943754e-08,10
3.775,0.01135263,5,10000,0.18,8.8103398e-07,9.7847498e-08,3.0942096e-08,10
3.775,0.01135263,5,10000,0.2,8.6259234e-07,9.7841734e-08,3.0940273e-08,10
3.775,0.01135263,5,10000,0.22,8.4279809e-07,9.7835472e-08,3.0938293e-08,10
3.775,0.01135263,5,10000,0.24,8.2181107e-07,9.7828736e-08,3.0936163e-08,10
3.775,0.01135263,5,10000,0.26,7.9979892e-07,9.7821547e-08,3.0933889e-08,10
3.775,0.01135263,5,10000,0.28,7.7693534e-07,9.7813924e-08,3.0931479e-08,10
3.775,0.01135263,5,10000,0.3,7.5339832e-07,9.7805883e-08,3.0928936e-08,10
3.775,0.01135263,5,10000,0.32,7.2929044e-07,9.7797322e-08,3.0926229e-08,10
3.775,0.01135263,5,10000,0.36,6.8056508e-07,9.7779281e-08,3.0920524e-08,10
3.775,0.01135263,5,10000,0.4,6.3201499e-07,9.7759752e-08,3.0914348e-08,10
3.775,0.01135263,5,10000,0.44,5.849952e-07,9.7738783e-08,3.0907717e-08,10
3.775,0.01135263,5,10000,0.48,5.4074349e-07,9.771641e-08,3.0900642e-08,10
3.775,0.01135263,5,10000,0.52,5.0033919e-07,9.7692672e-08,3.0893135e-08,10
3.775,0.01135263,5,10000,0.56,4.6467037e-07,9.766763e-08,3.0885216e-08,10
3.775,0.01135263,5,10000,0.6,4.3441033e-07,9.7641381e-08,3.0876916e-08,10
3.775,0.01135263,5,10000,0.64,4.1152027e-07,9.7613805e-08,3.0868196e-08,10
3.775,0.01135263,5,10000,0.72,3.8082793e-07,9.7556956e-08,3.0850218e-08,10
3.775,0.01135263,5,10000,0.8,3.7303652e-07,9.7498854e-08,3.0831845e-08,10
3.775,0.01135263,5,10000,0.88,3.8422515e-07,9.744206e-08,3.0813885e-08,10
3.775,0.01135263,5,10000,0.96,4.08372e-07,9.7389066e-08,3.0797127e-08,10
3.775,0.01135263,5,10000,1.04,4.3847619e-07,9.7341831e-08,3.078219e-08,10
3.775,0.01135263,5,10000,1.12,4.6771094e-07,9.7301566e-08,3.0769457e-08,10
3.775,0.01135263,5,10000,1.2,4.9044153e-07,9.7268713e-08,3.0759068e-08,10
3.775,0.01135263,5,10000,1.28,5.0006771e-07,9.7244334e-08,3.0751358e-08,10
3.775,0.01135263,5,10000,1.44,4.9205281e-07,9.7208113e-08,3.0739904e-08,10
3.775,0.01135263,5,10000,1.6,4.5380684e-07,9.7177664e-08,3.0730276e-08,10
3.775,0.01135263,5,10000,1.76,4.1252598e-07,9.7133555e-08,3.0716327e-08,10
3.775,0.01135263,5,10000,1.92,3.8732725e-07,9.7074337e-08,3.0697601e-08,10
3.775,0.01135263,5,10000,2.08,3.7666344e-07,9.7026419e-08,3.0682448e-08,10
3.775,0.01135263,5,10000,2.24,3.6487384e-07,9.7026741e-08,3.068255e-08,10
3.775,0.01135263,5,10000,2.4,3.3969708e-07,9.7094622e-08,3.0704015e-08,10
3.775,0.01135263,5,10000,2.56,3.0728775e-07,9.7215984e-08,3.0742394e-08,10
3.775,0.01135263,5,10000,2.88,2.9171245e-07,9.7398009e-08,3.0799955e-08,10
3.775,0.01135263,5,10000,3.2,3.8029389e-07,9.7374344e-08,3.0792471e-08,10
3.775,0.01135263,5,10000,3.52,4.5251824e-07,9.7443617e-08,3.0814377e-08,10
3.775,0.01135263,5,10000,3.84,4.2871681e-07,9.776834e-08,3.0917064e-08,10
3.775,0.01135263,5,10000,4.16,4.2367991e-07,9.7857817e-08,3.0945359e-08,10
3.775,0.01135263,5,10000,4.48,4.8920028e-07,9.7497704e-08,3.0831481e-08,10
3.775,0.01135263,5,10000,4.8,5.309969e-07,9.7285585e-08,3.0764403e-08,10
3.775,0.01135263,5,10000,5.12,5.2705846e-07,9.7432018e-08,3.0810709e-08,10
3.775,0.01135263,5,10000,5.76,5.0389264e-07,9.7184655e-08,3.0732486e-08,10
3.775,0.01135263,5,10000,6.4,4.5424968e-07,9.6893955e-08,3.0640559e-08,10
3.775,0.01135263,5,10000,7.04,4.1422333e-07,9.7030599e-08,3.068377e-08,10
3.775,0.01135263,5,10000,7.68,3.5739889e-07,9.6972888e-08,3.066552e-08,10
3.775,0.01135263,5,10000,8.32,3.746478e-07,9.7423983e-08,3.0808169e-08,10
3.775,0.01135263,5,10000,8.96,4.0020754e-07,9.7927333e-08,3.0967342e-08,10
3.775,0.01135263,5,10000,9.6,4.4768813e-07,9.8092716e-08,3.101964e-08,10
3.775,0.01135263,5,10000,10.24,4.7785897e-07,9.7492509e-08,3.0829838e-08,10
3.775,0.01135263,5,10000,11.52,4.6237546e-07,9.6584393e-08,3.0542667e-08,10
3.775,0.01135263,5,10000,12.8,3.9919219e-07,9.6997493e-08,3.0673301e-08,10
3.775,0.01135263,5,10000,14.08,4.025358e-07,9.783467e-08,3.0938039e-08,10
3.775,0.01135263,5,10000,15.36,4.5043494e-07,9.7466424e-08,3.082159e-08,10
3.775,0.01135263,5,10000,16.64,4.5143336e-07,9.6719533e-08,3.0585402e-08,10
3.775,0.01135263,5,10000,17.92,4.1030632e-07,9.6803933e-08,3.0612091e-08,10
3.775,0.01135263,5,10000,19.2,4.0156601e-07,9.7548914e-08,3.0847675e-08,10
3.775,0.01135263,5,10000,20.48,4.2666128e-07,9.7236939e-08,3.074902e-08,10
3.775,0.01135263,5,10000,23.04,4.2030146e-07,9.7047965e-08,3.0689261e-08,10
3.775,0.01135263,5,10000,25.6,4.2086657e-07,9.7322608e-08,3.0776111e-08,10
3.775,0.01135263,5,10000,28.16,4.2050333e-07,9.7223485e-08,3.0744765e-08,10
3.775,0.01135263,5,10000,30.72,4.159968e-07,9.7216249e-08,3.0742477e-08,10
3.775,0.01135263,5,10000,33.28,4.1861224e-07,9.7110374e-08,3.0708997e-08,10
3.775,0.01135263,5,10000,35.84,4.1183333e-07,9.7117849e-08,3.071136e-08,10
3.775,0.01135263,5,10000,38.4,4.1572771e-07,9.7325164e-08,3.0776919e-08,10
3.775,0.01135263,5,10000,40.96,4.1198071e-07,9.7174198e-08,3.072918e-08,10
3.775,0.01135263,5,10000,46.08,4.0952314e-07,9.7245766e-08,3.0751811e-08,10
3.775,0.01135263,5,10000,51.2,4.0741455e-07,9.7322861e-08,3.0776191e-08,10
3.775,0.01135263,5,10000,56.32,4.0489263e-07,9.7254812e-08,3.0754672e-08,10
3.775,0.01135263,5,10000,61.44,4.029455e-07,9.7159079e-08,3.0724399e-08,10
3.775,0.01135263,5,10000,66.56,4.0080839e-07,9.7125032e-08,3.0713632e-08,10
3.775,0.01135263,5,10000,71.68,3.9870757e-07,9.7168873e-08,3.0727496e-08,10
3.775,0.01135263,5,10000,76.8,3.9681939e-07,9.708046e-08,3.0699537e-08,10
3.775,0.01135263,5,10000,81.92,3.9510413e-07,9.6983379e-08,3.0668837e-08,10
3.775,0.01135263,5,10000,92.16,3.9152686e-07,9.6845729e-08,3.0625308e-08,10
3.775,0.01135263,5,10000,102.4,3.8821985e-07,9.6517706e-08,3.0521579e-08,10
3.775,0.01135263,5,10000,112.64,3.8491134e-07,9.6284968e-08,3.044798e-08,10
3.775,0.01135263,5,10000,122.88,3.8178866e-07,9.60291e-08,3.0367068e-08,10
3.775,0.01135263,5,10000,133.12,3.7899863e-07,9.6091497e-08,3.03868e-08,10
3.775,0.01135263,5,10000,143.36,3.7607584e-07,9.5861474e-08,3.031406e-08,10
3.775,0.01135263,5,10000,153.6,3.7377221e-07,9.5616706e-08,3.0236657e-08,10
3.775,0.01135263,5,10000,163.84,3.7127045e-07,9.5573681e-08,3.0223052e-08,10
3.775,0.01135263,5,10000,184.32,3.663967e-07,9.5499737e-08,3.0199668e-08,10
3.775,0.01135263,5,10000,204.8,3.6160945e-07,9.5508088e-08,3.0202309e-08,10
3.775,0.01135263,5,10000,225.28,3.5707941e-07,9.5290554e-08,3.0133519e-08,10
3.775,0.01135263,5,10000,245.76,3.5261379e-07,9.5242592e-08,3.0118352e-08,10
3.775,0.01135263,5,10000,266.24,3.4855654e-07,9.5007109e-08,3.0043886e-08,10
3.775,0.01135263,5,10000,286.72,3.4491185e-07,9.4725688e-08,2.9954893e-08,10
3.775,0.01135263,5,10000,307.2,3.411673e-07,9.4407296e-08,2.9854208e-08,10
3.775,0.01135263,5,10000,327.68,3.3766438e-07,9.4246274e-08,2.9803289e-08,10
3.775,0.01135263,5,10000,368.64,3.3136552e-07,9.3641651e-08,2.961209e-08,10
3.775,0.01135263,5,10000,409.6,3.2544712e-07,9.3083677e-08,2.9435643e-08,10
3.775,0.01135263,5,10000,450.56,3.1988986e-07,9.3005693e-08,2.9410983e-08,10
3.775,0.01135263,5,10000,491.52,3.1436276e-07,9.3099052e-08,2.9440505e-08,10
3.775,0.01135263,5,10000,532.48,3.0908704e-07,9.3266596e-08,2.9493487e-08,10
3.775,0.01135263,5,10000,573.44,3.045079e-07,9.3787208e-08,2.9658119e-08,10
3.775,0.01135263,5,10000,614.4,2.9987388e-07,9.3902267e-08,2.9694504e-08,10
3.775,0.01135263,5,10000,655.36,2.9510733e-07,9.39868e-08,2.9721236e-08,10
3.775,0.01135263,5,10000,737.28,2.8631108e-07,9.4155096e-08,2.9774456e-08,10
3.775,0.01135263,5,10000,819.2,2.785404e-07,9.434333e-08,2.9833981e-08,10
3.775,0.01135263,5,10000,901.12,2.7134697e-07,9.3685142e-08,2.9625843e-08,10
3.775,0.01135263,5,10000,983.04,2.6445918e-07,9.249933e-08,2.9250857e-08,10
3.775,0.01135263,5,10000,1064.96,2.5878497e-07,9.1975708e-08,2.9085273e-08,10
3.775,0.01135263,5,10000,1146.88,2.5301268e-07,9.1848011e-08,2.9044891e-08,10
3.775,0.01135263,5,10000,1228.8,2.4714622e-07,9.1857057e-08,2.9047752e-08,10
3.775,0.01135263,5,10000,1310.72,2.4222169e-07,9.1815527e-08,2.9034619e-08,10
3.775,0.01135263,5,10000,1474.56,2.326394e-07,9.2425878e-08,2.9227629e-08,10
3.775,0.01135263,5,10000,1638.4,2.2406473e-07,9.3962403e-08,2.9713521e-08,10
3.775,0.01135263,5,10000,1802.24,2.1662544e-07,9.4096942e-08,2.9756066e-08,10
3.775,0.01135263,5,10000,1966.08,2.0908473e-07,9.2399246e-08,2.9219207e-08,10
3.775,0.01135263,5,10000,2129.92,2.0163352e-07,9.1817606e-08,2.9035276e-08,10
3.775,0.01135263,5,10000,2293.76,1.9531144e-07,9.2131983e-08,2.9134691e-08,10
3.775,0.01135263,5,10000,2457.6,1.9030297e-07,9.0632975e-08,2.8660663e-08,10
3.775,0.01135263,5,10000,2621.44,1.8556874e-07,8.9850246e-08,2.8413142e-08,10
3.775,0.01135263,5,10000,2949.12,1.7532823e-07,8.8076453e-08,2.785222e-08,10
3.775,0.01135263,5,10000,3276.8,1.6527764e-07,8.481817e-08,2.6821861e-08,10
3.775,0.01135263,5,10000,3604.48,1.5698879e-07,8.4010493e-08,2.6566451e-08,10
3.775,0.01135263,5,10000,3932.16,1.4969725e-07,8.3884325e-08,2.6526553e-08,10
3.775,0.01135263,5,10000,4259.84,1.434574e-07,8.677196e-08,2.7439703e-08,10
3.775,0.01135263,5,10000,4587.52,1.3529565e-07,9.0186562e-08,2.8519495e-08,10
3.775,0.01135263,5,10000,4915.2,1.2825198e-07,9.1605697e-08,2.8968265e-08,10
3.775,0.01135263,5,10000,5242.88,1.2381108e-07,9.3293385e-08,2.9501959e-08,10
3.775,0.01135263,5,10000,5898.24,1.1561882e-07,9.152727e-08,2.8943464e-08,10
3.775,0.01135263,5,10000,6553.6,1.0291249e-07,8.7688521e-08,2.7729545e-08,10
3.775,0.01135263,5,10000,7208.96,9.1459481e-08,8.5151135e-08,2.6927153e-08,10
3.775,0.01135263,5,10000,7864.32,8.2425189e-08,8.1449604e-08,2.5756626e-08,10
3.775,0.01135263,5,10000,8519.68,7.5199667e-08,8.1020813e-08,2.5621031e-08,10
3.775,0.01135263,5,10000,9175.04,6.8723821e-08,8.2063981e-08,2.5950909e-08,10
3.775,0.01135263,5,10000,9830.4,6.5824162e-08,8.6612013e-08,2.7389123e-08,10
3.775,0.01135263,5,10000,10485.76,5.9173291e-08,8.7032396e-08,2.752206e-08,10
3.775,0.01135263,5,10000,11796.48,4.7149937e-08,8.6416287e-08,2.7327229e-08,10
3.775,0.01135263,5,10000,13107.2,4.2572955e-08,7.5115682e-08,2.3753664e-08,10
3.775,0.01135263,5,10000,14417.92,4.1341762e-08,6.5475273e-08,2.0705099e-08,10
3.775,0.01135263,5,10000,15728.64,4.1121953e-08,6.1801392e-08,1.9543316e-08,10
3.775,0.01135263,5,10000,17039.36,4.1813463e-08,5.7380217e-08,1.8145218e-08,10
3.775,0.01135263,5,10000,18350.08,4.1025249e-08,5.8306811e-08,1.8438233e-08,10
3.775,0.01135263,5,10000,19660.8,3.9737418e-08,5.9243301e-08,1.8734377e-08,10
3.775,0.01135263,5,10000,20971.52,3.618026e-08,5.7548104e-08,1.8198308e-08,10
3.775,0.01135263,5,10000,23592.96,1.7052942e-08,6.0934389e-08,1.9269146e-08,10
3.775,0.01135263,5,10000,26214.4,-4.355734e-10,6.3185192e-08,1.9980912e-08,10
3.775,0.01135263,5,10000,28835.84,-5.368431e-09,5.6274676e-08,1.7795615e-08,10
3.775,0.01135263,5,10000,31457.28,-5.7707862e-09,5.2463221e-08,1.6590327e-08,10
3.775,0.01135263,5,10000,34078.72,-1.4369912e-08,4.9717157e-08,1.5721946e-08,10
3.775,0.01135263,5,10000,36700.16,-1.2781342e-08,4.9759492e-08,1.5735333e-08,10
3.775,0.01135263,5,10000,39321.6,-1.8385126e-08,4.737656e-08,1.4981784e-08,10
3.775,0.01135263,5,10000,41943.04,-2.2647781e-08,3.9328362e-08,1.243672e-08,10
3.775,0.01135263,5,10000,47185.92,-2.5154831e-08,2.6127074e-08,8.2621062e-09,10
3.775,0.01135263,5,10000,52428.8,-2.1512902e-08,3.3519286e-08,1.0599729e-08,10
3.775,0.01135263,5,10000,57671.68,-2.6739222e-10,5.0441363e-08,1.5950959e-08,10
3.775,0.01135263,5,10000,62914.56,9.7280037e-09,5.6314556e-08,1.7808226e-08,10
3.775,0.01135263,5,10000,68157.44,5.0427504e-09,5.210799e-08,1.6477993e-08,10
3.775,0.01135263,5,10000,73400.32,-1.9500412e-08,5.2596352e-08,1.6632427e-08,10
3.775,0.01135263,5,10000,78643.2,-1.0147091e-08,5.4554009e-08,1.7251492e-08,10
3.775,0.01135263,5,10000,83886.08,4.2361846e-09,6.1136167e-08,1.9332954e-08,10
3.775,0.01135263,5,10000,94371.84,2.2938575e-09,7.951635e-08,2.5145278e-08,10
3.775,0.01135263,5,10000,104857.6,-2.2266451e-08,5.0134934e-08,1.5854058e-08,10
3.775,0.01135263,5,10000,115343.36,2.0446344e-09,4.7570032e-08,1.5042965e-08,10
3.775,0.01135263,5,10000,125829.12,3.3667921e-08,5.7326213e-08,1.812814e-08,10
3.775,0.01135263,5,10000,136314.88,2.0511362e-08,5.8814426e-08,1.8598755e-08,10
3.775,0.01135263,5,10000,146800.64,1.3842816e-08,5.9107842e-08,1.8691541e-08,10
3.775,0.01135263,5,10000,157286.4,3.3016475e-08,1.0411685e-07,3.2924638e-08,10
3.800,0.13345388,fill,1000,0,4.595489e-05,2.9668422e-06,9.381979e-07,10
3.800,0.13345388,fill,1000,0.01,4.5937563e-05,2.9668592e-06,9.3820327e-07,10
3.800,0.13345388,fill,1000,0.02,4.5885886e-05,2.9668832e-06,9.3821084e-07,10
3.800,0.13345388,fill,1000,0.03,4.5800158e-05,2.9669143e-06,9.3822067e-07,10
3.800,0.13345388,fill,1000,0.04,4.5680844e-05,2.9669525e-06,9.3823277e-07,10
3.800,0.13345388,fill,1000,0.05,4.5528561e-05,2.9669983e-06,9.3824725e-07,10
3.800,0.13345388,fill,1000,0.06,4.5344064e-05,2.9670521e-06,9.3826426e-07,10
3.800,0.13345388,fill,1000,0.07,4.5128234e-05,2.9671144e-06,9.3828394e-07,10
3.800,0.13345388,fill,1000,0.08,4.4882071e-05,2.9671856e-06,9.3830648e-07,10
3.800,0.13345388,fill,1000,0.09,4.4606679e-05,2.9672668e-06,9.3833214e-07,10
3.800,0.13345388,fill,1000,0.1,4.4303254e-05,2.9673586e-06,9.3836119e-07,10
3.800,0.13345388,fill,1000,0.11,4.3973081e-05,2.9674622e-06,9.3839395e-07,10
3.800,0.13345388,fill,1000,0.12,4.3617516e-05,2.9675786e-06,9.3843074e-07,10
3.800,0.13345388,fill,1000,0.13,4.3237978e-05,2.9677088e-06,9.3847191e-07,10
3.800,0.13345388,fill,1000,0.14,4.2835943e-05,2.9678541e-06,9.3851787e-07,10
3.800,0.13345388,fill,1000,0.15,4.2412928e-05,2.9680159e-06,9.3856904e-07,10
3.800,0.13345388,fill,1000,0.16,4.1966024e-05,2.9681968e-06,9.3862623e-07,10
3.800,0.13345388,fill,1000,0.18,4.1029992e-05,2.968617e-06,9.3875912e-07,10
3.800,0.13345388,fill,1000,0.2,4.0035382e-05,2.9691286e-06,9.3892089e-07,10
3.800,0.13345388,fill,1000,0.22,3.8995016e-05,2.9697446e-06,9.3911571e-07,10
3.800,0.13345388,fill,1000,0.24,3.7921549e-05,2.9704777e-06,9.3934752e-07,10
3.800,0.13345388,fill,1000,0.26,3.6827282e-05,2.9713384e-06,9.3961972e-07,10
3.800,0.13345388,fill,1000,0.28,3.5724015e-05,2.9723356e-06,9.3993506e-07,10
3.800,0.13345388,fill,1000,0.3,3.462291e-05,2.9734742e-06,9.4029509e-07,10
3.800,0.13345388,fill,1000,0.32,3.3539897e-05,2.9747872e-06,9.4071031e-07,10
3.800,0.13345388,fill,1000,0.36,3.1442167e-05,2.9777289e-06,9.4164056e-07,10
3.800,0.13345388,fill,1000,0.4,2.9496811e-05,2.9810672e-06,9.4269623e-07,10
3.800,0.13345388,fill,1000,0.44,2.7753579e-05,2.9845826e-06,9.4380789e-07,10
3.800,0.13345388,fill,1000,0.48,2.6245928e-05,2.9879953e-06,9.4488709e-07,10
3.800,0.13345388,fill,1000,0.52,2.4991342e-05,2.9910126e-06,9.4584123e-07,10
3.800,0.13345388,fill,1000,0.56,2.3992449e-05,2.9933718e-06,9.4658728e-07,10
3.800,0.13345388,fill,1000,0.6,2.3238805e-05,2.9948646e-06,9.4705934e-07,10
3.800,0.13345388,fill,1000,0.64,2.2757951e-05,2.9950517e-06,9.4711851e-07,10
3.800,0.13345388,fill,1000,0.72,2.2231172e-05,2.9925862e-06,9.4633886e-07,10
3.800,0.13345388,fill,1000,0.8,2.2199491e-05,2.9853799e-06,9.4406003e-07,10
3.800,0.13345388,fill,1000,0.88,2.238933e-05,2.9735235e-06,9.4031069e-07,10
3.800,0.13345388,fill,1000,0.96,2.259087e-05,2.9579012e-06,9.3537048e-07,10
3.800,0.13345388,fill,1000,1.04,2.2689596e-05,2.9406363e-06,9.2991084e-07,10
3.800,0.13345388,fill,1000,1.12,2.2665766e-05,2.9247224e-06,9.2487845e-07,10
3.800,0.13345388,fill,1000,1.2,2.2569937e-05,2.9131495e-06,9.2121876e-07,10
3.800,0.13345388,fill,1000,1.28,2.2510656e-05,2.9096111e-06,9.2009983e-07,10
3.800,0.13345388,fill,1000,1.44,2.2704482e-05,2.917618e-06,9.2263183e-07,10
3.800,0.13345388,fill,1000,1.6,2.3483699e-05,2.9392472e-06,9.2947157e-07,10
3.800,0.13345388,fill,1000,1.76,2.4558262e-05,2.9564066e-06,9.3489787e-07,10
3.800,0.13345388,fill,1000,1.92,2.538728e-05,2.9599009e-06,9.3600284e-07,10
3.800,0.13345388,fill,1000,2.08,2.5609821e-05,2.9597528e-06,9.3595601e-07,10
3.800,0.13345388,fill,1000,2.24,2.5253712e-05,2.9703118e-06,9.3929506e-07,10
3.800,0.13345388,fill,1000,2.4,2.4612417e-05,2.9873857e-06,9.446943e-07,10
3.800,0.13345388,fill,1000,2.56,2.3963096e-05,2.9906898e-06,9.4573914e-07,10
3.800,0.13345388,fill,1000,2.88,2.2654957e-05,2.9500806e-06,9.3289739e-07,10
3.800,0.13345388,fill,1000,3.2,2.1424945e-05,2.8833459e-06,9.1179405e-07,10
3.800,0.13345388,fill,1000,3.52,2.114763e-05,2.9115321e-06,9.207073e-07,10
3.800,0.13345388,fill,1000,3.84,2.1748478e-05,2.9924926e-06,9.4630924e-07,10
3.800,0.13345388,fill,1000,4.16,2.2149308e-05,3.0113634e-06,9.5227671e-07,10
3.800,0.13345388,fill,1000,4.48,2.1907446e-05,3.0170914e-06,9.5408807e-07,10
3.800,0.13345388,fill,1000,4.8,2.126171e-05,3.015346e-06,9.5353614e-07,10
3.800,0.13345388,fill,1000,5.12,2.0646766e-05,3.0119355e-06,9.5245764e-07,10
3.800,0.13345388,fill,1000,5.76,2.0016131e-05,3.0238513e-06,9.5622574e-07,10
3.800,0.13345388,fill,1000,6.4,1.9814409e-05,3.00872e-06,9.514408e-07,10
3.800,0.13345388,fill,1000,7.04,1.9381323e-05,2.9369509e-06,9.2874541e-07,10
3.800,0.13345388,fill,1000,7.68,1.8716755e-05,2.9673449e-06,9.3835684e-07,10
3.800,0.13345388,fill,1000,8.32,1.8406208e-05,3.0328775e-06,9.5908008e-07,10
3.800,0.13345388,fill,1000,8.96,1.7962443e-05,3.0058048e-06,9.5051893e-07,10
3.800,0.13345388,fill,1000,9.6,1.7429942e-05,2.9538747e-06,9.3409719e-07,10
3.800,0.13345388,fill,1000,10.24,1.7081978e-05,2.9612833e-06,9.3644e-07,10
3.800,0.13345388,fill,1000,11.52,1.6359838e-05,2.9440407e-06,9.309874e-07,10
3.800,0.13345388,fill,1000,12.8,1.5638781e-05,2.9229456e-06,9.2431656e-07,10
3.800,0.13345388,fill,1000,14.08,1.4927533e-05,2.9006055e-06,9.1725201e-07,10
3.800,0.13345388,fill,1000,15.36,1.4356238e-05,2.8363159e-06,8.9692185e-07,10
3.800,0.13345388,fill,1000,16.64,1.3695479e-05,2.8247297e-06,8.9325796e-07,10
3.800,0.13345388,fill,1000,17.92,1.3204768e-05,2.7968264e-06,8.8443416e-07,10
3.800,0.13345388,fill,1000,19.2,1.2593906e-05,2.8421291e-06,8.9876013e-07,10
3.800,0.13345388,fill,1000,20.48,1.2045027e-05,2.8330408e-06,8.9588615e-07,10
3.800,0.13345388,fill,1000,23.04,1.104928e-05,2.7871046e-06,8.8135985e-07,10
3.800,0.13345388,fill,1000,25.6,1.0134311e-05,2.7083604e-06,8.5645874e-07,10
3.800,0.13345388,fill,1000,28.16,9.3123976e-06,2.6142101e-06,8.2668581e-07,10
3.800,0.13345388,fill,1000,30.72,8.5492021e-06,2.6518956e-06,8.3860302e-07,10
3.800,0.13345388,fill,1000,33.28,7.8080432e-06,2.6034068e-06,8.2326952e-07,10
3.800,0.13345388,fill,1000,35.84,7.1678298e-06,2.545462e-06,8.0494577e-07,10
3.800,0.13345388,fill,1000,38.4,6.6531443e-06,2.5336163e-06,8.0119983e-07,10
3.800,0.13345388,fill,1000,40.96,6.1698766e-06,2.38087e-06,7.528972e-07,10
3.800,0.13345388,fill,1000,46.08,5.3524978e-06,2.0501081e-06,6.483011e-07,10
3.800,0.13345388,fill,1000,51.2,4.7510645e-06,1.796035e-06,5.6795614e-07,10
3.800,0.13345388,fill,1000,56.32,4.1326969e-06,1.6427334e-06,5.1947792e-07,10
3.800,0.13345388,fill,1000,61.44,3.6720283e-06,1.6416787e-06,5.191444e-07,10
3.800,0.13345388,fill,1000,66.56,3.2995009e-06,1.6679307e-06,5.2744601e-07,10
3.800,0.13345388,fill,1000,71.68,3.0085005e-06,1.6004124e-06,5.0609484e-07,10
3.800,0.13345388,fill,1000,76.8,2.7349212e-06,1.5332965e-06,4.8487094e-07,10
3.800,0.13345388,fill,1000,81.92,2.4493246e-06,1.4788591e-06,4.6765632e-07,10
3.800,0.13345388,fill,1000,92.16,1.9457114e-06,1.4284994e-06,4.5173118e-07,10
3.800,0.13345388,fill,1000,102.4,1.481243e-06,1.4593215e-06,4.6147797e-07,10
3.800,0.13345388,fill,1000,112.64,1.2874964e-06,1.4060079e-06,4.4461872e-07,10
3.800,0.13345388,fill,1000,122.88,1.0984183e-06,1.2956375e-06,4.0971654e-07,10
3.800,0.13345388,fill,1000,133.12,8.3946066e-07,1.2588896e-06,3.9809584e-07,10
3.800,0.13345388,fill,1000,143.36,6.9253546e-07,1.0892794e-06,3.444604e-07,10
3.800,0.13345388,fill,1000,153.6,4.4969926e-07,7.984729e-07,2.524993e-07,10
3.800,0.13345388,fill,1000,163.84,2.4677876e-07,9.247524e-07,2.9243239e-07,10
3.800,0.13345388,fill,1000,184.32,2.8451318e-07,1.1075694e-06,3.5024418e-07,10
3.800,0.13345388,fill,1000,204.8,3.3629239e-07,1.225364e-06,3.8749414e-07,10
3.800,0.13345388,fill,1000,225.28,1.7922947e-07,1.2718919e-06,4.0220752e-07,10
3.800,0.13345388,fill,1000,245.76,-1.2134722e-07,1.1617234e-06,3.6736918e-07,10
3.800,0.13345388,fill,1000,266.24,-5.924923e-08,1.0056398e-06,3.1801124e-07,10
3.800,0.13345388,fill,1000,286.72,9.0615696e-08,1.204102e-06,3.8077047e-07,10
3.800,0.13345388,fill,1000,307.2,-9.4083856e-08,1.3692933e-06,4.3300856e-07,10
3.800,0.13345388,fill,1000,327.68,-1.7788244e-07,1.261288e-06,3.9885429e-07,10
3.800,0.13345388,fill,1000,368.64,-4.0663147e-07,1.0329749e-06,3.2665533e-07,10
3.800,0.13345388,fill,1000,409.6,9.2148875e-08,1.2286617e-06,3.8853695e-07,10
3.800,0.13345388,fill,1000,450.56,4.2348274e-07,1.5850271e-06,5.0122959e-07,10
3.800,0.13345388,fill,1000,491.52,5.007804e-07,9.7861952e-07,3.0946667e-07,10
3.800,0.13345388,fill,1000,532.48,6.2334865e-07,1.078955e-06,3.4119553e-07,10
3.800,0.13345388,fill,1000,573.44,4.8769993e-07,1.0814828e-06,3.4199489e-07,10
3.800,0.13345388,fill,1000,614.4,1.2420771e-07,1.0576017e-06,3.3444303e-07,10
3.800,0.13345388,fill,1000,655.36,-3.7151369e-07,1.6208984e-06,5.1257309e-07,10
3.800,0.13345388,fill,1000,737.28,-1.2483783e-07,1.2381603e-06,3.9154067e-07,10
3.800,0.13345388,fill,1000,819.2,-1.7391775e-07,1.1142845e-06,3.523677e-07,10
3.800,0.13345388,fill,1000,901.12,-3.8314086e-07,7.8675812e-07,2.4879476e-07,10
3.800,0.13345388,fill,1000,983.04,-3.6079005e-07,1.6638261e-06,5.26148e-07,10
3.800,0.13345388,fill,1000,1064.96,3.7633734e-07,1.4583438e-06,4.6116881e-07,10
3.800,0.13345388,fill,1000,1146.88,6.0297476e-07,1.1709522e-06,3.7028759e-07,10
3.800,0.13345388,fill,1000,1228.8,-1.6875985e-07,9.0080648e-07,2.8486002e-07,10
3.800,0.13345388,fill,1000,1310.72,1.3401998e-08,6.8432648e-07,2.1640303e-07,10
3.800,0.13345388,fill,1000,1474.56,-1.1437192e-07,1.0164109e-06,3.2141735e-07,10
3.800,0.13345388,fill,1000,1638.4,1.7231781e-08,8.6104953e-07,2.7228777e-07,10
3.800,0.13345388,fill,1000,1802.24,1.169143e-07,7.8959177e-07,2.4969084e-07,10
3.800,0.13345388,fill,1000,1966.08,-1.8762675e-07,1.0955554e-06,3.4644504e-07,10
3.800,0.13345388,fill,1000,2129.92,5.6053695e-07,9.413112e-07,2.9766874e-07,10
3.800,0.13345388,fill,1000,2293.76,-1.2488123e-07,1.1296824e-06,3.5723693e-07,10
3.800,0.13345388,fill,1000,2457.6,-1.1113518e-06,1.0119292e-06,3.2000011e-07,10
3.800,0.13345388,fill,1000,2621.44,-8.1881977e-07,1.0755418e-06,3.4011619e-07,10
3.800,0.13345388,fill,1000,2949.12,-5.448234e-08,7.595547e-07,2.4019229e-07,10
3.800,0.13345388,fill,1000,3276.8,3.8444674e-07,9.5723925e-07,3.0270563e-07,10
3.800,0.13345388,fill,1000,3604.48,6.7334502e-07,8.026973e-07,2.5383517e-07,10
3.800,0.13345388,fill,1000,3932.16,-1.4280275e-08,1.0344994e-06,3.2713745e-07,10
3.800,0.13345388,fill,1000,4259.84,3.5854405e-07,9.0032697e-07,2.8470839e-07,10
3.800,0.13345388,fill,1000,4587.52,-1.1310005e-08,5.7756921e-07,1.8264342e-07,10
3.800,0.13345388,fill,1000,4915.2,-6.0151083e-07,8.3944222e-07,2.6545494e-07,10
3.800,0.13345388,fill,1000,5242.88,1.595344e-07,5.5702079e-07,1.7614544e-07,10
3.800,0.13345388,fill,1000,5898.24,-7.1662469e-07,6.0551639e-07,1.9148109e-07,10
3.800,0.13345388,fill,1000,6553.6,-3.3817641e-07,8.0810169e-07,2.5554419e-07,10
3.800,0.13345388,fill,1000,7208.96,-3.7705015e-07,1.1609356e-06,3.6712006e-07,10
3.800,0.13345388,fill,1000,7864.32,-5.161008e-07,8.6897816e-07,2.7479502e-07,10
3.800,0.13345388,fill,1000,8519.68,7.713546e-07,2.3420967e-06,7.4063601e-07,10
3.800,0.13345388,fill,1000,9175.04,8.7072098e-07,2.0590416e-06,6.5112612e-07,10
3.800,0.11665069,6,1000,0,3.6390063e-05,1.4649668e-06,4.6326317e-07,10
3.800,0.11665069,6,1000,0.01,3.6376412e-05,1.4649748e-06,4.632657e-07,10
3.800,0.11665069,6,1000,0.02,3.6335714e-05,1.4649908e-06,4.6327075e-07,10
3.800,0.11665069,6,1000,0.03,3.6268186e-05,1.4650146e-06,4.6327831e-07,10
3.800,0.11665069,6,1000,0.04,3.6174165e-05,1.4650468e-06,4.6328847e-07,10
3.800,0.11665069,6,1000,0.05,3.6054099e-05,1.4650878e-06,4.6330144e-07,10
3.800,0.11665069,6,1000,0.06,3.5908542e-05,1.4651386e-06,4.6331751e-07,10
3.800,0.11665069,6,1000,0.07,3.573814e-05,1.4652002e-06,4.6333698e-07,10
3.800,0.11665069,6,1000,0.08,3.554363e-05,1.4652736e-06,4.6336021e-07,10
3.800,0.11665069,6,1000,0.09,3.5325828e-05,1.4653602e-06,4.6338757e-07,10
3.800,0.11665069,6,1000,0.1,3.5085624e-05,1.4654611e-06,4.6341949e-07,10
3.800,0.11665069,6,1000,0.11,3.4823972e-05,1.4655778e-06,4.634564e-07,10
3.800,0.11665069,6,1000,0.12,3.4541887e-05,1.4657118e-06,4.6349875e-07,10
3.800,0.11665069,6,1000,0.13,3.4240433e-05,1.4658645e-06,4.6354707e-07,10
3.800,0.11665069,6,1000,0.14,3.3920721e-05,1.4660379e-06,4.6360189e-07,10
3.800,0.11665069,6,1000,0.15,3.3583897e-05,1.4662337e-06,4.6366381e-07,10
3.800,0.11665069,6,1000,0.16,3.3227457e-05,1.4664575e-06,4.6373457e-07,10
3.800,0.11665069,6,1000,0.18,3.2479583e-05,1.4669785e-06,4.6389934e-07,10
3.800,0.11665069,6,1000,0.2,3.1682612e-05,1.4676203e-06,4.641023e-07,10
3.800,0.11665069,6,1000,0.22,3.0846453e-05,1.4683985e-06,4.6434837e-07,10
3.800,0.11665069,6,1000,0.24,2.9980965e-05,1.4693281e-06,4.6464235e-07,10
3.800,0.11665069,6,1000,0.26,2.9095819e-05,1.470423e-06,4.6498859e-07,10
3.800,0.11665069,6,1000,0.28,2.820037e-05,1.4716949e-06,4.6539079e-07,10
3.800,0.11665069,6,1000,0.3,2.730355e-05,1.4731528e-06,4.6585181e-07,10
3.800,0.11665069,6,1000,0.32,2.641743e-05,1.4748275e-06,4.6638141e-07,10
3.800,0.11665069,6,1000,0.36,2.4693093e-05,1.4787095e-06,4.67609e-07,10
3.800,0.11665069,6,1000,0.4,2.3081254e-05,1.4833305e-06,4.6907029e-07,10
3.800,0.11665069,6,1000,0.44,2.1624336e-05,1.4886026e-06,4.7073749e-07,10
3.800,0.11665069,6,1000,0.48,2.0352149e-05,1.4943816e-06,4.7256496e-07,10
3.800,0.11665069,6,1000,0.52,1.928188e-05,1.5004787e-06,4.7449301e-07,10
3.800,0.11665069,6,1000,0.56,1.8418748e-05,1.5066734e-06,4.7645197e-07,10
3.800,0.11665069,6,1000,0.6,1.7757231e-05,1.512722e-06,4.783647e-07,10
3.800,0.11665069,6,1000,0.64,1.7324092e-05,1.5181558e-06,4.8008301e-07,10
3.800,0.11665069,6,1000,0.72,1.6831012e-05,1.5270741e-06,4.8290323e-07,10
3.800,0.11665069,6,1000,0.8,1.677633e-05,1.5314512e-06,4.842874e-07,10
3.800,0.11665069,6,1000,0.88,1.6935621e-05,1.5300451e-06,4.8384273e-07,10
3.800,0.11665069,6,1000,0.96,1.7126703e-05,1.5227566e-06,4.8153792e-07,10
3.800,0.11665069,6,1000,1.04,1.7239851e-05,1.5106915e-06,4.7772259e-07,10
3.800,0.11665069,6,1000,1.12,1.7242916e-05,1.4958033e-06,4.7301455e-07,10
3.800,0.11665069,6,1000,1.2,1.716612e-05,1.4804577e-06,4.6816184e-07,10
3.800,0.11665069,6,1000,1.28,1.7090377e-05,1.4681065e-06,4.6425604e-07,10
3.800,0.11665069,6,1000,1.44,1.7165443e-05,1.4568598e-06,4.6069953e-07,10
3.800,0.11665069,6,1000,1.6,1.7746218e-05,1.4709718e-06,4.6516214e-07,10
3.800,0.11665069,6,1000,1.76,1.8674544e-05,1.5014572e-06,4.7480245e-07,10
3.800,0.11665069,6,1000,1.92,1.9499931e-05,1.5239723e-06,4.8192236e-07,10
3.800,0.11665069,6,1000,2.08,1.9841562e-05,1.5217743e-06,4.8122729e-07,10
3.800,0.11665069,6,1000,2.24,1.964331e-05,1.5003987e-06,4.7446772e-07,10
3.800,0.11665069,6,1000,2.4,1.9135505e-05,1.4809692e-06,4.6832357e-07,10
3.800,0.11665069,6,1000,2.56,1.8586584e-05,1.4803815e-06,4.6813772e-07,10
3.800,0.11665069,6,1000,2.88,1.7499781e-05,1.4879803e-06,4.7054069e-07,10
3.800,0.11665069,6,1000,3.2,1.6438437e-05,1.4711068e-06,4.6520481e-07,10
3.800,0.11665069,6,1000,3.52,1.6114285e-05,1.4728475e-06,4.6575528e-07,10
3.800,0.11665069,6,1000,3.84,1.6596468e-05,1.4676578e-06,4.6411415e-07,10
3.800,0.11665069,6,1000,4.16,1.6955524e-05,1.4445344e-06,4.5680188e-07,10
3.800,0.11665069,6,1000,4.48,1.6799701e-05,1.4680421e-06,4.6423566e-07,10
3.800,0.11665069,6,1000,4.8,1.6358704e-05,1.4713583e-06,4.6528436e-07,10
3.800,0.11665069,6,1000,5.12,1.5894639e-05,1.4699329e-06,4.648336e-07,10
3.800,0.11665069,6,1000,5.76,1.5355437e-05,1.4710433e-06,4.6518475e-07,10
3.800,0.11665069,6,1000,6.4,1.523322e-05,1.4355773e-06,4.5396941e-07,10
3.800,0.11665069,6,1000,7.04,1.491761e-05,1.4215673e-06,4.4953906e-07,10
3.800,0.11665069,6,1000,7.68,1.441611e-05,1.4460408e-06,4.5727827e-07,10
3.800,0.11665069,6,1000,8.32,1.4095404e-05,1.456506e-06,4.6058764e-07,10
3.800,0.11665069,6,1000,8.96,1.3866766e-05,1.4276766e-06,4.5147097e-07,10
3.800,0.11665069,6,1000,9.6,1.3518292e-05,1.3954612e-06,4.4128358e-07,10
3.800,0.11665069,6,1000,10.24,1.3183671e-05,1.3838264e-06,4.3760432e-07,10
3.800,0.11665069,6,1000,11.52,1.2574131e-05,1.3324615e-06,4.2136132e-07,10
3.800,0.11665069,6,1000,12.8,1.2025365e-05,1.3351031e-06,4.2219668e-07,10
3.800,0.11665069,6,1000,14.08,1.1541376e-05,1.2994349e-06,4.1091739e-07,10
3.800,0.11665069,6,1000,15.36,1.0967795e-05,1.3222688e-06,4.1813809e-07,10
3.800,0.11665069,6,1000,16.64,1.0511884e-05,1.3054828e-06,4.1282992e-07,10
3.800,0.11665069,6,1000,17.92,1.0005215e-05,1.2498851e-06,3.9524836e-07,10
3.800,0.11665069,6,1000,19.2,9.5510737e-06,1.2729004e-06,4.0252644e-07,10
3.800,0.11665069,6,1000,20.48,9.1809017e-06,1.2487329e-06,3.9488402e-07,10
3.800,0.11665069,6,1000,23.04,8.4576723e-06,1.2958594e-06,4.0978672e-07,10
3.800,0.11665069,6,1000,25.6,7.8325469e-06,1.3654262e-06,4.3178566e-07,10
3.800,0.11665069,6,1000,28.16,7.2438204e-06,1.2983059e-06,4.1056037e-07,10
3.800,0.11665069,6,1000,30.72,6.7095253e-06,1.2521385e-06,3.9596096e-07,10
3.800,0.11665069,6,1000,33.28,6.2417135e-06,1.2375585e-06,3.9135035e-07,10
3.800,0.11665069,6,1000,35.84,5.7813849e-06,1.2180924e-06,3.8519465e-07,10
3.800,0.11665069,6,1000,38.4,5.3864108e-06,1.2239947e-06,3.870611e-07,10
3.800,0.11665069,6,1000,40.96,5.0655891e-06,1.1607038e-06,3.6704677e-07,10
3.800,0.11665069,6,1000,46.08,4.3393207e-06,1.0882879e-06,3.4414684e-07,10
3.800,0.11665069,6,1000,51.2,3.6148032e-06,1.0777675e-06,3.4081999e-07,10
3.800,0.11665069,6,1000,56.32,3.0232255e-06,1.1631231e-06,3.6781181e-07,10
3.800,0.11665069,6,1000,61.44,2.5189023e-06,1.1698717e-06,3.6994592e-07,10
3.800,0.11665069,6,1000,66.56,2.0617276e-06,1.2116464e-06,3.8315622e-07,10
3.800,0.11665069,6,1000,71.68,1.7193825e-06,1.2222162e-06,3.8649868e-07,10
3.800,0.11665069,6,1000,76.8,1.4606503e-06,1.2038728e-06,3.80698e-07,10
3.800,0.11665069,6,1000,81.92,1.1371674e-06,1.2409315e-06,3.9241699e-07,10
3.800,0.11665069,6,1000,92.16,7.2080089e-07,1.2029499e-06,3.8040616e-07,10
3.800,0.11665069,6,1000,102.4,4.0839282e-07,1.0326231e-06,3.265441e-07,10
3.800,0.11665069,6,1000,112.64,1.3436925e-07,1.0221975e-06,3.2324723e-07,10
3.800,0.11665069,6,1000,122.88,-7.3370051e-08,1.1832743e-06,3.7418417e-07,10
3.800,0.11665069,6,1000,133.12,-2.0311382e-07,1.2295227e-06,3.8880923e-07,10
3.800,0.11665069,6,1000,143.36,-9.100559e-08,1.1940734e-06,3.7759918e-07,10
3.800,0.11665069,6,1000,153.6,2.6844378e-08,1.1740017e-06,3.7125192e-07,10
3.800,0.11665069,6,1000,163.84,2.3648318e-07,9.3075292e-07,2.9432992e-07,10
3.800,0.11665069,6,1000,184.32,4.8075059e-07,6.2725165e-07,1.9835439e-07,10
3.800,0.11665069,6,1000,204.8,3.0937256e-07,5.4814903e-07,1.7333994e-07,10
3.800,0.11665069,6,1000,225.28,4.617671e-08,5.8093256e-07,1.83707e-07,10
3.800,0.11665069,6,1000,245.76,-1.4322269e-07,7.2775732e-07,2.3013707e-07,10
3.800,0.11665069,6,1000,266.24,-3.0102025e-07,7.1341554e-07,2.256018e-07,10
3.800,0.11665069,6,1000,286.72,-3.3038843e-07,6.495106e-07,2.0539328e-07,10
3.800,0.11665069,6,1000,307.2,-1.3834724e-07,5.8712938e-07,1.8566661e-07,10
3.800,0.11665069,6,1000,327.68,-2.17724e-07,8.6846361e-07,2.7463231e-07,10
3.800,0.11665069,6,1000,368.64,-1.1413561e-07,1.2431887e-06,3.9313078e-07,10
3.800,0.11665069,6,1000,409.6,1.6282568e-07,1.1836023e-06,3.7428792e-07,10
3.800,0.11665069,6,1000,450.56,1.2619996e-07,1.4338915e-06,4.5343631e-07,10
3.800,0.11665069,6,1000,491.52,-1.8447465e-07,1.5260881e-06,4.8259143e-07,10
3.800,0.11665069,6,1000,532.48,-3.7302719e-07,1.2980301e-06,4.1047315e-07,10
3.800,0.11665069,6,1000,573.44,-4.6322055e-07,8.794126e-07,2.7809468e-07,10
3.800,0.11665069,6,1000,614.4,-4.4001281e-07,6.2128093e-07,1.9646628e-07,10
3.800,0.11665069,6,1000,655.36,-4.425309e-07,6.9329244e-07,2.1923832e-07,10
3.800,0.11665069,6,1000,737.28,-1.251637e-07,9.5744973e-07,3.0277219e-07,10
3.800,0.11665069,6,1000,819.2,1.7455958e-07,8.8317073e-07,2.7928311e-07,10
3.800,0.11665069,6,1000,901.12,-7.0252068e-08,1.277061e-06,4.0384215e-07,10
3.800,0.11665069,6,1000,983.04,1.6318117e-07,1.0355132e-06,3.2745803e-07,10
3.800,0.11665069,6,1000,1064.96,4.9361811e-07,1.0703306e-06,3.3846826e-07,10
3.800,0.11665069,6,1000,1146.88,1.6499402e-07,1.2184503e-06,3.8530782e-07,10
3.800,0.11665069,6,1000,1228.8,3.768141e-10,1.0776042e-06,3.4076837e-07,10
3.800,0.11665069,6,1000,1310.72,3.7117553e-07,8.3772145e-07,2.6491078e-07,10
3.800,0.11665069,6,1000,1474.56,-4.3476412e-08,8.3148941e-07,2.6294004e-07,10
3.800,0.11665069,6,1000,1638.4,3.1950524e-07,8.3132382e-07,2.6288768e-07,10
3.800,0.11665069,6,1000,1802.24,2.6238904e-07,9.5123988e-07,3.0080846e-07,10
3.800,0.11665069,6,1000,1966.08,-8.2814218e-08,8.140045e-07,2.5741082e-07,10
3.800,0.11665069,6,1000,2129.92,-3.4187725e-07,9.5146744e-07,3.0088042e-07,10
3.800,0.11665069,6,1000,2293.76,-2.0207088e-07,9.3622781e-07,2.9606123e-07,10
3.800,0.11665069,6,1000,2457.6,1.8196594e-07,1.4062361e-06,4.4469091e-07,10
3.800,0.11665069,6,1000,2621.44,2.7501216e-07,6.1535247e-07,1.9459154e-07,10
3.800,0.11665069,6,1000,2949.12,1.8784871e-07,6.9370278e-07,2.1936808e-07,10
3.800,0.11665069,6,1000,3276.8,4.6169246e-08,8.2914734e-07,2.6219941e-07,10
3.800,0.11665069,6,1000,3604.48,2.4016974e-07,1.1429951e-06,3.614468e-07,10
3.800,0.11665069,6,1000,3932.16,-5.1241283e-08,1.129828e-06,3.5728298e-07,10
3.800,0.11665069,6,1000,4259.84,1.7185666e-07,9.6220346e-07,3.0427545e-07,10
3.800,0.11665069,6,1000,4587.52,1.8918769e-07,8.3481076e-07,2.6399034e-07,10
3.800,0.11665069,6,1000,4915.2,1.0576504e-07,6.5104896e-07,2.0587976e-07,10
3.800,0.11665069,6,1000,5242.88,3.2705212e-08,4.0038179e-07,1.2661184e-07,10
3.800,0.11665069,6,1000,5898.24,-4.3497617e-08,6.6142508e-07,2.0916097e-07,10
3.800,0.11665069,6,1000,6553.6,3.289095e-07,7.0472497e-07,2.228536e-07,10
3.800,0.11665069,6,1000,7208.96,-1.6732955e-07,8.450064e-07,2.6721448e-07,10
3.800,0.11665069,6,1000,7864.32,4.6742299e-07,7.5789282e-07,2.3966675e-07,10
3.800,0.11665069,6,1000,8519.68,1.720866e-09,1.1016989e-06,3.4838778e-07,10
3.800,0.11665069,6,1000,9175.04,-3.789884e-07,1.9874561e-06,6.2848881e-07,10
3.800,0.08400365,2,1000,0,2.2143131e-05,6.5058582e-07,2.057333e-07,10
3.800,0.08400365,2,1000,0.01,2.2135407e-05,6.5063038e-07,2.0574739e-07,10
3.800,0.08400365,2,1000,0.02,2.2112328e-05,6.5075959e-07,2.0578825e-07,10
3.800,0.08400365,2,1000,0.03,2.2073995e-05,6.5097328e-07,2.0585582e-07,10
3.800,0.08400365,2,1000,0.04,2.2020567e-05,6.5127095e-07,2.0594996e-07,10
3.800,0.08400365,2,1000,0.05,2.1952255e-05,6.5165195e-07,2.0607044e-07,10
3.800,0.08400365,2,1000,0.06,2.1869325e-05,6.5211541e-07,2.06217e-07,10
3.800,0.08400365,2,1000,0.07,2.1772091e-05,6.5266036e-07,2.0638933e-07,10
3.800,0.08400365,2,1000,0.08,2.1660911e-05,6.5328567e-07,2.0658707e-07,10
3.800,0.08400365,2,1000,0.09,2.1536185e-05,6.5399002e-07,2.068098e-07,10
3.800,0.08400365,2,1000,0.1,2.1398356e-05,6.5477197e-07,2.0705708e-07,10
3.800,0.08400365,2,1000,0.11,2.1247898e-05,6.5562997e-07,2.073284e-07,10
3.800,0.08400365,2,1000,0.12,2.1085324e-05,6.5656222e-07,2.076232e-07,10
3.800,0.08400365,2,1000,0.13,2.0911172e-05,6.5756682e-07,2.0794089e-07,10
3.800,0.08400365,2,1000,0.14,2.0726011e-05,6.586417e-07,2.0828079e-07,10
3.800,0.08400365,2,1000,0.15,2.0530432e-05,6.5978459e-07,2.0864221e-07,10
3.800,0.08400365,2,1000,0.16,2.0322754e-05,6.6100826e-07,2.0902916e-07,10
3.800,0.08400365,2,1000,0.18,1.988543e-05,6.6361019e-07,2.0985197e-07,10
3.800,0.08400365,2,1000,0.2,1.9416641e-05,6.6644205e-07,2.1074748e-07,10
3.800,0.08400365,2,1000,0.22,1.8921742e-05,6.6947937e-07,2.1170797e-07,10
3.800,0.08400365,2,1000,0.24,1.8406161e-05,6.726954e-07,2.1272496e-07,10
3.800,0.08400365,2,1000,0.26,1.7875318e-05,6.760614e-07,2.1378939e-07,10
3.800,0.08400365,2,1000,0.28,1.7334551e-05,6.7954687e-07,2.1489159e-07,10
3.800,0.08400365,2,1000,0.3,1.6789054e-05,6.8311967e-07,2.1602141e-07,10
3.800,0.08400365,2,1000,0.32,1.6245073e-05,6.867386e-07,2.1716581e-07,10
3.800,0.08400365,2,1000,0.36,1.5176133e-05,6.9399917e-07,2.1946181e-07,10
3.800,0.08400365,2,1000,0.4,1.4160459e-05,7.0106472e-07,2.2169613e-07,10
3.800,0.08400365,2,1000,0.44,1.3225983e-05,7.0767885e-07,2.237877e-07,10
3.800,0.08400365,2,1000,0.48,1.2393908e-05,7.1362344e-07,2.2566755e-07,10
3.800,0.08400365,2,1000,0.52,1.1678369e-05,7.1873381e-07,2.2728359e-07,10
3.800,0.08400365,2,1000,0.56,1.1086502e-05,7.2290732e-07,2.2860337e-07,10
3.800,0.08400365,2,1000,0.6,1.0618889e-05,7.2610375e-07,2.2961417e-07,10
3.800,0.08400365,2,1000,0.64,1.0297549e-05,7.2808717e-07,2.3024138e-07,10
3.800,0.08400365,2,1000,0.72,9.9060991e-06,7.30107e-07,2.308801e-07,10
3.800,0.08400365,2,1000,0.8,9.8284497e-06,7.2968934e-07,2.3074803e-07,10
3.800,0.08400365,2,1000,0.88,9.9291429e-06,7.2810419e-07,2.3024676e-07,10
3.800,0.08400365,2,1000,0.96,1.0085212e-05,7.264674e-07,2.2972916e-07,10
3.800,0.08400365,2,1000,1.04,1.0208993e-05,7.2539047e-07,2.2938861e-07,10
3.800,0.08400365,2,1000,1.12,1.0257929e-05,7.2481941e-07,2.2920802e-07,10
3.800,0.08400365,2,1000,1.2,1.0232278e-05,7.2414123e-07,2.2899356e-07,10
3.800,0.08400365,2,1000,1.28,1.0165201e-05,7.2210209e-07,2.2834873e-07,10
3.800,0.08400365,2,1000,1.44,1.0111478e-05,7.147035e-07,2.2600909e-07,10
3.800,0.08400365,2,1000,1.6,1.0362371e-05,7.0421298e-07,2.226917e-07,10
3.800,0.08400365,2,1000,1.76,1.092706e-05,6.9515939e-07,2.198287e-07,10
3.800,0.08400365,2,1000,1.92,1.1540738e-05,6.87501e-07,2.174069e-07,10
3.800,0.08400365,2,1000,2.08,1.1896769e-05,6.7769295e-07,2.1430533e-07,10
3.800,0.08400365,2,1000,2.24,1.1887268e-05,6.6670422e-07,2.1083039e-07,10
3.800,0.08400365,2,1000,2.4,1.1644729e-05,6.6252039e-07,2.0950734e-07,10
3.800,0.08400365,2,1000,2.56,1.1387878e-05,6.7478996e-07,2.1338732e-07,10
3.800,0.08400365,2,1000,2.88,1.0917974e-05,7.1775067e-07,2.2697269e-07,10
3.800,0.08400365,2,1000,3.2,1.0280366e-05,7.3158777e-07,2.3134837e-07,10
3.800,0.08400365,2,1000,3.52,9.9009388e-06,6.9218883e-07,2.1888933e-07,10
3.800,0.08400365,2,1000,3.84,1.0142466e-05,6.7082053e-07,2.1213208e-07,10
3.800,0.08400365,2,1000,4.16,1.0277542e-05,6.9671662e-07,2.2032114e-07,10
3.800,0.08400365,2,1000,4.48,9.9984056e-06,7.2551051e-07,2.2942657e-07,10
3.800,0.08400365,2,1000,4.8,9.8144766e-06,7.2522376e-07,2.2933589e-07,10
3.800,0.08400365,2,1000,5.12,9.806298e-06,7.1784495e-07,2.2700251e-07,10
3.800,0.08400365,2,1000,5.76,9.7010807e-06,6.9566567e-07,2.199888e-07,10
3.800,0.08400365,2,1000,6.4,9.4003079e-06,6.9148017e-07,2.1866523e-07,10
3.800,0.08400365,2,1000,7.04,9.1997509e-06,6.7669467e-07,2.1398964e-07,10
3.800,0.08400365,2,1000,7.68,9.0652686e-06,6.7647994e-07,2.1392174e-07,10
3.800,0.08400365,2,1000,8.32,8.9038315e-06,6.5468809e-07,2.0703055e-07,10
3.800,0.08400365,2,1000,8.96,8.6361387e-06,6.3324735e-07,2.0025039e-07,10
3.800,0.08400365,2,1000,9.6,8.4651653e-06,6.6128153e-07,2.0911558e-07,10
3.800,0.08400365,2,1000,10.24,8.3276854e-06,6.2336708e-07,1.9712598e-07,10
3.800,0.08400365,2,1000,11.52,8.037665e-06,6.1523186e-07,1.945534e-07,10
3.800,0.08400365,2,1000,12.8,7.691936e-06,6.4893342e-07,2.0521076e-07,10
3.800,0.08400365,2,1000,14.08,7.4030991e-06,5.9938724e-07,1.8954289e-07,10
3.800,0.08400365,2,1000,15.36,7.1002058e-06,5.900896e-07,1.8660272e-07,10
3.800,0.08400365,2,1000,16.64,6.8360779e-06,6.0974892e-07,1.9281954e-07,10
3.800,0.08400365,2,1000,17.92,6.5794133e-06,5.7392262e-07,1.8149027e-07,10
3.800,0.08400365,2,1000,19.2,6.3669504e-06,5.8830617e-07,1.8603874e-07,10
3.800,0.08400365,2,1000,20.48,6.0988805e-06,5.797224e-07,1.8332432e-07,10
3.800,0.08400365,2,1000,23.04,5.6379849e-06,5.649943e-07,1.7866689e-07,10
3.800,0.08400365,2,1000,25.6,5.2299653e-06,5.5691277e-07,1.7611128e-07,10
3.800,0.08400365,2,1000,28.16,4.8706336e-06,5.3411593e-07,1.6890229e-07,10
3.800,0.08400365,2,1000,30.72,4.5145891e-06,5.4122226e-07,1.7114951e-07,10
3.800,0.08400365,2,1000,33.28,4.1803429e-06,5.2900045e-07,1.6728463e-07,10
3.800,0.08400365,2,1000,35.84,3.897429e-06,5.1642891e-07,1.6330916e-07,10
3.800,0.08400365,2,1000,38.4,3.6379142e-06,4.9114757e-07,1.553145e-07,10
3.800,0.08400365,2,1000,40.96,3.394449e-06,5.0500543e-07,1.5969674e-07,10
3.800,0.08400365,2,1000,46.08,2.9680282e-06,5.7466034e-07,1.8172356e-07,10
3.800,0.08400365,2,1000,51.2,2.5543354e-06,6.1573855e-07,1.9471363e-07,10
3.800,0.08400365,2,1000,56.32,2.199817e-06,6.8856743e-07,2.1774414e-07,10
3.800,0.08400365,2,1000,61.44,1.9006353e-06,7.6209327e-07,2.4099505e-07,10
3.800,0.08400365,2,1000,66.56,1.6501312e-06,8.1826558e-07,2.587583e-07,10
3.800,0.08400365,2,1000,71.68,1.4413702e-06,8.2431163e-07,2.6067022e-07,10
3.800,0.08400365,2,1000,76.8,1.2457117e-06,8.0779981e-07,2.5544873e-07,10
3.800,0.08400365,2,1000,81.92,1.0601043e-06,7.7358849e-07,2.4463016e-07,10
3.800,0.08400365,2,1000,92.16,8.5212997e-07,7.3285641e-07,2.3174954e-07,10
3.800,0.08400365,2,1000,102.4,7.0830178e-07,7.1567095e-07,2.2631502e-07,10
3.800,0.08400365,2,1000,112.64,5.7201648e-07,6.6231888e-07,2.0944362e-07,10
3.800,0.08400365,2,1000,122.88,4.6188519e-07,5.8326816e-07,1.8444559e-07,10
3.800,0.08400365,2,1000,133.12,3.2568924e-07,5.529386e-07,1.7485454e-07,10
3.800,0.08400365,2,1000,143.36,2.2417072e-07,5.7062986e-07,1.8044901e-07,10
3.800,0.08400365,2,1000,153.6,8.1802482e-08,7.2805537e-07,2.3023132e-07,10
3.800,0.08400365,2,1000,163.84,3.2616032e-08,7.092874e-07,2.2429637e-07,10
3.800,0.08400365,2,1000,184.32,1.9675668e-08,7.1102528e-07,2.2484594e-07,10
3.800,0.08400365,2,1000,204.8,-3.9183438e-08,7.5580253e-07,2.3900574e-07,10
3.800,0.08400365,2,1000,225.28,-9.6601516e-08,8.6545736e-07,2.7368165e-07,10
3.800,0.08400365,2,1000,245.76,-1.9643233e-07,9.1874894e-07,2.9053393e-07,10
3.800,0.08400365,2,1000,266.24,-2.0126652e-07,9.2975416e-07,2.9401408e-07,10
3.800,0.08400365,2,1000,286.72,-9.0486458e-08,7.4704329e-07,2.3623583e-07,10
3.800,0.08400365,2,1000,307.2,2.7015391e-08,7.4882835e-07,2.3680031e-07,10
3.800,0.08400365,2,1000,327.68,2.7576341e-08,7.3935078e-07,2.3380324e-07,10
3.800,0.08400365,2,1000,368.64,2.6061775e-08,8.1010808e-07,2.5617867e-07,10
3.800,0.08400365,2,1000,409.6,7.450256e-08,7.923569e-07,2.5056525e-07,10
3.800,0.08400365,2,1000,450.56,1.8996293e-08,7.3652798e-07,2.329106e-07,10
3.800,0.08400365,2,1000,491.52,-1.3943136e-08,8.3981291e-07,2.6557216e-07,10
3.800,0.08400365,2,1000,532.48,3.8464203e-08,8.5946784e-07,2.7178759e-07,10
3.800,0.08400365,2,1000,573.44,-1.3300796e-07,5.3153119e-07,1.6808492e-07,10
3.800,0.08400365,2,1000,614.4,-2.5881233e-07,6.6615602e-07,2.1065703e-07,10
3.800,0.08400365,2,1000,655.36,-4.4282301e-08,8.2605249e-07,2.6122073e-07,10
3.800,0.08400365,2,1000,737.28,1.1875407e-07,8.4004993e-07,2.6564711e-07,10
3.800,0.08400365,2,1000,819.2,1.5087169e-07,4.160824e-07,1.3157681e-07,10
3.800,0.08400365,2,1000,901.12,2.1315665e-07,8.5827474e-07,2.714103e-07,10
3.800,0.08400365,2,1000,983.04,2.8300218e-07,7.5961282e-07,2.4021067e-07,10
3.800,0.08400365,2,1000,1064.96,3.6851979e-07,6.1780769e-07,1.9536794e-07,10
3.800,0.08400365,2,1000,1146.88,1.9734647e-07,5.557948e-07,1.7575775e-07,10
3.800,0.08400365,2,1000,1228.8,8.7173538e-08,6.4999773e-07,2.0554733e-07,10
3.800,0.08400365,2,1000,1310.72,-2.1679633e-08,4.7750422e-07,1.5100009e-07,10
3.800,0.08400365,2,1000,1474.56,1.9856573e-08,4.2781386e-07,1.3528662e-07,10
3.800,0.08400365,2,1000,1638.4,7.3991725e-08,2.7487392e-07,8.6922765e-08,10
3.800,0.08400365,2,1000,1802.24,-2.5296265e-07,5.2944538e-07,1.6742533e-07,10
3.800,0.08400365,2,1000,1966.08,-4.9330353e-08,6.0683787e-07,1.9189898e-07,10
3.800,0.08400365,2,1000,2129.92,1.1326774e-07,3.4323921e-07,1.0854177e-07,10
3.800,0.08400365,2,1000,2293.76,-4.2609235e-09,4.1030129e-07,1.2974866e-07,10
3.800,0.08400365,2,1000,2457.6,-1.1702826e-07,5.5781862e-07,1.7639774e-07,10
3.800,0.08400365,2,1000,2621.44,1.904744e-08,4.2123742e-07,1.3320697e-07,10
3.800,0.08400365,2,1000,2949.12,-2.2652729e-07,4.5391679e-07,1.4354109e-07,10
3.800,0.08400365,2,1000,3276.8,-1.7461723e-07,3.5006425e-07,1.1070004e-07,10
3.800,0.08400365,2,1000,3604.48,2.1573354e-07,4.7094343e-07,1.4892539e-07,10
3.800,0.08400365,2,1000,3932.16,6.0081581e-08,4.0406725e-07,1.2777729e-07,10
3.800,0.08400365,2,1000,4259.84,1.8313789e-08,5.2818541e-07,1.6702689e-07,10
3.800,0.08400365,2,1000,4587.52,-5.461592e-08,7.5953429e-07,2.4018583e-07,10
3.800,0.08400365,2,1000,4915.2,3.7873087e-07,5.864942e-07,1.8546575e-07,10
3.800,0.08400365,2,1000,5242.88,1.4118277e-07,5.2667099e-07,1.6654799e-07,10
3.800,0.08400365,2,1000,5898.24,1.8285336e-08,3.4843684e-07,1.101854e-07,10
3.800,0.08400365,2,1000,6553.6,-3.1218075e-07,5.24268e-07,1.657881e-07,10
3.800,0.08400365,2,1000,7208.96,-7.1546476e-08,2.8389747e-07,8.9776263e-08,10
3.800,0.08400365,2,1000,7864.32,5.8085062e-08,3.0957209e-07,9.7895291e-08,10
3.800,0.08400365,2,1000,8519.68,5.2790299e-08,4.0532089e-07,1.2817372e-07,10
3.800,0.08400365,2,1000,9175.04,-3.113398e-08,3.7768244e-07,1.1943367e-07,10
3.800,0.04493352,2,1000,0,8.5888784e-06,3.1798416e-07,1.0055542e-07,10
3.800,0.04493352,2,1000,0.01,8.5861581e-06,3.1797907e-07,1.0055381e-07,10
3.800,0.04493352,2,1000,0.02,8.5780353e-06,3.1796584e-07,1.0054963e-07,10
3.800,0.04493352,2,1000,0.03,8.5645362e-06,3.1794455e-07,1.0054289e-07,10
3.800,0.04493352,2,1000,0.04,8.5457015e-06,3.1791535e-07,1.0053366e-07,10
3.800,0.04493352,2,1000,0.05,8.521587e-06,3.1787843e-07,1.0052198e-07,10
3.800,0.04493352,2,1000,0.06,8.4922632e-06,3.1783398e-07,1.0050793e-07,10
3.800,0.04493352,2,1000,0.07,8.4578149e-06,3.1778228e-07,1.0049158e-07,10
3.800,0.04493352,2,1000,0.08,8.4183404e-06,3.177236e-07,1.0047302e-07,10
3.800,0.04493352,2,1000,0.09,8.3739509e-06,3.1765829e-07,1.0045237e-07,10
3.800,0.04493352,2,1000,0.1,8.3247702e-06,3.1758676e-07,1.0042975e-07,10
3.800,0.04493352,2,1000,0.11,8.2709336e-06,3.1750943e-07,1.004053e-07,10
3.800,0.04493352,2,1000,0.12,8.2125877e-06,3.1742676e-07,1.0037915e-07,10
3.800,0.04493352,2,1000,0.13,8.1498896e-06,3.1733922e-07,1.0035147e-07,10
3.800,0.04493352,2,1000,0.14,8.0830062e-06,3.1724736e-07,1.0032243e-07,10
3.800,0.04493352,2,1000,0.15,8.0121134e-06,3.1715169e-07,1.0029217e-07,10
3.800,0.04493352,2,1000,0.16,7.9364875e-06,3.1705169e-07,1.0026055e-07,10
3.800,0.04493352,2,1000,0.18,7.7764535e-06,3.1684648e-07,1.0019566e-07,10
3.800,0.04493352,2,1000,0.2,7.6035164e-06,3.1663508e-07,1.0012881e-07,10
3.800,0.04493352,2,1000,0.22,7.4193792e-06,3.1642212e-07,1.0006146e-07,10
3.800,0.04493352,2,1000,0.24,7.2258094e-06,3.1621218e-07,9.9995071e-08,10
3.800,0.04493352,2,1000,0.26,7.0246164e-06,3.1600964e-07,9.9931021e-08,10
3.800,0.04493352,2,1000,0.28,6.8176285e-06,3.1581868e-07,9.9870636e-08,10
3.800,0.04493352,2,1000,0.3,6.6066708e-06,3.1564306e-07,9.9815101e-08,10
3.800,0.04493352,2,1000,0.32,6.3934455e-06,3.1548961e-07,9.9766575e-08,10
3.800,0.04493352,2,1000,0.36,5.9684756e-06,3.1524415e-07,9.9688953e-08,10
3.800,0.04493352,2,1000,0.4,5.5548946e-06,3.1510092e-07,9.9643661e-08,10
3.800,0.04493352,2,1000,0.44,5.1643562e-06,3.1506712e-07,9.9632972e-08,10
3.800,0.04493352,2,1000,0.48,4.8065984e-06,3.1514193e-07,9.965663e-08,10
3.800,0.04493352,2,1000,0.52,4.4891637e-06,3.153182e-07,9.971237e-08,10
3.800,0.04493352,2,1000,0.56,4.2172508e-06,3.1558463e-07,9.9796624e-08,10
3.800,0.04493352,2,1000,0.6,3.9936943e-06,3.1592789e-07,9.990517e-08,10
3.800,0.04493352,2,1000,0.64,3.8309172e-06,3.1633375e-07,1.0003351e-07,10
3.800,0.04493352,2,1000,0.72,3.6186206e-06,3.1729372e-07,1.0033708e-07,10
3.800,0.04493352,2,1000,0.8,3.561758e-06,3.1841196e-07,1.006907e-07,10
3.800,0.04493352,2,1000,0.88,3.6126333e-06,3.1966157e-07,1.0108586e-07,10
3.800,0.04493352,2,1000,0.96,3.7184044e-06,3.2101532e-07,1.0151396e-07,10
3.800,0.04493352,2,1000,1.04,3.8315234e-06,3.2241602e-07,1.019569e-07,10
3.800,0.04493352,2,1000,1.12,3.9171537e-06,3.2374903e-07,1.0237843e-07,10
3.800,0.04493352,2,1000,1.2,3.956884e-06,3.2481512e-07,1.0271556e-07,10
3.800,0.04493352,2,1000,1.28,3.9397685e-06,3.2511109e-07,1.0280915e-07,10
3.800,0.04493352,2,1000,1.44,3.8459705e-06,3.2341976e-07,1.0227431e-07,10
3.800,0.04493352,2,1000,1.6,3.7721991e-06,3.1780082e-07,1.0049744e-07,10
3.800,0.04493352,2,1000,1.76,3.8275806e-06,3.1012536e-07,9.807025e-08,10
3.800,0.04493352,2,1000,1.92,3.9872792e-06,3.041659e-07,9.6185702e-08,10
3.800,0.04493352,2,1000,2.08,4.1300705e-06,3.0299089e-07,9.5814133e-08,10
3.800,0.04493352,2,1000,2.24,4.1598584e-06,3.0662094e-07,9.6962056e-08,10
3.800,0.04493352,2,1000,2.4,4.0904837e-06,3.1224704e-07,9.8741184e-08,10
3.800,0.04493352,2,1000,2.56,4.0401133e-06,3.1582017e-07,9.9871106e-08,10
3.800,0.04493352,2,1000,2.88,4.1298889e-06,3.1682594e-07,1.0018916e-07,10
3.800,0.04493352,2,1000,3.2,4.2677122e-06,3.1414859e-07,9.9342508e-08,10
3.800,0.04493352,2,1000,3.52,4.2016268e-06,3.1431081e-07,9.9393805e-08,10
3.800,0.04493352,2,1000,3.84,4.1656576e-06,3.1129473e-07,9.8440037e-08,10
3.800,0.04493352,2,1000,4.16,4.1046771e-06,3.1324672e-07,9.9057311e-08,10
3.800,0.04493352,2,1000,4.48,3.7739908e-06,3.2336819e-07,1.02258e-07,10
3.800,0.04493352,2,1000,4.8,3.516186e-06,3.1566819e-07,9.9823046e-08,10
3.800,0.04493352,2,1000,5.12,3.6487252e-06,3.0684714e-07,9.7033587e-08,10
3.800,0.04493352,2,1000,5.76,3.8058774e-06,2.9831962e-07,9.4336948e-08,10
3.800,0.04493352,2,1000,6.4,3.7256322e-06,3.0399308e-07,9.6131053e-08,10
3.800,0.04493352,2,1000,7.04,3.73826e-06,2.9811419e-07,9.4271985e-08,10
3.800,0.04493352,2,1000,7.68,3.6107666e-06,3.0301899e-07,9.5823018e-08,10
3.800,0.04493352,2,1000,8.32,3.4854058e-06,3.0142276e-07,9.5318245e-08,10
3.800,0.04493352,2,1000,8.96,3.481724e-06,2.9284099e-07,9.2604453e-08,10
3.800,0.04493352,2,1000,9.6,3.5116889e-06,3.0322782e-07,9.5889057e-08,10
3.800,0.04493352,2,1000,10.24,3.4274113e-06,2.9866656e-07,9.4446659e-08,10
3.800,0.04493352,2,1000,11.52,3.2949248e-06,2.8849707e-07,9.1230785e-08,10
3.800,0.04493352,2,1000,12.8,3.2275293e-06,2.8903569e-07,9.1401112e-08,10
3.800,0.04493352,2,1000,14.08,3.1397719e-06,2.7881838e-07,8.8170114e-08,10
3.800,0.04493352,2,1000,15.36,3.0348151e-06,2.8465658e-07,9.0016313e-08,10
3.800,0.04493352,2,1000,16.64,2.9731456e-06,2.8094516e-07,8.8842659e-08,10
3.800,0.04493352,2,1000,17.92,2.8871736e-06,2.7801392e-07,8.7915721e-08,10
3.800,0.04493352,2,1000,19.2,2.8028208e-06,2.7402077e-07,8.6652975e-08,10
3.800,0.04493352,2,1000,20.48,2.7388259e-06,2.6746338e-07,8.4579346e-08,10
3.800,0.04493352,2,1000,23.04,2.5974305e-06,2.5820639e-07,8.1652031e-08,10
3.800,0.04493352,2,1000,25.6,2.4715659e-06,2.650665e-07,8.3821386e-08,10
3.800,0.04493352,2,1000,28.16,2.3494207e-06,2.6196376e-07,8.2840216e-08,10
3.800,0.04493352,2,1000,30.72,2.2223976e-06,2.6285586e-07,8.3122322e-08,10
3.800,0.04493352,2,1000,33.28,2.1189287e-06,2.6545649e-07,8.3944712e-08,10
3.800,0.04493352,2,1000,35.84,2.00684e-06,2.7321993e-07,8.6399729e-08,10
3.800,0.04493352,2,1000,38.4,1.9097654e-06,2.8082394e-07,8.8804328e-08,10
3.800,0.04493352,2,1000,40.96,1.8221265e-06,2.8352311e-07,8.9657881e-08,10
3.800,0.04493352,2,1000,46.08,1.6475462e-06,2.7690861e-07,8.756619e-08,10
3.800,0.04493352,2,1000,51.2,1.4972607e-06,2.6156352e-07,8.2713647e-08,10
3.800,0.04493352,2,1000,56.32,1.3663004e-06,2.5986934e-07,8.2177899e-08,10
3.800,0.04493352,2,1000,61.44,1.2613138e-06,2.4987219e-07,7.9016526e-08,10
3.800,0.04493352,2,1000,66.56,1.1609411e-06,2.398013e-07,7.5831831e-08,10
3.800,0.04493352,2,1000,71.68,1.0723991e-06,2.2815853e-07,7.2150063e-08,10
3.800,0.04493352,2,1000,76.8,9.7818614e-07,1.9408643e-07,6.1375517e-08,10
3.800,0.04493352,2,1000,81.92,9.0223462e-07,1.7750152e-07,5.6130909e-08,10
3.800,0.04493352,2,1000,92.16,7.7609733e-07,1.5546954e-07,4.9163785e-08,10
3.800,0.04493352,2,1000,102.4,6.9782803e-07,1.5256264e-07,4.8244541e-08,10
3.800,0.04493352,2,1000,112.64,6.4393426e-07,1.7838134e-07,5.6409133e-08,10
3.800,0.04493352,2,1000,122.88,5.8202269e-07,2.3082679e-07,7.2993841e-08,10
3.800,0.04493352,2,1000,133.12,5.1496957e-07,2.3848335e-07,7.5415057e-08,10
3.800,0.04493352,2,1000,143.36,4.4180616e-07,2.2507398e-07,7.1174641e-08,10
3.800,0.04493352,2,1000,153.6,3.8074421e-07,2.198386e-07,6.9519069e-08,10
3.800,0.04493352,2,1000,163.84,3.1401385e-07,2.1433557e-07,6.7778858e-08,10
3.800,0.04493352,2,1000,184.32,2.1853922e-07,2.0317398e-07,6.4249253e-08,10
3.800,0.04493352,2,1000,204.8,1.6882317e-07,1.8385915e-07,5.8141368e-08,10
3.800,0.04493352,2,1000,225.28,1.6164897e-07,2.0662689e-07,6.534116e-08,10
3.800,0.04493352,2,1000,245.76,1.1929827e-07,1.965271e-07,6.2147324e-08,10
3.800,0.04493352,2,1000,266.24,7.7124782e-08,2.0099494e-07,6.356018e-08,10
3.800,0.04493352,2,1000,286.72,4.7786968e-08,2.3718366e-07,7.5004058e-08,10
3.800,0.04493352,2,1000,307.2,5.3481418e-08,3.4283172e-07,1.0841291e-07,10
3.800,0.04493352,2,1000,327.68,4.1819871e-08,3.8276941e-07,1.2104232e-07,10
3.800,0.04493352,2,1000,368.64,7.2251267e-08,3.2159328e-07,1.0169672e-07,10
3.800,0.04493352,2,1000,409.6,1.8476692e-08,2.1512496e-07,6.8028486e-08,10
3.800,0.04493352,2,1000,450.56,-6.9926542e-08,2.7625414e-07,8.7359229e-08,10
3.800,0.04493352,2,1000,491.52,-1.663411e-07,2.8664809e-07,9.0646086e-08,10
3.800,0.04493352,2,1000,532.48,-1.7031532e-07,3.5153087e-07,1.1116382e-07,10
3.800,0.04493352,2,1000,573.44,-1.6104578e-07,2.7823154e-07,8.7984539e-08,10
3.800,0.04493352,2,1000,614.4,-1.567475e-07,2.5759303e-07,8.1458067e-08,10
3.800,0.04493352,2,1000,655.36,-1.2739636e-07,2.1550174e-07,6.8147634e-08,10
3.800,0.04493352,2,1000,737.28,-6.4277013e-09,1.6604331e-07,5.2507506e-08,10
3.800,0.04493352,2,1000,819.2,1.1490128e-09,2.6345473e-07,8.33117e-08,10
3.800,0.04493352,2,1000,901.12,-5.0060299e-08,2.4196628e-07,7.6516456e-08,10
3.800,0.04493352,2,1000,983.04,-2.3631574e-08,2.648085e-07,8.3739799e-08,10
3.800,0.04493352,2,1000,1064.96,9.9655587e-09,3.2626894e-07,1.031753e-07,10
3.800,0.04493352,2,1000,1146.88,4.8286651e-08,3.0086339e-07,9.5141357e-08,10
3.800,0.04493352,2,1000,1228.8,-5.3778961e-08,2.6843346e-07,8.4886113e-08,10
3.800,0.04493352,2,1000,1310.72,-6.0814138e-08,2.7018311e-07,8.5439401e-08,10
3.800,0.04493352,2,1000,1474.56,-1.5134684e-07,2.5064264e-07,7.9260161e-08,10
3.800,0.04493352,2,1000,1638.4,-3.9710422e-09,2.7002449e-07,8.5389241e-08,10
3.800,0.04493352,2,1000,1802.24,7.3018032e-08,1.4194739e-07,4.4887707e-08,10
3.800,0.04493352,2,1000,1966.08,1.227794e-07,3.0321261e-07,9.5884246e-08,10
3.800,0.04493352,2,1000,2129.92,2.6112113e-09,2.0617133e-07,6.5197098e-08,10
3.800,0.04493352,2,1000,2293.76,-6.4645821e-08,2.8103517e-07,8.8871124e-08,10
3.800,0.04493352,2,1000,2457.6,1.9953807e-08,2.3430932e-07,7.4095112e-08,10
3.800,0.04493352,2,1000,2621.44,1.03678e-08,2.3962197e-07,7.5775121e-08,10
3.800,0.04493352,2,1000,2949.12,2.9855535e-08,3.5578736e-07,1.1250984e-07,10
3.800,0.04493352,2,1000,3276.8,-1.0817064e-07,3.2390559e-07,1.0242794e-07,10
3.800,0.04493352,2,1000,3604.48,-1.2405559e-07,1.6959467e-07,5.3630543e-08,10
3.800,0.04493352,2,1000,3932.16,-1.1596962e-07,2.4279143e-07,7.6777393e-08,10
3.800,0.04493352,2,1000,4259.84,-5.0486476e-08,1.5304467e-07,4.8396973e-08,10
3.800,0.04493352,2,1000,4587.52,5.067047e-08,3.0351181e-07,9.5978861e-08,10
3.800,0.04493352,2,1000,4915.2,-8.1535789e-09,3.4495231e-07,1.090835e-07,10
3.800,0.04493352,2,1000,5242.88,-9.7657449e-08,3.254437e-07,1.0291434e-07,10
3.800,0.04493352,2,1000,5898.24,-2.9568491e-08,4.0212784e-07,1.2716399e-07,10
3.800,0.04493352,2,1000,6553.6,1.6998965e-08,2.8757174e-07,9.093817e-08,10
3.800,0.04493352,2,1000,7208.96,3.8272492e-08,2.7374316e-07,8.6565188e-08,10
3.800,0.04493352,2,1000,7864.32,-1.2091712e-07,3.4653354e-07,1.0958353e-07,10
3.800,0.04493352,2,1000,8519.68,-4.0313747e-08,3.2472736e-07,1.0268781e-07,10
3.800,0.04493352,2,1000,9175.04,1.9099939e-07,6.7101975e-07,2.1219508e-07,10
3.800,0.03119342,2,1000,0,5.0090723e-06,2.1737463e-07,6.8739894e-08,10
3.800,0.03119342,2,1000,0.01,5.0075531e-06,2.1737637e-07,6.8740445e-08,10
3.800,0.03119342,2,1000,0.02,5.0030178e-06,2.1738488e-07,6.8743135e-08,10
3.800,0.03119342,2,1000,0.03,4.9954791e-06,2.174002e-07,6.8747978e-08,10
3.800,0.03119342,2,1000,0.04,4.9849569e-06,2.1742236e-07,6.8754988e-08,10
3.800,0.03119342,2,1000,0.05,4.9714785e-06,2.1745147e-07,6.8764192e-08,10
3.800,0.03119342,2,1000,0.06,4.9550789e-06,2.1748761e-07,6.8775621e-08,10
3.800,0.03119342,2,1000,0.07,4.9357999e-06,2.1753091e-07,6.8789313e-08,10
3.800,0.03119342,2,1000,0.08,4.9136907e-06,2.1758151e-07,6.8805314e-08,10
3.800,0.03119342,2,1000,0.09,4.8888071e-06,2.1763957e-07,6.8823675e-08,10
3.800,0.03119342,2,1000,0.1,4.8612114e-06,2.1770526e-07,6.8844449e-08,10
3.800,0.03119342,2,1000,0.11,4.8309721e-06,2.1777877e-07,6.8867694e-08,10
3.800,0.03119342,2,1000,0.12,4.798164e-06,2.178603e-07,6.8893475e-08,10
3.800,0.03119342,2,1000,0.13,4.7628673e-06,2.1795006e-07,6.8921859e-08,10
3.800,0.03119342,2,1000,0.14,4.7251676e-06,2.1804824e-07,6.8952909e-08,10
3.800,0.03119342,2,1000,0.15,4.6851558e-06,2.1815509e-07,6.8986696e-08,10
3.800,0.03119342,2,1000,0.16,4.6423984e-06,2.1827283e-07,6.9023929e-08,10
3.800,0.03119342,2,1000,0.18,4.5517493e-06,2.1853181e-07,6.9105825e-08,10
3.800,0.03119342,2,1000,0.2,4.4534893e-06,2.1882886e-07,6.9199761e-08,10
3.800,0.03119342,2,1000,0.22,4.34852e-06,2.1916558e-07,6.9306241e-08,10
3.800,0.03119342,2,1000,0.24,4.2377865e-06,2.1954344e-07,6.942573e-08,10
3.800,0.03119342,2,1000,0.26,4.1222656e-06,2.1996363e-07,6.9558607e-08,10
3.800,0.03119342,2,1000,0.28,4.0029544e-06,2.2042703e-07,6.9705147e-08,10
3.800,0.03119342,2,1000,0.3,3.8808588e-06,2.209342e-07,6.986553e-08,10
3.800,0.03119342,2,1000,0.32,3.7567916e-06,2.214971e-07,7.0043532e-08,10
3.800,0.03119342,2,1000,0.36,3.5081065e-06,2.2272999e-07,7.0433407e-08,10
3.800,0.03119342,2,1000,0.4,3.2637696e-06,2.2412895e-07,7.0875797e-08,10
3.800,0.03119342,2,1000,0.44,3.0306707e-06,2.2567858e-07,7.1365833e-08,10
3.800,0.03119342,2,1000,0.48,2.8147825e-06,2.2735609e-07,7.1896309e-08,10
3.800,0.03119342,2,1000,0.52,2.6209722e-06,2.2913199e-07,7.2457897e-08,10
3.800,0.03119342,2,1000,0.56,2.452878e-06,2.3097101e-07,7.3039446e-08,10
3.800,0.03119342,2,1000,0.6,2.3128518e-06,2.3283304e-07,7.3628274e-08,10
3.800,0.03119342,2,1000,0.64,2.2092118e-06,2.3465151e-07,7.4203323e-08,10
3.800,0.03119342,2,1000,0.72,2.0722861e-06,2.3806818e-07,7.528377e-08,10
3.800,0.03119342,2,1000,0.8,2.0359197e-06,2.4085411e-07,7.6164756e-08,10
3.800,0.03119342,2,1000,0.88,2.0747366e-06,2.4267846e-07,7.6741666e-08,10
3.800,0.03119342,2,1000,0.96,2.1573991e-06,2.4329644e-07,7.693709e-08,10
3.800,0.03119342,2,1000,1.04,2.2527432e-06,2.4259933e-07,7.6716644e-08,10
3.800,0.03119342,2,1000,1.12,2.3348595e-06,2.4064219e-07,7.6097743e-08,10
3.800,0.03119342,2,1000,1.2,2.3864987e-06,2.3763756e-07,7.5147596e-08,10
3.800,0.03119342,2,1000,1.28,2.3917363e-06,2.3381711e-07,7.3939461e-08,10
3.800,0.03119342,2,1000,1.44,2.3304043e-06,2.2611632e-07,7.150426e-08,10
3.800,0.03119342,2,1000,1.6,2.2262411e-06,2.2032545e-07,6.9673026e-08,10
3.800,0.03119342,2,1000,1.76,2.1731034e-06,2.1824731e-07,6.901586e-08,10
3.800,0.03119342,2,1000,1.92,2.1949464e-06,2.1918691e-07,6.9312987e-08,10
3.800,0.03119342,2,1000,2.08,2.2401902e-06,2.2076246e-07,6.9811219e-08,10
3.800,0.03119342,2,1000,2.24,2.2445861e-06,2.2159824e-07,7.0075516e-08,10
3.800,0.03119342,2,1000,2.4,2.1965774e-06,2.2217048e-07,7.0256475e-08,10
3.800,0.03119342,2,1000,2.56,2.1607523e-06,2.2307287e-07,7.0541836e-08,10
3.800,0.03119342,2,1000,2.88,2.2603148e-06,2.261579e-07,7.1517408e-08,10
3.800,0.03119342,2,1000,3.2,2.5041842e-06,2.3064024e-07,7.2934848e-08,10
3.800,0.03119342,2,1000,3.52,2.5858037e-06,2.2999635e-07,7.2731232e-08,10
3.800,0.03119342,2,1000,3.84,2.5662741e-06,2.2839762e-07,7.222567e-08,10
3.800,0.03119342,2,1000,4.16,2.5393737e-06,2.3289516e-07,7.3647917e-08,10
3.800,0.03119342,2,1000,4.48,2.3561907e-06,2.3590188e-07,7.4598726e-08,10
3.800,0.03119342,2,1000,4.8,2.154202e-06,2.2876603e-07,7.2342171e-08,10
3.800,0.03119342,2,1000,5.12,2.1964922e-06,2.2046479e-07,6.9717087e-08,10
3.800,0.03119342,2,1000,5.76,2.1715871e-06,2.1791198e-07,6.8909819e-08,10
3.800,0.03119342,2,1000,6.4,2.1227201e-06,2.2717828e-07,7.184008e-08,10
3.800,0.03119342,2,1000,7.04,2.2577348e-06,2.3766029e-07,7.5154783e-08,10
3.800,0.03119342,2,1000,7.68,2.2497576e-06,2.3166996e-07,7.3260475e-08,10
3.800,0.03119342,2,1000,8.32,2.1952798e-06,2.1984389e-07,6.9520741e-08,10
3.800,0.03119342,2,1000,8.96,2.1281922e-06,2.2442087e-07,7.0968112e-08,10
3.800,0.03119342,2,1000,9.6,2.0952901e-06,2.1454007e-07,6.7843526e-08,10
3.800,0.03119342,2,1000,10.24,2.0968763e-06,2.2201843e-07,7.0208391e-08,10
3.800,0.03119342,2,1000,11.52,2.0969884e-06,2.1936408e-07,6.9369011e-08,10
3.800,0.03119342,2,1000,12.8,2.0276241e-06,2.1310122e-07,6.7388522e-08,10
3.800,0.03119342,2,1000,14.08,1.9962938e-06,2.1959858e-07,6.9443167e-08,10
3.800,0.03119342,2,1000,15.36,1.9795687e-06,2.2027654e-07,6.965756e-08,10
3.800,0.03119342,2,1000,16.64,1.9355393e-06,2.1633242e-07,6.8410319e-08,10
3.800,0.03119342,2,1000,17.92,1.8888741e-06,2.1730636e-07,6.8718305e-08,10
3.800,0.03119342,2,1000,19.2,1.8727907e-06,2.1782334e-07,6.8881787e-08,10
3.800,0.03119342,2,1000,20.48,1.8385182e-06,2.148482e-07,6.7940966e-08,10
3.800,0.03119342,2,1000,23.04,1.7794589e-06,2.1681357e-07,6.8562471e-08,10
3.800,0.03119342,2,1000,25.6,1.7161147e-06,2.1716435e-07,6.8673397e-08,10
3.800,0.03119342,2,1000,28.16,1.6617e-06,2.1498782e-07,6.7985118e-08,10
3.800,0.03119342,2,1000,30.72,1.6031989e-06,2.1273872e-07,6.7273891e-08,10
3.800,0.03119342,2,1000,33.28,1.5496459e-06,2.0703594e-07,6.5470514e-08,10
3.800,0.03119342,2,1000,35.84,1.5004138e-06,2.0783091e-07,6.5721903e-08,10
3.800,0.03119342,2,1000,38.4,1.4507909e-06,2.0518974e-07,6.4886693e-08,10
3.800,0.03119342,2,1000,40.96,1.4029181e-06,2.0275944e-07,6.4118163e-08,10
3.800,0.03119342,2,1000,46.08,1.3190525e-06,2.0331597e-07,6.4294156e-08,10
3.800,0.03119342,2,1000,51.2,1.2441872e-06,2.0451582e-07,6.4673582e-08,10
3.800,0.03119342,2,1000,56.32,1.1645823e-06,2.058684e-07,6.5101304e-08,10
3.800,0.03119342,2,1000,61.44,1.0953604e-06,2.0546593e-07,6.4974033e-08,10
3.800,0.03119342,2,1000,66.56,1.0329882e-06,2.0995703e-07,6.6394243e-08,10
3.800,0.03119342,2,1000,71.68,9.7992287e-07,2.2074009e-07,6.9804146e-08,10
3.800,0.03119342,2,1000,76.8,9.2821682e-07,2.2238368e-07,7.0323893e-08,10
3.800,0.03119342,2,1000,81.92,8.7676999e-07,2.2848376e-07,7.2252909e-08,10
3.800,0.03119342,2,1000,92.16,7.7198882e-07,2.4788163e-07,7.8387056e-08,10
3.800,0.03119342,2,1000,102.4,6.7583934e-07,2.5786549e-07,8.1544228e-08,10
3.800,0.03119342,2,1000,112.64,5.8731908e-07,2.6709168e-07,8.4461804e-08,10
3.800,0.03119342,2,1000,122.88,5.1766372e-07,2.7277109e-07,8.6257792e-08,10
3.800,0.03119342,2,1000,133.12,4.5948513e-07,2.66062e-07,8.4136193e-08,10
3.800,0.03119342,2,1000,143.36,4.0972796e-07,2.5745509e-07,8.141445e-08,10
3.800,0.03119342,2,1000,153.6,3.6402885e-07,2.5440183e-07,8.0448921e-08,10
3.800,0.03119342,2,1000,163.84,3.2616298e-07,2.45338e-07,7.7582687e-08,10
3.800,0.03119342,2,1000,184.32,2.5201605e-07,2.3668167e-07,7.4845316e-08,10
3.800,0.03119342,2,1000,204.8,1.72207e-07,2.3055051e-07,7.2906474e-08,10
3.800,0.03119342,2,1000,225.28,9.0530146e-08,2.2124725e-07,6.9964523e-08,10
3.800,0.03119342,2,1000,245.76,1.741576e-08,2.012561e-07,6.3642765e-08,10
3.800,0.03119342,2,1000,266.24,-2.8191775e-08,1.9132993e-07,6.0503835e-08,10
3.800,0.03119342,2,1000,286.72,-4.3444184e-08,1.77079e-07,5.5997296e-08,10
3.800,0.03119342,2,1000,307.2,-5.7548698e-08,1.6340245e-07,5.1672392e-08,10
3.800,0.03119342,2,1000,327.68,-6.8984871e-08,1.6795948e-07,5.311345e-08,10
3.800,0.03119342,2,1000,368.64,-1.2262227e-07,1.8014706e-07,5.6967501e-08,10
3.800,0.03119342,2,1000,409.6,-1.3657386e-07,1.5214885e-07,4.8113691e-08,10
3.800,0.03119342,2,1000,450.56,-1.0518186e-07,1.1148824e-07,3.5255676e-08,10
3.800,0.03119342,2,1000,491.52,-8.7318193e-08,8.5702993e-08,2.7101666e-08,10
3.800,0.03119342,2,1000,532.48,-9.5524661e-08,1.0714271e-07,3.3881501e-08,10
3.800,0.03119342,2,1000,573.44,-8.6531835e-08,1.3323849e-07,4.2133709e-08,10
3.800,0.03119342,2,1000,614.4,-6.9310331e-08,1.4509559e-07,4.5883255e-08,10
3.800,0.03119342,2,1000,655.36,-3.9105792e-08,1.4824287e-07,4.6878511e-08,10
3.800,0.03119342,2,1000,737.28,-3.2126083e-08,2.3424544e-07,7.4074914e-08,10
3.800,0.03119342,2,1000,819.2,1.5791466e-08,2.5222654e-07,7.9761035e-08,10
3.800,0.03119342,2,1000,901.12,5.4028481e-08,2.2380769e-07,7.0774207e-08,10
3.800,0.03119342,2,1000,983.04,2.9643746e-09,1.8884297e-07,5.971739e-08,10
3.800,0.03119342,2,1000,1064.96,-7.2244821e-08,1.5145345e-07,4.7893786e-08,10
3.800,0.03119342,2,1000,1146.88,-1.6664797e-07,1.2823831e-07,4.0552513e-08,10
3.800,0.03119342,2,1000,1228.8,-1.3166973e-07,1.6138926e-07,5.1035766e-08,10
3.800,0.03119342,2,1000,1310.72,-8.8279155e-08,1.7453421e-07,5.5192565e-08,10
3.800,0.03119342,2,1000,1474.56,-3.3709311e-08,1.5877513e-07,5.0209105e-08,10
3.800,0.03119342,2,1000,1638.4,-6.5020174e-09,1.8039598e-07,5.7046217e-08,10
3.800,0.03119342,2,1000,1802.24,4.7249887e-08,1.8174173e-07,5.7471781e-08,10
3.800,0.03119342,2,1000,1966.08,-4.0524365e-08,2.2521696e-07,7.1219856e-08,10
3.800,0.03119342,2,1000,2129.92,-1.1164281e-07,1.7838042e-07,5.6408843e-08,10
3.800,0.03119342,2,1000,2293.76,-5.8639785e-08,2.0141787e-07,6.3693922e-08,10
3.800,0.03119342,2,1000,2457.6,-1.2215014e-07,2.387231e-07,7.5490874e-08,10
3.800,0.03119342,2,1000,2621.44,-1.1289007e-07,1.7640007e-07,5.5782601e-08,10
3.800,0.03119342,2,1000,2949.12,2.2958503e-08,1.8442168e-07,5.8319257e-08,10
3.800,0.03119342,2,1000,3276.8,2.3268651e-09,2.0338258e-07,6.431522e-08,10
3.800,0.03119342,2,1000,3604.48,1.2565536e-07,1.8243799e-07,5.7691958e-08,10
3.800,0.03119342,2,1000,3932.16,-3.1497631e-08,1.6013773e-07,5.0639996e-08,10
3.800,0.03119342,2,1000,4259.84,-4.0368386e-08,1.4377393e-07,4.5465307e-08,10
3.800,0.03119342,2,1000,4587.52,-1.2979034e-08,1.74623e-07,5.522064e-08,10
3.800,0.03119342,2,1000,4915.2,-2.5402949e-09,2.1480446e-07,6.7927134e-08,10
3.800,0.03119342,2,1000,5242.88,1.5381771e-08,2.0450259e-07,6.4669399e-08,10
3.800,0.03119342,2,1000,5898.24,-6.6650178e-08,2.3372988e-07,7.3911879e-08,10
3.800,0.03119342,2,1000,6553.6,4.1396253e-08,3.3918863e-07,1.0726086e-07,10
3.800,0.03119342,2,1000,7208.96,7.0642385e-08,2.2669686e-07,7.1687843e-08,10
3.800,0.03119342,2,1000,7864.32,-8.2285389e-08,2.7704391e-07,8.7608976e-08,10
3.800,0.03119342,2,1000,8519.68,1.7652732e-07,5.2052141e-07,1.6460332e-07,10
3.800,0.03119342,2,1000,9175.04,-1.5284864e-07,5.5771494e-07,1.7636495e-07,10
3.800,0.01973598,2,1000,0,2.3995048e-06,1.4665226e-07,4.6375516e-08,10
3.800,0.01973598,2,1000,0.01,2.3987591e-06,1.4665689e-07,4.6376982e-08,10
3.800,0.01973598,2,1000,0.02,2.3965292e-06,1.4667335e-07,4.6382186e-08,10
3.800,0.01973598,2,1000,0.03,2.3928203e-06,1.4670159e-07,4.6391118e-08,10
3.800,0.01973598,2,1000,0.04,2.3876411e-06,1.4674154e-07,4.6403749e-08,10
3.800,0.01973598,2,1000,0.05,2.3810035e-06,1.4679308e-07,4.6420048e-08,10
3.800,0.01973598,2,1000,0.06,2.3729228e-06,1.4685608e-07,4.6439971e-08,10
3.800,0.01973598,2,1000,0.07,2.3634175e-06,1.4693038e-07,4.6463466e-08,10
3.800,0.01973598,2,1000,0.08,2.3525093e-06,1.4701578e-07,4.6490472e-08,10
3.800,0.01973598,2,1000,0.09,2.3402229e-06,1.4711205e-07,4.6520914e-08,10
3.800,0.01973598,2,1000,0.1,2.3265861e-06,1.4721893e-07,4.6554714e-08,10
3.800,0.01973598,2,1000,0.11,2.3116296e-06,1.4733615e-07,4.6591782e-08,10
3.800,0.01973598,2,1000,0.12,2.295387e-06,1.474634e-07,4.663202e-08,10
3.800,0.01973598,2,1000,0.13,2.2778943e-06,1.4760032e-07,4.6675319e-08,10
3.800,0.01973598,2,1000,0.14,2.2591904e-06,1.4774656e-07,4.6721563e-08,10
3.800,0.01973598,2,1000,0.15,2.2393166e-06,1.4790171e-07,4.6770627e-08,10
3.800,0.01973598,2,1000,0.16,2.2180463e-06,1.4806729e-07,4.6822987e-08,10
3.800,0.01973598,2,1000,0.18,2.1728768e-06,1.4841805e-07,4.6933907e-08,10
3.800,0.01973598,2,1000,0.2,2.1237797e-06,1.4879713e-07,4.7053785e-08,10
3.800,0.01973598,2,1000,0.22,2.0711743e-06,1.4920036e-07,4.7181295e-08,10
3.800,0.01973598,2,1000,0.24,2.0155033e-06,1.4962322e-07,4.7315015e-08,10
3.800,0.01973598,2,1000,0.26,1.9572286e-06,1.5006094e-07,4.7453437e-08,10
3.800,0.01973598,2,1000,0.28,1.8968261e-06,1.5050855e-07,4.7594984e-08,10
3.800,0.01973598,2,1000,0.3,1.8347802e-06,1.5096089e-07,4.7738026e-08,10
3.800,0.01973598,2,1000,0.32,1.7714108e-06,1.5140408e-07,4.7878175e-08,10
3.800,0.01973598,2,1000,0.36,1.6437229e-06,1.522828e-07,4.8156051e-08,10
3.800,0.01973598,2,1000,0.4,1.5171351e-06,1.5309744e-07,4.8413661e-08,10
3.800,0.01973598,2,1000,0.44,1.3951913e-06,1.5380964e-07,4.8638879e-08,10
3.800,0.01973598,2,1000,0.48,1.2810682e-06,1.5438584e-07,4.882109e-08,10
3.800,0.01973598,2,1000,0.52,1.1774718e-06,1.5479913e-07,4.8951782e-08,10
3.800,0.01973598,2,1000,0.56,1.0865602e-06,1.5503065e-07,4.9024995e-08,10
3.800,0.01973598,2,1000,0.6,1.0098943e-06,1.5507058e-07,4.9037624e-08,10
3.800,0.01973598,2,1000,0.64,9.5229556e-07,1.5487204e-07,4.8974838e-08,10
3.800,0.01973598,2,1000,0.72,8.7538006e-07,1.5404777e-07,4.8714181e-08,10
3.800,0.01973598,2,1000,0.8,8.5546689e-07,1.5267662e-07,4.8280587e-08,10
3.800,0.01973598,2,1000,0.88,8.8141638e-07,1.5102447e-07,4.7758129e-08,10
3.800,0.01973598,2,1000,0.96,9.3753162e-07,1.4940365e-07,4.7245583e-08,10
3.800,0.01973598,2,1000,1.04,1.006546e-06,1.4811694e-07,4.683869e-08,10
3.800,0.01973598,2,1000,1.12,1.0724458e-06,1.4740542e-07,4.6613687e-08,10
3.800,0.01973598,2,1000,1.2,1.1227403e-06,1.4740717e-07,4.6614239e-08,10
3.800,0.01973598,2,1000,1.28,1.1436129e-06,1.4826953e-07,4.6886943e-08,10
3.800,0.01973598,2,1000,1.44,1.1276304e-06,1.5116615e-07,4.7802934e-08,10
3.800,0.01973598,2,1000,1.6,1.0521976e-06,1.5436595e-07,4.88148e-08,10
3.800,0.01973598,2,1000,1.76,9.7601498e-07,1.5586574e-07,4.9289076e-08,10
3.800,0.01973598,2,1000,1.92,9.3414085e-07,1.5490664e-07,4.8985781e-08,10
3.800,0.01973598,2,1000,2.08,9.1842746e-07,1.5228637e-07,4.815718e-08,10
3.800,0.01973598,2,1000,2.24,8.9900031e-07,1.4968873e-07,4.7335731e-08,10
3.800,0.01973598,2,1000,2.4,8.6070657e-07,1.4865091e-07,4.7007546e-08,10
3.800,0.01973598,2,1000,2.56,8.2811853e-07,1.4988138e-07,4.7396655e-08,10
3.800,0.01973598,2,1000,2.88,8.7119796e-07,1.531976e-07,4.8445335e-08,10
3.800,0.01973598,2,1000,3.2,1.0577535e-06,1.5287933e-07,4.8344689e-08,10
3.800,0.01973598,2,1000,3.52,1.1675086e-06,1.503188e-07,4.7534978e-08,10
3.800,0.01973598,2,1000,3.84,1.1566262e-06,1.4934456e-07,4.7226898e-08,10
3.800,0.01973598,2,1000,4.16,1.1631342e-06,1.4905523e-07,4.7135404e-08,10
3.800,0.01973598,2,1000,4.48,1.1565809e-06,1.4945458e-07,4.7261689e-08,10
3.800,0.01973598,2,1000,4.8,1.1030693e-06,1.508571e-07,4.7705203e-08,10
3.800,0.01973598,2,1000,5.12,1.1108735e-06,1.5045434e-07,4.7577838e-08,10
3.800,0.01973598,2,1000,5.76,1.0216399e-06,1.498188e-07,4.7376866e-08,10
3.800,0.01973598,2,1000,6.4,9.0360003e-07,1.467857e-07,4.6417713e-08,10
3.800,0.01973598,2,1000,7.04,9.5005666e-07,1.4602316e-07,4.6176578e-08,10
3.800,0.01973598,2,1000,7.68,9.5914956e-07,1.4660472e-07,4.6360482e-08,10
3.800,0.01973598,2,1000,8.32,1.0352384e-06,1.494489e-07,4.7259892e-08,10
3.800,0.01973598,2,1000,8.96,1.0569039e-06,1.545448e-07,4.8871357e-08,10
3.800,0.01973598,2,1000,9.6,1.0240413e-06,1.4916507e-07,4.7170135e-08,10
3.800,0.01973598,2,1000,10.24,9.7757005e-07,1.4609188e-07,4.619831e-08,10
3.800,0.01973598,2,1000,11.52,9.3724223e-07,1.4203976e-07,4.4916916e-08,10
3.800,0.01973598,2,1000,12.8,9.7102787e-07,1.4977728e-07,4.7363736e-08,10
3.800,0.01973598,2,1000,14.08,9.5726338e-07,1.4941592e-07,4.7249463e-08,10
3.800,0.01973598,2,1000,15.36,9.1419244e-07,1.4204656e-07,4.4919068e-08,10
3.800,0.01973598,2,1000,16.64,9.1790709e-07,1.4658434e-07,4.6354038e-08,10
3.800,0.01973598,2,1000,17.92,9.253925e-07,1.4901903e-07,4.7123955e-08,10
3.800,0.01973598,2,1000,19.2,8.9928119e-07,1.4518332e-07,4.5910997e-08,10
3.800,0.01973598,2,1000,20.48,8.8676002e-07,1.4221486e-07,4.4972287e-08,10
3.800,0.01973598,2,1000,23.04,8.7811453e-07,1.4660719e-07,4.6361265e-08,10
3.800,0.01973598,2,1000,25.6,8.5139003e-07,1.4205205e-07,4.4920803e-08,10
3.800,0.01973598,2,1000,28.16,8.3651275e-07,1.4534995e-07,4.5963689e-08,10
3.800,0.01973598,2,1000,30.72,8.16497e-07,1.4467624e-07,4.5750645e-08,10
3.800,0.01973598,2,1000,33.28,8.002641e-07,1.414255e-07,4.472267e-08,10
3.800,0.01973598,2,1000,35.84,7.8335656e-07,1.4660191e-07,4.6359595e-08,10
3.800,0.01973598,2,1000,38.4,7.6933323e-07,1.387698e-07,4.3882864e-08,10
3.800,0.01973598,2,1000,40.96,7.533887e-07,1.3883434e-07,4.3903274e-08,10
3.800,0.01973598,2,1000,46.08,7.2438823e-07,1.3650946e-07,4.3168081e-08,10
3.800,0.01973598,2,1000,51.2,6.9703089e-07,1.3540154e-07,4.2817727e-08,10
3.800,0.01973598,2,1000,56.32,6.695468e-07,1.3297922e-07,4.2051722e-08,10
3.800,0.01973598,2,1000,61.44,6.4753415e-07,1.313257e-07,4.1528834e-08,10
3.800,0.01973598,2,1000,66.56,6.2540767e-07,1.3158679e-07,4.1611397e-08,10
3.800,0.01973598,2,1000,71.68,6.019705e-07,1.3142023e-07,4.1558727e-08,10
3.800,0.01973598,2,1000,76.8,5.8104162e-07,1.309115e-07,4.1397851e-08,10
3.800,0.01973598,2,1000,81.92,5.5939568e-07,1.304245e-07,4.1243848e-08,10
3.800,0.01973598,2,1000,92.16,5.2035818e-07,1.2711646e-07,4.0197756e-08,10
3.800,0.01973598,2,1000,102.4,4.8488808e-07,1.2657164e-07,4.0025466e-08,10
3.800,0.01973598,2,1000,112.64,4.5316381e-07,1.2574826e-07,3.9765091e-08,10
3.800,0.01973598,2,1000,122.88,4.260497e-07,1.2557839e-07,3.9711374e-08,10
3.800,0.01973598,2,1000,133.12,4.0181571e-07,1.2681272e-07,4.0101704e-08,10
3.800,0.01973598,2,1000,143.36,3.7982078e-07,1.3138941e-07,4.1548979e-08,10
3.800,0.01973598,2,1000,153.6,3.5991514e-07,1.303162e-07,4.12096e-08,10
3.800,0.01973598,2,1000,163.84,3.397823e-07,1.2799029e-07,4.0474084e-08,10
3.800,0.01973598,2,1000,184.32,2.9999511e-07,1.2856716e-07,4.0656505e-08,10
3.800,0.01973598,2,1000,204.8,2.6762705e-07,1.2729484e-07,4.0254162e-08,10
3.800,0.01973598,2,1000,225.28,2.3816067e-07,1.3116439e-07,4.1477821e-08,10
3.800,0.01973598,2,1000,245.76,2.1265351e-07,1.3497729e-07,4.2683567e-08,10
3.800,0.01973598,2,1000,266.24,1.8975615e-07,1.4615598e-07,4.6218578e-08,10
3.800,0.01973598,2,1000,286.72,1.6661383e-07,1.5324793e-07,4.8461251e-08,10
3.800,0.01973598,2,1000,307.2,1.4372511e-07,1.5446324e-07,4.8845566e-08,10
3.800,0.01973598,2,1000,327.68,1.1811337e-07,1.507235e-07,4.7662956e-08,10
3.800,0.01973598,2,1000,368.64,7.7743941e-08,1.4795387e-07,4.6787123e-08,10
3.800,0.01973598,2,1000,409.6,5.2816307e-08,1.3341798e-07,4.2190471e-08,10
3.800,0.01973598,2,1000,450.56,3.975893e-08,1.0392026e-07,3.2862471e-08,10
3.800,0.01973598,2,1000,491.52,4.302821e-08,9.2420288e-08,2.9225861e-08,10
3.800,0.01973598,2,1000,532.48,5.7946278e-08,9.4347522e-08,2.9835306e-08,10
3.800,0.01973598,2,1000,573.44,7.3722824e-08,9.86601e-08,3.1199063e-08,10
3.800,0.01973598,2,1000,614.4,7.8954102e-08,1.0774837e-07,3.4073025e-08,10
3.800,0.01973598,2,1000,655.36,5.9087616e-08,1.0744319e-07,3.3976519e-08,10
3.800,0.01973598,2,1000,737.28,3.7812324e-08,9.0342031e-08,2.8568659e-08,10
3.800,0.01973598,2,1000,819.2,2.9804844e-08,1.0296417e-07,3.2560128e-08,10
3.800,0.01973598,2,1000,901.12,1.1882018e-09,1.0363691e-07,3.2772869e-08,10
3.800,0.01973598,2,1000,983.04,-3.7394591e-10,1.3500138e-07,4.2691185e-08,10
3.800,0.01973598,2,1000,1064.96,8.0588226e-09,1.6425971e-07,5.194348e-08,10
3.800,0.01973598,2,1000,1146.88,1.5049845e-08,1.7192394e-07,5.4367123e-08,10
3.800,0.01973598,2,1000,1228.8,3.1485708e-08,1.3812402e-07,4.3678649e-08,10
3.800,0.01973598,2,1000,1310.72,2.7816196e-08,1.1749295e-07,3.7154532e-08,10
3.800,0.01973598,2,1000,1474.56,3.0590651e-08,1.4205143e-07,4.4920606e-08,10
3.800,0.01973598,2,1000,1638.4,-5.0008177e-09,1.0166775e-07,3.2150165e-08,10
3.800,0.01973598,2,1000,1802.24,-4.4437739e-08,9.2244584e-08,2.9170299e-08,10
3.800,0.01973598,2,1000,1966.08,-6.3936573e-09,1.0450407e-07,3.3047089e-08,10
3.800,0.01973598,2,1000,2129.92,1.1521683e-08,1.3742944e-07,4.3459006e-08,10
3.800,0.01973598,2,1000,2293.76,-4.6363733e-09,1.8489053e-07,5.8467519e-08,10
3.800,0.01973598,2,1000,2457.6,-3.6018846e-08,1.7287789e-07,5.4668788e-08,10
3.800,0.01973598,2,1000,2621.44,-2.7819803e-08,1.673927e-07,5.293422e-08,10
3.800,0.01973598,2,1000,2949.12,-1.6016384e-08,1.4717472e-07,4.6540732e-08,10
3.800,0.01973598,2,1000,3276.8,7.7254135e-09,1.5874384e-07,5.0199209e-08,10
3.800,0.01973598,2,1000,3604.48,7.5139688e-09,1.0107268e-07,3.1961988e-08,10
3.800,0.01973598,2,1000,3932.16,-2.8819525e-08,9.5594843e-08,3.0229744e-08,10
3.800,0.01973598,2,1000,4259.84,1.0486594e-08,1.0477748e-07,3.3133547e-08,10
3.800,0.01973598,2,1000,4587.52,6.0132618e-08,1.213977e-07,3.8389323e-08,10
3.800,0.01973598,2,1000,4915.2,3.4242574e-08,1.4961911e-07,4.7313717e-08,10
3.800,0.01973598,2,1000,5242.88,5.5030373e-08,1.6074347e-07,5.083155e-08,10
3.800,0.01973598,2,1000,5898.24,6.2773009e-08,1.6532694e-07,5.2280968e-08,10
3.800,0.01973598,2,1000,6553.6,1.1869437e-07,2.1955759e-07,6.9430205e-08,10
3.800,0.01973598,2,1000,7208.96,-1.3021554e-09,1.4442101e-07,4.5669933e-08,10
3.800,0.01973598,2,1000,7864.32,-5.2855441e-08,2.1669403e-07,6.8524668e-08,10
3.800,0.01973598,2,1000,8519.68,-8.9158434e-08,2.441529e-07,7.7207927e-08,10
3.800,0.01973598,2,1000,9175.04,-1.9954562e-07,3.9473411e-07,1.2482589e-07,10
3.800,0.01365467,2,1000,0,1.3193637e-06,8.0255291e-08,2.5378951e-08,10
3.800,0.01365467,2,1000,0.01,1.3189401e-06,8.0254834e-08,2.5378807e-08,10
3.800,0.01365467,2,1000,0.02,1.3176719e-06,8.0253001e-08,2.5378227e-08,10
3.800,0.01365467,2,1000,0.03,1.3155617e-06,8.0249803e-08,2.5377216e-08,10
3.800,0.01365467,2,1000,0.04,1.3126143e-06,8.0245254e-08,2.5375777e-08,10
3.800,0.01365467,2,1000,0.05,1.308836e-06,8.0239371e-08,2.5373917e-08,10
3.800,0.01365467,2,1000,0.06,1.3042348e-06,8.023218e-08,2.5371643e-08,10
3.800,0.01365467,2,1000,0.07,1.2988208e-06,8.0223716e-08,2.5368966e-08,10
3.800,0.01365467,2,1000,0.08,1.2926055e-06,8.0214017e-08,2.5365899e-08,10
3.800,0.01365467,2,1000,0.09,1.2856022e-06,8.0203127e-08,2.5362456e-08,10
3.800,0.01365467,2,1000,0.1,1.2778257e-06,8.0191092e-08,2.535865e-08,10
3.800,0.01365467,2,1000,0.11,1.2692927e-06,8.0177967e-08,2.5354499e-08,10
3.800,0.01365467,2,1000,0.12,1.2600212e-06,8.0163811e-08,2.5350023e-08,10
3.800,0.01365467,2,1000,0.13,1.2500308e-06,8.0148687e-08,2.534524e-08,10
3.800,0.01365467,2,1000,0.14,1.2393425e-06,8.013266e-08,2.5340172e-08,10
3.800,0.01365467,2,1000,0.15,1.2279787e-06,8.0115799e-08,2.533484e-08,10
3.800,0.01365467,2,1000,0.16,1.2158064e-06,8.0098012e-08,2.5329215e-08,10
3.800,0.01365467,2,1000,0.18,1.1899343e-06,8.0060858e-08,2.5317466e-08,10
3.800,0.01365467,2,1000,0.2,1.161771e-06,8.0021657e-08,2.530507e-08,10
3.800,0.01365467,2,1000,0.22,1.1315467e-06,7.99811e-08,2.5292245e-08,10
3.800,0.01365467,2,1000,0.24,1.0995057e-06,7.9939911e-08,2.5279219e-08,10
3.800,0.01365467,2,1000,0.26,1.0659045e-06,7.9898832e-08,2.5266229e-08,10
3.800,0.01365467,2,1000,0.28,1.0310083e-06,7.9858618e-08,2.5253513e-08,10
3.800,0.01365467,2,1000,0.3,9.9508867e-07,7.9820026e-08,2.5241308e-08,10
3.800,0.01365467,2,1000,0.32,9.5830386e-07,7.9783939e-08,2.5229897e-08,10
3.800,0.01365467,2,1000,0.36,8.8396516e-07,7.9721925e-08,2.5210286e-08,10
3.800,0.01365467,2,1000,0.4,8.0990816e-07,7.9677979e-08,2.5196389e-08,10
3.800,0.01365467,2,1000,0.44,7.3819858e-07,7.9657233e-08,2.5189829e-08,10
3.800,0.01365467,2,1000,0.48,6.7072461e-07,7.9664171e-08,2.5192023e-08,10
3.800,0.01365467,2,1000,0.52,6.0913534e-07,7.970251e-08,2.5204147e-08,10
3.800,0.01365467,2,1000,0.56,5.5479193e-07,7.977514e-08,2.5227114e-08,10
3.800,0.01365467,2,1000,0.6,5.0873275e-07,7.9884043e-08,2.5261553e-08,10
3.800,0.01365467,2,1000,0.64,4.7398438e-07,8.0039349e-08,2.5310664e-08,10
3.800,0.01365467,2,1000,0.72,4.2772807e-07,8.0441104e-08,2.5437711e-08,10
3.800,0.01365467,2,1000,0.8,4.1694801e-07,8.0975117e-08,2.560658e-08,10
3.800,0.01365467,2,1000,0.88,4.3595975e-07,8.1609442e-08,2.5807171e-08,10
3.800,0.01365467,2,1000,0.96,4.7587585e-07,8.2295652e-08,2.602417e-08,10
3.800,0.01365467,2,1000,1.04,5.2624424e-07,8.297251e-08,2.6238211e-08,10
3.800,0.01365467,2,1000,1.12,5.7672883e-07,8.357192e-08,2.6427762e-08,10
3.800,0.01365467,2,1000,1.2,6.1859491e-07,8.4026621e-08,2.6571551e-08,10
3.800,0.01365467,2,1000,1.28,6.41448e-07,8.4214189e-08,2.6630865e-08,10
3.800,0.01365467,2,1000,1.44,6.4499077e-07,8.3963693e-08,2.6551651e-08,10
3.800,0.01365467,2,1000,1.6,5.9687817e-07,8.2760004e-08,2.6171011e-08,10
3.800,0.01365467,2,1000,1.76,5.3392146e-07,8.1017748e-08,2.5620062e-08,10
3.800,0.01365467,2,1000,1.92,4.8632591e-07,7.9409931e-08,2.5111625e-08,10
3.800,0.01365467,2,1000,2.08,4.5932893e-07,7.8476915e-08,2.481658e-08,10
3.800,0.01365467,2,1000,2.24,4.3917121e-07,7.8421085e-08,2.4798925e-08,10
3.800,0.01365467,2,1000,2.4,4.1313006e-07,7.9270282e-08,2.5067464e-08,10
3.800,0.01365467,2,1000,2.56,3.8770198e-07,8.0984933e-08,2.5609685e-08,10
3.800,0.01365467,2,1000,2.88,3.9402772e-07,8.4187012e-08,2.6622271e-08,10
3.800,0.01365467,2,1000,3.2,4.9795809e-07,8.3509439e-08,2.6408003e-08,10
3.800,0.01365467,2,1000,3.52,5.685812e-07,7.9639269e-08,2.5184148e-08,10
3.800,0.01365467,2,1000,3.84,5.4885832e-07,7.831562e-08,2.4765574e-08,10
3.800,0.01365467,2,1000,4.16,5.5495484e-07,8.1414712e-08,2.5745592e-08,10
3.800,0.01365467,2,1000,4.48,6.0728248e-07,8.3773055e-08,2.6491366e-08,10
3.800,0.01365467,2,1000,4.8,6.253231e-07,8.1790265e-08,2.5864353e-08,10
3.800,0.01365467,2,1000,5.12,6.3050179e-07,8.0065102e-08,2.5318808e-08,10
3.800,0.01365467,2,1000,5.76,5.9817063e-07,8.1843929e-08,2.5881323e-08,10
3.800,0.01365467,2,1000,6.4,5.2416826e-07,8.1828659e-08,2.5876494e-08,10
3.800,0.01365467,2,1000,7.04,5.028697e-07,8.0239379e-08,2.537392e-08,10
3.800,0.01365467,2,1000,7.68,4.4930583e-07,8.2050572e-08,2.5946669e-08,10
3.800,0.01365467,2,1000,8.32,4.8733079e-07,8.4234404e-08,2.6637258e-08,10
3.800,0.01365467,2,1000,8.96,5.1313838e-07,8.2871722e-08,2.6206339e-08,10
3.800,0.01365467,2,1000,9.6,5.5014743e-07,8.3460453e-08,2.6392513e-08,10
3.800,0.01365467,2,1000,10.24,5.6107471e-07,8.1411385e-08,2.5744541e-08,10
3.800,0.01365467,2,1000,11.52,5.2536969e-07,8.0697513e-08,2.5518794e-08,10
3.800,0.01365467,2,1000,12.8,4.8787601e-07,8.0455711e-08,2.544233e-08,10
3.800,0.01365467,2,1000,14.08,5.0570861e-07,8.1630723e-08,2.5813901e-08,10
3.800,0.01365467,2,1000,15.36,5.222819e-07,8.4855133e-08,2.6833549e-08,10
3.800,0.01365467,2,1000,16.64,5.0494003e-07,8.1821444e-08,2.5874212e-08,10
3.800,0.01365467,2,1000,17.92,4.8628121e-07,7.8871348e-08,2.494131e-08,10
3.800,0.01365467,2,1000,19.2,4.9375866e-07,8.0580748e-08,2.548187e-08,10
3.800,0.01365467,2,1000,20.48,4.9651576e-07,8.1260766e-08,2.569691e-08,10
3.800,0.01365467,2,1000,23.04,4.8301521e-07,8.139239e-08,2.5738534e-08,10
3.800,0.01365467,2,1000,25.6,4.8024423e-07,8.1599738e-08,2.5804103e-08,10
3.800,0.01365467,2,1000,28.16,4.6990205e-07,8.244939e-08,2.6072786e-08,10
3.800,0.01365467,2,1000,30.72,4.6668378e-07,8.2939162e-08,2.6227666e-08,10
3.800,0.01365467,2,1000,33.28,4.6128883e-07,8.1401673e-08,2.5741469e-08,10
3.800,0.01365467,2,1000,35.84,4.5456856e-07,8.250979e-08,2.6091886e-08,10
3.800,0.01365467,2,1000,38.4,4.4961909e-07,8.1951764e-08,2.5915423e-08,10
3.800,0.01365467,2,1000,40.96,4.4405836e-07,8.2813887e-08,2.618805e-08,10
3.800,0.01365467,2,1000,46.08,4.3491135e-07,8.13423e-08,2.5722694e-08,10
3.800,0.01365467,2,1000,51.2,4.2486233e-07,8.2497467e-08,2.608799e-08,10
3.800,0.01365467,2,1000,56.32,4.1647329e-07,8.2369747e-08,2.6047601e-08,10
3.800,0.01365467,2,1000,61.44,4.0752076e-07,8.2552961e-08,2.6105539e-08,10
3.800,0.01365467,2,1000,66.56,3.9888862e-07,8.2647951e-08,2.6135577e-08,10
3.800,0.01365467,2,1000,71.68,3.9139752e-07,8.1337134e-08,2.572106e-08,10
3.800,0.01365467,2,1000,76.8,3.8423903e-07,8.2321537e-08,2.6032356e-08,10
3.800,0.01365467,2,1000,81.92,3.7681365e-07,8.1600566e-08,2.5804365e-08,10
3.800,0.01365467,2,1000,92.16,3.6216656e-07,8.0878756e-08,2.5576108e-08,10
3.800,0.01365467,2,1000,102.4,3.4936944e-07,8.017229e-08,2.5352704e-08,10
3.800,0.01365467,2,1000,112.64,3.3530493e-07,8.0303147e-08,2.5394085e-08,10
3.800,0.01365467,2,1000,122.88,3.2274157e-07,7.9469566e-08,2.5130483e-08,10
3.800,0.01365467,2,1000,133.12,3.1149812e-07,7.7598178e-08,2.4538698e-08,10
3.800,0.01365467,2,1000,143.36,3.0250441e-07,7.7095134e-08,2.4379622e-08,10
3.800,0.01365467,2,1000,153.6,2.93873e-07,7.4369684e-08,2.3517759e-08,10
3.800,0.01365467,2,1000,163.84,2.8561934e-07,7.3085583e-08,2.3111691e-08,10
3.800,0.01365467,2,1000,184.32,2.7114295e-07,7.0802626e-08,2.2389756e-08,10
3.800,0.01365467,2,1000,204.8,2.5736867e-07,6.9850466e-08,2.2088657e-08,10
3.800,0.01365467,2,1000,225.28,2.4494627e-07,7.0953286e-08,2.2437399e-08,10
3.800,0.01365467,2,1000,245.76,2.3198745e-07,6.9586961e-08,2.2005329e-08,10
3.800,0.01365467,2,1000,266.24,2.2192717e-07,6.8230839e-08,2.1576486e-08,10
3.800,0.01365467,2,1000,286.72,2.112133e-07,6.6690757e-08,2.1089469e-08,10
3.800,0.01365467,2,1000,307.2,2.0303689e-07,6.3604481e-08,2.0113503e-08,10
3.800,0.01365467,2,1000,327.68,1.9427167e-07,6.0712649e-08,1.9199026e-08,10
3.800,0.01365467,2,1000,368.64,1.7602335e-07,5.6125601e-08,1.7748473e-08,10
3.800,0.01365467,2,1000,409.6,1.5642378e-07,5.2340741e-08,1.6551596e-08,10
3.800,0.01365467,2,1000,450.56,1.3914214e-07,5.0807827e-08,1.6066846e-08,10
3.800,0.01365467,2,1000,491.52,1.2633705e-07,5.0635102e-08,1.6012225e-08,10
3.800,0.01365467,2,1000,532.48,1.1785859e-07,5.2834071e-08,1.67076e-08,10
3.800,0.01365467,2,1000,573.44,1.071663e-07,5.771275e-08,1.8250374e-08,10
3.800,0.01365467,2,1000,614.4,9.6116954e-08,6.2623895e-08,1.9803414e-08,10
3.800,0.01365467,2,1000,655.36,8.9016649e-08,6.3408743e-08,2.0051605e-08,10
3.800,0.01365467,2,1000,737.28,7.8512355e-08,6.2796764e-08,1.985808e-08,10
3.800,0.01365467,2,1000,819.2,6.9448676e-08,7.2198471e-08,2.2831161e-08,10
3.800,0.01365467,2,1000,901.12,5.6020211e-08,7.7148908e-08,2.4396627e-08,10
3.800,0.01365467,2,1000,983.04,5.1549438e-08,8.3268167e-08,2.6331706e-08,10
3.800,0.01365467,2,1000,1064.96,4.1936976e-08,8.5778991e-08,2.7125699e-08,10
3.800,0.01365467,2,1000,1146.88,3.4126584e-08,8.6090257e-08,2.722413e-08,10
3.800,0.01365467,2,1000,1228.8,2.4965828e-08,7.3057357e-08,2.3102765e-08,10
3.800,0.01365467,2,1000,1310.72,1.4933045e-08,6.1808083e-08,1.9545432e-08,10
3.800,0.01365467,2,1000,1474.56,-4.3581434e-09,5.4242446e-08,1.7152968e-08,10
3.800,0.01365467,2,1000,1638.4,-6.1560063e-09,7.0066902e-08,2.21571e-08,10
3.800,0.01365467,2,1000,1802.24,-3.99428e-09,9.2725833e-08,2.9322483e-08,10
3.800,0.01365467,2,1000,1966.08,4.2133324e-09,1.1509655e-07,3.6396724e-08,10
3.800,0.01365467,2,1000,2129.92,5.1819245e-09,1.1330487e-07,3.5830145e-08,10
3.800,0.01365467,2,1000,2293.76,1.5179988e-08,9.5468047e-08,3.0189647e-08,10
3.800,0.01365467,2,1000,2457.6,1.9405995e-08,8.3209814e-08,2.6313253e-08,10
3.800,0.01365467,2,1000,2621.44,2.1787334e-08,8.776468e-08,2.7753629e-08,10
3.800,0.01365467,2,1000,2949.12,3.6870675e-08,9.4974493e-08,3.0033572e-08,10
3.800,0.01365467,2,1000,3276.8,5.8622157e-08,7.0380156e-08,2.225616e-08,10
3.800,0.01365467,2,1000,3604.48,7.3203318e-08,8.4654343e-08,2.6770054e-08,10
3.800,0.01365467,2,1000,3932.16,5.4880612e-08,5.4638474e-08,1.7278202e-08,10
3.800,0.01365467,2,1000,4259.84,5.3314801e-08,5.7645825e-08,1.8229211e-08,10
3.800,0.01365467,2,1000,4587.52,3.1333036e-08,9.8505989e-08,3.1150329e-08,10
3.800,0.01365467,2,1000,4915.2,-3.0066598e-09,1.1019593e-07,3.4847012e-08,10
3.800,0.01365467,2,1000,5242.88,-2.7621192e-08,1.2191763e-07,3.8553741e-08,10
3.800,0.01365467,2,1000,5898.24,4.970721e-08,1.2713631e-07,4.0204032e-08,10
3.800,0.01365467,2,1000,6553.6,-1.4879756e-08,1.5806066e-07,4.9983171e-08,10
3.800,0.01365467,2,1000,7208.96,2.6989182e-08,1.3879732e-07,4.3891566e-08,10
3.800,0.01365467,2,1000,7864.32,-2.9664533e-08,1.3208158e-07,4.1767861e-08,10
3.800,0.01365467,2,1000,8519.68,-2.4440271e-08,1.5455753e-07,4.8875381e-08,10
3.800,0.01365467,2,1000,9175.04,-1.18194e-08,2.2704145e-07,7.179681e-08,10
3.800,0.01157466,3,1000,0,1.0658227e-06,1.0875618e-07,3.4391724e-08,10
3.800,0.01157466,3,1000,0.01,1.0654949e-06,1.0875492e-07,3.4391325e-08,10
3.800,0.01157466,3,1000,0.02,1.0645132e-06,1.087513e-07,3.4390181e-08,10
3.800,0.01157466,3,1000,0.03,1.0628797e-06,1.0874534e-07,3.4388296e-08,10
3.800,0.01157466,3,1000,0.04,1.0605978e-06,1.0873704e-07,3.4385672e-08,10
3.800,0.01157466,3,1000,0.05,1.0576723e-06,1.0872642e-07,3.4382314e-08,10
3.800,0.01157466,3,1000,0.06,1.0541095e-06,1.087135e-07,3.4378228e-08,10
3.800,0.01157466,3,1000,0.07,1.0499168e-06,1.0869831e-07,3.4373423e-08,10
3.800,0.01157466,3,1000,0.08,1.045103e-06,1.0868086e-07,3.4367905e-08,10
3.800,0.01157466,3,1000,0.09,1.0396781e-06,1.0866119e-07,3.4361686e-08,10
3.800,0.01157466,3,1000,0.1,1.0336534e-06,1.0863934e-07,3.4354777e-08,10
3.800,0.01157466,3,1000,0.11,1.0270414e-06,1.0861535e-07,3.4347188e-08,10
3.800,0.01157466,3,1000,0.12,1.0198559e-06,1.0858925e-07,3.4338935e-08,10
3.800,0.01157466,3,1000,0.13,1.0121118e-06,1.0856109e-07,3.433003e-08,10
3.800,0.01157466,3,1000,0.14,1.0038249e-06,1.0853092e-07,3.432049e-08,10
3.800,0.01157466,3,1000,0.15,9.9501234e-07,1.0849879e-07,3.431033e-08,10
3.800,0.01157466,3,1000,0.16,9.8556995e-07,1.0846426e-07,3.4299412e-08,10
3.800,0.01157466,3,1000,0.18,9.6549368e-07,1.0839073e-07,3.4276158e-08,10
3.800,0.01157466,3,1000,0.2,9.4362737e-07,1.0831028e-07,3.4250718e-08,10
3.800,0.01157466,3,1000,0.22,9.2014669e-07,1.0822342e-07,3.4223251e-08,10
3.800,0.01157466,3,1000,0.24,8.9523851e-07,1.0813069e-07,3.4193926e-08,10
3.800,0.01157466,3,1000,0.26,8.6909898e-07,1.0803263e-07,3.4162916e-08,10
3.800,0.01157466,3,1000,0.28,8.4193158e-07,1.079298e-07,3.4130401e-08,10
3.800,0.01157466,3,1000,0.3,8.1394513e-07,1.0782279e-07,3.409656e-08,10
3.800,0.01157466,3,1000,0.32,7.8525422e-07,1.0771179e-07,3.406146e-08,10
3.800,0.01157466,3,1000,0.36,7.2720472e-07,1.0748225e-07,3.3988873e-08,10
3.800,0.01157466,3,1000,0.4,6.6926197e-07,1.0724506e-07,3.3913867e-08,10
3.800,0.01157466,3,1000,0.44,6.1303646e-07,1.0700463e-07,3.3837835e-08,10
3.800,0.01157466,3,1000,0.48,5.6001099e-07,1.0676515e-07,3.3762106e-08,10
3.800,0.01157466,3,1000,0.52,5.1149265e-07,1.0653064e-07,3.3687946e-08,10
3.800,0.01157466,3,1000,0.56,4.685739e-07,1.0630492e-07,3.3616567e-08,10
3.800,0.01157466,3,1000,0.6,4.321038e-07,1.0609163e-07,3.354912e-08,10
3.800,0.01157466,3,1000,0.64,4.0450887e-07,1.0589846e-07,3.3488033e-08,10
3.800,0.01157466,3,1000,0.72,3.6772376e-07,1.0556537e-07,3.3382701e-08,10
3.800,0.01157466,3,1000,0.8,3.5931267e-07,1.0532959e-07,3.330814e-08,10
3.800,0.01157466,3,1000,0.88,3.7513458e-07,1.0520496e-07,3.326873e-08,10
3.800,0.01157466,3,1000,0.96,4.0838989e-07,1.0519365e-07,3.3265153e-08,10
3.800,0.01157466,3,1000,1.04,4.508535e-07,1.0528293e-07,3.3293386e-08,10
3.800,0.01157466,3,1000,1.12,4.9418258e-07,1.054442e-07,3.3344385e-08,10
3.800,0.01157466,3,1000,1.2,5.3111453e-07,1.0563502e-07,3.3404727e-08,10
3.800,0.01157466,3,1000,1.28,5.5280614e-07,1.0578303e-07,3.3451532e-08,10
3.800,0.01157466,3,1000,1.44,5.6075751e-07,1.0583587e-07,3.346824e-08,10
3.800,0.01157466,3,1000,1.6,5.2290831e-07,1.0534627e-07,3.3313417e-08,10
3.800,0.01157466,3,1000,1.76,4.685097e-07,1.0439886e-07,3.3013818e-08,10
3.800,0.01157466,3,1000,1.92,4.2448207e-07,1.0342886e-07,3.2707078e-08,10
3.800,0.01157466,3,1000,2.08,3.9871855e-07,1.0293823e-07,3.2551925e-08,10
3.800,0.01157466,3,1000,2.24,3.8205177e-07,1.0315004e-07,3.2618907e-08,10
3.800,0.01157466,3,1000,2.4,3.6291412e-07,1.0390009e-07,3.2856094e-08,10
3.800,0.01157466,3,1000,2.56,3.4211598e-07,1.0467911e-07,3.3102442e-08,10
3.800,0.01157466,3,1000,2.88,3.3751632e-07,1.0523967e-07,3.3279706e-08,10
3.800,0.01157466,3,1000,3.2,4.0856158e-07,1.0477182e-07,3.3131757e-08,10
3.800,0.01157466,3,1000,3.52,4.6289573e-07,1.0530143e-07,3.3299235e-08,10
3.800,0.01157466,3,1000,3.84,4.4337441e-07,1.06469e-07,3.3668453e-08,10
3.800,0.01157466,3,1000,4.16,4.4410045e-07,1.0650261e-07,3.3679083e-08,10
3.800,0.01157466,3,1000,4.48,5.0079848e-07,1.0604966e-07,3.3535848e-08,10
3.800,0.01157466,3,1000,4.8,5.3462733e-07,1.0604142e-07,3.3533242e-08,10
3.800,0.01157466,3,1000,5.12,5.3414374e-07,1.0630036e-07,3.3615127e-08,10
3.800,0.01157466,3,1000,5.76,5.2209236e-07,1.0789159e-07,3.4118315e-08,10
3.800,0.01157466,3,1000,6.4,4.8120459e-07,1.0472409e-07,3.3116664e-08,10
3.800,0.01157466,3,1000,7.04,4.5473704e-07,1.0482538e-07,3.3148695e-08,10
3.800,0.01157466,3,1000,7.68,3.9371724e-07,1.0429097e-07,3.2979702e-08,10
3.800,0.01157466,3,1000,8.32,4.0984446e-07,1.0366608e-07,3.2782093e-08,10
3.800,0.01157466,3,1000,8.96,4.1170594e-07,1.0592968e-07,3.3497907e-08,10
3.800,0.01157466,3,1000,9.6,4.5060405e-07,1.0541738e-07,3.3335904e-08,10
3.800,0.01157466,3,1000,10.24,4.7381235e-07,1.0621367e-07,3.3587713e-08,10
3.800,0.01157466,3,1000,11.52,4.7564599e-07,1.0509211e-07,3.3233042e-08,10
3.800,0.01157466,3,1000,12.8,4.3364737e-07,1.0453427e-07,3.305664e-08,10
3.800,0.01157466,3,1000,14.08,4.2002553e-07,1.0602545e-07,3.352819e-08,10
3.800,0.01157466,3,1000,15.36,4.4333048e-07,1.0603065e-07,3.3529837e-08,10
3.800,0.01157466,3,1000,16.64,4.5274788e-07,1.0409028e-07,3.2916237e-08,10
3.800,0.01157466,3,1000,17.92,4.3465282e-07,1.0561916e-07,3.339971e-08,10
3.800,0.01157466,3,1000,19.2,4.2020036e-07,1.0650219e-07,3.3678948e-08,10
3.800,0.01157466,3,1000,20.48,4.2719322e-07,1.0649586e-07,3.3676949e-08,10
3.800,0.01157466,3,1000,23.04,4.2936528e-07,1.045306e-07,3.3055478e-08,10
3.800,0.01157466,3,1000,25.6,4.1955444e-07,1.0615645e-07,3.3569616e-08,10
3.800,0.01157466,3,1000,28.16,4.2133956e-07,1.0430434e-07,3.2983929e-08,10
3.800,0.01157466,3,1000,30.72,4.117016e-07,1.0712989e-07,3.3877444e-08,10
3.800,0.01157466,3,1000,33.28,4.1203459e-07,1.0454711e-07,3.3060698e-08,10
3.800,0.01157466,3,1000,35.84,4.0639767e-07,1.0677952e-07,3.3766649e-08,10
3.800,0.01157466,3,1000,38.4,4.0296107e-07,1.0495658e-07,3.3190186e-08,10
3.800,0.01157466,3,1000,40.96,4.0043895e-07,1.0515611e-07,3.325328e-08,10
3.800,0.01157466,3,1000,46.08,3.9497514e-07,1.0598423e-07,3.3515158e-08,10
3.800,0.01157466,3,1000,51.2,3.8925526e-07,1.0548819e-07,3.3358295e-08,10
3.800,0.01157466,3,1000,56.32,3.8351087e-07,1.0486316e-07,3.3160642e-08,10
3.800,0.01157466,3,1000,61.44,3.7807062e-07,1.0469368e-07,3.3107049e-08,10
3.800,0.01157466,3,1000,66.56,3.7283461e-07,1.0454766e-07,3.3060874e-08,10
3.800,0.01157466,3,1000,71.68,3.6797256e-07,1.0432709e-07,3.2991124e-08,10
3.800,0.01157466,3,1000,76.8,3.6314289e-07,1.0332363e-07,3.2673799e-08,10
3.800,0.01157466,3,1000,81.92,3.5810508e-07,1.0239545e-07,3.2380285e-08,10
3.800,0.01157466,3,1000,92.16,3.4706517e-07,1.020388e-07,3.2267503e-08,10
3.800,0.01157466,3,1000,102.4,3.3935898e-07,1.0082918e-07,3.1884987e-08,10
3.800,0.01157466,3,1000,112.64,3.3196618e-07,1.0100091e-07,3.1939292e-08,10
3.800,0.01157466,3,1000,122.88,3.2502594e-07,9.9911198e-08,3.1594695e-08,10
3.800,0.01157466,3,1000,133.12,3.185992e-07,9.9198087e-08,3.1369189e-08,10
3.800,0.01157466,3,1000,143.36,3.1244364e-07,9.815158e-08,3.1038255e-08,10
3.800,0.01157466,3,1000,153.6,3.0663256e-07,9.8246723e-08,3.1068342e-08,10
3.800,0.01157466,3,1000,163.84,3.0041443e-07,9.5744987e-08,3.0277223e-08,10
3.800,0.01157466,3,1000,184.32,2.8874309e-07,9.422933e-08,2.9797931e-08,10
3.800,0.01157466,3,1000,204.8,2.7771794e-07,9.2301622e-08,2.9188336e-08,10
3.800,0.01157466,3,1000,225.28,2.6620547e-07,9.186958e-08,2.9051712e-08,10
3.800,0.01157466,3,1000,245.76,2.5607225e-07,8.800107e-08,2.7828382e-08,10
3.800,0.01157466,3,1000,266.24,2.4825174e-07,8.4844425e-08,2.6830163e-08,10
3.800,0.01157466,3,1000,286.72,2.3940683e-07,8.1844502e-08,2.5881504e-08,10
3.800,0.01157466,3,1000,307.2,2.3096154e-07,8.0076652e-08,2.5322461e-08,10
3.800,0.01157466,3,1000,327.68,2.203026e-07,8.05331e-08,2.5466802e-08,10
3.800,0.01157466,3,1000,368.64,2.0262016e-07,7.8348713e-08,2.4776039e-08,10
3.800,0.01157466,3,1000,409.6,1.8620556e-07,7.6453109e-08,2.4176596e-08,10
3.800,0.01157466,3,1000,450.56,1.7040303e-07,7.4442682e-08,2.3540843e-08,10
3.800,0.01157466,3,1000,491.52,1.5638128e-07,7.1764859e-08,2.2694041e-08,10
3.800,0.01157466,3,1000,532.48,1.4549654e-07,7.1425948e-08,2.2586868e-08,10
3.800,0.01157466,3,1000,573.44,1.3586109e-07,6.9211106e-08,2.1886473e-08,10
3.800,0.01157466,3,1000,614.4,1.2621051e-07,6.9495937e-08,2.1976545e-08,10
3.800,0.01157466,3,1000,655.36,1.1539579e-07,6.8688206e-08,2.1721118e-08,10
3.800,0.01157466,3,1000,737.28,1.0096533e-07,6.0977373e-08,1.9282738e-08,10
3.800,0.01157466,3,1000,819.2,8.3977381e-08,5.6303019e-08,1.7804578e-08,10
3.800,0.01157466,3,1000,901.12,7.1714383e-08,5.1670183e-08,1.6339547e-08,10
3.800,0.01157466,3,1000,983.04,6.2921786e-08,4.501979e-08,1.4236508e-08,10
3.800,0.01157466,3,1000,1064.96,5.5541054e-08,4.0061685e-08,1.2668617e-08,10
3.800,0.01157466,3,1000,1146.88,4.4670628e-08,4.2547738e-08,1.3454776e-08,10
3.800,0.01157466,3,1000,1228.8,4.0441663e-08,4.7409587e-08,1.4992228e-08,10
3.800,0.01157466,3,1000,1310.72,3.4712736e-08,5.4746086e-08,1.7312233e-08,10
3.800,0.01157466,3,1000,1474.56,2.3075886e-08,7.6295039e-08,2.412661e-08,10
3.800,0.01157466,3,1000,1638.4,5.5805581e-09,9.6802216e-08,3.0611549e-08,10
3.800,0.01157466,3,1000,1802.24,-7.716453e-09,9.1140283e-08,2.8821088e-08,10
3.800,0.01157466,3,1000,1966.08,-8.7738559e-09,7.8347062e-08,2.4775516e-08,10
3.800,0.01157466,3,1000,2129.92,-1.536915e-08,6.5797452e-08,2.0806981e-08,10
3.800,0.01157466,3,1000,2293.76,-1.1228692e-08,6.2791016e-08,1.9856263e-08,10
3.800,0.01157466,3,1000,2457.6,-1.3904734e-10,7.1757729e-08,2.2691786e-08,10
3.800,0.01157466,3,1000,2621.44,1.671348e-08,8.296549e-08,2.6235991e-08,10
3.800,0.01157466,3,1000,2949.12,2.405312e-08,8.9620192e-08,2.8340393e-08,10
3.800,0.01157466,3,1000,3276.8,2.5738328e-08,9.3733867e-08,2.9641252e-08,10
3.800,0.01157466,3,1000,3604.48,-9.2592101e-09,9.8809291e-08,3.1246242e-08,10
3.800,0.01157466,3,1000,3932.16,-1.5466635e-08,9.5137969e-08,3.0085268e-08,10
3.800,0.01157466,3,1000,4259.84,-2.6733498e-08,1.1835535e-07,3.7427248e-08,10
3.800,0.01157466,3,1000,4587.52,-3.0405308e-08,1.5872444e-07,5.0193074e-08,10
3.800,0.01157466,3,1000,4915.2,-5.6200927e-08,1.4884423e-07,4.7068679e-08,10
3.800,0.01157466,3,1000,5242.88,-6.1633417e-08,1.5206893e-07,4.8088417e-08,10
3.800,0.01157466,3,1000,5898.24,-4.5690448e-08,1.7728716e-07,5.6063121e-08,10
3.800,0.01157466,3,1000,6553.6,-1.0427517e-07,1.1957562e-07,3.7813132e-08,10
3.800,0.01157466,3,1000,7208.96,-7.0653313e-08,1.5788683e-07,4.9928201e-08,10
3.800,0.01157466,3,1000,7864.32,-2.8520632e-08,2.312757e-07,7.3135797e-08,10
3.800,0.01157466,3,1000,8519.68,-7.3851996e-08,3.3195061e-07,1.04972e-07,10
3.800,0.01157466,3,1000,9175.04,-7.1646042e-08,5.1886657e-07,1.6408001e-07,10
3.800,0.00961925,3,2154.43,0,7.7705986e-07,8.6000842e-08,2.7195854e-08,10
3.800,0.00961925,3,2154.43,0.01,7.768098e-07,8.5999436e-08,2.719541e-08,10
3.800,0.00961925,3,2154.43,0.02,7.7606117e-07,8.5995036e-08,2.7194018e-08,10
3.800,0.00961925,3,2154.43,0.03,7.748155e-07,8.5987652e-08,2.7191683e-08,10
3.800,0.00961925,3,2154.43,0.04,7.7307541e-07,8.5977303e-08,2.718841e-08,10
3.800,0.00961925,3,2154.43,0.05,7.7084449e-07,8.5964013e-08,2.7184208e-08,10
3.800,0.00961925,3,2154.43,0.06,7.6812736e-07,8.5947817e-08,2.7179086e-08,10
3.800,0.00961925,3,2154.43,0.07,7.6492963e-07,8.5928752e-08,2.7173057e-08,10
3.800,0.00961925,3,2154.43,0.08,7.6125788e-07,8.5906867e-08,2.7166137e-08,10
3.800,0.00961925,3,2154.43,0.09,7.5711967e-07,8.5882214e-08,2.7158341e-08,10
3.800,0.00961925,3,2154.43,0.1,7.5252348e-07,8.5854854e-08,2.7149689e-08,10
3.800,0.00961925,3,2154.43,0.11,7.4747874e-07,8.5824854e-08,2.7140202e-08,10
3.800,0.00961925,3,2154.43,0.12,7.4199575e-07,8.5792287e-08,2.7129903e-08,10
3.800,0.00961925,3,2154.43,0.13,7.3608569e-07,8.5757231e-08,2.7118818e-08,10
3.800,0.00961925,3,2154.43,0.14,7.2976059e-07,8.5719773e-08,2.7106972e-08,10
3.800,0.00961925,3,2154.43,0.15,7.2303326e-07,8.5680002e-08,2.7094396e-08,10
3.800,0.00961925,3,2154.43,0.16,7.1582374e-07,8.5637476e-08,2.7080948e-08,10
3.800,0.00961925,3,2154.43,0.18,7.0049174e-07,8.5547306e-08,2.7052434e-08,10
3.800,0.00961925,3,2154.43,0.2,6.8378689e-07,8.5449539e-08,2.7021517e-08,10
3.800,0.00961925,3,2154.43,0.22,6.6584206e-07,8.53451e-08,2.698849e-08,10
3.800,0.00961925,3,2154.43,0.24,6.4679876e-07,8.5234966e-08,2.6953663e-08,10
3.800,0.00961925,3,2154.43,0.26,6.2680577e-07,8.5120159e-08,2.6917358e-08,10
3.800,0.00961925,3,2154.43,0.28,6.0601771e-07,8.5001734e-08,2.6879909e-08,10
3.800,0.00961925,3,2154.43,0.3,5.845935e-07,8.4880765e-08,2.6841655e-08,10
3.800,0.00961925,3,2154.43,0.32,5.6261716e-07,8.4758123e-08,2.6802872e-08,10
3.800,0.00961925,3,2154.43,0.36,5.1812951e-07,8.4513707e-08,2.6725581e-08,10
3.800,0.00961925,3,2154.43,0.4,4.7368595e-07,8.4276169e-08,2.6650465e-08,10
3.800,0.00961925,3,2154.43,0.44,4.3052743e-07,8.4053388e-08,2.6580015e-08,10
3.800,0.00961925,3,2154.43,0.48,3.8980331e-07,8.3852424e-08,2.6516465e-08,10
3.800,0.00961925,3,2154.43,0.52,3.5253418e-07,8.3679268e-08,2.6461708e-08,10
3.800,0.00961925,3,2154.43,0.56,3.1958108e-07,8.353866e-08,2.6417244e-08,10
3.800,0.00961925,3,2154.43,0.6,2.9162218e-07,8.3433959e-08,2.6384135e-08,10
3.800,0.00961925,3,2154.43,0.64,2.7057429e-07,8.3376342e-08,2.6365915e-08,10
3.800,0.00961925,3,2154.43,0.72,2.4290183e-07,8.335563e-08,2.6359365e-08,10
3.800,0.00961925,3,2154.43,0.8,2.3761397e-07,8.3472337e-08,2.6396271e-08,10
3.800,0.00961925,3,2154.43,0.88,2.5165018e-07,8.3694998e-08,2.6466682e-08,10
3.800,0.00961925,3,2154.43,0.96,2.7978742e-07,8.3979862e-08,2.6556764e-08,10
3.800,0.00961925,3,2154.43,1.04,3.1557232e-07,8.4279274e-08,2.6651447e-08,10
3.800,0.00961925,3,2154.43,1.12,3.5234016e-07,8.4550623e-08,2.6737255e-08,10
3.800,0.00961925,3,2154.43,1.2,3.8417515e-07,8.4763927e-08,2.6804707e-08,10
3.800,0.00961925,3,2154.43,1.28,4.0374914e-07,8.4888369e-08,2.6844059e-08,10
3.800,0.00961925,3,2154.43,1.44,4.136212e-07,8.4997824e-08,2.6878672e-08,10
3.800,0.00961925,3,2154.43,1.6,3.8453475e-07,8.5002796e-08,2.6880244e-08,10
3.800,0.00961925,3,2154.43,1.76,3.3989726e-07,8.5055486e-08,2.6896906e-08,10
3.800,0.00961925,3,2154.43,1.92,3.0273694e-07,8.5195875e-08,2.6941301e-08,10
3.800,0.00961925,3,2154.43,2.08,2.8117942e-07,8.5334275e-08,2.6985067e-08,10
3.800,0.00961925,3,2154.43,2.24,2.6845989e-07,8.532803e-08,2.6983092e-08,10
3.800,0.00961925,3,2154.43,2.4,2.5405275e-07,8.5120351e-08,2.6917419e-08,10
3.800,0.00961925,3,2154.43,2.56,2.3575038e-07,8.487485e-08,2.6839784e-08,10
3.800,0.00961925,3,2154.43,2.88,2.2311612e-07,8.5052943e-08,2.6896102e-08,10
3.800,0.00961925,3,2154.43,3.2,2.7199424e-07,8.6234181e-08,2.7269642e-08,10
3.800,0.00961925,3,2154.43,3.52,3.1340397e-07,8.6841132e-08,2.7461577e-08,10
3.800,0.00961925,3,2154.43,3.84,2.8871837e-07,8.6342661e-08,2.7303947e-08,10
3.800,0.00961925,3,2154.43,4.16,2.7838018e-07,8.5945171e-08,2.7178249e-08,10
3.800,0.00961925,3,2154.43,4.48,3.3220366e-07,8.585892e-08,2.7150974e-08,10
3.800,0.00961925,3,2154.43,4.8,3.7508463e-07,8.5555318e-08,2.7054967e-08,10
3.800,0.00961925,3,2154.43,5.12,3.7155032e-07,8.4915633e-08,2.6852681e-08,10
3.800,0.00961925,3,2154.43,5.76,3.7416631e-07,8.432706e-08,2.6666558e-08,10
3.800,0.00961925,3,2154.43,6.4,3.6412209e-07,8.3738879e-08,2.6480559e-08,10
3.800,0.00961925,3,2154.43,7.04,3.4476253e-07,8.364377e-08,2.6450483e-08,10
3.800,0.00961925,3,2154.43,7.68,2.9357278e-07,8.3894478e-08,2.6529763e-08,10
3.800,0.00961925,3,2154.43,8.32,2.8894901e-07,8.5412191e-08,2.7009706e-08,10
3.800,0.00961925,3,2154.43,8.96,2.6763753e-07,8.6025214e-08,2.7203561e-08,10
3.800,0.00961925,3,2154.43,9.6,2.917889e-07,8.5968527e-08,2.7185635e-08,10
3.800,0.00961925,3,2154.43,10.24,3.1280764e-07,8.6395336e-08,2.7320604e-08,10
3.800,0.00961925,3,2154.43,11.52,3.4542729e-07,8.5086386e-08,2.6906678e-08,10
3.800,0.00961925,3,2154.43,12.8,3.3059876e-07,8.3397183e-08,2.6372505e-08,10
3.800,0.00961925,3,2154.43,14.08,2.9762647e-07,8.4416248e-08,2.6694762e-08,10
3.800,0.00961925,3,2154.43,15.36,2.9522801e-07,8.6710265e-08,2.7420193e-08,10
3.800,0.00961925,3,2154.43,16.64,3.1720017e-07,8.5683842e-08,2.709561e-08,10
3.800,0.00961925,3,2154.43,17.92,3.2484478e-07,8.3507573e-08,2.6407413e-08,10
3.800,0.00961925,3,2154.43,19.2,3.0986868e-07,8.3576993e-08,2.6429366e-08,10
3.800,0.00961925,3,2154.43,20.48,3.0080008e-07,8.5123076e-08,2.691828e-08,10
3.800,0.00961925,3,2154.43,23.04,3.0842037e-07,8.4428628e-08,2.6698677e-08,10
3.800,0.00961925,3,2154.43,25.6,3.0185334e-07,8.4127619e-08,2.6603489e-08,10
3.800,0.00961925,3,2154.43,28.16,3.0170852e-07,8.4853175e-08,2.683293e-08,10
3.800,0.00961925,3,2154.43,30.72,3.0149383e-07,8.3668874e-08,2.6458421e-08,10
3.800,0.00961925,3,2154.43,33.28,2.9664415e-07,8.4772321e-08,2.6807362e-08,10
3.800,0.00961925,3,2154.43,35.84,2.9816365e-07,8.3389982e-08,2.6370228e-08,10
3.800,0.00961925,3,2154.43,38.4,2.9331568e-07,8.4898206e-08,2.684717e-08,10
3.800,0.00961925,3,2154.43,40.96,2.9289177e-07,8.4061612e-08,2.6582616e-08,10
3.800,0.00961925,3,2154.43,46.08,2.9018325e-07,8.3669516e-08,2.6458624e-08,10
3.800,0.00961925,3,2154.43,51.2,2.8713915e-07,8.3356546e-08,2.6359654e-08,10
3.800,0.00961925,3,2154.43,56.32,2.8409112e-07,8.2764764e-08,2.6172516e-08,10
3.800,0.00961925,3,2154.43,61.44,2.8127175e-07,8.311092e-08,2.628198e-08,10
3.800,0.00961925,3,2154.43,66.56,2.7866708e-07,8.2544268e-08,2.610279e-08,10
3.800,0.00961925,3,2154.43,71.68,2.7613332e-07,8.2330308e-08,2.6035129e-08,10
3.800,0.00961925,3,2154.43,76.8,2.7354147e-07,8.2273726e-08,2.6017237e-08,10
3.800,0.00961925,3,2154.43,81.92,2.7101621e-07,8.2022271e-08,2.593772e-08,10
3.800,0.00961925,3,2154.43,92.16,2.6634075e-07,8.1417356e-08,2.5746429e-08,10
3.800,0.00961925,3,2154.43,102.4,2.6232797e-07,8.0831699e-08,2.5561228e-08,10
3.800,0.00961925,3,2154.43,112.64,2.5778238e-07,7.9949247e-08,2.5282172e-08,10
3.800,0.00961925,3,2154.43,122.88,2.5341833e-07,7.9502868e-08,2.5141014e-08,10
3.800,0.00961925,3,2154.43,133.12,2.4973609e-07,7.934015e-08,2.5089558e-08,10
3.800,0.00961925,3,2154.43,143.36,2.4521983e-07,7.9467658e-08,2.512988e-08,10
3.800,0.00961925,3,2154.43,153.6,2.4153401e-07,7.9597253e-08,2.5170861e-08,10
3.800,0.00961925,3,2154.43,163.84,2.3762688e-07,7.9369354e-08,2.5098794e-08,10
3.800,0.00961925,3,2154.43,184.32,2.3043701e-07,7.9415135e-08,2.5113271e-08,10
3.800,0.00961925,3,2154.43,204.8,2.2448722e-07,7.8690559e-08,2.488414e-08,10
3.800,0.00961925,3,2154.43,225.28,2.1876638e-07,7.8180271e-08,2.4722773e-08,10
3.800,0.00961925,3,2154.43,245.76,2.133308e-07,7.8303891e-08,2.4761864e-08,10
3.800,0.00961925,3,2154.43,266.24,2.0822808e-07,7.8327944e-08,2.4769471e-08,10
3.800,0.00961925,3,2154.43,286.72,2.033389e-07,7.7576142e-08,2.453173e-08,10
3.800,0.00961925,3,2154.43,307.2,1.9908681e-07,7.7291485e-08,2.4441714e-08,10
3.800,0.00961925,3,2154.43,327.68,1.9590179e-07,7.7045605e-08,2.4363959e-08,10
3.800,0.00961925,3,2154.43,368.64,1.8799135e-07,7.6385408e-08,2.4155187e-08,10
3.800,0.00961925,3,2154.43,409.6,1.8144599e-07,7.566274e-08,2.3926659e-08,10
3.800,0.00961925,3,2154.43,450.56,1.7544472e-07,7.4687273e-08,2.3618189e-08,10
3.800,0.00961925,3,2154.43,491.52,1.6878932e-07,7.351984e-08,2.3249015e-08,10
3.800,0.00961925,3,2154.43,532.48,1.6260554e-07,7.283834e-08,2.3033506e-08,10
3.800,0.00961925,3,2154.43,573.44,1.5637875e-07,7.2069952e-08,2.279052e-08,10
3.800,0.00961925,3,2154.43,614.4,1.5118984e-07,7.1532418e-08,2.2620537e-08,10
3.800,0.00961925,3,2154.43,655.36,1.4598649e-07,7.0586907e-08,2.232154e-08,10
3.800,0.00961925,3,2154.43,737.28,1.3613422e-07,6.8980776e-08,2.1813637e-08,10
3.800,0.00961925,3,2154.43,819.2,1.2605935e-07,6.8162829e-08,2.1554979e-08,10
3.800,0.00961925,3,2154.43,901.12,1.1753375e-07,6.6454111e-08,2.1014635e-08,10
3.800,0.00961925,3,2154.43,983.04,1.108901e-07,6.4768156e-08,2.0481489e-08,10
3.800,0.00961925,3,2154.43,1064.96,1.0529937e-07,6.334626e-08,2.0031846e-08,10
3.800,0.00961925,3,2154.43,1146.88,9.8505907e-08,6.0862586e-08,1.9246439e-08,10
3.800,0.00961925,3,2154.43,1228.8,9.234811e-08,6.013072e-08,1.9015003e-08,10
3.800,0.00961925,3,2154.43,1310.72,8.8003385e-08,6.0775713e-08,1.9218968e-08,10
3.800,0.00961925,3,2154.43,1474.56,7.8888398e-08,6.2956651e-08,1.9908641e-08,10
3.800,0.00961925,3,2154.43,1638.4,7.0941369e-08,6.36209e-08,2.0118695e-08,10
3.800,0.00961925,3,2154.43,1802.24,6.4361271e-08,6.7464666e-08,2.1334201e-08,10
3.800,0.00961925,3,2154.43,1966.08,5.7692573e-08,7.2570939e-08,2.2948946e-08,10
3.800,0.00961925,3,2154.43,2129.92,5.1491144e-08,7.6724426e-08,2.4262394e-08,10
3.800,0.00961925,3,2154.43,2293.76,4.3804185e-08,7.7461299e-08,2.4495414e-08,10
3.800,0.00961925,3,2154.43,2457.6,3.4954202e-08,7.7375682e-08,2.4468339e-08,10
3.800,0.00961925,3,2154.43,2621.44,2.7646814e-08,7.5052655e-08,2.3733733e-08,10
3.800,0.00961925,3,2154.43,2949.12,1.8599934e-08,7.1320837e-08,2.2553629e-08,10
3.800,0.00961925,3,2154.43,3276.8,1.8302165e-08,6.8511533e-08,2.1665249e-08,10
3.800,0.00961925,3,2154.43,3604.48,2.0817979e-08,6.3737794e-08,2.015566e-08,10
3.800,0.00961925,3,2154.43,3932.16,2.2444833e-08,6.6767238e-08,2.1113655e-08,10
3.800,0.00961925,3,2154.43,4259.84,1.4150132e-08,7.3879302e-08,2.3362687e-08,10
3.800,0.00961925,3,2154.43,4587.52,1.1331366e-08,7.0533089e-08,2.2304521e-08,10
3.800,0.00961925,3,2154.43,4915.2,6.7054974e-09,6.3042794e-08,1.9935882e-08,10
3.800,0.00961925,3,2154.43,5242.88,1.437972e-08,5.8231933e-08,1.8414554e-08,10
3.800,0.00961925,3,2154.43,5898.24,2.4752409e-08,6.126382e-08,1.9373321e-08,10
3.800,0.00961925,3,2154.43,6553.6,1.8589947e-08,6.6715609e-08,2.1097328e-08,10
3.800,0.00961925,3,2154.43,7208.96,8.3910164e-09,7.0275942e-08,2.2223204e-08,10
3.800,0.00961925,3,2154.43,7864.32,5.7544452e-09,6.0047172e-08,1.8988583e-08,10
3.800,0.00961925,3,2154.43,8519.68,-5.1197434e-09,7.3566926e-08,2.3263905e-08,10
3.800,0.00961925,3,2154.43,9175.04,-1.049635e-08,8.0625289e-08,2.5495955e-08,10
3.800,0.00961925,3,2154.43,9830.4,-2.118706e-08,8.2219522e-08,2.6000096e-08,10
3.800,0.00961925,3,2154.43,10485.76,-3.8236197e-08,7.5957796e-08,2.4019964e-08,10
3.800,0.00961925,3,2154.43,11796.48,-4.1141536e-08,8.5960245e-08,2.7183016e-08,10
3.800,0.00961925,3,2154.43,13107.2,-1.3325872e-08,6.6492562e-08,2.1026794e-08,10
3.800,0.00961925,3,2154.43,14417.92,1.1358596e-08,7.9756787e-08,2.5221311e-08,10
3.800,0.00961925,3,2154.43,15728.64,3.2528102e-08,8.8109027e-08,2.7862521e-08,10
3.800,0.00961925,3,2154.43,17039.36,4.3016248e-08,1.561852e-07,4.9390096e-08,10
3.800,0.00961925,3,2154.43,18350.08,5.4419376e-08,1.8740764e-07,5.9263498e-08,10
3.800,0.00961925,3,2154.43,19660.8,1.2723397e-08,2.0434965e-07,6.4621034e-08,10
3.800,0.00961925,3,2154.43,20971.52,2.0389762e-08,1.8048853e-07,5.7075485e-08,10
3.800,0.00876128,4,4641.59,0,6.2421279e-07,2.9470644e-08,9.3194358e-09,10
3.800,0.00876128,4,4641.59,0.01,6.2399595e-07,2.9470801e-08,9.3194857e-09,10
3.800,0.00876128,4,4641.59,0.02,6.2334674e-07,2.9471294e-08,9.3196415e-09,10
3.800,0.00876128,4,4641.59,0.03,6.2226649e-07,2.9472124e-08,9.3199038e-09,10
3.800,0.00876128,4,4641.59,0.04,6.2075743e-07,2.9473293e-08,9.3202734e-09,10
3.800,0.00876128,4,4641.59,0.05,6.1882266e-07,2.9474804e-08,9.3207514e-09,10
3.800,0.00876128,4,4641.59,0.06,6.1646613e-07,2.9476663e-08,9.3213393e-09,10
3.800,0.00876128,4,4641.59,0.07,6.1369266e-07,2.9478875e-08,9.3220388e-09,10
3.800,0.00876128,4,4641.59,0.08,6.1050791e-07,2.9481446e-08,9.3228519e-09,10
3.800,0.00876128,4,4641.59,0.09,6.0691837e-07,2.9484384e-08,9.3237808e-09,10
3.800,0.00876128,4,4641.59,0.1,6.0293134e-07,2.9487695e-08,9.324828e-09,10
3.800,0.00876128,4,4641.59,0.11,5.985549e-07,2.9491389e-08,9.3259962e-09,10
3.800,0.00876128,4,4641.59,0.12,5.9379793e-07,2.9495476e-08,9.3272884e-09,10
3.800,0.00876128,4,4641.59,0.13,5.8867003e-07,2.9499963e-08,9.3287075e-09,10
3.800,0.00876128,4,4641.59,0.14,5.8318154e-07,2.9504862e-08,9.3302567e-09,10
3.800,0.00876128,4,4641.59,0.15,5.7734351e-07,2.9510183e-08,9.3319391e-09,10
3.800,0.00876128,4,4641.59,0.16,5.7108625e-07,2.9516028e-08,9.3337876e-09,10
3.800,0.00876128,4,4641.59,0.18,5.5777756e-07,2.9528869e-08,9.3378483e-09,10
3.800,0.00876128,4,4641.59,0.2,5.4327391e-07,2.9543557e-08,9.3424931e-09,10
3.800,0.00876128,4,4641.59,0.22,5.2768979e-07,2.9560168e-08,9.347746e-09,10
3.800,0.00876128,4,4641.59,0.24,5.1114724e-07,2.957877e-08,9.3536284e-09,10
3.800,0.00876128,4,4641.59,0.26,4.9377468e-07,2.9599417e-08,9.3601574e-09,10
3.800,0.00876128,4,4641.59,0.28,4.7570563e-07,2.9622148e-08,9.3673456e-09,10
3.800,0.00876128,4,4641.59,0.3,4.5707747e-07,2.9646983e-08,9.3751992e-09,10
3.800,0.00876128,4,4641.59,0.32,4.3796065e-07,2.9674298e-08,9.383837e-09,10
3.800,0.00876128,4,4641.59,0.36,3.9924353e-07,2.9734325e-08,9.402819e-09,10
3.800,0.00876128,4,4641.59,0.4,3.6053375e-07,2.980212e-08,9.424258e-09,10
3.800,0.00876128,4,4641.59,0.44,3.2291079e-07,2.9876762e-08,9.4478616e-09,10
3.800,0.00876128,4,4641.59,0.48,2.8737763e-07,2.9956911e-08,9.473207e-09,10
3.800,0.00876128,4,4641.59,0.52,2.5482848e-07,3.0040855e-08,9.4997525e-09,10
3.800,0.00876128,4,4641.59,0.56,2.2602179e-07,3.0126569e-08,9.5268577e-09,10
3.800,0.00876128,4,4641.59,0.6,2.0155957e-07,3.021179e-08,9.5538068e-09,10
3.800,0.00876128,4,4641.59,0.64,1.831308e-07,3.0292815e-08,9.5794294e-09,10
3.800,0.00876128,4,4641.59,0.72,1.5891718e-07,3.0437716e-08,9.6252508e-09,10
3.800,0.00876128,4,4641.59,0.8,1.5441526e-07,3.0542086e-08,9.6582556e-09,10
3.800,0.00876128,4,4641.59,0.88,1.6706127e-07,3.0589763e-08,9.6733325e-09,10
3.800,0.00876128,4,4641.59,0.96,1.9236303e-07,3.0569626e-08,9.6669646e-09,10
3.800,0.00876128,4,4641.59,1.04,2.2469435e-07,3.0477668e-08,9.6378848e-09,10
3.800,0.00876128,4,4641.59,1.12,2.5817674e-07,3.031867e-08,9.5876052e-09,10
3.800,0.00876128,4,4641.59,1.2,2.875234e-07,3.0106996e-08,9.5206681e-09,10
3.800,0.00876128,4,4641.59,1.28,3.0612457e-07,2.9863777e-08,9.4437554e-09,10
3.800,0.00876128,4,4641.59,1.44,3.1707591e-07,2.9425921e-08,9.3052934e-09,10
3.800,0.00876128,4,4641.59,1.6,2.9224931e-07,2.9207235e-08,9.2361385e-09,10
3.800,0.00876128,4,4641.59,1.76,2.5197169e-07,2.9310851e-08,9.2689049e-09,10
3.800,0.00876128,4,4641.59,1.92,2.1733641e-07,2.9668244e-08,9.3819225e-09,10
3.800,0.00876128,4,4641.59,2.08,1.9688247e-07,3.0084374e-08,9.5135144e-09,10
3.800,0.00876128,4,4641.59,2.24,1.8561624e-07,3.0340789e-08,9.5945999e-09,10
3.800,0.00876128,4,4641.59,2.4,1.741126e-07,3.0308455e-08,9.5843751e-09,10
3.800,0.00876128,4,4641.59,2.56,1.5896776e-07,2.9984357e-08,9.4818863e-09,10
3.800,0.00876128,4,4641.59,2.88,1.4613109e-07,2.9370009e-08,9.2876122e-09,10
3.800,0.00876128,4,4641.59,3.2,1.8354681e-07,2.9325147e-08,9.2734258e-09,10
3.800,0.00876128,4,4641.59,3.52,2.1641723e-07,2.9410208e-08,9.3003244e-09,10
3.800,0.00876128,4,4641.59,3.84,1.9225841e-07,2.913775e-08,9.2141655e-09,10
3.800,0.00876128,4,4641.59,4.16,1.8039095e-07,2.9197386e-08,9.233024e-09,10
3.800,0.00876128,4,4641.59,4.48,2.3006688e-07,2.97404e-08,9.4047403e-09,10
3.800,0.00876128,4,4641.59,4.8,2.7336513e-07,3.0013326e-08,9.4910471e-09,10
3.800,0.00876128,4,4641.59,5.12,2.6835714e-07,3.0076641e-08,9.5110691e-09,10
3.800,0.00876128,4,4641.59,5.76,2.743832e-07,2.9814483e-08,9.4281675e-09,10
3.800,0.00876128,4,4641.59,6.4,2.7552278e-07,2.9967419e-08,9.47653e-09,10
3.800,0.00876128,4,4641.59,7.04,2.6151069e-07,3.1213104e-08,9.8704502e-09,10
3.800,0.00876128,4,4641.59,7.68,2.1880831e-07,2.9710681e-08,9.3953422e-09,10
3.800,0.00876128,4,4641.59,8.32,2.0920612e-07,2.9801119e-08,9.4239412e-09,10
3.800,0.00876128,4,4641.59,8.96,1.8098145e-07,2.940457e-08,9.2985413e-09,10
3.800,0.00876128,4,4641.59,9.6,1.9570115e-07,2.8821351e-08,9.1141116e-09,10
3.800,0.00876128,4,4641.59,10.24,2.1110024e-07,2.8412624e-08,8.9848606e-09,10
3.800,0.00876128,4,4641.59,11.52,2.4817203e-07,2.9531611e-08,9.3387154e-09,10
3.800,0.00876128,4,4641.59,12.8,2.4976916e-07,3.0503285e-08,9.6459858e-09,10
3.800,0.00876128,4,4641.59,14.08,2.1958998e-07,3.0211819e-08,9.5538162e-09,10
3.800,0.00876128,4,4641.59,15.36,2.0344764e-07,2.9165907e-08,9.2230695e-09,10
3.800,0.00876128,4,4641.59,16.64,2.1805904e-07,2.9413921e-08,9.3014984e-09,10
3.800,0.00876128,4,4641.59,17.92,2.3586822e-07,3.042088e-08,9.6199268e-09,10
3.800,0.00876128,4,4641.59,19.2,2.3174539e-07,3.1091746e-08,9.8320733e-09,10
3.800,0.00876128,4,4641.59,20.48,2.1740352e-07,3.0075858e-08,9.5108214e-09,10
3.800,0.00876128,4,4641.59,23.04,2.1797409e-07,2.9772847e-08,9.4150009e-09,10
3.800,0.00876128,4,4641.59,25.6,2.2094571e-07,3.0454719e-08,9.6306279e-09,10
3.800,0.00876128,4,4641.59,28.16,2.1223323e-07,2.9909654e-08,9.458263e-09,10
3.800,0.00876128,4,4641.59,30.72,2.1873466e-07,3.0480393e-08,9.6387464e-09,10
3.800,0.00876128,4,4641.59,33.28,2.1149447e-07,2.9851625e-08,9.4399126e-09,10
3.800,0.00876128,4,4641.59,35.84,2.1323286e-07,3.0253513e-08,9.5670008e-09,10
3.800,0.00876128,4,4641.59,38.4,2.1110708e-07,2.9813078e-08,9.427723e-09,10
3.800,0.00876128,4,4641.59,40.96,2.0945767e-07,2.9845464e-08,9.4379646e-09,10
3.800,0.00876128,4,4641.59,46.08,2.0751331e-07,3.0079994e-08,9.5121293e-09,10
3.800,0.00876128,4,4641.59,51.2,2.0544592e-07,3.0187461e-08,9.5461135e-09,10
3.800,0.00876128,4,4641.59,56.32,2.0342915e-07,3.0246258e-08,9.5647066e-09,10
3.800,0.00876128,4,4641.59,61.44,2.01119e-07,3.0207402e-08,9.5524193e-09,10
3.800,0.00876128,4,4641.59,66.56,1.9921323e-07,3.0279784e-08,9.5753085e-09,10
3.800,0.00876128,4,4641.59,71.68,1.9731245e-07,3.0319588e-08,9.5878957e-09,10
3.800,0.00876128,4,4641.59,76.8,1.9540653e-07,3.0072489e-08,9.5097561e-09,10
3.800,0.00876128,4,4641.59,81.92,1.9348825e-07,3.0085651e-08,9.5139181e-09,10
3.800,0.00876128,4,4641.59,92.16,1.8973866e-07,2.9902085e-08,9.4558696e-09,10
3.800,0.00876128,4,4641.59,102.4,1.866899e-07,2.9995481e-08,9.485404e-09,10
3.800,0.00876128,4,4641.59,112.64,1.8381398e-07,3.0051336e-08,9.5030669e-09,10
3.800,0.00876128,4,4641.59,122.88,1.8099024e-07,3.0167288e-08,9.5397341e-09,10
3.800,0.00876128,4,4641.59,133.12,1.7831944e-07,3.006284e-08,9.5067048e-09,10
3.800,0.00876128,4,4641.59,143.36,1.7581064e-07,3.0225481e-08,9.5581363e-09,10
3.800,0.00876128,4,4641.59,153.6,1.7323383e-07,3.0200276e-08,9.5501658e-09,10
3.800,0.00876128,4,4641.59,163.84,1.7056601e-07,3.0183261e-08,9.5447853e-09,10
3.800,0.00876128,4,4641.59,184.32,1.6587851e-07,3.0197246e-08,9.5492075e-09,10
3.800,0.00876128,4,4641.59,204.8,1.6100261e-07,3.0266714e-08,9.5711754e-09,10
3.800,0.00876128,4,4641.59,225.28,1.5597787e-07,3.0203762e-08,9.551268e-09,10
3.800,0.00876128,4,4641.59,245.76,1.5147322e-07,3.0484385e-08,9.6400091e-09,10
3.800,0.00876128,4,4641.59,266.24,1.4702031e-07,2.9915785e-08,9.4602018e-09,10
3.800,0.00876128,4,4641.59,286.72,1.4309456e-07,2.9612283e-08,9.364226e-09,10
3.800,0.00876128,4,4641.59,307.2,1.3943469e-07,2.9495162e-08,9.3271891e-09,10
3.800,0.00876128,4,4641.59,327.68,1.3624179e-07,2.9193713e-08,9.2318628e-09,10
3.800,0.00876128,4,4641.59,368.64,1.3027863e-07,2.8684192e-08,9.0707379e-09,10
3.800,0.00876128,4,4641.59,409.6,1.2406592e-07,2.7175009e-08,8.5934922e-09,10
3.800,0.00876128,4,4641.59,450.56,1.186761e-07,2.5866919e-08,8.179838e-09,10
3.800,0.00876128,4,4641.59,491.52,1.1356583e-07,2.5065565e-08,7.9264277e-09,10
3.800,0.00876128,4,4641.59,532.48,1.0915101e-07,2.3893987e-08,7.5559422e-09,10
3.800,0.00876128,4,4641.59,573.44,1.0463662e-07,2.3029211e-08,7.2824759e-09,10
3.800,0.00876128,4,4641.59,614.4,1.0038101e-07,2.210128e-08,6.9890384e-09,10
3.800,0.00876128,4,4641.59,655.36,9.6687376e-08,2.1688757e-08,6.8585871e-09,10
3.800,0.00876128,4,4641.59,737.28,8.9081548e-08,2.1516184e-08,6.8040149e-09,10
3.800,0.00876128,4,4641.59,819.2,8.2923107e-08,2.1999414e-08,6.9568255e-09,10
3.800,0.00876128,4,4641.59,901.12,7.6592321e-08,2.1896239e-08,6.9241986e-09,10
3.800,0.00876128,4,4641.59,983.04,7.0722691e-08,2.2013573e-08,6.9613031e-09,10
3.800,0.00876128,4,4641.59,1064.96,6.6357421e-08,2.3061613e-08,7.2927223e-09,10
3.800,0.00876128,4,4641.59,1146.88,6.3357397e-08,2.4272399e-08,7.6756064e-09,10
3.800,0.00876128,4,4641.59,1228.8,6.1453335e-08,2.5757615e-08,8.1452731e-09,10
3.800,0.00876128,4,4641.59,1310.72,5.8609246e-08,2.6763271e-08,8.4632894e-09,10
3.800,0.00876128,4,4641.59,1474.56,5.3061094e-08,2.9049355e-08,9.1862127e-09,10
3.800,0.00876128,4,4641.59,1638.4,4.6813032e-08,2.8309743e-08,8.9523267e-09,10
3.800,0.00876128,4,4641.59,1802.24,4.2254782e-08,2.9462001e-08,9.3167027e-09,10
3.800,0.00876128,4,4641.59,1966.08,3.9390382e-08,2.8267859e-08,8.9390819e-09,10
3.800,0.00876128,4,4641.59,2129.92,3.8867983e-08,2.8798724e-08,9.106956e-09,10
3.800,0.00876128,4,4641.59,2293.76,3.7032942e-08,2.8483773e-08,9.00736e-09,10
3.800,0.00876128,4,4641.59,2457.6,3.6719057e-08,2.8366011e-08,8.9701203e-09,10
3.800,0.00876128,4,4641.59,2621.44,3.3242076e-08,2.9844312e-08,9.4376002e-09,10
3.800,0.00876128,4,4641.59,2949.12,2.2594718e-08,3.3702275e-08,1.0657595e-08,10
3.800,0.00876128,4,4641.59,3276.8,1.5965286e-08,3.4203745e-08,1.0816174e-08,10
3.800,0.00876128,4,4641.59,3604.48,9.3083065e-09,3.3010532e-08,1.0438847e-08,10
3.800,0.00876128,4,4641.59,3932.16,2.7862519e-09,3.7269035e-08,1.1785504e-08,10
3.800,0.00876128,4,4641.59,4259.84,5.7407374e-10,3.7713344e-08,1.1926007e-08,10
3.800,0.00876128,4,4641.59,4587.52,2.731381e-09,4.014764e-08,1.2695798e-08,10
3.800,0.00876128,4,4641.59,4915.2,6.0207799e-09,3.8081497e-08,1.2042427e-08,10
3.800,0.00876128,4,4641.59,5242.88,7.069916e-09,3.939252e-08,1.2457009e-08,10
3.800,0.00876128,4,4641.59,5898.24,8.9490702e-09,3.4856204e-08,1.10225e-08,10
3.800,0.00876128,4,4641.59,6553.6,1.4852879e-08,2.8138932e-08,8.8983117e-09,10
3.800,0.00876128,4,4641.59,7208.96,8.8589616e-09,2.637487e-08,8.3404661e-09,10
3.800,0.00876128,4,4641.59,7864.32,1.3703804e-09,3.1967429e-08,1.0108989e-08,10
3.800,0.00876128,4,4641.59,8519.68,1.9032079e-09,4.4136831e-08,1.3957292e-08,10
3.800,0.00876128,4,4641.59,9175.04,1.3785959e-08,4.7620769e-08,1.5059009e-08,10
3.800,0.00876128,4,4641.59,9830.4,1.535171e-08,4.7985479e-08,1.5174341e-08,10
3.800,0.00876128,4,4641.59,10485.76,1.3822104e-08,3.8939858e-08,1.2313864e-08,10
3.800,0.00876128,4,4641.59,11796.48,7.9750046e-09,3.3957343e-08,1.0738255e-08,10
3.800,0.00876128,4,4641.59,13107.2,-1.4429009e-08,2.588838e-08,8.1866247e-09,10
3.800,0.00876128,4,4641.59,14417.92,-2.6300917e-08,3.3519945e-08,1.0599937e-08,10
3.800,0.00876128,4,4641.59,15728.64,-3.4747104e-08,3.3471956e-08,1.0584762e-08,10
3.800,0.00876128,4,4641.59,17039.36,-2.3924212e-08,2.5930693e-08,8.2000052e-09,10
3.800,0.00876128,4,4641.59,18350.08,-1.1384558e-08,3.1660749e-08,1.0012008e-08,10
3.800,0.00876128,4,4641.59,19660.8,-1.2298853e-08,3.4065263e-08,1.0772382e-08,10
3.800,0.00876128,4,4641.59,20971.52,-9.7051115e-09,4.1971576e-08,1.3272578e-08,10
3.800,0.00876128,4,4641.59,23592.96,-6.970182e-09,5.5463417e-08,1.7539072e-08,10
3.800,0.00876128,4,4641.59,26214.4,-1.237366e-08,6.7888919e-08,2.1468361e-08,10
3.800,0.00876128,4,4641.59,28835.84,2.4188115e-08,8.0727289e-08,2.552821e-08,10
3.800,0.00876128,4,4641.59,31457.28,3.7138553e-08,7.4486934e-08,2.3554837e-08,10
3.800,0.00796442,4,10000,0,5.4011294e-07,6.9675925e-08,2.2033462e-08,10
3.800,0.00796442,4,10000,0.01,5.3992724e-07,6.9676052e-08,2.2033502e-08,10
3.800,0.00796442,4,10000,0.02,5.3937118e-07,6.9676388e-08,2.2033609e-08,10
3.800,0.00796442,4,10000,0.03,5.384459e-07,6.9676934e-08,2.2033781e-08,10
3.800,0.00796442,4,10000,0.04,5.3715329e-07,6.9677691e-08,2.2034021e-08,10
3.800,0.00796442,4,10000,0.05,5.3549598e-07,6.967866e-08,2.2034327e-08,10
3.800,0.00796442,4,10000,0.06,5.3347736e-07,6.9679844e-08,2.2034701e-08,10
3.800,0.00796442,4,10000,0.07,5.3110153e-07,6.9681245e-08,2.2035144e-08,10
3.800,0.00796442,4,10000,0.08,5.2837331e-07,6.9682865e-08,2.2035657e-08,10
3.800,0.00796442,4,10000,0.09,5.2529824e-07,6.9684709e-08,2.203624e-08,10
3.800,0.00796442,4,10000,0.1,5.2188253e-07,6.968678e-08,2.2036895e-08,10
3.800,0.00796442,4,10000,0.11,5.181331e-07,6.9689081e-08,2.2037622e-08,10
3.800,0.00796442,4,10000,0.12,5.1405751e-07,6.9691618e-08,2.2038425e-08,10
3.800,0.00796442,4,10000,0.13,5.0966396e-07,6.9694395e-08,2.2039303e-08,10
3.800,0.00796442,4,10000,0.14,5.0496127e-07,6.9697417e-08,2.2040259e-08,10
3.800,0.00796442,4,10000,0.15,4.9995888e-07,6.970069e-08,2.2041293e-08,10
3.800,0.00796442,4,10000,0.16,4.9459699e-07,6.9704281e-08,2.2042429e-08,10
3.800,0.00796442,4,10000,0.18,4.8319202e-07,6.9712131e-08,2.2044911e-08,10
3.800,0.00796442,4,10000,0.2,4.7076189e-07,6.9721073e-08,2.2047739e-08,10
3.800,0.00796442,4,10000,0.22,4.574045e-07,6.9731155e-08,2.2050927e-08,10
3.800,0.00796442,4,10000,0.24,4.4322429e-07,6.9742423e-08,2.2054491e-08,10
3.800,0.00796442,4,10000,0.26,4.2833119e-07,6.9754924e-08,2.2058444e-08,10
3.800,0.00796442,4,10000,0.28,4.1283961e-07,6.9768699e-08,2.20628e-08,10
3.800,0.00796442,4,10000,0.3,3.9686732e-07,6.9783783e-08,2.206757e-08,10
3.800,0.00796442,4,10000,0.32,3.8047455e-07,6.9800532e-08,2.2072866e-08,10
3.800,0.00796442,4,10000,0.36,3.4727222e-07,6.9837498e-08,2.2084556e-08,10
3.800,0.00796442,4,10000,0.4,3.1407473e-07,6.9879983e-08,2.2097991e-08,10
3.800,0.00796442,4,10000,0.44,2.818119e-07,6.9927891e-08,2.2113141e-08,10
3.800,0.00796442,4,10000,0.48,2.5134961e-07,6.998093e-08,2.2129913e-08,10
3.800,0.00796442,4,10000,0.52,2.2346183e-07,7.0038593e-08,2.2148148e-08,10
3.800,0.00796442,4,10000,0.56,1.9880718e-07,7.0100155e-08,2.2167615e-08,10
3.800,0.00796442,4,10000,0.6,1.7791076e-07,7.0164672e-08,2.2188017e-08,10
3.800,0.00796442,4,10000,0.64,1.6224225e-07,7.0231078e-08,2.2209017e-08,10
3.800,0.00796442,4,10000,0.72,1.4188334e-07,7.0362935e-08,2.2250714e-08,10
3.800,0.00796442,4,10000,0.8,1.3867427e-07,7.0484309e-08,2.2289095e-08,10
3.800,0.00796442,4,10000,0.88,1.5043043e-07,7.0582072e-08,2.2320011e-08,10
3.800,0.00796442,4,10000,0.96,1.7326811e-07,7.0643761e-08,2.2339519e-08,10
3.800,0.00796442,4,10000,1.04,2.0228408e-07,7.0659458e-08,2.2344482e-08,10
3.800,0.00796442,4,10000,1.12,2.3232057e-07,7.0623648e-08,2.2333158e-08,10
3.800,0.00796442,4,10000,1.2,2.5870658e-07,7.0536703e-08,2.2305664e-08,10
3.800,0.00796442,4,10000,1.28,2.7555331e-07,7.0397939e-08,2.2261783e-08,10
3.800,0.00796442,4,10000,1.44,2.8580417e-07,7.0072032e-08,2.2158722e-08,10
3.800,0.00796442,4,10000,1.6,2.6392026e-07,6.9781515e-08,2.2066853e-08,10
3.800,0.00796442,4,10000,1.76,2.2806876e-07,6.9670356e-08,2.2031701e-08,10
3.800,0.00796442,4,10000,1.92,1.9753273e-07,6.9798704e-08,2.2072288e-08,10
3.800,0.00796442,4,10000,2.08,1.8043499e-07,7.0104299e-08,2.2168926e-08,10
3.800,0.00796442,4,10000,2.24,1.7225045e-07,7.0426881e-08,2.2270935e-08,10
3.800,0.00796442,4,10000,2.4,1.6369603e-07,7.0588694e-08,2.2322105e-08,10
3.800,0.00796442,4,10000,2.56,1.5003376e-07,7.0442054e-08,2.2275733e-08,10
3.800,0.00796442,4,10000,2.88,1.3421931e-07,6.9889805e-08,2.2101097e-08,10
3.800,0.00796442,4,10000,3.2,1.626591e-07,6.98171e-08,2.2078106e-08,10
3.800,0.00796442,4,10000,3.52,1.9100817e-07,7.0448288e-08,2.2277705e-08,10
3.800,0.00796442,4,10000,3.84,1.6563602e-07,7.0728761e-08,2.2366398e-08,10
3.800,0.00796442,4,10000,4.16,1.4826146e-07,7.025815e-08,2.2217578e-08,10
3.800,0.00796442,4,10000,4.48,1.9415682e-07,6.981148e-08,2.2076328e-08,10
3.800,0.00796442,4,10000,4.8,2.3925543e-07,6.9859034e-08,2.2091366e-08,10
3.800,0.00796442,4,10000,5.12,2.3054055e-07,7.006213e-08,2.2155591e-08,10
3.800,0.00796442,4,10000,5.76,2.3865225e-07,7.0273197e-08,2.2222336e-08,10
3.800,0.00796442,4,10000,6.4,2.5181479e-07,6.9753432e-08,2.2057972e-08,10
3.800,0.00796442,4,10000,7.04,2.4350996e-07,7.0222515e-08,2.2206309e-08,10
3.800,0.00796442,4,10000,7.68,2.1250096e-07,7.0193528e-08,2.2197143e-08,10
3.800,0.00796442,4,10000,8.32,2.008417e-07,6.9928318e-08,2.2113276e-08,10
3.800,0.00796442,4,10000,8.96,1.6764713e-07,7.0146704e-08,2.2182335e-08,10
3.800,0.00796442,4,10000,9.6,1.7291926e-07,7.0238979e-08,2.2211516e-08,10
3.800,0.00796442,4,10000,10.24,1.776887e-07,7.0161797e-08,2.2187108e-08,10
3.800,0.00796442,4,10000,11.52,2.1134624e-07,7.0209599e-08,2.2202225e-08,10
3.800,0.00796442,4,10000,12.8,2.3102218e-07,7.0117193e-08,2.2173003e-08,10
3.800,0.00796442,4,10000,14.08,2.1372169e-07,6.9916319e-08,2.2109481e-08,10
3.800,0.00796442,4,10000,15.36,1.8717381e-07,6.9781812e-08,2.2066947e-08,10
3.800,0.00796442,4,10000,16.64,1.8506083e-07,7.0022766e-08,2.2143143e-08,10
3.800,0.00796442,4,10000,17.92,2.0417888e-07,7.0518114e-08,2.2299786e-08,10
3.800,0.00796442,4,10000,19.2,2.165146e-07,7.0259468e-08,2.2217995e-08,10
3.800,0.00796442,4,10000,20.48,2.0554602e-07,7.018577e-08,2.2194689e-08,10
3.800,0.00796442,4,10000,23.04,1.9169467e-07,7.019459e-08,2.2197478e-08,10
3.800,0.00796442,4,10000,25.6,2.0449368e-07,7.0424004e-08,2.2270025e-08,10
3.800,0.00796442,4,10000,28.16,1.9548562e-07,7.0226861e-08,2.2207683e-08,10
3.800,0.00796442,4,10000,30.72,1.9674624e-07,7.0175938e-08,2.219158e-08,10
3.800,0.00796442,4,10000,33.28,1.9955317e-07,7.035258e-08,2.2247439e-08,10
3.800,0.00796442,4,10000,35.84,1.929546e-07,7.0317601e-08,2.2236378e-08,10
3.800,0.00796442,4,10000,38.4,1.9707189e-07,7.0357721e-08,2.2249065e-08,10
3.800,0.00796442,4,10000,40.96,1.9446758e-07,7.0474516e-08,2.2285999e-08,10
3.800,0.00796442,4,10000,46.08,1.9343031e-07,7.0528308e-08,2.2303009e-08,10
3.800,0.00796442,4,10000,51.2,1.9205247e-07,7.0463206e-08,2.2282422e-08,10
3.800,0.00796442,4,10000,56.32,1.9092412e-07,7.0452823e-08,2.2279139e-08,10
3.800,0.00796442,4,10000,61.44,1.8980843e-07,7.0590448e-08,2.232266e-08,10
3.800,0.00796442,4,10000,66.56,1.8897248e-07,7.0566141e-08,2.2314973e-08,10
3.800,0.00796442,4,10000,71.68,1.8803035e-07,7.0717287e-08,2.236277e-08,10
3.800,0.00796442,4,10000,76.8,1.8705496e-07,7.0687072e-08,2.2353215e-08,10
3.800,0.00796442,4,10000,81.92,1.8611066e-07,7.061664e-08,2.2330942e-08,10
3.800,0.00796442,4,10000,92.16,1.8436561e-07,7.0721927e-08,2.2364237e-08,10
3.800,0.00796442,4,10000,102.4,1.8278293e-07,7.0835819e-08,2.2400253e-08,10
3.800,0.00796442,4,10000,112.64,1.8135382e-07,7.1016877e-08,2.2457508e-08,10
3.800,0.00796442,4,10000,122.88,1.7985205e-07,7.1025786e-08,2.2460326e-08,10
3.800,0.00796442,4,10000,133.12,1.7860924e-07,7.1156806e-08,2.2501758e-08,10
3.800,0.00796442,4,10000,143.36,1.7711488e-07,7.1115317e-08,2.2488638e-08,10
3.800,0.00796442,4,10000,153.6,1.7576529e-07,7.1047565e-08,2.2467213e-08,10
3.800,0.00796442,4,10000,163.84,1.7459629e-07,7.115585e-08,2.2501456e-08,10
3.800,0.00796442,4,10000,184.32,1.7230063e-07,7.1333265e-08,2.2557559e-08,10
3.800,0.00796442,4,10000,204.8,1.7013905e-07,7.1357758e-08,2.2565304e-08,10
3.800,0.00796442,4,10000,225.28,1.68132e-07,7.1526604e-08,2.2618698e-08,10
3.800,0.00796442,4,10000,245.76,1.6623345e-07,7.171002e-08,2.2676699e-08,10
3.800,0.00796442,4,10000,266.24,1.6439505e-07,7.1767315e-08,2.2694818e-08,10
3.800,0.00796442,4,10000,286.72,1.6242942e-07,7.1803727e-08,2.2706332e-08,10
3.800,0.00796442,4,10000,307.2,1.6058676e-07,7.1832832e-08,2.2715536e-08,10
3.800,0.00796442,4,10000,327.68,1.588752e-07,7.1706267e-08,2.2675513e-08,10
3.800,0.00796442,4,10000,368.64,1.5568567e-07,7.1568267e-08,2.2631873e-08,10
3.800,0.00796442,4,10000,409.6,1.5295981e-07,7.1833945e-08,2.2715888e-08,10
3.800,0.00796442,4,10000,450.56,1.5040184e-07,7.1798365e-08,2.2704636e-08,10
3.800,0.00796442,4,10000,491.52,1.4786241e-07,7.1786737e-08,2.2700959e-08,10
3.800,0.00796442,4,10000,532.48,1.4553379e-07,7.1834146e-08,2.2715952e-08,10
3.800,0.00796442,4,10000,573.44,1.4329387e-07,7.204477e-08,2.2782557e-08,10
3.800,0.00796442,4,10000,614.4,1.4092884e-07,7.2245912e-08,2.2846163e-08,10
3.800,0.00796442,4,10000,655.36,1.3878897e-07,7.247844e-08,2.2919695e-08,10
3.800,0.00796442,4,10000,737.28,1.3503656e-07,7.3079284e-08,2.3109699e-08,10
3.800,0.00796442,4,10000,819.2,1.3137845e-07,7.3337932e-08,2.3191491e-08,10
3.800,0.00796442,4,10000,901.12,1.2783529e-07,7.3551298e-08,2.3258963e-08,10
3.800,0.00796442,4,10000,983.04,1.2477774e-07,7.330869e-08,2.3182243e-08,10
3.800,0.00796442,4,10000,1064.96,1.2179677e-07,7.2855743e-08,2.3039009e-08,10
3.800,0.00796442,4,10000,1146.88,1.1877488e-07,7.2534828e-08,2.2937527e-08,10
3.800,0.00796442,4,10000,1228.8,1.1597578e-07,7.2198834e-08,2.2831276e-08,10
3.800,0.00796442,4,10000,1310.72,1.1353978e-07,7.176569e-08,2.2694304e-08,10
3.800,0.00796442,4,10000,1474.56,1.0934489e-07,7.0498351e-08,2.2293536e-08,10
3.800,0.00796442,4,10000,1638.4,1.0551017e-07,6.945132e-08,2.1962436e-08,10
3.800,0.00796442,4,10000,1802.24,1.0111154e-07,6.8425602e-08,2.1638075e-08,10
3.800,0.00796442,4,10000,1966.08,9.7656779e-08,6.7441416e-08,2.1326848e-08,10
3.800,0.00796442,4,10000,2129.92,9.4114904e-08,6.7349336e-08,2.129773e-08,10
3.800,0.00796442,4,10000,2293.76,8.9901292e-08,6.7146332e-08,2.1233534e-08,10
3.800,0.00796442,4,10000,2457.6,8.6180745e-08,6.6787195e-08,2.1119965e-08,10
3.800,0.00796442,4,10000,2621.44,8.2985893e-08,6.6209059e-08,2.0937143e-08,10
3.800,0.00796442,4,10000,2949.12,7.8479747e-08,6.5912454e-08,2.0843348e-08,10
3.800,0.00796442,4,10000,3276.8,7.4151191e-08,6.6433589e-08,2.1008146e-08,10
3.800,0.00796442,4,10000,3604.48,6.8092279e-08,6.6734458e-08,2.1103288e-08,10
3.800,0.00796442,4,10000,3932.16,6.3232831e-08,6.8722214e-08,2.1731872e-08,10
3.800,0.00796442,4,10000,4259.84,5.8158672e-08,7.0896383e-08,2.2419405e-08,10
3.800,0.00796442,4,10000,4587.52,5.43307e-08,7.1054863e-08,2.2469521e-08,10
3.800,0.00796442,4,10000,4915.2,5.1166689e-08,7.1295365e-08,2.2545574e-08,10
3.800,0.00796442,4,10000,5242.88,4.8798959e-08,7.1114592e-08,2.2488409e-08,10
3.800,0.00796442,4,10000,5898.24,4.3460242e-08,6.9693014e-08,2.2038866e-08,10
3.800,0.00796442,4,10000,6553.6,3.9382091e-08,6.6280197e-08,2.0959639e-08,10
3.800,0.00796442,4,10000,7208.96,3.6510662e-08,6.1753382e-08,1.9528134e-08,10
3.800,0.00796442,4,10000,7864.32,3.1833555e-08,5.7755427e-08,1.826387e-08,10
3.800,0.00796442,4,10000,8519.68,2.7175196e-08,5.578124e-08,1.7639577e-08,10
3.800,0.00796442,4,10000,9175.04,2.3637357e-08,5.5226938e-08,1.7464291e-08,10
3.800,0.00796442,4,10000,9830.4,1.9031916e-08,5.6657284e-08,1.7916606e-08,10
3.800,0.00796442,4,10000,10485.76,1.7082464e-08,5.9851908e-08,1.8926835e-08,10
3.800,0.00796442,4,10000,11796.48,1.7493074e-08,6.5336419e-08,2.066119e-08,10
3.800,0.00796442,4,10000,13107.2,1.576577e-08,6.5056336e-08,2.057262e-08,10
3.800,0.00796442,4,10000,14417.92,8.4547606e-09,5.9420872e-08,1.879053e-08,10
3.800,0.00796442,4,10000,15728.64,5.4409021e-09,5.5904337e-08,1.7678504e-08,10
3.800,0.00796442,4,10000,17039.36,4.377363e-09,5.9518577e-08,1.8821427e-08,10
3.800,0.00796442,4,10000,18350.08,3.540704e-09,6.2774384e-08,1.9851003e-08,10
3.800,0.00796442,4,10000,19660.8,8.4042778e-10,6.1179475e-08,1.9346649e-08,10
3.800,0.00796442,4,10000,20971.52,1.2389372e-09,5.3116093e-08,1.6796783e-08,10
3.800,0.00796442,4,10000,23592.96,9.0752242e-09,5.3206137e-08,1.6825258e-08,10
3.800,0.00796442,4,10000,26214.4,1.4573123e-08,5.5979258e-08,1.7702196e-08,10
3.800,0.00796442,4,10000,28835.84,1.0877595e-08,5.5023342e-08,1.7399909e-08,10
3.800,0.00796442,4,10000,31457.28,1.053773e-08,5.1056269e-08,1.614541e-08,10
3.800,0.00796442,4,10000,34078.72,1.0304477e-08,3.7419407e-08,1.1833056e-08,10
3.800,0.00796442,4,10000,36700.16,9.6810502e-09,3.900869e-08,1.2335631e-08,10
3.800,0.00796442,4,10000,39321.6,1.38783e-08,3.2596261e-08,1.0307843e-08,10
3.800,0.00796442,4,10000,41943.04,1.5617477e-08,3.0318705e-08,9.5876162e-09,10
3.800,0.00796442,4,10000,47185.92,1.75505e-08,2.8698111e-08,9.0751395e-09,10
3.800,0.00796442,4,10000,52428.8,1.4610384e-08,3.3839409e-08,1.0700961e-08,10
3.800,0.00796442,4,10000,57671.68,-1.909062e-09,4.5338672e-08,1.4337347e-08,10
3.800,0.00796442,4,10000,62914.56,-1.2802944e-09,4.7203588e-08,1.4927085e-08,10
3.800,0.00796442,4,10000,68157.44,4.0529168e-09,3.5440863e-08,1.1207385e-08,10
3.800,0.00796442,4,10000,73400.32,5.8246242e-09,4.5913827e-08,1.4519227e-08,10
3.800,0.00796442,4,10000,78643.2,9.400559e-09,4.8268167e-08,1.5263735e-08,10
3.800,0.00796442,4,10000,83886.08,5.3310886e-09,6.5516989e-08,2.0718291e-08,10
3.800,0.00796442,4,10000,94371.84,-2.3678295e-08,7.2303867e-08,2.286449e-08,10
3.815,0.12622191,fill,1000,0,4.0655235e-05,1.4856011e-06,4.6978832e-07,10
3.815,0.12622191,fill,1000,0.01,4.0639386e-05,1.4856977e-06,4.6981888e-07,10
3.815,0.12622191,fill,1000,0.02,4.0592102e-05,1.4859866e-06,4.6991021e-07,10
3.815,0.12622191,fill,1000,0.03,4.0513647e-05,1.4864665e-06,4.7006199e-07,10
3.815,0.12622191,fill,1000,0.04,4.0404434e-05,1.4871359e-06,4.7027366e-07,10
3.815,0.12622191,fill,1000,0.05,4.0265008e-05,1.4879921e-06,4.7054443e-07,10
3.815,0.12622191,fill,1000,0.06,4.0096041e-05,1.489032e-06,4.7087325e-07,10
3.815,0.12622191,fill,1000,0.07,3.9898319e-05,1.4902516e-06,4.7125894e-07,10
3.815,0.12622191,fill,1000,0.08,3.9672732e-05,1.4916469e-06,4.7170016e-07,10
3.815,0.12622191,fill,1000,0.09,3.9420266e-05,1.4932128e-06,4.7219536e-07,10
3.815,0.12622191,fill,1000,0.1,3.9141993e-05,1.4949442e-06,4.7274285e-07,10
3.815,0.12622191,fill,1000,0.11,3.8839063e-05,1.4968349e-06,4.7334076e-07,10
3.815,0.12622191,fill,1000,0.12,3.8512695e-05,1.4988787e-06,4.7398707e-07,10
3.815,0.12622191,fill,1000,0.13,3.8164164e-05,1.5010686e-06,4.7467956e-07,10
3.815,0.12622191,fill,1000,0.14,3.77948e-05,1.503397e-06,4.7541587e-07,10
3.815,0.12622191,fill,1000,0.15,3.7405971e-05,1.5058559e-06,4.7619346e-07,10
3.815,0.12622191,fill,1000,0.16,3.6994923e-05,1.5084629e-06,4.7701786e-07,10
3.815,0.12622191,fill,1000,0.18,3.6133421e-05,1.5139516e-06,4.7875352e-07,10
3.815,0.12622191,fill,1000,0.2,3.521703e-05,1.5198189e-06,4.8060894e-07,10
3.815,0.12622191,fill,1000,0.22,3.4257434e-05,1.5259847e-06,4.8255874e-07,10
3.815,0.12622191,fill,1000,0.24,3.32662e-05,1.5323635e-06,4.8457589e-07,10
3.815,0.12622191,fill,1000,0.26,3.2254618e-05,1.5388658e-06,4.8663211e-07,10
3.815,0.12622191,fill,1000,0.28,3.1233552e-05,1.5453992e-06,4.8869814e-07,10
3.815,0.12622191,fill,1000,0.3,3.0213319e-05,1.5518698e-06,4.9074432e-07,10
3.815,0.12622191,fill,1000,0.32,2.9208479e-05,1.5581139e-06,4.9271889e-07,10
3.815,0.12622191,fill,1000,0.36,2.7259282e-05,1.5698493e-06,4.9642995e-07,10
3.815,0.12622191,fill,1000,0.4,2.5447602e-05,1.5798751e-06,4.9960036e-07,10
3.815,0.12622191,fill,1000,0.44,2.3820617e-05,1.587586e-06,5.0203877e-07,10
3.815,0.12622191,fill,1000,0.48,2.2410645e-05,1.5925263e-06,5.0360104e-07,10
3.815,0.12622191,fill,1000,0.52,2.123532e-05,1.5944334e-06,5.0420412e-07,10
3.815,0.12622191,fill,1000,0.56,2.0298506e-05,1.5932631e-06,5.0383405e-07,10
3.815,0.12622191,fill,1000,0.6,1.9591848e-05,1.5891826e-06,5.0254367e-07,10
3.815,0.12622191,fill,1000,0.64,1.9143148e-05,1.5819825e-06,5.0026678e-07,10
3.815,0.12622191,fill,1000,0.72,1.8661201e-05,1.5632808e-06,4.9435279e-07,10
3.815,0.12622191,fill,1000,0.8,1.8658026e-05,1.5410121e-06,4.8731083e-07,10
3.815,0.12622191,fill,1000,0.88,1.8875606e-05,1.5199529e-06,4.806513e-07,10
3.815,0.12622191,fill,1000,0.96,1.911001e-05,1.5037091e-06,4.7551457e-07,10
3.815,0.12622191,fill,1000,1.04,1.9243681e-05,1.4940097e-06,4.7244735e-07,10
3.815,0.12622191,fill,1000,1.12,1.9248343e-05,1.4907292e-06,4.7140997e-07,10
3.815,0.12622191,fill,1000,1.2,1.9164856e-05,1.492397e-06,4.7193738e-07,10
3.815,0.12622191,fill,1000,1.28,1.9088381e-05,1.4967127e-06,4.7330213e-07,10
3.815,0.12622191,fill,1000,1.44,1.9190915e-05,1.5024439e-06,4.7511448e-07,10
3.815,0.12622191,fill,1000,1.6,1.9828192e-05,1.4929367e-06,4.7210803e-07,10
3.815,0.12622191,fill,1000,1.76,2.0789454e-05,1.4654295e-06,4.6340949e-07,10
3.815,0.12622191,fill,1000,1.92,2.1594205e-05,1.4359456e-06,4.5408588e-07,10
3.815,0.12622191,fill,1000,2.08,2.1878762e-05,1.4279699e-06,4.5156373e-07,10
3.815,0.12622191,fill,1000,2.24,2.1613413e-05,1.4493032e-06,4.5830993e-07,10
3.815,0.12622191,fill,1000,2.4,2.1037127e-05,1.4796747e-06,4.6791424e-07,10
3.815,0.12622191,fill,1000,2.56,2.0416046e-05,1.4803343e-06,4.6812281e-07,10
3.815,0.12622191,fill,1000,2.88,1.9192047e-05,1.4373814e-06,4.5453992e-07,10
3.815,0.12622191,fill,1000,3.2,1.8053176e-05,1.4251618e-06,4.5067574e-07,10
3.815,0.12622191,fill,1000,3.52,1.7782737e-05,1.4571648e-06,4.6079598e-07,10
3.815,0.12622191,fill,1000,3.84,1.8365783e-05,1.429835e-06,4.5215353e-07,10
3.815,0.12622191,fill,1000,4.16,1.8762158e-05,1.4277448e-06,4.5149254e-07,10
3.815,0.12622191,fill,1000,4.48,1.8538839e-05,1.47862e-06,4.6758069e-07,10
3.815,0.12622191,fill,1000,4.8,1.7955791e-05,1.4970805e-06,4.7341842e-07,10
3.815,0.12622191,fill,1000,5.12,1.742942e-05,1.5038177e-06,4.755489e-07,10
3.815,0.12622191,fill,1000,5.76,1.6886851e-05,1.5738542e-06,4.9769641e-07,10
3.815,0.12622191,fill,1000,6.4,1.6685664e-05,1.5896006e-06,5.0267585e-07,10
3.815,0.12622191,fill,1000,7.04,1.6260927e-05,1.4726767e-06,4.6570127e-07,10
3.815,0.12622191,fill,1000,7.68,1.56923e-05,1.5154403e-06,4.7922428e-07,10
3.815,0.12622191,fill,1000,8.32,1.5349204e-05,1.5925267e-06,5.0360117e-07,10
3.815,0.12622191,fill,1000,8.96,1.4976538e-05,1.4833639e-06,4.6908086e-07,10
3.815,0.12622191,fill,1000,9.6,1.4578933e-05,1.4323178e-06,4.5293865e-07,10
3.815,0.12622191,fill,1000,10.24,1.4130632e-05,1.4726859e-06,4.6570416e-07,10
3.815,0.12622191,fill,1000,11.52,1.3493579e-05,1.4701864e-06,4.6491375e-07,10
3.815,0.12622191,fill,1000,12.8,1.2792256e-05,1.4530019e-06,4.5947955e-07,10
3.815,0.12622191,fill,1000,14.08,1.2147238e-05,1.4059481e-06,4.4459983e-07,10
3.815,0.12622191,fill,1000,15.36,1.1573256e-05,1.368399e-06,4.3272577e-07,10
3.815,0.12622191,fill,1000,16.64,1.1025995e-05,1.2631894e-06,3.9945556e-07,10
3.815,0.12622191,fill,1000,17.92,1.0469581e-05,1.2010826e-06,3.7981566e-07,10
3.815,0.12622191,fill,1000,19.2,9.9954806e-06,1.2210561e-06,3.8613185e-07,10
3.815,0.12622191,fill,1000,20.48,9.5216313e-06,1.1882143e-06,3.7574634e-07,10
3.815,0.12622191,fill,1000,23.04,8.6315351e-06,1.1388951e-06,3.6015026e-07,10
3.815,0.12622191,fill,1000,25.6,7.8023972e-06,1.0956464e-06,3.4647383e-07,10
3.815,0.12622191,fill,1000,28.16,7.072003e-06,1.0588991e-06,3.3485328e-07,10
3.815,0.12622191,fill,1000,30.72,6.481927e-06,1.0146175e-06,3.2085023e-07,10
3.815,0.12622191,fill,1000,33.28,5.9311676e-06,9.5508966e-07,3.0202587e-07,10
3.815,0.12622191,fill,1000,35.84,5.4409232e-06,8.5395593e-07,2.7004458e-07,10
3.815,0.12622191,fill,1000,38.4,4.9912963e-06,8.5123912e-07,2.6918545e-07,10
3.815,0.12622191,fill,1000,40.96,4.6406003e-06,8.8844048e-07,2.8094955e-07,10
3.815,0.12622191,fill,1000,46.08,4.0114937e-06,8.801093e-07,2.78315e-07,10
3.815,0.12622191,fill,1000,51.2,3.5393149e-06,1.0016743e-06,3.1675722e-07,10
3.815,0.12622191,fill,1000,56.32,3.1217011e-06,1.0161684e-06,3.2134065e-07,10
3.815,0.12622191,fill,1000,61.44,2.7095839e-06,1.0796067e-06,3.414016e-07,10
3.815,0.12622191,fill,1000,66.56,2.3128027e-06,1.146452e-06,3.6253996e-07,10
3.815,0.12622191,fill,1000,71.68,1.9501967e-06,1.1563963e-06,3.6568462e-07,10
3.815,0.12622191,fill,1000,76.8,1.6290863e-06,1.1338579e-06,3.5855734e-07,10
3.815,0.12622191,fill,1000,81.92,1.3180059e-06,1.1446216e-06,3.6196114e-07,10
3.815,0.12622191,fill,1000,92.16,8.2935564e-07,1.2685996e-06,4.0116641e-07,10
3.815,0.12622191,fill,1000,102.4,3.5484016e-07,1.2638595e-06,3.9966746e-07,10
3.815,0.12622191,fill,1000,112.64,7.4809061e-08,1.186238e-06,3.7512139e-07,10
3.815,0.12622191,fill,1000,122.88,-1.6912193e-07,1.1159439e-06,3.5289245e-07,10
3.815,0.12622191,fill,1000,133.12,-2.8214853e-07,9.7385503e-07,3.0796e-07,10
3.815,0.12622191,fill,1000,143.36,-3.0747058e-07,9.7850054e-07,3.0942904e-07,10
3.815,0.12622191,fill,1000,153.6,-4.1057082e-07,1.01649e-06,3.2144236e-07,10
3.815,0.12622191,fill,1000,163.84,-4.7665485e-07,1.1433761e-06,3.6156726e-07,10
3.815,0.12622191,fill,1000,184.32,-3.7845571e-07,1.0814855e-06,3.4199576e-07,10
3.815,0.12622191,fill,1000,204.8,-1.4402967e-07,8.4755136e-07,2.6801927e-07,10
3.815,0.12622191,fill,1000,225.28,-9.9368786e-08,1.1895454e-06,3.7616728e-07,10
3.815,0.12622191,fill,1000,245.76,9.6363591e-08,1.364616e-06,4.3152946e-07,10
3.815,0.12622191,fill,1000,266.24,3.740109e-08,1.177261e-06,3.7228263e-07,10
3.815,0.12622191,fill,1000,286.72,2.7209586e-07,1.0884712e-06,3.4420482e-07,10
3.815,0.12622191,fill,1000,307.2,3.7769183e-08,9.6160201e-07,3.0408525e-07,10
3.815,0.12622191,fill,1000,327.68,-2.0336183e-07,7.6911156e-07,2.4321443e-07,10
3.815,0.12622191,fill,1000,368.64,-2.1771061e-07,6.8520164e-07,2.1667978e-07,10
3.815,0.12622191,fill,1000,409.6,-2.9950892e-07,8.6844448e-07,2.7462626e-07,10
3.815,0.12622191,fill,1000,450.56,-2.9095191e-07,1.1337646e-06,3.5852783e-07,10
3.815,0.12622191,fill,1000,491.52,1.2784906e-09,9.2464826e-07,2.9239945e-07,10
3.815,0.12622191,fill,1000,532.48,3.2417866e-07,1.0480054e-06,3.3140841e-07,10
3.815,0.12622191,fill,1000,573.44,5.8730865e-08,9.8541168e-07,3.1161453e-07,10
3.815,0.12622191,fill,1000,614.4,-3.1750968e-07,9.8279266e-07,3.1078633e-07,10
3.815,0.12622191,fill,1000,655.36,-5.0327469e-07,1.0532004e-06,3.330512e-07,10
3.815,0.12622191,fill,1000,737.28,-3.7037131e-07,1.0140687e-06,3.2067669e-07,10
3.815,0.12622191,fill,1000,819.2,1.029998e-07,8.4452585e-07,2.6706252e-07,10
3.815,0.12622191,fill,1000,901.12,4.3176475e-07,9.9670703e-07,3.1518644e-07,10
3.815,0.12622191,fill,1000,983.04,2.4643265e-07,8.112084e-07,2.5652662e-07,10
3.815,0.12622191,fill,1000,1064.96,2.3308788e-07,7.8075389e-07,2.4689606e-07,10
3.815,0.12622191,fill,1000,1146.88,-3.7472928e-09,6.1226103e-07,1.9361394e-07,10
3.815,0.12622191,fill,1000,1228.8,-5.9347077e-08,7.6271551e-07,2.4119182e-07,10
3.815,0.12622191,fill,1000,1310.72,7.6772015e-08,6.8140996e-07,2.1548075e-07,10
3.815,0.12622191,fill,1000,1474.56,4.3472976e-08,7.301322e-07,2.3088807e-07,10
3.815,0.12622191,fill,1000,1638.4,-4.6995885e-07,1.1695904e-06,3.6985695e-07,10
3.815,0.12622191,fill,1000,1802.24,-2.5810358e-07,8.6922922e-07,2.7487441e-07,10
3.815,0.12622191,fill,1000,1966.08,2.3439682e-07,8.6352848e-07,2.7307168e-07,10
3.815,0.12622191,fill,1000,2129.92,-5.7279149e-07,6.8632178e-07,2.17034e-07,10
3.815,0.12622191,fill,1000,2293.76,1.5345288e-08,1.1737135e-06,3.7116081e-07,10
3.815,0.12622191,fill,1000,2457.6,2.8882515e-08,7.8410104e-07,2.4795452e-07,10
3.815,0.12622191,fill,1000,2621.44,-2.5096767e-07,6.6381498e-07,2.0991673e-07,10
3.815,0.12622191,fill,1000,2949.12,6.475208e-08,6.4973156e-07,2.0546316e-07,10
3.815,0.12622191,fill,1000,3276.8,1.3239607e-08,1.0294615e-06,3.2554432e-07,10
3.815,0.12622191,fill,1000,3604.48,-1.0300566e-08,8.639232e-07,2.731965e-07,10
3.815,0.12622191,fill,1000,3932.16,1.1491475e-07,6.0734986e-07,1.9206089e-07,10
3.815,0.12622191,fill,1000,4259.84,-1.7526248e-07,9.7129526e-07,3.0715053e-07,10
3.815,0.12622191,fill,1000,4587.52,-1.1056675e-07,7.9078834e-07,2.5006923e-07,10
3.815,0.12622191,fill,1000,4915.2,-5.8569113e-08,5.435996e-07,1.7190129e-07,10
3.815,0.12622191,fill,1000,5242.88,-6.6406301e-08,4.9748981e-07,1.5732009e-07,10
3.815,0.12622191,fill,1000,5898.24,1.000842e-08,6.4519263e-07,2.0402782e-07,10
3.815,0.12622191,fill,1000,6553.6,-5.7701489e-08,3.5246494e-07,1.114592e-07,10
3.815,0.12622191,fill,1000,7208.96,4.2616789e-07,9.2692333e-07,2.9311889e-07,10
3.815,0.12622191,fill,1000,7864.32,-4.708089e-07,9.280498e-07,2.9347511e-07,10
3.815,0.12622191,fill,1000,8519.68,-2.2014789e-08,7.1150039e-07,2.2499618e-07,10
3.815,0.12622191,fill,1000,9175.04,-1.1807262e-06,3.2015808e-06,1.0124288e-06,10
3.815,0.10562311,3,1000,0,3.2292661e-05,1.0501021e-06,3.3207144e-07,10
3.815,0.10562311,3,1000,0.01,3.2281094e-05,1.0500992e-06,3.3207051e-07,10
3.815,0.10562311,3,1000,0.02,3.2246557e-05,1.0500975e-06,3.3206998e-07,10
3.815,0.10562311,3,1000,0.03,3.2189224e-05,1.0500971e-06,3.3206985e-07,10
3.815,0.10562311,3,1000,0.04,3.2109365e-05,1.0500979e-06,3.3207012e-07,10
3.815,0.10562311,3,1000,0.05,3.200734e-05,1.0500998e-06,3.3207072e-07,10
3.815,0.10562311,3,1000,0.06,3.1883595e-05,1.0501025e-06,3.3207158e-07,10
3.815,0.10562311,3,1000,0.07,3.1738653e-05,1.0501058e-06,3.320726e-07,10
3.815,0.10562311,3,1000,0.08,3.1573112e-05,1.0501091e-06,3.3207367e-07,10
3.815,0.10562311,3,1000,0.09,3.1387633e-05,1.0501121e-06,3.3207462e-07,10
3.815,0.10562311,3,1000,0.1,3.1182943e-05,1.0501142e-06,3.3207526e-07,10
3.815,0.10562311,3,1000,0.11,3.0959821e-05,1.0501146e-06,3.320754e-07,10
3.815,0.10562311,3,1000,0.12,3.0719097e-05,1.0501129e-06,3.3207485e-07,10
3.815,0.10562311,3,1000,0.13,3.0461645e-05,1.0501083e-06,3.3207339e-07,10
3.815,0.10562311,3,1000,0.14,3.0188378e-05,1.0501001e-06,3.3207081e-07,10
3.815,0.10562311,3,1000,0.15,2.9900242e-05,1.0500876e-06,3.3206686e-07,10
3.815,0.10562311,3,1000,0.16,2.9594987e-05,1.0500671e-06,3.3206039e-07,10
3.815,0.10562311,3,1000,0.18,2.8953757e-05,1.0500129e-06,3.3204323e-07,10
3.815,0.10562311,3,1000,0.2,2.8269124e-05,1.0499288e-06,3.3201664e-07,10
3.815,0.10562311,3,1000,0.22,2.7549377e-05,1.0498085e-06,3.3197859e-07,10
3.815,0.10562311,3,1000,0.24,2.6802814e-05,1.0496449e-06,3.3192685e-07,10
3.815,0.10562311,3,1000,0.26,2.6037615e-05,1.0494302e-06,3.3185897e-07,10
3.815,0.10562311,3,1000,0.28,2.5261739e-05,1.0491557e-06,3.3177218e-07,10
3.815,0.10562311,3,1000,0.3,2.4482832e-05,1.0488116e-06,3.3166334e-07,10
3.815,0.10562311,3,1000,0.32,2.3710923e-05,1.0483413e-06,3.3151464e-07,10
3.815,0.10562311,3,1000,0.36,2.2203784e-05,1.0471973e-06,3.3115285e-07,10
3.815,0.10562311,3,1000,0.4,2.0787181e-05,1.0455929e-06,3.3064551e-07,10
3.815,0.10562311,3,1000,0.44,1.9498994e-05,1.0434391e-06,3.2996443e-07,10
3.815,0.10562311,3,1000,0.48,1.8366623e-05,1.0406598e-06,3.2908553e-07,10
3.815,0.10562311,3,1000,0.52,1.7406816e-05,1.0372084e-06,3.2799409e-07,10
3.815,0.10562311,3,1000,0.56,1.6626075e-05,1.0330729e-06,3.2668634e-07,10
3.815,0.10562311,3,1000,0.6,1.6021573e-05,1.0282751e-06,3.2516914e-07,10
3.815,0.10562311,3,1000,0.64,1.5619545e-05,1.0226905e-06,3.2340312e-07,10
3.815,0.10562311,3,1000,0.72,1.5152729e-05,1.0106618e-06,3.1959934e-07,10
3.815,0.10562311,3,1000,0.8,1.5092015e-05,9.980805e-07,3.1562077e-07,10
3.815,0.10562311,3,1000,0.88,1.5242989e-05,9.8667318e-07,3.1201346e-07,10
3.815,0.10562311,3,1000,0.96,1.5440717e-05,9.7822495e-07,3.0934189e-07,10
3.815,0.10562311,3,1000,1.04,1.5578285e-05,9.7418062e-07,3.0806296e-07,10
3.815,0.10562311,3,1000,1.12,1.561512e-05,9.753361e-07,3.0842836e-07,10
3.815,0.10562311,3,1000,1.2,1.556764e-05,9.8186351e-07,3.1049251e-07,10
3.815,0.10562311,3,1000,1.28,1.5497133e-05,9.9452353e-07,3.1449595e-07,10
3.815,0.10562311,3,1000,1.44,1.5518023e-05,1.0290358e-06,3.2540969e-07,10
3.815,0.10562311,3,1000,1.6,1.5965892e-05,1.0663158e-06,3.3719867e-07,10
3.815,0.10562311,3,1000,1.76,1.6756471e-05,1.0862788e-06,3.4351151e-07,10
3.815,0.10562311,3,1000,1.92,1.7513461e-05,1.0796337e-06,3.4141016e-07,10
3.815,0.10562311,3,1000,2.08,1.7883181e-05,1.0580022e-06,3.3456966e-07,10
3.815,0.10562311,3,1000,2.24,1.7781063e-05,1.0419377e-06,3.2948964e-07,10
3.815,0.10562311,3,1000,2.4,1.7388255e-05,1.0418246e-06,3.2945386e-07,10
3.815,0.10562311,3,1000,2.56,1.6945403e-05,1.0458941e-06,3.3074074e-07,10
3.815,0.10562311,3,1000,2.88,1.6060609e-05,1.0409156e-06,3.291664e-07,10
3.815,0.10562311,3,1000,3.2,1.5118587e-05,1.0217922e-06,3.2311906e-07,10
3.815,0.10562311,3,1000,3.52,1.4762567e-05,1.0334774e-06,3.2681426e-07,10
3.815,0.10562311,3,1000,3.84,1.5163653e-05,1.0602444e-06,3.3527871e-07,10
3.815,0.10562311,3,1000,4.16,1.5461675e-05,1.0552753e-06,3.3370736e-07,10
3.815,0.10562311,3,1000,4.48,1.5291028e-05,1.0391907e-06,3.2862096e-07,10
3.815,0.10562311,3,1000,4.8,1.4961748e-05,9.9766555e-07,3.1548955e-07,10
3.815,0.10562311,3,1000,5.12,1.4701676e-05,9.5642231e-07,3.0244729e-07,10
3.815,0.10562311,3,1000,5.76,1.4341097e-05,1.0163982e-06,3.2141334e-07,10
3.815,0.10562311,3,1000,6.4,1.4055646e-05,1.0167713e-06,3.2153132e-07,10
3.815,0.10562311,3,1000,7.04,1.3818452e-05,9.7289728e-07,3.0765713e-07,10
3.815,0.10562311,3,1000,7.68,1.3526955e-05,1.0241581e-06,3.2386724e-07,10
3.815,0.10562311,3,1000,8.32,1.3269344e-05,9.7416364e-07,3.0805759e-07,10
3.815,0.10562311,3,1000,8.96,1.2981065e-05,9.7940186e-07,3.0971406e-07,10
3.815,0.10562311,3,1000,9.6,1.2702731e-05,9.5999164e-07,3.0357601e-07,10
3.815,0.10562311,3,1000,10.24,1.2471078e-05,9.41085e-07,2.9759721e-07,10
3.815,0.10562311,3,1000,11.52,1.1977116e-05,9.4932151e-07,3.0020182e-07,10
3.815,0.10562311,3,1000,12.8,1.1474294e-05,9.3625522e-07,2.960699e-07,10
3.815,0.10562311,3,1000,14.08,1.1015147e-05,9.2998581e-07,2.9408733e-07,10
3.815,0.10562311,3,1000,15.36,1.0554533e-05,9.4687176e-07,2.9942714e-07,10
3.815,0.10562311,3,1000,16.64,1.0125298e-05,9.6255567e-07,3.0438683e-07,10
3.815,0.10562311,3,1000,17.92,9.7180258e-06,9.1799684e-07,2.9029609e-07,10
3.815,0.10562311,3,1000,19.2,9.3100783e-06,8.6875963e-07,2.7472592e-07,10
3.815,0.10562311,3,1000,20.48,8.9217137e-06,8.556107e-07,2.7056786e-07,10
3.815,0.10562311,3,1000,23.04,8.2068183e-06,9.1171462e-07,2.8830948e-07,10
3.815,0.10562311,3,1000,25.6,7.5343895e-06,8.8563289e-07,2.8006171e-07,10
3.815,0.10562311,3,1000,28.16,6.9256879e-06,8.8522039e-07,2.7993127e-07,10
3.815,0.10562311,3,1000,30.72,6.3465353e-06,9.2180945e-07,2.9150174e-07,10
3.815,0.10562311,3,1000,33.28,5.8406255e-06,9.3030767e-07,2.9418911e-07,10
3.815,0.10562311,3,1000,35.84,5.33387e-06,9.5513472e-07,3.0204012e-07,10
3.815,0.10562311,3,1000,38.4,4.9207724e-06,9.5488318e-07,3.0196057e-07,10
3.815,0.10562311,3,1000,40.96,4.5473563e-06,9.6113999e-07,3.0393915e-07,10
3.815,0.10562311,3,1000,46.08,3.8600141e-06,1.0142337e-06,3.2072884e-07,10
3.815,0.10562311,3,1000,51.2,3.303124e-06,1.0536439e-06,3.3319147e-07,10
3.815,0.10562311,3,1000,56.32,2.814003e-06,1.0989659e-06,3.4752353e-07,10
3.815,0.10562311,3,1000,61.44,2.4014502e-06,1.0623905e-06,3.3595737e-07,10
3.815,0.10562311,3,1000,66.56,2.1007279e-06,1.0807424e-06,3.4176076e-07,10
3.815,0.10562311,3,1000,71.68,1.8438642e-06,1.0629744e-06,3.3614202e-07,10
3.815,0.10562311,3,1000,76.8,1.60048e-06,1.0603912e-06,3.3532515e-07,10
3.815,0.10562311,3,1000,81.92,1.5042213e-06,1.014185e-06,3.2071347e-07,10
3.815,0.10562311,3,1000,92.16,1.4094944e-06,9.4573411e-07,2.9906738e-07,10
3.815,0.10562311,3,1000,102.4,1.3521014e-06,9.5222057e-07,3.0111858e-07,10
3.815,0.10562311,3,1000,112.64,1.2859871e-06,1.0559026e-06,3.3390572e-07,10
3.815,0.10562311,3,1000,122.88,1.2268204e-06,1.1182313e-06,3.5361578e-07,10
3.815,0.10562311,3,1000,133.12,1.0333491e-06,9.8153952e-07,3.1039005e-07,10
3.815,0.10562311,3,1000,143.36,9.1093321e-07,8.0156185e-07,2.5347611e-07,10
3.815,0.10562311,3,1000,153.6,7.7182436e-07,5.8889088e-07,1.8622365e-07,10
3.815,0.10562311,3,1000,163.84,7.2391965e-07,5.9282894e-07,1.8746897e-07,10
3.815,0.10562311,3,1000,184.32,5.5122944e-07,7.1968186e-07,2.2758339e-07,10
3.815,0.10562311,3,1000,204.8,2.1839161e-07,7.4812498e-07,2.3657789e-07,10
3.815,0.10562311,3,1000,225.28,-7.7492471e-08,9.3911655e-07,2.9697473e-07,10
3.815,0.10562311,3,1000,245.76,1.2207295e-07,8.9556218e-07,2.8320163e-07,10
3.815,0.10562311,3,1000,266.24,2.4978703e-07,8.1957717e-07,2.5917306e-07,10
3.815,0.10562311,3,1000,286.72,5.0538805e-08,8.6865693e-07,2.7469344e-07,10
3.815,0.10562311,3,1000,307.2,-5.7345811e-08,8.1894891e-07,2.5897439e-07,10
3.815,0.10562311,3,1000,327.68,-4.7043486e-09,7.0566102e-07,2.2314961e-07,10
3.815,0.10562311,3,1000,368.64,6.1927772e-08,9.1978971e-07,2.9086304e-07,10
3.815,0.10562311,3,1000,409.6,-1.1531873e-07,5.8356044e-07,1.8453802e-07,10
3.815,0.10562311,3,1000,450.56,-4.9084195e-07,5.6234297e-07,1.7782846e-07,10
3.815,0.10562311,3,1000,491.52,-5.7653219e-07,6.1149469e-07,1.933716e-07,10
3.815,0.10562311,3,1000,532.48,-4.2519484e-07,5.6307802e-07,1.780609e-07,10
3.815,0.10562311,3,1000,573.44,-1.2287972e-07,7.8818599e-07,2.492463e-07,10
3.815,0.10562311,3,1000,614.4,3.9432256e-08,8.3422459e-07,2.6380498e-07,10
3.815,0.10562311,3,1000,655.36,-3.7067291e-07,8.3098694e-07,2.6278115e-07,10
3.815,0.10562311,3,1000,737.28,-3.9312341e-07,7.1705096e-07,2.2675142e-07,10
3.815,0.10562311,3,1000,819.2,1.0994229e-07,7.5922485e-07,2.4008798e-07,10
3.815,0.10562311,3,1000,901.12,5.1189771e-07,7.6318485e-07,2.4134024e-07,10
3.815,0.10562311,3,1000,983.04,3.6401925e-07,9.1829177e-07,2.9038935e-07,10
3.815,0.10562311,3,1000,1064.96,-2.9853475e-07,8.4027083e-07,2.6571697e-07,10
3.815,0.10562311,3,1000,1146.88,-1.557239e-07,5.8589794e-07,1.852772e-07,10
3.815,0.10562311,3,1000,1228.8,3.2140409e-07,9.1691557e-07,2.8995416e-07,10
3.815,0.10562311,3,1000,1310.72,1.1095412e-08,7.2227326e-07,2.2840286e-07,10
3.815,0.10562311,3,1000,1474.56,-4.8006304e-07,8.5980414e-07,2.7189394e-07,10
3.815,0.10562311,3,1000,1638.4,-1.2405611e-07,7.4866185e-07,2.3674767e-07,10
3.815,0.10562311,3,1000,1802.24,-7.6789478e-08,9.9313602e-07,3.1405719e-07,10
3.815,0.10562311,3,1000,1966.08,-6.799106e-07,6.918001e-07,2.187664e-07,10
3.815,0.10562311,3,1000,2129.92,-1.4765354e-07,6.1603015e-07,1.9480584e-07,10
3.815,0.10562311,3,1000,2293.76,-1.2604433e-07,8.8468469e-07,2.7976186e-07,10
3.815,0.10562311,3,1000,2457.6,-7.6157831e-08,1.2269527e-06,3.8799651e-07,10
3.815,0.10562311,3,1000,2621.44,1.9919647e-07,8.0625086e-07,2.5495891e-07,10
3.815,0.10562311,3,1000,2949.12,2.194994e-07,6.3910976e-07,2.0210425e-07,10
3.815,0.10562311,3,1000,3276.8,-1.7490079e-07,7.8944235e-07,2.4964359e-07,10
3.815,0.10562311,3,1000,3604.48,3.1161551e-08,8.5300511e-07,2.697439e-07,10
3.815,0.10562311,3,1000,3932.16,3.1015536e-07,4.9491259e-07,1.565051e-07,10
3.815,0.10562311,3,1000,4259.84,-1.267565e-07,7.0588338e-07,2.2321993e-07,10
3.815,0.10562311,3,1000,4587.52,-9.1010593e-08,8.8980055e-07,2.8137964e-07,10
3.815,0.10562311,3,1000,4915.2,4.0705457e-07,8.0681381e-07,2.5513693e-07,10
3.815,0.10562311,3,1000,5242.88,2.2673622e-07,6.2855322e-07,1.9876598e-07,10
3.815,0.10562311,3,1000,5898.24,3.6007217e-07,3.6131264e-07,1.1425709e-07,10
3.815,0.10562311,3,1000,6553.6,-1.9362172e-07,5.5635124e-07,1.7593371e-07,10
3.815,0.10562311,3,1000,7208.96,1.5881917e-07,1.5158029e-06,4.7933896e-07,10
3.815,0.10562311,3,1000,7864.32,-3.953391e-07,1.3565319e-06,4.2897306e-07,10
3.815,0.10562311,3,1000,8519.68,4.7664051e-07,1.0633332e-06,3.3625548e-07,10
3.815,0.10562311,3,1000,9175.04,4.2825721e-07,3.0420668e-06,9.61986e-07,10
3.815,0.09749689,2,1000,0,2.8095333e-05,1.0220926e-06,3.2321405e-07,10
3.815,0.09749689,2,1000,0.01,2.8085265e-05,1.0221089e-06,3.2321921e-07,10
3.815,0.09749689,2,1000,0.02,2.8055207e-05,1.0221485e-06,3.2323172e-07,10
3.815,0.09749689,2,1000,0.03,2.8005303e-05,1.0222114e-06,3.2325163e-07,10
3.815,0.09749689,2,1000,0.04,2.7935777e-05,1.0222979e-06,3.2327899e-07,10
3.815,0.09749689,2,1000,0.05,2.784693e-05,1.0224082e-06,3.2331386e-07,10
3.815,0.09749689,2,1000,0.06,2.7739136e-05,1.0225424e-06,3.2335629e-07,10
3.815,0.09749689,2,1000,0.07,2.7612835e-05,1.0227005e-06,3.2340629e-07,10
3.815,0.09749689,2,1000,0.08,2.7468529e-05,1.0228827e-06,3.234639e-07,10
3.815,0.09749689,2,1000,0.09,2.7306775e-05,1.0230891e-06,3.2352918e-07,10
3.815,0.09749689,2,1000,0.1,2.7128187e-05,1.0233199e-06,3.2360216e-07,10
3.815,0.09749689,2,1000,0.11,2.6933423e-05,1.0235752e-06,3.2368291e-07,10
3.815,0.09749689,2,1000,0.12,2.6723188e-05,1.0238553e-06,3.2377147e-07,10
3.815,0.09749689,2,1000,0.13,2.6498224e-05,1.0241603e-06,3.2386792e-07,10
3.815,0.09749689,2,1000,0.14,2.6259308e-05,1.0244903e-06,3.2397229e-07,10
3.815,0.09749689,2,1000,0.15,2.6007245e-05,1.0248455e-06,3.2408461e-07,10
3.815,0.09749689,2,1000,0.16,2.5740004e-05,1.0252299e-06,3.2420615e-07,10
3.815,0.09749689,2,1000,0.18,2.517818e-05,1.026065e-06,3.2447025e-07,10
3.815,0.09749689,2,1000,0.2,2.4577552e-05,1.0269987e-06,3.2476549e-07,10
3.815,0.09749689,2,1000,0.22,2.3945269e-05,1.028027e-06,3.250907e-07,10
3.815,0.09749689,2,1000,0.24,2.328852e-05,1.029144e-06,3.2544391e-07,10
3.815,0.09749689,2,1000,0.26,2.2614423e-05,1.0303406e-06,3.258223e-07,10
3.815,0.09749689,2,1000,0.28,2.1929934e-05,1.0316052e-06,3.2622222e-07,10
3.815,0.09749689,2,1000,0.3,2.1241766e-05,1.032924e-06,3.2663925e-07,10
3.815,0.09749689,2,1000,0.32,2.0558502e-05,1.0342659e-06,3.2706359e-07,10
3.815,0.09749689,2,1000,0.36,1.9222005e-05,1.037021e-06,3.2793483e-07,10
3.815,0.09749689,2,1000,0.4,1.7962e-05,1.0397172e-06,3.2878743e-07,10
3.815,0.09749689,2,1000,0.44,1.6812697e-05,1.0421998e-06,3.2957252e-07,10
3.815,0.09749689,2,1000,0.48,1.5799269e-05,1.0443125e-06,3.302406e-07,10
3.815,0.09749689,2,1000,0.52,1.4937603e-05,1.04591e-06,3.307458e-07,10
3.815,0.09749689,2,1000,0.56,1.4234569e-05,1.0468747e-06,3.3105085e-07,10
3.815,0.09749689,2,1000,0.6,1.3688744e-05,1.0471277e-06,3.3113084e-07,10
3.815,0.09749689,2,1000,0.64,1.3325029e-05,1.0464404e-06,3.309135e-07,10
3.815,0.09749689,2,1000,0.72,1.2904082e-05,1.0434668e-06,3.2997319e-07,10
3.815,0.09749689,2,1000,0.8,1.2856651e-05,1.0387069e-06,3.2846798e-07,10
3.815,0.09749689,2,1000,0.88,1.3009198e-05,1.0338798e-06,3.2694149e-07,10
3.815,0.09749689,2,1000,0.96,1.321055e-05,1.0310075e-06,3.260332e-07,10
3.815,0.09749689,2,1000,1.04,1.335874e-05,1.031816e-06,3.2628886e-07,10
3.815,0.09749689,2,1000,1.12,1.3410407e-05,1.0371303e-06,3.279694e-07,10
3.815,0.09749689,2,1000,1.2,1.3374586e-05,1.0464539e-06,3.3091777e-07,10
3.815,0.09749689,2,1000,1.28,1.3299924e-05,1.0575047e-06,3.3441235e-07,10
3.815,0.09749689,2,1000,1.44,1.3267942e-05,1.0738543e-06,3.3958254e-07,10
3.815,0.09749689,2,1000,1.6,1.3605449e-05,1.0726571e-06,3.3920394e-07,10
3.815,0.09749689,2,1000,1.76,1.4277962e-05,1.0605722e-06,3.3538237e-07,10
3.815,0.09749689,2,1000,1.92,1.4955434e-05,1.0534188e-06,3.3312026e-07,10
3.815,0.09749689,2,1000,2.08,1.5300122e-05,1.0573239e-06,3.3435519e-07,10
3.815,0.09749689,2,1000,2.24,1.5219799e-05,1.0670803e-06,3.3744043e-07,10
3.815,0.09749689,2,1000,2.4,1.4882513e-05,1.0736387e-06,3.3951436e-07,10
3.815,0.09749689,2,1000,2.56,1.4529107e-05,1.0670363e-06,3.3742651e-07,10
3.815,0.09749689,2,1000,2.88,1.3858054e-05,1.046933e-06,3.310693e-07,10
3.815,0.09749689,2,1000,3.2,1.3052148e-05,1.036825e-06,3.2787284e-07,10
3.815,0.09749689,2,1000,3.52,1.2648473e-05,1.0290045e-06,3.253998e-07,10
3.815,0.09749689,2,1000,3.84,1.2990867e-05,1.0383098e-06,3.2834238e-07,10
3.815,0.09749689,2,1000,4.16,1.3271173e-05,1.0489511e-06,3.3170747e-07,10
3.815,0.09749689,2,1000,4.48,1.3050976e-05,1.0407638e-06,3.291184e-07,10
3.815,0.09749689,2,1000,4.8,1.2760656e-05,1.0252836e-06,3.2422313e-07,10
3.815,0.09749689,2,1000,5.12,1.2634348e-05,1.047464e-06,3.3123721e-07,10
3.815,0.09749689,2,1000,5.76,1.2384949e-05,1.0503521e-06,3.3215049e-07,10
3.815,0.09749689,2,1000,6.4,1.2112413e-05,1.0618461e-06,3.3578523e-07,10
3.815,0.09749689,2,1000,7.04,1.1894053e-05,1.0808828e-06,3.4180514e-07,10
3.815,0.09749689,2,1000,7.68,1.1669207e-05,1.0494404e-06,3.3186219e-07,10
3.815,0.09749689,2,1000,8.32,1.1464812e-05,1.0564916e-06,3.3409199e-07,10
3.815,0.09749689,2,1000,8.96,1.1133061e-05,1.0574833e-06,3.3440559e-07,10
3.815,0.09749689,2,1000,9.6,1.0958101e-05,1.0404865e-06,3.2903073e-07,10
3.815,0.09749689,2,1000,10.24,1.0739981e-05,1.0452702e-06,3.3054346e-07,10
3.815,0.09749689,2,1000,11.52,1.0316616e-05,1.0073511e-06,3.1855238e-07,10
3.815,0.09749689,2,1000,12.8,9.9186799e-06,1.0191214e-06,3.222745e-07,10
3.815,0.09749689,2,1000,14.08,9.5093263e-06,1.0013569e-06,3.1665685e-07,10
3.815,0.09749689,2,1000,15.36,9.1246554e-06,9.9515511e-07,3.1469568e-07,10
3.815,0.09749689,2,1000,16.64,8.8071563e-06,9.7986466e-07,3.0986041e-07,10
3.815,0.09749689,2,1000,17.92,8.4606078e-06,9.7842791e-07,3.0940607e-07,10
3.815,0.09749689,2,1000,19.2,8.1429056e-06,1.0261838e-06,3.2450782e-07,10
3.815,0.09749689,2,1000,20.48,7.8249079e-06,1.0340536e-06,3.2699647e-07,10
3.815,0.09749689,2,1000,23.04,7.2394715e-06,1.0311414e-06,3.2607553e-07,10
3.815,0.09749689,2,1000,25.6,6.7363722e-06,1.0468636e-06,3.3104735e-07,10
3.815,0.09749689,2,1000,28.16,6.3141161e-06,1.0334144e-06,3.2679432e-07,10
3.815,0.09749689,2,1000,30.72,5.8779612e-06,1.0621759e-06,3.358895e-07,10
3.815,0.09749689,2,1000,33.28,5.4661818e-06,1.0848708e-06,3.4306628e-07,10
3.815,0.09749689,2,1000,35.84,5.0946222e-06,1.0864909e-06,3.4357859e-07,10
3.815,0.09749689,2,1000,38.4,4.7268739e-06,1.0751443e-06,3.3999048e-07,10
3.815,0.09749689,2,1000,40.96,4.3868672e-06,1.0716261e-06,3.3887794e-07,10
3.815,0.09749689,2,1000,46.08,3.73933e-06,1.0140057e-06,3.2065674e-07,10
3.815,0.09749689,2,1000,51.2,3.2554407e-06,9.7007819e-07,3.0676566e-07,10
3.815,0.09749689,2,1000,56.32,2.8491527e-06,9.3367623e-07,2.9525435e-07,10
3.815,0.09749689,2,1000,61.44,2.5445141e-06,9.4553335e-07,2.990039e-07,10
3.815,0.09749689,2,1000,66.56,2.2702962e-06,9.9677048e-07,3.152065e-07,10
3.815,0.09749689,2,1000,71.68,2.0511231e-06,9.6484985e-07,3.0511231e-07,10
3.815,0.09749689,2,1000,76.8,1.81411e-06,9.2709894e-07,2.9317443e-07,10
3.815,0.09749689,2,1000,81.92,1.5866287e-06,8.7901071e-07,2.7796759e-07,10
3.815,0.09749689,2,1000,92.16,1.2145927e-06,7.7755729e-07,2.458852e-07,10
3.815,0.09749689,2,1000,102.4,1.0132764e-06,7.2165077e-07,2.2820601e-07,10
3.815,0.09749689,2,1000,112.64,8.6746487e-07,6.4986832e-07,2.0550641e-07,10
3.815,0.09749689,2,1000,122.88,7.0259143e-07,6.4708183e-07,2.0462524e-07,10
3.815,0.09749689,2,1000,133.12,5.586712e-07,7.4806043e-07,2.3655748e-07,10
3.815,0.09749689,2,1000,143.36,4.8959148e-07,7.8566959e-07,2.4845054e-07,10
3.815,0.09749689,2,1000,153.6,3.1742632e-07,8.0495623e-07,2.5454951e-07,10
3.815,0.09749689,2,1000,163.84,2.2869735e-07,8.5915518e-07,2.7168872e-07,10
3.815,0.09749689,2,1000,184.32,2.2901888e-07,1.0216298e-06,3.2306771e-07,10
3.815,0.09749689,2,1000,204.8,1.3057783e-07,1.0772116e-06,3.4064423e-07,10
3.815,0.09749689,2,1000,225.28,6.3643202e-08,9.250652e-07,2.925313e-07,10
3.815,0.09749689,2,1000,245.76,-6.5152909e-09,8.1365653e-07,2.5730079e-07,10
3.815,0.09749689,2,1000,266.24,7.8630924e-08,6.7416211e-07,2.1318878e-07,10
3.815,0.09749689,2,1000,286.72,4.5273881e-07,7.1509087e-07,2.2613159e-07,10
3.815,0.09749689,2,1000,307.2,6.3066939e-07,1.0147029e-06,3.2087722e-07,10
3.815,0.09749689,2,1000,327.68,5.7925071e-07,1.0687717e-06,3.3797527e-07,10
3.815,0.09749689,2,1000,368.64,2.7950574e-07,1.0065503e-06,3.1829916e-07,10
3.815,0.09749689,2,1000,409.6,2.5214576e-07,7.083893e-07,2.2401237e-07,10
3.815,0.09749689,2,1000,450.56,5.5066944e-08,6.1548334e-07,1.9463292e-07,10
3.815,0.09749689,2,1000,491.52,-2.5093035e-07,8.8062748e-07,2.7847886e-07,10
3.815,0.09749689,2,1000,532.48,-3.9184995e-07,8.5472659e-07,2.7028828e-07,10
3.815,0.09749689,2,1000,573.44,-4.8989442e-07,7.1437963e-07,2.2590668e-07,10
3.815,0.09749689,2,1000,614.4,-5.6913947e-07,6.0091955e-07,1.9002745e-07,10
3.815,0.09749689,2,1000,655.36,-5.9004557e-07,5.5872664e-07,1.7668488e-07,10
3.815,0.09749689,2,1000,737.28,2.0385005e-07,6.7539442e-07,2.1357847e-07,10
3.815,0.09749689,2,1000,819.2,-1.76209e-07,7.4937805e-07,2.3697415e-07,10
3.815,0.09749689,2,1000,901.12,-3.0786431e-07,7.0829179e-07,2.2398153e-07,10
3.815,0.09749689,2,1000,983.04,-3.2727231e-08,9.4356764e-07,2.9838229e-07,10
3.815,0.09749689,2,1000,1064.96,-1.415033e-07,7.283039e-07,2.3030991e-07,10
3.815,0.09749689,2,1000,1146.88,3.3877702e-07,9.6487299e-07,3.0511963e-07,10
3.815,0.09749689,2,1000,1228.8,2.2746073e-07,9.8694748e-07,3.121002e-07,10
3.815,0.09749689,2,1000,1310.72,9.6447508e-08,9.0310578e-07,2.8558712e-07,10
3.815,0.09749689,2,1000,1474.56,-3.1703127e-07,8.024215e-07,2.5374796e-07,10
3.815,0.09749689,2,1000,1638.4,-2.7720719e-07,2.8856465e-07,9.1252154e-08,10
3.815,0.09749689,2,1000,1802.24,-1.6338457e-07,9.6984311e-07,3.0669132e-07,10
3.815,0.09749689,2,1000,1966.08,-8.3832144e-08,3.5643135e-07,1.1271349e-07,10
3.815,0.09749689,2,1000,2129.92,-3.2188613e-07,8.6496699e-07,2.7352658e-07,10
3.815,0.09749689,2,1000,2293.76,-2.3616284e-07,6.1621431e-07,1.9486407e-07,10
3.815,0.09749689,2,1000,2457.6,1.6362875e-07,6.422954e-07,2.0311164e-07,10
3.815,0.09749689,2,1000,2621.44,2.8194464e-08,6.6655066e-07,2.1078182e-07,10
3.815,0.09749689,2,1000,2949.12,2.0926882e-07,5.280001e-07,1.6696829e-07,10
3.815,0.09749689,2,1000,3276.8,-1.1814761e-07,5.7859376e-07,1.8296741e-07,10
3.815,0.09749689,2,1000,3604.48,7.4645531e-08,3.9848558e-07,1.260122e-07,10
3.815,0.09749689,2,1000,3932.16,1.5240728e-07,7.1163618e-07,2.2503912e-07,10
3.815,0.09749689,2,1000,4259.84,1.5609879e-07,7.2833338e-07,2.3031924e-07,10
3.815,0.09749689,2,1000,4587.52,8.275788e-08,6.9866967e-07,2.2093875e-07,10
3.815,0.09749689,2,1000,4915.2,1.0865256e-08,7.339254e-07,2.3208759e-07,10
3.815,0.09749689,2,1000,5242.88,9.2659368e-10,5.72429e-07,1.8101794e-07,10
3.815,0.09749689,2,1000,5898.24,-3.0311498e-07,4.8611442e-07,1.5372288e-07,10
3.815,0.09749689,2,1000,6553.6,-3.7352238e-09,7.8293497e-07,2.4758578e-07,10
3.815,0.09749689,2,1000,7208.96,1.3688765e-07,1.0641201e-06,3.3650432e-07,10
3.815,0.09749689,2,1000,7864.32,1.5843159e-07,1.3607761e-06,4.3031519e-07,10
3.815,0.09749689,2,1000,8519.68,3.1885297e-07,1.0731103e-06,3.3934727e-07,10
3.815,0.09749689,2,1000,9175.04,3.078757e-07,1.8573906e-06,5.8735847e-07,10
3.815,0.05607261,2,1000,0,1.2122225e-05,6.255935e-07,1.9783003e-07,10
3.815,0.05607261,2,1000,0.01,1.2118221e-05,6.2559901e-07,1.9783178e-07,10
3.815,0.05607261,2,1000,0.02,1.210626e-05,6.2561274e-07,1.9783612e-07,10
3.815,0.05607261,2,1000,0.03,1.2086383e-05,6.2563473e-07,1.9784307e-07,10
3.815,0.05607261,2,1000,0.04,1.2058656e-05,6.256651e-07,1.9785268e-07,10
3.815,0.05607261,2,1000,0.05,1.2023171e-05,6.2570397e-07,1.9786497e-07,10
3.815,0.05607261,2,1000,0.06,1.1980041e-05,6.2575147e-07,1.9787999e-07,10
3.815,0.05607261,2,1000,0.07,1.1929402e-05,6.2580783e-07,1.9789781e-07,10
3.815,0.05607261,2,1000,0.08,1.1871412e-05,6.2587324e-07,1.979185e-07,10
3.815,0.05607261,2,1000,0.09,1.1806247e-05,6.2594793e-07,1.9794211e-07,10
3.815,0.05607261,2,1000,0.1,1.1734104e-05,6.2603214e-07,1.9796875e-07,10
3.815,0.05607261,2,1000,0.11,1.1655198e-05,6.261262e-07,1.9799849e-07,10
3.815,0.05607261,2,1000,0.12,1.1569759e-05,6.262304e-07,1.9803144e-07,10
3.815,0.05607261,2,1000,0.13,1.1478034e-05,6.2634499e-07,1.9806768e-07,10
3.815,0.05607261,2,1000,0.14,1.1380285e-05,6.2647029e-07,1.981073e-07,10
3.815,0.05607261,2,1000,0.15,1.1276785e-05,6.2660659e-07,1.981504e-07,10
3.815,0.05607261,2,1000,0.16,1.1166529e-05,6.2675639e-07,1.9819777e-07,10
3.815,0.05607261,2,1000,0.18,1.0933564e-05,6.2708654e-07,1.9830218e-07,10
3.815,0.05607261,2,1000,0.2,1.0682436e-05,6.2746459e-07,1.9842173e-07,10
3.815,0.05607261,2,1000,0.22,1.041575e-05,6.2789164e-07,1.9855677e-07,10
3.815,0.05607261,2,1000,0.24,1.0136184e-05,6.2836805e-07,1.9870742e-07,10
3.815,0.05607261,2,1000,0.26,9.8464642e-06,6.2889314e-07,1.9887347e-07,10
3.815,0.05607261,2,1000,0.28,9.5493203e-06,6.2946512e-07,1.9905435e-07,10
3.815,0.05607261,2,1000,0.3,9.2474583e-06,6.3008124e-07,1.9924918e-07,10
3.815,0.05607261,2,1000,0.32,8.943649e-06,6.3074812e-07,1.9946007e-07,10
3.815,0.05607261,2,1000,0.36,8.3409063e-06,6.3215598e-07,1.9990527e-07,10
3.815,0.05607261,2,1000,0.4,7.7588705e-06,6.3364954e-07,2.0037758e-07,10
3.815,0.05607261,2,1000,0.44,7.2139965e-06,6.3516394e-07,2.0085648e-07,10
3.815,0.05607261,2,1000,0.48,6.7196919e-06,6.3662845e-07,2.0131959e-07,10
3.815,0.05607261,2,1000,0.52,6.2859725e-06,6.3797218e-07,2.0174452e-07,10
3.815,0.05607261,2,1000,0.56,5.9193179e-06,6.3912966e-07,2.0211055e-07,10
3.815,0.05607261,2,1000,0.6,5.622717e-06,6.4004514e-07,2.0240004e-07,10
3.815,0.05607261,2,1000,0.64,5.4125228e-06,6.4058505e-07,2.0257078e-07,10
3.815,0.05607261,2,1000,0.72,5.1495905e-06,6.4086313e-07,2.0265872e-07,10
3.815,0.05607261,2,1000,0.8,5.0974418e-06,6.3977708e-07,2.0231528e-07,10
3.815,0.05607261,2,1000,0.88,5.1843803e-06,6.3734296e-07,2.0154554e-07,10
3.815,0.05607261,2,1000,0.96,5.3352424e-06,6.3368273e-07,2.0038807e-07,10
3.815,0.05607261,2,1000,1.04,5.4860047e-06,6.2903278e-07,1.9891763e-07,10
3.815,0.05607261,2,1000,1.12,5.5932346e-06,6.237526e-07,1.9724789e-07,10
3.815,0.05607261,2,1000,1.2,5.6377181e-06,6.1830913e-07,1.9552651e-07,10
3.815,0.05607261,2,1000,1.28,5.6130206e-06,6.1336629e-07,1.9396345e-07,10
3.815,0.05607261,2,1000,1.44,5.5097115e-06,6.0586941e-07,1.9159273e-07,10
3.815,0.05607261,2,1000,1.6,5.4715683e-06,6.024641e-07,1.9051588e-07,10
3.815,0.05607261,2,1000,1.76,5.6167476e-06,6.0264041e-07,1.9057163e-07,10
3.815,0.05607261,2,1000,1.92,5.8790067e-06,6.0627814e-07,1.9172198e-07,10
3.815,0.05607261,2,1000,2.08,6.0851211e-06,6.1303288e-07,1.9385802e-07,10
3.815,0.05607261,2,1000,2.24,6.1188154e-06,6.2123034e-07,1.9645028e-07,10
3.815,0.05607261,2,1000,2.4,6.0143361e-06,6.2805839e-07,1.986095e-07,10
3.815,0.05607261,2,1000,2.56,5.9237127e-06,6.295547e-07,1.9908267e-07,10
3.815,0.05607261,2,1000,2.88,5.9243249e-06,6.25465e-07,1.977894e-07,10
3.815,0.05607261,2,1000,3.2,5.9198181e-06,6.1977943e-07,1.9599147e-07,10
3.815,0.05607261,2,1000,3.52,5.7622942e-06,6.1696385e-07,1.951011e-07,10
3.815,0.05607261,2,1000,3.84,5.7586348e-06,6.1661841e-07,1.9499186e-07,10
3.815,0.05607261,2,1000,4.16,5.703771e-06,6.140491e-07,1.9417937e-07,10
3.815,0.05607261,2,1000,4.48,5.3174336e-06,6.1371089e-07,1.9407242e-07,10
3.815,0.05607261,2,1000,4.8,5.0578002e-06,6.2488927e-07,1.9760734e-07,10
3.815,0.05607261,2,1000,5.12,5.2261322e-06,6.3382135e-07,2.0043191e-07,10
3.815,0.05607261,2,1000,5.76,5.4233458e-06,6.3362814e-07,2.0037081e-07,10
3.815,0.05607261,2,1000,6.4,5.2674056e-06,6.0144609e-07,1.9019395e-07,10
3.815,0.05607261,2,1000,7.04,5.1687805e-06,6.2477106e-07,1.9756996e-07,10
3.815,0.05607261,2,1000,7.68,5.0301534e-06,6.0321049e-07,1.9075191e-07,10
3.815,0.05607261,2,1000,8.32,4.9846545e-06,5.9490212e-07,1.8812457e-07,10
3.815,0.05607261,2,1000,8.96,4.9197845e-06,6.2486896e-07,1.9760092e-07,10
3.815,0.05607261,2,1000,9.6,4.8889068e-06,6.0877673e-07,1.9251211e-07,10
3.815,0.05607261,2,1000,10.24,4.7582601e-06,6.0646627e-07,1.9178147e-07,10
3.815,0.05607261,2,1000,11.52,4.6213472e-06,6.0521971e-07,1.9138728e-07,10
3.815,0.05607261,2,1000,12.8,4.4874513e-06,5.6991052e-07,1.8022153e-07,10
3.815,0.05607261,2,1000,14.08,4.3584623e-06,5.7072773e-07,1.8047995e-07,10
3.815,0.05607261,2,1000,15.36,4.2221721e-06,5.6572875e-07,1.7889914e-07,10
3.815,0.05607261,2,1000,16.64,4.0947642e-06,5.575902e-07,1.763255e-07,10
3.815,0.05607261,2,1000,17.92,3.9907573e-06,5.712634e-07,1.8064935e-07,10
3.815,0.05607261,2,1000,19.2,3.873685e-06,5.6435199e-07,1.7846377e-07,10
3.815,0.05607261,2,1000,20.48,3.760296e-06,5.5713694e-07,1.7618217e-07,10
3.815,0.05607261,2,1000,23.04,3.5487699e-06,5.367889e-07,1.6974755e-07,10
3.815,0.05607261,2,1000,25.6,3.3578938e-06,5.3381694e-07,1.6880774e-07,10
3.815,0.05607261,2,1000,28.16,3.1732642e-06,5.0864673e-07,1.6084822e-07,10
3.815,0.05607261,2,1000,30.72,2.9866859e-06,4.9303609e-07,1.559117e-07,10
3.815,0.05607261,2,1000,33.28,2.8196663e-06,4.7528705e-07,1.5029896e-07,10
3.815,0.05607261,2,1000,35.84,2.6931225e-06,4.5439545e-07,1.4369246e-07,10
3.815,0.05607261,2,1000,38.4,2.540283e-06,4.4619913e-07,1.4110056e-07,10
3.815,0.05607261,2,1000,40.96,2.4193045e-06,4.3173541e-07,1.3652672e-07,10
3.815,0.05607261,2,1000,46.08,2.1653515e-06,4.0139408e-07,1.2693195e-07,10
3.815,0.05607261,2,1000,51.2,1.9326242e-06,3.8132573e-07,1.2058578e-07,10
3.815,0.05607261,2,1000,56.32,1.7401294e-06,3.6245796e-07,1.1461927e-07,10
3.815,0.05607261,2,1000,61.44,1.5819466e-06,3.6678742e-07,1.1598837e-07,10
3.815,0.05607261,2,1000,66.56,1.4377721e-06,3.75166e-07,1.1863791e-07,10
3.815,0.05607261,2,1000,71.68,1.3024133e-06,3.8064293e-07,1.2036986e-07,10
3.815,0.05607261,2,1000,76.8,1.1564477e-06,4.0414193e-07,1.278009e-07,10
3.815,0.05607261,2,1000,81.92,1.0560596e-06,4.2590957e-07,1.3468443e-07,10
3.815,0.05607261,2,1000,92.16,8.4578101e-07,4.8027598e-07,1.518766e-07,10
3.815,0.05607261,2,1000,102.4,6.7785811e-07,5.4093358e-07,1.7105822e-07,10
3.815,0.05607261,2,1000,112.64,5.3099923e-07,5.6948899e-07,1.8008823e-07,10
3.815,0.05607261,2,1000,122.88,4.2318659e-07,5.5699404e-07,1.7613698e-07,10
3.815,0.05607261,2,1000,133.12,3.5064848e-07,5.3055884e-07,1.6777744e-07,10
3.815,0.05607261,2,1000,143.36,2.5377748e-07,4.7799934e-07,1.5115666e-07,10
3.815,0.05607261,2,1000,153.6,1.8649972e-07,4.1505313e-07,1.3125132e-07,10
3.815,0.05607261,2,1000,163.84,1.6066669e-07,3.6864004e-07,1.1657422e-07,10
3.815,0.05607261,2,1000,184.32,1.8167012e-07,3.5355605e-07,1.1180424e-07,10
3.815,0.05607261,2,1000,204.8,2.2780968e-07,3.9297288e-07,1.2426894e-07,10
3.815,0.05607261,2,1000,225.28,2.2138422e-07,3.9527431e-07,1.2499671e-07,10
3.815,0.05607261,2,1000,245.76,2.0609214e-07,4.0110272e-07,1.2683982e-07,10
3.815,0.05607261,2,1000,266.24,1.532201e-07,3.5202749e-07,1.1132087e-07,10
3.815,0.05607261,2,1000,286.72,2.1509197e-07,3.1331222e-07,9.9078022e-08,10
3.815,0.05607261,2,1000,307.2,1.8945477e-07,3.2898226e-07,1.0403332e-07,10
3.815,0.05607261,2,1000,327.68,1.2731619e-07,3.6466395e-07,1.1531687e-07,10
3.815,0.05607261,2,1000,368.64,4.4146732e-08,3.8324676e-07,1.2119327e-07,10
3.815,0.05607261,2,1000,409.6,1.0122728e-07,4.0169838e-07,1.2702818e-07,10
3.815,0.05607261,2,1000,450.56,1.1570128e-07,3.7877752e-07,1.1977997e-07,10
3.815,0.05607261,2,1000,491.52,3.5947418e-08,2.7319552e-07,8.6392008e-08,10
3.815,0.05607261,2,1000,532.48,-8.4224109e-09,4.3688241e-07,1.3815435e-07,10
3.815,0.05607261,2,1000,573.44,1.8143552e-08,4.6436303e-07,1.4684448e-07,10
3.815,0.05607261,2,1000,614.4,2.2505552e-08,3.9232536e-07,1.2406417e-07,10
3.815,0.05607261,2,1000,655.36,1.0037638e-07,2.6657767e-07,8.429926e-08,10
3.815,0.05607261,2,1000,737.28,-5.988207e-09,2.913236e-07,9.2124612e-08,10
3.815,0.05607261,2,1000,819.2,-1.7198663e-07,2.3603364e-07,7.4640389e-08,10
3.815,0.05607261,2,1000,901.12,-1.8279355e-07,2.9531804e-07,9.3387764e-08,10
3.815,0.05607261,2,1000,983.04,-9.5072828e-08,4.3345519e-07,1.3707057e-07,10
3.815,0.05607261,2,1000,1064.96,-3.4389102e-08,3.8414766e-07,1.2147816e-07,10
3.815,0.05607261,2,1000,1146.88,7.758863e-08,2.5836002e-07,8.1700613e-08,10
3.815,0.05607261,2,1000,1228.8,8.5591118e-08,3.4519195e-07,1.0915928e-07,10
3.815,0.05607261,2,1000,1310.72,1.2190793e-07,2.7873922e-07,8.8145082e-08,10
3.815,0.05607261,2,1000,1474.56,-3.186962e-08,2.9342102e-07,9.2787875e-08,10
3.815,0.05607261,2,1000,1638.4,3.3873758e-08,5.5635476e-07,1.7593482e-07,10
3.815,0.05607261,2,1000,1802.24,-6.8459406e-08,2.7331425e-07,8.6429555e-08,10
3.815,0.05607261,2,1000,1966.08,5.0522085e-08,2.7519065e-07,8.7022924e-08,10
3.815,0.05607261,2,1000,2129.92,3.5127297e-08,3.3523541e-07,1.0601075e-07,10
3.815,0.05607261,2,1000,2293.76,1.1152507e-07,3.3998566e-07,1.0751291e-07,10
3.815,0.05607261,2,1000,2457.6,2.4455809e-07,3.977104e-07,1.2576707e-07,10
3.815,0.05607261,2,1000,2621.44,4.3442944e-08,3.5282426e-07,1.1157283e-07,10
3.815,0.05607261,2,1000,2949.12,1.1227544e-07,4.3120302e-07,1.3635837e-07,10
3.815,0.05607261,2,1000,3276.8,-7.2465298e-08,2.3680861e-07,7.4885458e-08,10
3.815,0.05607261,2,1000,3604.48,-8.5300576e-08,2.341951e-07,7.4058994e-08,10
3.815,0.05607261,2,1000,3932.16,-1.0104811e-07,1.92162e-07,6.0766959e-08,10
3.815,0.05607261,2,1000,4259.84,-2.7532767e-08,2.2299321e-07,7.0516646e-08,10
3.815,0.05607261,2,1000,4587.52,1.0524985e-07,5.2703767e-07,1.6666394e-07,10
3.815,0.05607261,2,1000,4915.2,1.5195236e-07,2.5045837e-07,7.920189e-08,10
3.815,0.05607261,2,1000,5242.88,2.6858964e-07,1.7074978e-07,5.399582e-08,10
3.815,0.05607261,2,1000,5898.24,-2.214261e-08,3.8442731e-07,1.2156659e-07,10
3.815,0.05607261,2,1000,6553.6,-6.6290164e-08,4.9001514e-07,1.5495639e-07,10
3.815,0.05607261,2,1000,7208.96,-1.0421947e-07,3.1332727e-07,9.9082784e-08,10
3.815,0.05607261,2,1000,7864.32,1.7633541e-07,4.255355e-07,1.3456614e-07,10
3.815,0.05607261,2,1000,8519.68,-1.3137061e-08,6.6621404e-07,2.1067538e-07,10
3.815,0.05607261,2,1000,9175.04,4.6334179e-07,9.57203e-07,3.0269417e-07,10
3.815,0.03205711,2,1000,0,5.1004395e-06,3.2093169e-07,1.0148751e-07,10
3.815,0.03205711,2,1000,0.01,5.098812e-06,3.2092847e-07,1.0148649e-07,10
3.815,0.03205711,2,1000,0.02,5.0939536e-06,3.2091964e-07,1.014837e-07,10
3.815,0.03205711,2,1000,0.03,5.0858779e-06,3.2090527e-07,1.0147916e-07,10
3.815,0.03205711,2,1000,0.04,5.0746065e-06,3.2088545e-07,1.0147289e-07,10
3.815,0.03205711,2,1000,0.05,5.0601694e-06,3.2086032e-07,1.0146494e-07,10
3.815,0.03205711,2,1000,0.06,5.0426043e-06,3.2083005e-07,1.0145537e-07,10
3.815,0.03205711,2,1000,0.07,5.0219567e-06,3.2079483e-07,1.0144423e-07,10
3.815,0.03205711,2,1000,0.08,4.99828e-06,3.2075489e-07,1.014316e-07,10
3.815,0.03205711,2,1000,0.09,4.9716347e-06,3.2071048e-07,1.0141756e-07,10
3.815,0.03205711,2,1000,0.1,4.9420883e-06,3.2066191e-07,1.014022e-07,10
3.815,0.03205711,2,1000,0.11,4.909715e-06,3.2060949e-07,1.0138562e-07,10
3.815,0.03205711,2,1000,0.12,4.8745957e-06,3.2055358e-07,1.0136794e-07,10
3.815,0.03205711,2,1000,0.13,4.8368171e-06,3.2049455e-07,1.0134928e-07,10
3.815,0.03205711,2,1000,0.14,4.7964721e-06,3.2043276e-07,1.0132974e-07,10
3.815,0.03205711,2,1000,0.15,4.7536587e-06,3.2036862e-07,1.0130945e-07,10
3.815,0.03205711,2,1000,0.16,4.707916e-06,3.2030204e-07,1.012884e-07,10
3.815,0.03205711,2,1000,0.18,4.6109578e-06,3.2016606e-07,1.012454e-07,10
3.815,0.03205711,2,1000,0.2,4.5058948e-06,3.2002766e-07,1.0120163e-07,10
3.815,0.03205711,2,1000,0.22,4.3936996e-06,3.1989039e-07,1.0115822e-07,10
3.815,0.03205711,2,1000,0.24,4.275391e-06,3.1975782e-07,1.011163e-07,10
3.815,0.03205711,2,1000,0.26,4.1520215e-06,3.1963343e-07,1.0107697e-07,10
3.815,0.03205711,2,1000,0.28,4.0246646e-06,3.1952048e-07,1.0104125e-07,10
3.815,0.03205711,2,1000,0.3,3.8944028e-06,3.1942199e-07,1.010101e-07,10
3.815,0.03205711,2,1000,0.32,3.7621304e-06,3.1934225e-07,1.0098489e-07,10
3.815,0.03205711,2,1000,0.36,3.4972224e-06,3.1924063e-07,1.0095275e-07,10
3.815,0.03205711,2,1000,0.4,3.2373449e-06,3.1922975e-07,1.0094931e-07,10
3.815,0.03205711,2,1000,0.44,2.9899002e-06,3.1931551e-07,1.0097643e-07,10
3.815,0.03205711,2,1000,0.48,2.7613039e-06,3.1949621e-07,1.0103357e-07,10
3.815,0.03205711,2,1000,0.52,2.5567839e-06,3.1976294e-07,1.0111792e-07,10
3.815,0.03205711,2,1000,0.56,2.380248e-06,3.2010086e-07,1.0122478e-07,10
3.815,0.03205711,2,1000,0.6,2.234223e-06,3.2049043e-07,1.0134797e-07,10
3.815,0.03205711,2,1000,0.64,2.1277336e-06,3.2090907e-07,1.0148036e-07,10
3.815,0.03205711,2,1000,0.72,1.9912167e-06,3.2172537e-07,1.017385e-07,10
3.815,0.03205711,2,1000,0.8,1.9640714e-06,3.2237144e-07,1.019428e-07,10
3.815,0.03205711,2,1000,0.88,2.0188419e-06,3.2268322e-07,1.0204139e-07,10
3.815,0.03205711,2,1000,0.96,2.1215066e-06,3.225432e-07,1.0199711e-07,10
3.815,0.03205711,2,1000,1.04,2.2380596e-06,3.2189531e-07,1.0179223e-07,10
3.815,0.03205711,2,1000,1.12,2.3399983e-06,3.207573e-07,1.0143236e-07,10
3.815,0.03205711,2,1000,1.2,2.4080424e-06,3.1922534e-07,1.0094792e-07,10
3.815,0.03205711,2,1000,1.28,2.4237048e-06,3.1746503e-07,1.0039126e-07,10
3.815,0.03205711,2,1000,1.44,2.3709216e-06,3.1440727e-07,9.9424309e-08,10
3.815,0.03205711,2,1000,1.6,2.2600288e-06,3.1343896e-07,9.9118102e-08,10
3.815,0.03205711,2,1000,1.76,2.1940574e-06,3.1557786e-07,9.979448e-08,10
3.815,0.03205711,2,1000,1.92,2.204397e-06,3.1968699e-07,1.010939e-07,10
3.815,0.03205711,2,1000,2.08,2.2412149e-06,3.2279809e-07,1.0207772e-07,10
3.815,0.03205711,2,1000,2.24,2.2375014e-06,3.2231953e-07,1.0192639e-07,10
3.815,0.03205711,2,1000,2.4,2.178762e-06,3.1822384e-07,1.0063121e-07,10
3.815,0.03205711,2,1000,2.56,2.1298784e-06,3.1353122e-07,9.9147277e-08,10
3.815,0.03205711,2,1000,2.88,2.2097326e-06,3.1106514e-07,9.8367434e-08,10
3.815,0.03205711,2,1000,3.2,2.4507304e-06,3.1556869e-07,9.9791582e-08,10
3.815,0.03205711,2,1000,3.52,2.5345833e-06,3.1580157e-07,9.9865225e-08,10
3.815,0.03205711,2,1000,3.84,2.5167309e-06,3.18091e-07,1.0058921e-07,10
3.815,0.03205711,2,1000,4.16,2.503637e-06,3.2742354e-07,1.0354042e-07,10
3.815,0.03205711,2,1000,4.48,2.3411077e-06,3.3116995e-07,1.0472513e-07,10
3.815,0.03205711,2,1000,4.8,2.1525765e-06,3.2834155e-07,1.0383072e-07,10
3.815,0.03205711,2,1000,5.12,2.1998849e-06,3.2529284e-07,1.0286663e-07,10
3.815,0.03205711,2,1000,5.76,2.1582001e-06,3.0827537e-07,9.748523e-08,10
3.815,0.03205711,2,1000,6.4,2.0807444e-06,3.1550293e-07,9.9770788e-08,10
3.815,0.03205711,2,1000,7.04,2.2081089e-06,3.1629402e-07,1.0002095e-07,10
3.815,0.03205711,2,1000,7.68,2.1947114e-06,3.2185856e-07,1.0178061e-07,10
3.815,0.03205711,2,1000,8.32,2.1566849e-06,3.244129e-07,1.0258837e-07,10
3.815,0.03205711,2,1000,8.96,2.0948783e-06,3.2017784e-07,1.0124912e-07,10
3.815,0.03205711,2,1000,9.6,2.0583778e-06,3.1535242e-07,9.972319e-08,10
3.815,0.03205711,2,1000,10.24,2.0447469e-06,3.2424502e-07,1.0253528e-07,10
3.815,0.03205711,2,1000,11.52,2.0324292e-06,3.2355965e-07,1.0231855e-07,10
3.815,0.03205711,2,1000,12.8,1.9686037e-06,3.2221168e-07,1.0189228e-07,10
3.815,0.03205711,2,1000,14.08,1.9335724e-06,3.3063481e-07,1.0455591e-07,10
3.815,0.03205711,2,1000,15.36,1.9004443e-06,3.3148489e-07,1.0482473e-07,10
3.815,0.03205711,2,1000,16.64,1.8580744e-06,3.197408e-07,1.0111092e-07,10
3.815,0.03205711,2,1000,17.92,1.8199981e-06,3.2467353e-07,1.0267079e-07,10
3.815,0.03205711,2,1000,19.2,1.7893426e-06,3.283643e-07,1.0383791e-07,10
3.815,0.03205711,2,1000,20.48,1.7558313e-06,3.2110534e-07,1.0154242e-07,10
3.815,0.03205711,2,1000,23.04,1.6874625e-06,3.1758035e-07,1.0042772e-07,10
3.815,0.03205711,2,1000,25.6,1.6259415e-06,3.2111701e-07,1.0154611e-07,10
3.815,0.03205711,2,1000,28.16,1.5709982e-06,3.1704527e-07,1.0025852e-07,10
3.815,0.03205711,2,1000,30.72,1.5094017e-06,3.1774097e-07,1.0047852e-07,10
3.815,0.03205711,2,1000,33.28,1.4646671e-06,3.1501556e-07,9.9616667e-08,10
3.815,0.03205711,2,1000,35.84,1.4067785e-06,3.0663892e-07,9.6967741e-08,10
3.815,0.03205711,2,1000,38.4,1.3663463e-06,2.9608273e-07,9.362958e-08,10
3.815,0.03205711,2,1000,40.96,1.317895e-06,2.8965408e-07,9.1596662e-08,10
3.815,0.03205711,2,1000,46.08,1.2340561e-06,2.7760896e-07,8.7787661e-08,10
3.815,0.03205711,2,1000,51.2,1.1497174e-06,2.6191531e-07,8.2824893e-08,10
3.815,0.03205711,2,1000,56.32,1.0691766e-06,2.5049327e-07,7.9212926e-08,10
3.815,0.03205711,2,1000,61.44,1.0021016e-06,2.3958552e-07,7.5763595e-08,10
3.815,0.03205711,2,1000,66.56,9.3652399e-07,2.2469868e-07,7.1055961e-08,10
3.815,0.03205711,2,1000,71.68,8.7761836e-07,2.1013679e-07,6.6451087e-08,10
3.815,0.03205711,2,1000,76.8,8.252457e-07,2.0465654e-07,6.4718081e-08,10
3.815,0.03205711,2,1000,81.92,7.7493257e-07,2.0054696e-07,6.3418517e-08,10
3.815,0.03205711,2,1000,92.16,6.7736004e-07,1.9312751e-07,6.1072281e-08,10
3.815,0.03205711,2,1000,102.4,5.8725524e-07,1.8414829e-07,5.8232803e-08,10
3.815,0.03205711,2,1000,112.64,5.065343e-07,1.8234597e-07,5.7662858e-08,10
3.815,0.03205711,2,1000,122.88,4.3222541e-07,1.7591697e-07,5.5629829e-08,10
3.815,0.03205711,2,1000,133.12,3.7291535e-07,1.654779e-07,5.2328707e-08,10
3.815,0.03205711,2,1000,143.36,3.2063597e-07,1.4868597e-07,4.7018633e-08,10
3.815,0.03205711,2,1000,153.6,2.7964364e-07,1.4185848e-07,4.4859591e-08,10
3.815,0.03205711,2,1000,163.84,2.512612e-07,1.3881322e-07,4.3896595e-08,10
3.815,0.03205711,2,1000,184.32,2.2628006e-07,1.4543298e-07,4.5989946e-08,10
3.815,0.03205711,2,1000,204.8,1.9976332e-07,1.5235915e-07,4.8180193e-08,10
3.815,0.03205711,2,1000,225.28,1.6921477e-07,1.6011759e-07,5.0633628e-08,10
3.815,0.03205711,2,1000,245.76,1.5057511e-07,1.45094e-07,4.588275e-08,10
3.815,0.03205711,2,1000,266.24,1.3433602e-07,1.5076002e-07,4.7674505e-08,10
3.815,0.03205711,2,1000,286.72,1.076038e-07,1.3840829e-07,4.3768544e-08,10
3.815,0.03205711,2,1000,307.2,8.63836e-08,1.4678333e-07,4.6416963e-08,10
3.815,0.03205711,2,1000,327.68,8.6531935e-08,1.7085713e-07,5.4029768e-08,10
3.815,0.03205711,2,1000,368.64,7.1215546e-08,2.4498176e-07,7.7470033e-08,10
3.815,0.03205711,2,1000,409.6,7.6581622e-08,2.6130922e-07,8.263323e-08,10
3.815,0.03205711,2,1000,450.56,7.6185025e-08,2.6816587e-07,8.4801493e-08,10
3.815,0.03205711,2,1000,491.52,7.8834044e-08,2.849572e-07,9.0111379e-08,10
3.815,0.03205711,2,1000,532.48,8.3935228e-08,2.729658e-07,8.6319367e-08,10
3.815,0.03205711,2,1000,573.44,6.04317e-08,2.4319099e-07,7.6903744e-08,10
3.815,0.03205711,2,1000,614.4,3.5979119e-08,2.116463e-07,6.6928435e-08,10
3.815,0.03205711,2,1000,655.36,4.3829396e-09,1.8702354e-07,5.9142037e-08,10
3.815,0.03205711,2,1000,737.28,-5.1178575e-09,1.9574589e-07,6.1900285e-08,10
3.815,0.03205711,2,1000,819.2,3.4582526e-08,2.3032401e-07,7.2834848e-08,10
3.815,0.03205711,2,1000,901.12,1.3212582e-08,2.0722991e-07,6.5531852e-08,10
3.815,0.03205711,2,1000,983.04,2.8020655e-08,1.725824e-07,5.4575347e-08,10
3.815,0.03205711,2,1000,1064.96,1.1379195e-08,1.4089022e-07,4.45534e-08,10
3.815,0.03205711,2,1000,1146.88,1.9167475e-08,1.6536829e-07,5.2294046e-08,10
3.815,0.03205711,2,1000,1228.8,6.2626646e-08,2.3075849e-07,7.2972242e-08,10
3.815,0.03205711,2,1000,1310.72,4.5416503e-08,1.8007288e-07,5.6944044e-08,10
3.815,0.03205711,2,1000,1474.56,8.5762307e-08,7.6419828e-08,2.4166071e-08,10
3.815,0.03205711,2,1000,1638.4,3.248158e-08,2.1669111e-07,6.8523745e-08,10
3.815,0.03205711,2,1000,1802.24,-4.704089e-08,1.5859018e-07,5.015062e-08,10
3.815,0.03205711,2,1000,1966.08,-2.8269463e-08,1.8441247e-07,5.8316345e-08,10
3.815,0.03205711,2,1000,2129.92,-6.4182522e-08,2.5545136e-07,8.0780813e-08,10
3.815,0.03205711,2,1000,2293.76,-1.2346575e-07,2.1797465e-07,6.8929636e-08,10
3.815,0.03205711,2,1000,2457.6,-3.2172358e-08,1.5723294e-07,4.972142e-08,10
3.815,0.03205711,2,1000,2621.44,-1.1657771e-08,2.0171744e-07,6.3788655e-08,10
3.815,0.03205711,2,1000,2949.12,-4.672651e-08,1.9870814e-07,6.283703e-08,10
3.815,0.03205711,2,1000,3276.8,7.1104028e-09,2.0468758e-07,6.4727896e-08,10
3.815,0.03205711,2,1000,3604.48,-5.9593277e-08,1.905715e-07,6.0264e-08,10
3.815,0.03205711,2,1000,3932.16,-9.6593978e-08,3.4732943e-07,1.0983521e-07,10
3.815,0.03205711,2,1000,4259.84,-5.8478017e-08,2.1764423e-07,6.8825147e-08,10
3.815,0.03205711,2,1000,4587.52,6.2779277e-09,1.5504112e-07,4.9028308e-08,10
3.815,0.03205711,2,1000,4915.2,-6.2547155e-08,1.9718797e-07,6.2356311e-08,10
3.815,0.03205711,2,1000,5242.88,-2.9803016e-08,2.1188514e-07,6.7003964e-08,10
3.815,0.03205711,2,1000,5898.24,-2.4773146e-08,1.9974921e-07,6.3166248e-08,10
3.815,0.03205711,2,1000,6553.6,3.3085909e-08,9.6533551e-08,3.0526589e-08,10
3.815,0.03205711,2,1000,7208.96,-3.4185082e-08,3.6674354e-07,1.1597449e-07,10
3.815,0.03205711,2,1000,7864.32,1.4782432e-07,2.517886e-07,7.9622545e-08,10
3.815,0.03205711,2,1000,8519.68,-7.0951815e-08,3.3756193e-07,1.0674645e-07,10
3.815,0.03205711,2,1000,9175.04,1.0691935e-08,2.7848632e-07,8.8065106e-08,10
3.815,0.02008463,2,1000,0,2.3472768e-06,1.6652671e-07,5.2660368e-08,10
3.815,0.02008463,2,1000,0.01,2.3464808e-06,1.6651917e-07,5.2657986e-08,10
3.815,0.02008463,2,1000,0.02,2.3441043e-06,1.6649783e-07,5.2651236e-08,10
3.815,0.02008463,2,1000,0.03,2.3401533e-06,1.6646272e-07,5.2640135e-08,10
3.815,0.02008463,2,1000,0.04,2.3346369e-06,1.6641394e-07,5.262471e-08,10
3.815,0.02008463,2,1000,0.05,2.327568e-06,1.663516e-07,5.2604996e-08,10
3.815,0.02008463,2,1000,0.06,2.3189629e-06,1.6627585e-07,5.2581042e-08,10
3.815,0.02008463,2,1000,0.07,2.3088416e-06,1.6618687e-07,5.2552904e-08,10
3.815,0.02008463,2,1000,0.08,2.2972272e-06,1.6608488e-07,5.252065e-08,10
3.815,0.02008463,2,1000,0.09,2.2841462e-06,1.6597011e-07,5.2484357e-08,10
3.815,0.02008463,2,1000,0.1,2.2696284e-06,1.6584284e-07,5.2444111e-08,10
3.815,0.02008463,2,1000,0.11,2.2537067e-06,1.6570338e-07,5.2400008e-08,10
3.815,0.02008463,2,1000,0.12,2.236417e-06,1.6555204e-07,5.2352153e-08,10
3.815,0.02008463,2,1000,0.13,2.2177979e-06,1.653892e-07,5.2300659e-08,10
3.815,0.02008463,2,1000,0.14,2.197891e-06,1.6521524e-07,5.2245645e-08,10
3.815,0.02008463,2,1000,0.15,2.1767406e-06,1.6503054e-07,5.218724e-08,10
3.815,0.02008463,2,1000,0.16,2.1541061e-06,1.6483303e-07,5.2124781e-08,10
3.815,0.02008463,2,1000,0.18,2.1060446e-06,1.6441423e-07,5.1992344e-08,10
3.815,0.02008463,2,1000,0.2,2.0538133e-06,1.6395994e-07,5.1848687e-08,10
3.815,0.02008463,2,1000,0.22,1.9978601e-06,1.634743e-07,5.1695111e-08,10
3.815,0.02008463,2,1000,0.24,1.9386587e-06,1.6296164e-07,5.1532996e-08,10
3.815,0.02008463,2,1000,0.26,1.8767028e-06,1.6242656e-07,5.1363789e-08,10
3.815,0.02008463,2,1000,0.28,1.8125009e-06,1.6187373e-07,5.1188967e-08,10
3.815,0.02008463,2,1000,0.3,1.7465712e-06,1.6130792e-07,5.1010043e-08,10
3.815,0.02008463,2,1000,0.32,1.6792633e-06,1.6073067e-07,5.0827502e-08,10
3.815,0.02008463,2,1000,0.36,1.5437071e-06,1.5957998e-07,5.0463622e-08,10
3.815,0.02008463,2,1000,0.4,1.4094487e-06,1.5845262e-07,5.0107119e-08,10
3.815,0.02008463,2,1000,0.44,1.280285e-06,1.5738345e-07,4.9769015e-08,10
3.815,0.02008463,2,1000,0.48,1.1596247e-06,1.5640402e-07,4.9459294e-08,10
3.815,0.02008463,2,1000,0.52,1.0503775e-06,1.5554176e-07,4.9186623e-08,10
3.815,0.02008463,2,1000,0.56,9.5487171e-07,1.5481942e-07,4.8958198e-08,10
3.815,0.02008463,2,1000,0.6,8.7479963e-07,1.5425471e-07,4.8779622e-08,10
3.815,0.02008463,2,1000,0.64,8.1540494e-07,1.5390303e-07,4.8668411e-08,10
3.815,0.02008463,2,1000,0.72,7.3820609e-07,1.5364769e-07,4.8587666e-08,10
3.815,0.02008463,2,1000,0.8,7.2310097e-07,1.540876e-07,4.8726777e-08,10
3.815,0.02008463,2,1000,0.88,7.5821692e-07,1.5514362e-07,4.9060719e-08,10
3.815,0.02008463,2,1000,0.96,8.2665259e-07,1.5667423e-07,4.9544742e-08,10
3.815,0.02008463,2,1000,1.04,9.0965149e-07,1.5849695e-07,5.0121135e-08,10
3.815,0.02008463,2,1000,1.12,9.8963218e-07,1.6041396e-07,5.0727347e-08,10
3.815,0.02008463,2,1000,1.2,1.0526595e-06,1.6223858e-07,5.1304345e-08,10
3.815,0.02008463,2,1000,1.28,1.0829487e-06,1.6371211e-07,5.1770316e-08,10
3.815,0.02008463,2,1000,1.44,1.0773689e-06,1.657149e-07,5.2403653e-08,10
3.815,0.02008463,2,1000,1.6,9.9961211e-07,1.6605675e-07,5.2511756e-08,10
3.815,0.02008463,2,1000,1.76,9.1325374e-07,1.6499117e-07,5.2174789e-08,10
3.815,0.02008463,2,1000,1.92,8.6006093e-07,1.6318067e-07,5.1602258e-08,10
3.815,0.02008463,2,1000,2.08,8.3657209e-07,1.6158623e-07,5.1098053e-08,10
3.815,0.02008463,2,1000,2.24,8.1374413e-07,1.6120838e-07,5.0978566e-08,10
3.815,0.02008463,2,1000,2.4,7.7423248e-07,1.6247327e-07,5.1378558e-08,10
3.815,0.02008463,2,1000,2.56,7.3931881e-07,1.6465609e-07,5.2068828e-08,10
3.815,0.02008463,2,1000,2.88,7.7415299e-07,1.6677185e-07,5.2737891e-08,10
3.815,0.02008463,2,1000,3.2,9.5118917e-07,1.6307366e-07,5.1568418e-08,10
3.815,0.02008463,2,1000,3.52,1.0496744e-06,1.5833553e-07,5.0070091e-08,10
3.815,0.02008463,2,1000,3.84,1.025668e-06,1.5980371e-07,5.053437e-08,10
3.815,0.02008463,2,1000,4.16,1.032822e-06,1.6372234e-07,5.1773551e-08,10
3.815,0.02008463,2,1000,4.48,1.0440336e-06,1.6289626e-07,5.1512321e-08,10
3.815,0.02008463,2,1000,4.8,1.0034e-06,1.5921003e-07,5.0346631e-08,10
3.815,0.02008463,2,1000,5.12,1.0145288e-06,1.5817561e-07,5.001952e-08,10
3.815,0.02008463,2,1000,5.76,9.3809524e-07,1.6192689e-07,5.1205778e-08,10
3.815,0.02008463,2,1000,6.4,8.2633712e-07,1.619771e-07,5.1221657e-08,10
3.815,0.02008463,2,1000,7.04,8.5919653e-07,1.5946307e-07,5.0426649e-08,10
3.815,0.02008463,2,1000,7.68,8.4498312e-07,1.5794811e-07,4.9947579e-08,10
3.815,0.02008463,2,1000,8.32,9.1432554e-07,1.615757e-07,5.1094723e-08,10
3.815,0.02008463,2,1000,8.96,9.3506683e-07,1.5338751e-07,4.8505388e-08,10
3.815,0.02008463,2,1000,9.6,9.1996838e-07,1.6088364e-07,5.0875875e-08,10
3.815,0.02008463,2,1000,10.24,8.8436231e-07,1.5790356e-07,4.9933491e-08,10
3.815,0.02008463,2,1000,11.52,8.3440187e-07,1.5911706e-07,5.0317234e-08,10
3.815,0.02008463,2,1000,12.8,8.4960229e-07,1.6055937e-07,5.0773331e-08,10
3.815,0.02008463,2,1000,14.08,8.4382734e-07,1.5988269e-07,5.0559347e-08,10
3.815,0.02008463,2,1000,15.36,8.1020747e-07,1.6021229e-07,5.0663575e-08,10
3.815,0.02008463,2,1000,16.64,8.022304e-07,1.6264337e-07,5.1432349e-08,10
3.815,0.02008463,2,1000,17.92,7.9783323e-07,1.6186118e-07,5.1184998e-08,10
3.815,0.02008463,2,1000,19.2,7.7982035e-07,1.5930633e-07,5.0377084e-08,10
3.815,0.02008463,2,1000,20.48,7.6670528e-07,1.6180742e-07,5.1167998e-08,10
3.815,0.02008463,2,1000,23.04,7.5170686e-07,1.5664662e-07,4.9536012e-08,10
3.815,0.02008463,2,1000,25.6,7.2584331e-07,1.5670871e-07,4.9555644e-08,10
3.815,0.02008463,2,1000,28.16,7.0896814e-07,1.5657395e-07,4.951303e-08,10
3.815,0.02008463,2,1000,30.72,6.8987918e-07,1.5609441e-07,4.9361385e-08,10
3.815,0.02008463,2,1000,33.28,6.7148541e-07,1.5665916e-07,4.9539976e-08,10
3.815,0.02008463,2,1000,35.84,6.5322219e-07,1.5207191e-07,4.8089361e-08,10
3.815,0.02008463,2,1000,38.4,6.3717151e-07,1.5297278e-07,4.837424e-08,10
3.815,0.02008463,2,1000,40.96,6.2305677e-07,1.4783452e-07,4.674938e-08,10
3.815,0.02008463,2,1000,46.08,5.9187635e-07,1.4429234e-07,4.5629246e-08,10
3.815,0.02008463,2,1000,51.2,5.6444768e-07,1.4139876e-07,4.4714214e-08,10
3.815,0.02008463,2,1000,56.32,5.3750295e-07,1.3596852e-07,4.2997022e-08,10
3.815,0.02008463,2,1000,61.44,5.1177144e-07,1.3201456e-07,4.1746669e-08,10
3.815,0.02008463,2,1000,66.56,4.9221673e-07,1.3234717e-07,4.185185e-08,10
3.815,0.02008463,2,1000,71.68,4.7013474e-07,1.2888925e-07,4.0758361e-08,10
3.815,0.02008463,2,1000,76.8,4.4744489e-07,1.2533015e-07,3.9632872e-08,10
3.815,0.02008463,2,1000,81.92,4.3015837e-07,1.1967513e-07,3.78446e-08,10
3.815,0.02008463,2,1000,92.16,3.9143669e-07,1.1599543e-07,3.6680976e-08,10
3.815,0.02008463,2,1000,102.4,3.5519352e-07,1.1300663e-07,3.5735833e-08,10
3.815,0.02008463,2,1000,112.64,3.2204751e-07,1.0455479e-07,3.3063128e-08,10
3.815,0.02008463,2,1000,122.88,2.9237462e-07,9.61497e-08,3.0405205e-08,10
3.815,0.02008463,2,1000,133.12,2.6494125e-07,8.9184358e-08,2.820257e-08,10
3.815,0.02008463,2,1000,143.36,2.4305924e-07,8.4940562e-08,2.6860564e-08,10
3.815,0.02008463,2,1000,153.6,2.2098233e-07,8.3790518e-08,2.6496888e-08,10
3.815,0.02008463,2,1000,163.84,2.0180019e-07,8.6022938e-08,2.7202842e-08,10
3.815,0.02008463,2,1000,184.32,1.691709e-07,8.9918218e-08,2.8434637e-08,10
3.815,0.02008463,2,1000,204.8,1.3488189e-07,9.613185e-08,3.039956e-08,10
3.815,0.02008463,2,1000,225.28,1.0898932e-07,9.5792133e-08,3.0292132e-08,10
3.815,0.02008463,2,1000,245.76,8.4443019e-08,9.9448595e-08,3.1448407e-08,10
3.815,0.02008463,2,1000,266.24,6.5443847e-08,1.0748738e-07,3.3990493e-08,10
3.815,0.02008463,2,1000,286.72,4.9139301e-08,1.1382483e-07,3.5994572e-08,10
3.815,0.02008463,2,1000,307.2,3.9421303e-08,1.2020229e-07,3.8011302e-08,10
3.815,0.02008463,2,1000,327.68,3.1702189e-08,1.2180542e-07,3.8518255e-08,10
3.815,0.02008463,2,1000,368.64,2.1009625e-08,1.1499911e-07,3.6365911e-08,10
3.815,0.02008463,2,1000,409.6,9.3933096e-09,9.2763274e-08,2.9334323e-08,10
3.815,0.02008463,2,1000,450.56,-5.9925694e-09,8.7830953e-08,2.7774586e-08,10
3.815,0.02008463,2,1000,491.52,-9.5058823e-09,1.0756071e-07,3.4013683e-08,10
3.815,0.02008463,2,1000,532.48,-8.2917344e-09,1.1421959e-07,3.6119406e-08,10
3.815,0.02008463,2,1000,573.44,-7.6898747e-09,1.2471391e-07,3.9438002e-08,10
3.815,0.02008463,2,1000,614.4,-2.0968464e-10,1.3410216e-07,4.2406828e-08,10
3.815,0.02008463,2,1000,655.36,2.5349981e-09,1.3785337e-07,4.3593063e-08,10
3.815,0.02008463,2,1000,737.28,9.5195757e-09,1.3070215e-07,4.133165e-08,10
3.815,0.02008463,2,1000,819.2,6.8892965e-09,9.7520651e-08,3.0838737e-08,10
3.815,0.02008463,2,1000,901.12,1.6917034e-08,1.0428151e-07,3.2976708e-08,10
3.815,0.02008463,2,1000,983.04,2.8839757e-08,1.4423766e-07,4.5611953e-08,10
3.815,0.02008463,2,1000,1064.96,2.5176144e-08,1.394597e-07,4.4101029e-08,10
3.815,0.02008463,2,1000,1146.88,3.2206534e-08,1.1259782e-07,3.5606558e-08,10
3.815,0.02008463,2,1000,1228.8,4.1466099e-08,1.0357951e-07,3.2754718e-08,10
3.815,0.02008463,2,1000,1310.72,1.5906124e-08,1.1182563e-07,3.5362369e-08,10
3.815,0.02008463,2,1000,1474.56,-1.4645719e-08,1.2643738e-07,3.9983009e-08,10
3.815,0.02008463,2,1000,1638.4,-3.483842e-08,7.8355393e-08,2.4778151e-08,10
3.815,0.02008463,2,1000,1802.24,-1.9611477e-08,1.3500971e-07,4.2693819e-08,10
3.815,0.02008463,2,1000,1966.08,2.2636599e-08,9.7731802e-08,3.0905509e-08,10
3.815,0.02008463,2,1000,2129.92,2.7932218e-08,9.6294267e-08,3.0450921e-08,10
3.815,0.02008463,2,1000,2293.76,1.1387647e-08,7.6422875e-08,2.4167035e-08,10
3.815,0.02008463,2,1000,2457.6,-2.7287715e-08,1.1399611e-07,3.6048737e-08,10
3.815,0.02008463,2,1000,2621.44,-6.7029503e-10,8.9528595e-08,2.8311428e-08,10
3.815,0.02008463,2,1000,2949.12,2.6831819e-09,1.052794e-07,3.329227e-08,10
3.815,0.02008463,2,1000,3276.8,1.2319603e-08,4.707325e-08,1.4885869e-08,10
3.815,0.02008463,2,1000,3604.48,7.8564821e-10,8.4768649e-08,2.6806201e-08,10
3.815,0.02008463,2,1000,3932.16,4.3878989e-08,1.4693736e-07,4.6465672e-08,10
3.815,0.02008463,2,1000,4259.84,6.662935e-10,8.9363452e-08,2.8259205e-08,10
3.815,0.02008463,2,1000,4587.52,-5.4403179e-09,9.2136012e-08,2.9135965e-08,10
3.815,0.02008463,2,1000,4915.2,-1.7545748e-08,1.1842296e-07,3.7448627e-08,10
3.815,0.02008463,2,1000,5242.88,-8.3039886e-09,5.7721662e-08,1.8253192e-08,10
3.815,0.02008463,2,1000,5898.24,-2.1622617e-08,5.5018372e-08,1.7398337e-08,10
3.815,0.02008463,2,1000,6553.6,-7.9113643e-09,9.4693374e-08,2.9944674e-08,10
3.815,0.02008463,2,1000,7208.96,1.6017562e-08,8.7947616e-08,2.7811478e-08,10
3.815,0.02008463,2,1000,7864.32,1.0893407e-07,1.0464925e-07,3.3093e-08,10
3.815,0.02008463,2,1000,8519.68,5.6386713e-08,1.8328854e-07,5.7960924e-08,10
3.815,0.02008463,2,1000,9175.04,-2.4336403e-08,2.0970866e-07,6.6315702e-08,10
3.815,0.01273808,2,1000,0,1.2450637e-06,8.5505315e-08,2.7039155e-08,10
3.815,0.01273808,2,1000,0.01,1.2446584e-06,8.5506252e-08,2.7039451e-08,10
3.815,0.01273808,2,1000,0.02,1.2434459e-06,8.5509036e-08,2.7040331e-08,10
3.815,0.01273808,2,1000,0.03,1.2414287e-06,8.5513667e-08,2.7041796e-08,10
3.815,0.01273808,2,1000,0.04,1.2386111e-06,8.5520136e-08,2.7043842e-08,10
3.815,0.01273808,2,1000,0.05,1.2349993e-06,8.5528441e-08,2.7046468e-08,10
3.815,0.01273808,2,1000,0.06,1.2306009e-06,8.5538572e-08,2.7049672e-08,10
3.815,0.01273808,2,1000,0.07,1.2254252e-06,8.5550519e-08,2.705345e-08,10
3.815,0.01273808,2,1000,0.08,1.2194833e-06,8.556427e-08,2.7057798e-08,10
3.815,0.01273808,2,1000,0.09,1.2127877e-06,8.5579812e-08,2.7062713e-08,10
3.815,0.01273808,2,1000,0.1,1.2053526e-06,8.5597128e-08,2.7068189e-08,10
3.815,0.01273808,2,1000,0.11,1.1971936e-06,8.5616202e-08,2.707422e-08,10
3.815,0.01273808,2,1000,0.12,1.1883278e-06,8.5637007e-08,2.7080799e-08,10
3.815,0.01273808,2,1000,0.13,1.1787739e-06,8.5659522e-08,2.7087919e-08,10
3.815,0.01273808,2,1000,0.14,1.1685516e-06,8.5683716e-08,2.709557e-08,10
3.815,0.01273808,2,1000,0.15,1.1576823e-06,8.5709558e-08,2.7103742e-08,10
3.815,0.01273808,2,1000,0.16,1.1460382e-06,8.5737349e-08,2.711253e-08,10
3.815,0.01273808,2,1000,0.18,1.1212854e-06,8.5796922e-08,2.7131369e-08,10
3.815,0.01273808,2,1000,0.2,1.0943343e-06,8.5862454e-08,2.7152092e-08,10
3.815,0.01273808,2,1000,0.22,1.0654037e-06,8.5933539e-08,2.7174571e-08,10
3.815,0.01273808,2,1000,0.24,1.0347261e-06,8.6009717e-08,2.7198661e-08,10
3.815,0.01273808,2,1000,0.26,1.0025455e-06,8.6090452e-08,2.7224191e-08,10
3.815,0.01273808,2,1000,0.28,9.6911487e-07,8.6175142e-08,2.7250973e-08,10
3.815,0.01273808,2,1000,0.3,9.346937e-07,8.6263112e-08,2.7278791e-08,10
3.815,0.01273808,2,1000,0.32,8.9942932e-07,8.6353309e-08,2.7307314e-08,10
3.815,0.01273808,2,1000,0.36,8.2814034e-07,8.6538184e-08,2.7365777e-08,10
3.815,0.01273808,2,1000,0.4,7.5708651e-07,8.672297e-08,2.7424211e-08,10
3.815,0.01273808,2,1000,0.44,6.8826274e-07,8.6900099e-08,2.7480224e-08,10
3.815,0.01273808,2,1000,0.48,6.2350347e-07,8.7061795e-08,2.7531357e-08,10
3.815,0.01273808,2,1000,0.52,5.6442331e-07,8.7200489e-08,2.7575216e-08,10
3.815,0.01273808,2,1000,0.56,5.1236905e-07,8.7309372e-08,2.7609648e-08,10
3.815,0.01273808,2,1000,0.6,4.6838433e-07,8.7382849e-08,2.7632883e-08,10
3.815,0.01273808,2,1000,0.64,4.3548093e-07,8.7405967e-08,2.7640194e-08,10
3.815,0.01273808,2,1000,0.72,3.9261055e-07,8.7350584e-08,2.762268e-08,10
3.815,0.01273808,2,1000,0.8,3.8504764e-07,8.7141672e-08,2.7556616e-08,10
3.815,0.01273808,2,1000,0.88,4.075796e-07,8.6818857e-08,2.7454533e-08,10
3.815,0.01273808,2,1000,0.96,4.5171264e-07,8.6443454e-08,2.733582e-08,10
3.815,0.01273808,2,1000,1.04,5.0720381e-07,8.608331e-08,2.7221933e-08,10
3.815,0.01273808,2,1000,1.12,5.6368007e-07,8.5796306e-08,2.7131174e-08,10
3.815,0.01273808,2,1000,1.2,6.1211491e-07,8.56172e-08,2.7074536e-08,10
3.815,0.01273808,2,1000,1.28,6.4147079e-07,8.5567733e-08,2.7058893e-08,10
3.815,0.01273808,2,1000,1.44,6.5568627e-07,8.5654484e-08,2.7086326e-08,10
3.815,0.01273808,2,1000,1.6,6.1174618e-07,8.5791416e-08,2.7129628e-08,10
3.815,0.01273808,2,1000,1.76,5.4536773e-07,8.5793705e-08,2.7130352e-08,10
3.815,0.01273808,2,1000,1.92,4.9011541e-07,8.5763936e-08,2.7120938e-08,10
3.815,0.01273808,2,1000,2.08,4.5706316e-07,8.5980479e-08,2.7189415e-08,10
3.815,0.01273808,2,1000,2.24,4.3668592e-07,8.661333e-08,2.738954e-08,10
3.815,0.01273808,2,1000,2.4,4.1583441e-07,8.7495237e-08,2.7668423e-08,10
3.815,0.01273808,2,1000,2.56,3.9513069e-07,8.7973748e-08,2.7819742e-08,10
3.815,0.01273808,2,1000,2.88,3.9623216e-07,8.7151768e-08,2.7559809e-08,10
3.815,0.01273808,2,1000,3.2,4.7830068e-07,8.5148448e-08,2.6926304e-08,10
3.815,0.01273808,2,1000,3.52,5.3487898e-07,8.542772e-08,2.7014617e-08,10
3.815,0.01273808,2,1000,3.84,5.0757856e-07,8.7090447e-08,2.7540418e-08,10
3.815,0.01273808,2,1000,4.16,5.0412317e-07,8.6059019e-08,2.7214251e-08,10
3.815,0.01273808,2,1000,4.48,5.6067011e-07,8.3875507e-08,2.6523764e-08,10
3.815,0.01273808,2,1000,4.8,5.9370695e-07,8.3935366e-08,2.6542693e-08,10
3.815,0.01273808,2,1000,5.12,5.9847212e-07,8.477175e-08,2.6807181e-08,10
3.815,0.01273808,2,1000,5.76,5.8365176e-07,8.460523e-08,2.6754523e-08,10
3.815,0.01273808,2,1000,6.4,5.3553759e-07,8.4662415e-08,2.6772606e-08,10
3.815,0.01273808,2,1000,7.04,5.1566663e-07,8.4771405e-08,2.6807072e-08,10
3.815,0.01273808,2,1000,7.68,4.5007083e-07,8.506689e-08,2.6900512e-08,10
3.815,0.01273808,2,1000,8.32,4.7312739e-07,8.4011107e-08,2.6566645e-08,10
3.815,0.01273808,2,1000,8.96,4.7269868e-07,8.4346344e-08,2.6672656e-08,10
3.815,0.01273808,2,1000,9.6,5.1022266e-07,8.3782248e-08,2.6494273e-08,10
3.815,0.01273808,2,1000,10.24,5.295543e-07,8.3008559e-08,2.6249611e-08,10
3.815,0.01273808,2,1000,11.52,5.2647192e-07,8.491286e-08,2.6851804e-08,10
3.815,0.01273808,2,1000,12.8,4.8492688e-07,8.4949085e-08,2.6863259e-08,10
3.815,0.01273808,2,1000,14.08,4.7671245e-07,8.3866757e-08,2.6520997e-08,10
3.815,0.01273808,2,1000,15.36,4.9680161e-07,8.4977587e-08,2.6872272e-08,10
3.815,0.01273808,2,1000,16.64,4.9930854e-07,8.6178313e-08,2.7251975e-08,10
3.815,0.01273808,2,1000,17.92,4.8002889e-07,8.4785925e-08,2.6811664e-08,10
3.815,0.01273808,2,1000,19.2,4.7299553e-07,8.3356202e-08,2.6359546e-08,10
3.815,0.01273808,2,1000,20.48,4.7745393e-07,8.4839452e-08,2.682859e-08,10
3.815,0.01273808,2,1000,23.04,4.699642e-07,8.4253618e-08,2.6643333e-08,10
3.815,0.01273808,2,1000,25.6,4.6389833e-07,8.515774e-08,2.6929242e-08,10
3.815,0.01273808,2,1000,28.16,4.5811429e-07,8.3973354e-08,2.6554706e-08,10
3.815,0.01273808,2,1000,30.72,4.5017437e-07,8.5322253e-08,2.6981266e-08,10
3.815,0.01273808,2,1000,33.28,4.4608552e-07,8.2827655e-08,2.6192404e-08,10
3.815,0.01273808,2,1000,35.84,4.3917164e-07,8.3721939e-08,2.6475202e-08,10
3.815,0.01273808,2,1000,38.4,4.3310534e-07,8.3192127e-08,2.630766e-08,10
3.815,0.01273808,2,1000,40.96,4.2784291e-07,8.3853599e-08,2.6516836e-08,10
3.815,0.01273808,2,1000,46.08,4.1565682e-07,8.3277791e-08,2.633475e-08,10
3.815,0.01273808,2,1000,51.2,4.0562979e-07,8.3060019e-08,2.6265884e-08,10
3.815,0.01273808,2,1000,56.32,3.9708391e-07,8.2434082e-08,2.6067946e-08,10
3.815,0.01273808,2,1000,61.44,3.8932226e-07,8.1015655e-08,2.56194e-08,10
3.815,0.01273808,2,1000,66.56,3.8146596e-07,8.1415545e-08,2.5745856e-08,10
3.815,0.01273808,2,1000,71.68,3.7253752e-07,8.0613894e-08,2.5492352e-08,10
3.815,0.01273808,2,1000,76.8,3.6434596e-07,7.9960687e-08,2.5285789e-08,10
3.815,0.01273808,2,1000,81.92,3.5719535e-07,7.9446313e-08,2.512313e-08,10
3.815,0.01273808,2,1000,92.16,3.4348175e-07,7.6980765e-08,2.4343455e-08,10
3.815,0.01273808,2,1000,102.4,3.3123351e-07,7.4650389e-08,2.3606526e-08,10
3.815,0.01273808,2,1000,112.64,3.1700185e-07,7.2496586e-08,2.2925433e-08,10
3.815,0.01273808,2,1000,122.88,3.0289986e-07,7.0935495e-08,2.2431773e-08,10
3.815,0.01273808,2,1000,133.12,2.9133316e-07,6.9009493e-08,2.1822718e-08,10
3.815,0.01273808,2,1000,143.36,2.7854135e-07,6.6499903e-08,2.1029116e-08,10
3.815,0.01273808,2,1000,153.6,2.6613038e-07,6.5334615e-08,2.0660619e-08,10
3.815,0.01273808,2,1000,163.84,2.549563e-07,6.3385161e-08,2.0044148e-08,10
3.815,0.01273808,2,1000,184.32,2.3434148e-07,6.0410972e-08,1.9103627e-08,10
3.815,0.01273808,2,1000,204.8,2.16944e-07,5.7138179e-08,1.8068679e-08,10
3.815,0.01273808,2,1000,225.28,2.0005714e-07,5.5403812e-08,1.7520224e-08,10
3.815,0.01273808,2,1000,245.76,1.836553e-07,5.2907245e-08,1.673074e-08,10
3.815,0.01273808,2,1000,266.24,1.7010337e-07,4.9358893e-08,1.5608653e-08,10
3.815,0.01273808,2,1000,286.72,1.5804411e-07,4.6590942e-08,1.473335e-08,10
3.815,0.01273808,2,1000,307.2,1.4616724e-07,4.3983673e-08,1.3908859e-08,10
3.815,0.01273808,2,1000,327.68,1.3537387e-07,4.3909539e-08,1.3885415e-08,10
3.815,0.01273808,2,1000,368.64,1.125861e-07,4.5140082e-08,1.4274547e-08,10
3.815,0.01273808,2,1000,409.6,9.4845118e-08,4.4332547e-08,1.4019182e-08,10
3.815,0.01273808,2,1000,450.56,8.1159832e-08,4.5198526e-08,1.4293029e-08,10
3.815,0.01273808,2,1000,491.52,6.7104219e-08,5.2143591e-08,1.6489251e-08,10
3.815,0.01273808,2,1000,532.48,5.5100459e-08,5.3200065e-08,1.6823338e-08,10
3.815,0.01273808,2,1000,573.44,4.7604504e-08,5.0423523e-08,1.5945318e-08,10
3.815,0.01273808,2,1000,614.4,3.9878634e-08,5.3644758e-08,1.6963962e-08,10
3.815,0.01273808,2,1000,655.36,3.7944898e-08,5.623602e-08,1.7783391e-08,10
3.815,0.01273808,2,1000,737.28,2.9006924e-08,6.1130712e-08,1.9331228e-08,10
3.815,0.01273808,2,1000,819.2,1.1329665e-08,7.1628913e-08,2.2651051e-08,10
3.815,0.01273808,2,1000,901.12,1.8792706e-09,8.9624611e-08,2.8341791e-08,10
3.815,0.01273808,2,1000,983.04,-8.1990176e-10,9.2634752e-08,2.9293681e-08,10
3.815,0.01273808,2,1000,1064.96,-1.7152962e-09,1.0256387e-07,3.2433544e-08,10
3.815,0.01273808,2,1000,1146.88,-1.8687614e-09,1.0485161e-07,3.3156991e-08,10
3.815,0.01273808,2,1000,1228.8,3.2429091e-09,9.3570559e-08,2.9589609e-08,10
3.815,0.01273808,2,1000,1310.72,9.2019303e-09,8.9091814e-08,2.8173305e-08,10
3.815,0.01273808,2,1000,1474.56,1.2979515e-08,8.3429414e-08,2.6382697e-08,10
3.815,0.01273808,2,1000,1638.4,3.238913e-08,8.5294999e-08,2.6972647e-08,10
3.815,0.01273808,2,1000,1802.24,3.9032063e-08,6.3455472e-08,2.0066382e-08,10
3.815,0.01273808,2,1000,1966.08,3.1290222e-08,4.6405745e-08,1.4674785e-08,10
3.815,0.01273808,2,1000,2129.92,1.5864601e-08,6.3012041e-08,1.9926157e-08,10
3.815,0.01273808,2,1000,2293.76,1.7405361e-08,8.6279908e-08,2.7284103e-08,10
3.815,0.01273808,2,1000,2457.6,1.8812212e-08,1.0669561e-07,3.3740115e-08,10
3.815,0.01273808,2,1000,2621.44,1.1804696e-08,1.2172946e-07,3.8494236e-08,10
3.815,0.01273808,2,1000,2949.12,2.3490213e-08,7.8901944e-08,2.4950986e-08,10
3.815,0.01273808,2,1000,3276.8,2.3464789e-08,6.7560987e-08,2.136466e-08,10
3.815,0.01273808,2,1000,3604.48,9.3851632e-09,5.5773473e-08,1.7637121e-08,10
3.815,0.01273808,2,1000,3932.16,1.1393547e-08,7.650085e-08,2.4191693e-08,10
3.815,0.01273808,2,1000,4259.84,-2.1847628e-09,5.6842105e-08,1.7975052e-08,10
3.815,0.01273808,2,1000,4587.52,2.2392804e-08,7.2121851e-08,2.2806932e-08,10
3.815,0.01273808,2,1000,4915.2,3.6451885e-08,7.5802998e-08,2.3971013e-08,10
3.815,0.01273808,2,1000,5242.88,8.8751872e-09,5.941197e-08,1.8787714e-08,10
3.815,0.01273808,2,1000,5898.24,-3.7250591e-08,8.7109413e-08,2.7546415e-08,10
3.815,0.01273808,2,1000,6553.6,-8.0945009e-09,8.7977699e-08,2.7820991e-08,10
3.815,0.01273808,2,1000,7208.96,1.1462964e-08,9.5660358e-08,3.0250461e-08,10
3.815,0.01273808,2,1000,7864.32,-7.6537112e-09,1.329421e-07,4.2039983e-08,10
3.815,0.01273808,2,1000,8519.68,-1.0875217e-08,1.3207054e-07,4.1764372e-08,10
3.815,0.01273808,2,1000,9175.04,1.8639847e-08,5.1472081e-08,1.6276901e-08,10
3.815,0.00881879,2,1000,0,6.6953632e-07,5.4572688e-08,1.7257399e-08,10
3.815,0.00881879,2,1000,0.01,6.6929782e-07,5.4573209e-08,1.7257564e-08,10
3.815,0.00881879,2,1000,0.02,6.6858344e-07,5.4574673e-08,1.7258027e-08,10
3.815,0.00881879,2,1000,0.03,6.6739463e-07,5.4577076e-08,1.7258787e-08,10
3.815,0.00881879,2,1000,0.04,6.6573384e-07,5.458042e-08,1.7259844e-08,10
3.815,0.00881879,2,1000,0.05,6.6360443e-07,5.4584704e-08,1.7261199e-08,10
3.815,0.00881879,2,1000,0.06,6.6101075e-07,5.4589925e-08,1.726285e-08,10
3.815,0.00881879,2,1000,0.07,6.5795804e-07,5.4596083e-08,1.7264797e-08,10
3.815,0.00881879,2,1000,0.08,6.5445248e-07,5.4603177e-08,1.7267041e-08,10
3.815,0.00881879,2,1000,0.09,6.5050115e-07,5.4611204e-08,1.7269579e-08,10
3.815,0.00881879,2,1000,0.1,6.4611202e-07,5.4620161e-08,1.7272411e-08,10
3.815,0.00881879,2,1000,0.11,6.4129391e-07,5.4630044e-08,1.7275537e-08,10
3.815,0.00881879,2,1000,0.12,6.3605651e-07,5.4640846e-08,1.7278953e-08,10
3.815,0.00881879,2,1000,0.13,6.304103e-07,5.4652562e-08,1.7282658e-08,10
3.815,0.00881879,2,1000,0.14,6.2436657e-07,5.4665183e-08,1.7286649e-08,10
3.815,0.00881879,2,1000,0.15,6.1793736e-07,5.4678699e-08,1.7290923e-08,10
3.815,0.00881879,2,1000,0.16,6.1104566e-07,5.4693271e-08,1.7295531e-08,10
3.815,0.00881879,2,1000,0.18,5.9638557e-07,5.4724648e-08,1.7305453e-08,10
3.815,0.00881879,2,1000,0.2,5.8040551e-07,5.4759366e-08,1.7316432e-08,10
3.815,0.00881879,2,1000,0.22,5.6323057e-07,5.4797248e-08,1.7328411e-08,10
3.815,0.00881879,2,1000,0.24,5.4499413e-07,5.4838076e-08,1.7341322e-08,10
3.815,0.00881879,2,1000,0.26,5.2583665e-07,5.4881579e-08,1.7355079e-08,10
3.815,0.00881879,2,1000,0.28,5.0590425e-07,5.4927442e-08,1.7369582e-08,10
3.815,0.00881879,2,1000,0.3,4.8534741e-07,5.4975296e-08,1.7384715e-08,10
3.815,0.00881879,2,1000,0.32,4.6424057e-07,5.5024626e-08,1.7400314e-08,10
3.815,0.00881879,2,1000,0.36,4.2146919e-07,5.512602e-08,1.7432378e-08,10
3.815,0.00881879,2,1000,0.4,3.786649e-07,5.5227573e-08,1.7464492e-08,10
3.815,0.00881879,2,1000,0.44,3.3701855e-07,5.5324618e-08,1.749518e-08,10
3.815,0.00881879,2,1000,0.48,2.9764112e-07,5.5412321e-08,1.7522915e-08,10
3.815,0.00881879,2,1000,0.52,2.6152837e-07,5.5486019e-08,1.754622e-08,10
3.815,0.00881879,2,1000,0.56,2.2953114e-07,5.5541577e-08,1.7563789e-08,10
3.815,0.00881879,2,1000,0.6,2.0233214e-07,5.557572e-08,1.7574586e-08,10
3.815,0.00881879,2,1000,0.64,1.8183032e-07,5.5580022e-08,1.7575946e-08,10
3.815,0.00881879,2,1000,0.72,1.5494949e-07,5.5529103e-08,1.7559844e-08,10
3.815,0.00881879,2,1000,0.8,1.5024433e-07,5.539219e-08,1.7516549e-08,10
3.815,0.00881879,2,1000,0.88,1.6508355e-07,5.5196402e-08,1.7454635e-08,10
3.815,0.00881879,2,1000,0.96,1.9464809e-07,5.497893e-08,1.7385864e-08,10
3.815,0.00881879,2,1000,1.04,2.3276996e-07,5.4777483e-08,1.7322161e-08,10
3.815,0.00881879,2,1000,1.12,2.7288166e-07,5.4622402e-08,1.727312e-08,10
3.815,0.00881879,2,1000,1.2,3.089428e-07,5.4532407e-08,1.7244661e-08,10
3.815,0.00881879,2,1000,1.28,3.3329617e-07,5.4526722e-08,1.7242864e-08,10
3.815,0.00881879,2,1000,1.44,3.5196358e-07,5.4666104e-08,1.728694e-08,10
3.815,0.00881879,2,1000,1.6,3.2754344e-07,5.4925044e-08,1.7368824e-08,10
3.815,0.00881879,2,1000,1.76,2.81261e-07,5.5129906e-08,1.7433607e-08,10
3.815,0.00881879,2,1000,1.92,2.3786866e-07,5.5177674e-08,1.7448713e-08,10
3.815,0.00881879,2,1000,2.08,2.1036239e-07,5.5095583e-08,1.7422753e-08,10
3.815,0.00881879,2,1000,2.24,1.9680238e-07,5.4983617e-08,1.7387346e-08,10
3.815,0.00881879,2,1000,2.4,1.8806974e-07,5.4927822e-08,1.7369702e-08,10
3.815,0.00881879,2,1000,2.56,1.7826408e-07,5.4935651e-08,1.7372178e-08,10
3.815,0.00881879,2,1000,2.88,1.7065285e-07,5.4849698e-08,1.7344997e-08,10
3.815,0.00881879,2,1000,3.2,2.0083534e-07,5.4219244e-08,1.714563e-08,10
3.815,0.00881879,2,1000,3.52,2.2647508e-07,5.3792845e-08,1.7010791e-08,10
3.815,0.00881879,2,1000,3.84,2.045557e-07,5.4419394e-08,1.7208923e-08,10
3.815,0.00881879,2,1000,4.16,1.9517393e-07,5.5049013e-08,1.7408026e-08,10
3.815,0.00881879,2,1000,4.48,2.4031339e-07,5.4629047e-08,1.7275222e-08,10
3.815,0.00881879,2,1000,4.8,2.7891806e-07,5.401408e-08,1.7080752e-08,10
3.815,0.00881879,2,1000,5.12,2.7519884e-07,5.4838001e-08,1.7341298e-08,10
3.815,0.00881879,2,1000,5.76,2.8372908e-07,5.4862454e-08,1.7349031e-08,10
3.815,0.00881879,2,1000,6.4,2.8868717e-07,5.5462692e-08,1.7538843e-08,10
3.815,0.00881879,2,1000,7.04,2.8044081e-07,5.3878742e-08,1.7037954e-08,10
3.815,0.00881879,2,1000,7.68,2.3954864e-07,5.6665508e-08,1.7919207e-08,10
3.815,0.00881879,2,1000,8.32,2.3318105e-07,5.5107346e-08,1.7426473e-08,10
3.815,0.00881879,2,1000,8.96,1.9977223e-07,5.5770559e-08,1.7636199e-08,10
3.815,0.00881879,2,1000,9.6,2.1213996e-07,5.3663785e-08,1.6969979e-08,10
3.815,0.00881879,2,1000,10.24,2.2034402e-07,5.3974179e-08,1.7068134e-08,10
3.815,0.00881879,2,1000,11.52,2.534197e-07,5.4565261e-08,1.7255051e-08,10
3.815,0.00881879,2,1000,12.8,2.6210779e-07,5.5761182e-08,1.7633234e-08,10
3.815,0.00881879,2,1000,14.08,2.3885118e-07,5.6080779e-08,1.77343e-08,10
3.815,0.00881879,2,1000,15.36,2.2009248e-07,5.491198e-08,1.7364693e-08,10
3.815,0.00881879,2,1000,16.64,2.2598631e-07,5.4834655e-08,1.734024e-08,10
3.815,0.00881879,2,1000,17.92,2.4051911e-07,5.5945067e-08,1.7691384e-08,10
3.815,0.00881879,2,1000,19.2,2.4159713e-07,5.5298379e-08,1.7486883e-08,10
3.815,0.00881879,2,1000,20.48,2.3103756e-07,5.5209317e-08,1.7458719e-08,10
3.815,0.00881879,2,1000,23.04,2.2662214e-07,5.6843591e-08,1.7975522e-08,10
3.815,0.00881879,2,1000,25.6,2.2910886e-07,5.611772e-08,1.7745981e-08,10
3.815,0.00881879,2,1000,28.16,2.2347332e-07,5.684465e-08,1.7975857e-08,10
3.815,0.00881879,2,1000,30.72,2.2409289e-07,5.7068271e-08,1.8046572e-08,10
3.815,0.00881879,2,1000,33.28,2.2152387e-07,5.6649459e-08,1.7914132e-08,10
3.815,0.00881879,2,1000,35.84,2.2006369e-07,5.6057866e-08,1.7727054e-08,10
3.815,0.00881879,2,1000,38.4,2.1822641e-07,5.6990524e-08,1.8021986e-08,10
3.815,0.00881879,2,1000,40.96,2.1619955e-07,5.6863258e-08,1.7981741e-08,10
3.815,0.00881879,2,1000,46.08,2.128234e-07,5.6715276e-08,1.7934945e-08,10
3.815,0.00881879,2,1000,51.2,2.0923858e-07,5.6798468e-08,1.7961253e-08,10
3.815,0.00881879,2,1000,56.32,2.0611843e-07,5.6699273e-08,1.7929884e-08,10
3.815,0.00881879,2,1000,61.44,2.0301465e-07,5.6707009e-08,1.7932331e-08,10
3.815,0.00881879,2,1000,66.56,2.0008694e-07,5.6516201e-08,1.7871992e-08,10
3.815,0.00881879,2,1000,71.68,1.9735309e-07,5.5564442e-08,1.7571019e-08,10
3.815,0.00881879,2,1000,76.8,1.9474682e-07,5.5048318e-08,1.7407806e-08,10
3.815,0.00881879,2,1000,81.92,1.9231467e-07,5.4660259e-08,1.7285091e-08,10
3.815,0.00881879,2,1000,92.16,1.872117e-07,5.4041796e-08,1.7089516e-08,10
3.815,0.00881879,2,1000,102.4,1.8217157e-07,5.3903215e-08,1.7045693e-08,10
3.815,0.00881879,2,1000,112.64,1.7769028e-07,5.3694819e-08,1.6979793e-08,10
3.815,0.00881879,2,1000,122.88,1.7406642e-07,5.3028957e-08,1.6769228e-08,10
3.815,0.00881879,2,1000,133.12,1.7017017e-07,5.3021018e-08,1.6766718e-08,10
3.815,0.00881879,2,1000,143.36,1.6631706e-07,5.2605007e-08,1.6635164e-08,10
3.815,0.00881879,2,1000,153.6,1.6248254e-07,5.2454782e-08,1.6587658e-08,10
3.815,0.00881879,2,1000,163.84,1.5841808e-07,5.153958e-08,1.6298246e-08,10
3.815,0.00881879,2,1000,184.32,1.5047805e-07,4.9187277e-08,1.5554383e-08,10
3.815,0.00881879,2,1000,204.8,1.4268662e-07,4.8350016e-08,1.5289618e-08,10
3.815,0.00881879,2,1000,225.28,1.3581862e-07,4.8093454e-08,1.5208485e-08,10
3.815,0.00881879,2,1000,245.76,1.2894383e-07,4.8716577e-08,1.5405534e-08,10
3.815,0.00881879,2,1000,266.24,1.2331505e-07,4.9275348e-08,1.5582233e-08,10
3.815,0.00881879,2,1000,286.72,1.1733121e-07,4.9089472e-08,1.5523454e-08,10
3.815,0.00881879,2,1000,307.2,1.1244455e-07,4.8258365e-08,1.5260635e-08,10
3.815,0.00881879,2,1000,327.68,1.0816921e-07,4.8504071e-08,1.5338334e-08,10
3.815,0.00881879,2,1000,368.64,1.012344e-07,4.9724819e-08,1.5724368e-08,10
3.815,0.00881879,2,1000,409.6,9.4723334e-08,4.9024439e-08,1.5502889e-08,10
3.815,0.00881879,2,1000,450.56,8.7832381e-08,4.5499959e-08,1.438835e-08,10
3.815,0.00881879,2,1000,491.52,8.0013092e-08,4.2810245e-08,1.3537788e-08,10
3.815,0.00881879,2,1000,532.48,7.3995908e-08,4.2072727e-08,1.3304564e-08,10
3.815,0.00881879,2,1000,573.44,6.908152e-08,4.2424816e-08,1.3415905e-08,10
3.815,0.00881879,2,1000,614.4,6.4269032e-08,4.2100446e-08,1.331333e-08,10
3.815,0.00881879,2,1000,655.36,5.8310282e-08,4.2646593e-08,1.3486037e-08,10
3.815,0.00881879,2,1000,737.28,4.8138581e-08,4.3247995e-08,1.3676217e-08,10
3.815,0.00881879,2,1000,819.2,3.774331e-08,4.5440015e-08,1.4369394e-08,10
3.815,0.00881879,2,1000,901.12,2.7405385e-08,5.0607663e-08,1.6003548e-08,10
3.815,0.00881879,2,1000,983.04,2.0530686e-08,5.4549718e-08,1.7250135e-08,10
3.815,0.00881879,2,1000,1064.96,1.5915266e-08,5.7089438e-08,1.8053266e-08,10
3.815,0.00881879,2,1000,1146.88,1.2984354e-08,5.3989821e-08,1.7073081e-08,10
3.815,0.00881879,2,1000,1228.8,1.0179632e-08,5.3861517e-08,1.7032507e-08,10
3.815,0.00881879,2,1000,1310.72,1.0651949e-08,5.3540822e-08,1.6931094e-08,10
3.815,0.00881879,2,1000,1474.56,1.4006102e-08,5.3752217e-08,1.6997944e-08,10
3.815,0.00881879,2,1000,1638.4,1.3829158e-08,5.0813133e-08,1.6068524e-08,10
3.815,0.00881879,2,1000,1802.24,1.4637534e-08,5.230254e-08,1.6539515e-08,10
3.815,0.00881879,2,1000,1966.08,1.102627e-08,4.7803031e-08,1.5116646e-08,10
3.815,0.00881879,2,1000,2129.92,1.1387913e-08,4.0800456e-08,1.2902237e-08,10
3.815,0.00881879,2,1000,2293.76,1.4303774e-08,3.7315467e-08,1.1800187e-08,10
3.815,0.00881879,2,1000,2457.6,1.6181739e-08,4.0144501e-08,1.2694806e-08,10
3.815,0.00881879,2,1000,2621.44,6.1700551e-09,4.630781e-08,1.4643815e-08,10
3.815,0.00881879,2,1000,2949.12,-7.419496e-10,4.8745352e-08,1.5414634e-08,10
3.815,0.00881879,2,1000,3276.8,7.3836934e-09,4.6609014e-08,1.4739064e-08,10
3.815,0.00881879,2,1000,3604.48,7.863976e-09,4.2898579e-08,1.3565722e-08,10
3.815,0.00881879,2,1000,3932.16,8.7069205e-10,3.9744839e-08,1.2568422e-08,10
3.815,0.00881879,2,1000,4259.84,-4.0894513e-09,5.426868e-08,1.7161263e-08,10
3.815,0.00881879,2,1000,4587.52,4.7135132e-10,4.9347755e-08,1.560513e-08,10
3.815,0.00881879,2,1000,4915.2,5.4395312e-10,4.0952008e-08,1.2950162e-08,10
3.815,0.00881879,2,1000,5242.88,6.932729e-09,3.7259379e-08,1.178245e-08,10
3.815,0.00881879,2,1000,5898.24,1.0300389e-08,6.7066952e-08,2.1208433e-08,10
3.815,0.00881879,2,1000,6553.6,-3.0487689e-09,5.9406387e-08,1.8785949e-08,10
3.815,0.00881879,2,1000,7208.96,-1.1840069e-08,1.0688677e-07,3.3800565e-08,10
3.815,0.00881879,2,1000,7864.32,3.2135547e-09,6.7330053e-08,2.1291632e-08,10
3.815,0.00881879,2,1000,8519.68,-2.0810416e-08,8.7817327e-08,2.7770277e-08,10
3.815,0.00881879,2,1000,9175.04,-4.4147708e-08,9.2053876e-08,2.9109991e-08,10
3.815,0.00881879,2,1000,9830.4,3.2839242e-09,6.4455041e-08,2.0382474e-08,10
3.815,0.00829312,3,2154.43,0,6.0823428e-07,4.8687551e-08,1.5396356e-08,10
3.815,0.00829312,3,2154.43,0.01,6.0801726e-07,4.8687846e-08,1.5396449e-08,10
3.815,0.00829312,3,2154.43,0.02,6.0736788e-07,4.8688888e-08,1.5396778e-08,10
3.815,0.00829312,3,2154.43,0.03,6.0628748e-07,4.8690682e-08,1.5397345e-08,10
3.815,0.00829312,3,2154.43,0.04,6.0477826e-07,4.8693231e-08,1.5398152e-08,10
3.815,0.00829312,3,2154.43,0.05,6.0284326e-07,4.8696543e-08,1.5399199e-08,10
3.815,0.00829312,3,2154.43,0.06,6.0048641e-07,4.8700628e-08,1.5400491e-08,10
3.815,0.00829312,3,2154.43,0.07,5.9771247e-07,4.8705497e-08,1.5402031e-08,10
3.815,0.00829312,3,2154.43,0.08,5.9452701e-07,4.8711162e-08,1.5403822e-08,10
3.815,0.00829312,3,2154.43,0.09,5.9093645e-07,4.8717638e-08,1.540587e-08,10
3.815,0.00829312,3,2154.43,0.1,5.86948e-07,4.872494e-08,1.5408179e-08,10
3.815,0.00829312,3,2154.43,0.11,5.8256964e-07,4.8733086e-08,1.5410755e-08,10
3.815,0.00829312,3,2154.43,0.12,5.7781014e-07,4.8742093e-08,1.5413603e-08,10
3.815,0.00829312,3,2154.43,0.13,5.72679e-07,4.875198e-08,1.541673e-08,10
3.815,0.00829312,3,2154.43,0.14,5.6718643e-07,4.8762768e-08,1.5420141e-08,10
3.815,0.00829312,3,2154.43,0.15,5.6134334e-07,4.8774478e-08,1.5423844e-08,10
3.815,0.00829312,3,2154.43,0.16,5.5507961e-07,4.8787349e-08,1.5427914e-08,10
3.815,0.00829312,3,2154.43,0.18,5.417547e-07,4.8815574e-08,1.543684e-08,10
3.815,0.00829312,3,2154.43,0.2,5.2722876e-07,4.8847832e-08,1.5447041e-08,10
3.815,0.00829312,3,2154.43,0.22,5.1161517e-07,4.8884289e-08,1.545857e-08,10
3.815,0.00829312,3,2154.43,0.24,4.9503487e-07,4.8925104e-08,1.5471476e-08,10
3.815,0.00829312,3,2154.43,0.26,4.7761523e-07,4.8970416e-08,1.5485805e-08,10
3.815,0.00829312,3,2154.43,0.28,4.5948886e-07,4.9020341e-08,1.5501593e-08,10
3.815,0.00829312,3,2154.43,0.3,4.4079235e-07,4.9074965e-08,1.5518866e-08,10
3.815,0.00829312,3,2154.43,0.32,4.2159233e-07,4.9135499e-08,1.5538009e-08,10
3.815,0.00829312,3,2154.43,0.36,3.8267888e-07,4.9268456e-08,1.5580054e-08,10
3.815,0.00829312,3,2154.43,0.4,3.43725e-07,4.9419891e-08,1.5627942e-08,10
3.815,0.00829312,3,2154.43,0.44,3.0581473e-07,4.9588559e-08,1.5681279e-08,10
3.815,0.00829312,3,2154.43,0.48,2.6996075e-07,4.9772376e-08,1.5739407e-08,10
3.815,0.00829312,3,2154.43,0.52,2.3707221e-07,4.9968455e-08,1.5801413e-08,10
3.815,0.00829312,3,2154.43,0.56,2.0792755e-07,5.0173183e-08,1.5866154e-08,10
3.815,0.00829312,3,2154.43,0.6,1.8315315e-07,5.0382316e-08,1.5932287e-08,10
3.815,0.00829312,3,2154.43,0.64,1.6448657e-07,5.0589413e-08,1.5997777e-08,10
3.815,0.00829312,3,2154.43,0.72,1.4005344e-07,5.0982802e-08,1.6122178e-08,10
3.815,0.00829312,3,2154.43,0.8,1.3590649e-07,5.1312723e-08,1.6226508e-08,10
3.815,0.00829312,3,2154.43,0.88,1.4968209e-07,5.1540576e-08,1.6298561e-08,10
3.815,0.00829312,3,2154.43,0.96,1.7700368e-07,5.1635836e-08,1.6328685e-08,10
3.815,0.00829312,3,2154.43,1.04,2.1224088e-07,5.1580972e-08,1.6311335e-08,10
3.815,0.00829312,3,2154.43,1.12,2.4937469e-07,5.1375255e-08,1.6246282e-08,10
3.815,0.00829312,3,2154.43,1.2,2.8284696e-07,5.1036556e-08,1.6139176e-08,10
3.815,0.00829312,3,2154.43,1.28,3.0559375e-07,5.0586392e-08,1.5996822e-08,10
3.815,0.00829312,3,2154.43,1.44,3.2339542e-07,4.9654457e-08,1.5702118e-08,10
3.815,0.00829312,3,2154.43,1.6,3.012899e-07,4.896413e-08,1.5483818e-08,10
3.815,0.00829312,3,2154.43,1.76,2.5873875e-07,4.8832588e-08,1.544222e-08,10
3.815,0.00829312,3,2154.43,1.92,2.1875114e-07,4.9329656e-08,1.5599407e-08,10
3.815,0.00829312,3,2154.43,2.08,1.9363239e-07,5.0226663e-08,1.5883065e-08,10
3.815,0.00829312,3,2154.43,2.24,1.8172862e-07,5.1076033e-08,1.615166e-08,10
3.815,0.00829312,3,2154.43,2.4,1.7438589e-07,5.1453067e-08,1.6270889e-08,10
3.815,0.00829312,3,2154.43,2.56,1.6548611e-07,5.1108557e-08,1.6161945e-08,10
3.815,0.00829312,3,2154.43,2.88,1.5704036e-07,4.9952938e-08,1.5796506e-08,10
3.815,0.00829312,3,2154.43,3.2,1.825656e-07,4.9565472e-08,1.5673979e-08,10
3.815,0.00829312,3,2154.43,3.52,2.0496673e-07,5.0236917e-08,1.5886308e-08,10
3.815,0.00829312,3,2154.43,3.84,1.8257016e-07,5.0780246e-08,1.6058124e-08,10
3.815,0.00829312,3,2154.43,4.16,1.7119815e-07,5.0826055e-08,1.607261e-08,10
3.815,0.00829312,3,2154.43,4.48,2.1396054e-07,5.0541577e-08,1.598265e-08,10
3.815,0.00829312,3,2154.43,4.8,2.5207064e-07,5.015917e-08,1.5861722e-08,10
3.815,0.00829312,3,2154.43,5.12,2.4574555e-07,5.0595444e-08,1.5999684e-08,10
3.815,0.00829312,3,2154.43,5.76,2.555762e-07,5.0618681e-08,1.6007033e-08,10
3.815,0.00829312,3,2154.43,6.4,2.6510768e-07,4.9188143e-08,1.5554657e-08,10
3.815,0.00829312,3,2154.43,7.04,2.5871435e-07,5.0147606e-08,1.5858066e-08,10
3.815,0.00829312,3,2154.43,7.68,2.2694182e-07,4.9953992e-08,1.5796839e-08,10
3.815,0.00829312,3,2154.43,8.32,2.1852954e-07,5.0458116e-08,1.5956257e-08,10
3.815,0.00829312,3,2154.43,8.96,1.8650513e-07,5.0131487e-08,1.5852968e-08,10
3.815,0.00829312,3,2154.43,9.6,1.9329485e-07,5.0438121e-08,1.5949934e-08,10
3.815,0.00829312,3,2154.43,10.24,1.9656625e-07,4.977367e-08,1.5739817e-08,10
3.815,0.00829312,3,2154.43,11.52,2.2446945e-07,5.0680574e-08,1.6026605e-08,10
3.815,0.00829312,3,2154.43,12.8,2.4018539e-07,5.009609e-08,1.5841774e-08,10
3.815,0.00829312,3,2154.43,14.08,2.2636077e-07,4.9792918e-08,1.5745903e-08,10
3.815,0.00829312,3,2154.43,15.36,2.0476918e-07,4.9455072e-08,1.5639067e-08,10
3.815,0.00829312,3,2154.43,16.64,2.0242793e-07,4.9724938e-08,1.5724406e-08,10
3.815,0.00829312,3,2154.43,17.92,2.1565802e-07,5.0743098e-08,1.6046377e-08,10
3.815,0.00829312,3,2154.43,19.2,2.2365804e-07,5.0750721e-08,1.6048787e-08,10
3.815,0.00829312,3,2154.43,20.48,2.1587892e-07,4.9711303e-08,1.5720094e-08,10
3.815,0.00829312,3,2154.43,23.04,2.0584e-07,4.9432454e-08,1.5631915e-08,10
3.815,0.00829312,3,2154.43,25.6,2.1192403e-07,5.0186947e-08,1.5870506e-08,10
3.815,0.00829312,3,2154.43,28.16,2.0666088e-07,4.935424e-08,1.5607181e-08,10
3.815,0.00829312,3,2154.43,30.72,2.0584677e-07,4.9980518e-08,1.5805228e-08,10
3.815,0.00829312,3,2154.43,33.28,2.0603004e-07,4.9800515e-08,1.5748305e-08,10
3.815,0.00829312,3,2154.43,35.84,2.0177775e-07,4.9561812e-08,1.5672821e-08,10
3.815,0.00829312,3,2154.43,38.4,2.0291865e-07,5.0371421e-08,1.5928842e-08,10
3.815,0.00829312,3,2154.43,40.96,2.0045426e-07,4.9821501e-08,1.5754942e-08,10
3.815,0.00829312,3,2154.43,46.08,1.9771352e-07,5.0101876e-08,1.5843604e-08,10
3.815,0.00829312,3,2154.43,51.2,1.9483971e-07,5.0256138e-08,1.5892386e-08,10
3.815,0.00829312,3,2154.43,56.32,1.9226051e-07,4.967479e-08,1.5708548e-08,10
3.815,0.00829312,3,2154.43,61.44,1.8963377e-07,4.9990802e-08,1.580848e-08,10
3.815,0.00829312,3,2154.43,66.56,1.8771209e-07,5.0184678e-08,1.5869789e-08,10
3.815,0.00829312,3,2154.43,71.68,1.8517304e-07,5.0307562e-08,1.5908648e-08,10
3.815,0.00829312,3,2154.43,76.8,1.8295032e-07,5.031594e-08,1.5911297e-08,10
3.815,0.00829312,3,2154.43,81.92,1.811111e-07,5.0802805e-08,1.6065257e-08,10
3.815,0.00829312,3,2154.43,92.16,1.7763215e-07,5.1398771e-08,1.6253719e-08,10
3.815,0.00829312,3,2154.43,102.4,1.7430209e-07,5.1542119e-08,1.6299049e-08,10
3.815,0.00829312,3,2154.43,112.64,1.7119668e-07,5.2226747e-08,1.6515548e-08,10
3.815,0.00829312,3,2154.43,122.88,1.681278e-07,5.2149284e-08,1.6491052e-08,10
3.815,0.00829312,3,2154.43,133.12,1.6558605e-07,5.218111e-08,1.6501116e-08,10
3.815,0.00829312,3,2154.43,143.36,1.6235389e-07,5.2218915e-08,1.6513071e-08,10
3.815,0.00829312,3,2154.43,153.6,1.5909971e-07,5.2227272e-08,1.6515714e-08,10
3.815,0.00829312,3,2154.43,163.84,1.5620969e-07,5.2138874e-08,1.648776e-08,10
3.815,0.00829312,3,2154.43,184.32,1.512948e-07,5.255308e-08,1.6618743e-08,10
3.815,0.00829312,3,2154.43,204.8,1.4679048e-07,5.20533e-08,1.6460699e-08,10
3.815,0.00829312,3,2154.43,225.28,1.4229072e-07,5.2055221e-08,1.6461306e-08,10
3.815,0.00829312,3,2154.43,245.76,1.3790721e-07,5.1377688e-08,1.6247052e-08,10
3.815,0.00829312,3,2154.43,266.24,1.3437529e-07,5.1810195e-08,1.6383822e-08,10
3.815,0.00829312,3,2154.43,286.72,1.3125155e-07,5.2162146e-08,1.6495119e-08,10
3.815,0.00829312,3,2154.43,307.2,1.2852961e-07,5.2496585e-08,1.6600878e-08,10
3.815,0.00829312,3,2154.43,327.68,1.2601887e-07,5.2794407e-08,1.6695057e-08,10
3.815,0.00829312,3,2154.43,368.64,1.2005666e-07,5.2213965e-08,1.6511506e-08,10
3.815,0.00829312,3,2154.43,409.6,1.1474111e-07,5.0690818e-08,1.6029844e-08,10
3.815,0.00829312,3,2154.43,450.56,1.104921e-07,5.1071503e-08,1.6150227e-08,10
3.815,0.00829312,3,2154.43,491.52,1.0662448e-07,5.2664229e-08,1.6653892e-08,10
3.815,0.00829312,3,2154.43,532.48,1.0381139e-07,5.341242e-08,1.689049e-08,10
3.815,0.00829312,3,2154.43,573.44,1.0046906e-07,5.3378881e-08,1.6879884e-08,10
3.815,0.00829312,3,2154.43,614.4,9.8092192e-08,5.3027552e-08,1.6768784e-08,10
3.815,0.00829312,3,2154.43,655.36,9.6370677e-08,5.1537066e-08,1.6297451e-08,10
3.815,0.00829312,3,2154.43,737.28,9.1603144e-08,4.8023057e-08,1.5186224e-08,10
3.815,0.00829312,3,2154.43,819.2,8.7043096e-08,4.4504473e-08,1.407355e-08,10
3.815,0.00829312,3,2154.43,901.12,8.2751662e-08,4.4213528e-08,1.3981545e-08,10
3.815,0.00829312,3,2154.43,983.04,7.8785573e-08,4.6501124e-08,1.4704946e-08,10
3.815,0.00829312,3,2154.43,1064.96,7.4705598e-08,4.9223491e-08,1.5565835e-08,10
3.815,0.00829312,3,2154.43,1146.88,7.1157385e-08,5.0276652e-08,1.5898873e-08,10
3.815,0.00829312,3,2154.43,1228.8,6.8329393e-08,5.1207942e-08,1.6193373e-08,10
3.815,0.00829312,3,2154.43,1310.72,6.697949e-08,5.1332227e-08,1.6232675e-08,10
3.815,0.00829312,3,2154.43,1474.56,6.1201812e-08,5.1342593e-08,1.6235953e-08,10
3.815,0.00829312,3,2154.43,1638.4,5.6395686e-08,4.694619e-08,1.4845689e-08,10
3.815,0.00829312,3,2154.43,1802.24,5.3112526e-08,4.5271911e-08,1.4316235e-08,10
3.815,0.00829312,3,2154.43,1966.08,4.8525977e-08,4.5230201e-08,1.4303045e-08,10
3.815,0.00829312,3,2154.43,2129.92,4.4377659e-08,4.5680537e-08,1.4445454e-08,10
3.815,0.00829312,3,2154.43,2293.76,4.235291e-08,4.9751513e-08,1.573281e-08,10
3.815,0.00829312,3,2154.43,2457.6,3.7886552e-08,5.4126691e-08,1.7116363e-08,10
3.815,0.00829312,3,2154.43,2621.44,3.6672378e-08,5.7216098e-08,1.8093319e-08,10
3.815,0.00829312,3,2154.43,2949.12,3.1836388e-08,5.9988228e-08,1.8969943e-08,10
3.815,0.00829312,3,2154.43,3276.8,2.2706594e-08,5.1304089e-08,1.6223778e-08,10
3.815,0.00829312,3,2154.43,3604.48,2.2623373e-08,4.5239584e-08,1.4306013e-08,10
3.815,0.00829312,3,2154.43,3932.16,2.0529304e-08,4.6290747e-08,1.4638419e-08,10
3.815,0.00829312,3,2154.43,4259.84,1.6001454e-08,4.3450574e-08,1.3740278e-08,10
3.815,0.00829312,3,2154.43,4587.52,1.7583396e-08,4.6423314e-08,1.4680341e-08,10
3.815,0.00829312,3,2154.43,4915.2,1.1565508e-08,5.1884703e-08,1.6407384e-08,10
3.815,0.00829312,3,2154.43,5242.88,9.411967e-09,6.0609157e-08,1.9166298e-08,10
3.815,0.00829312,3,2154.43,5898.24,1.8395686e-09,5.7369585e-08,1.8141856e-08,10
3.815,0.00829312,3,2154.43,6553.6,-1.0011277e-08,5.6862122e-08,1.7981382e-08,10
3.815,0.00829312,3,2154.43,7208.96,-1.8847606e-08,6.6109037e-08,2.0905513e-08,10
3.815,0.00829312,3,2154.43,7864.32,-3.4069145e-08,6.7418378e-08,2.1319563e-08,10
3.815,0.00829312,3,2154.43,8519.68,-4.2390429e-08,6.4020134e-08,2.0244944e-08,10
3.815,0.00829312,3,2154.43,9175.04,-3.1588701e-08,4.4706125e-08,1.4137318e-08,10
3.815,0.00829312,3,2154.43,9830.4,-2.320048e-08,4.3932749e-08,1.3892755e-08,10
3.815,0.00829312,3,2154.43,10485.76,-2.7898118e-08,5.396269e-08,1.7064501e-08,10
3.815,0.00829312,3,2154.43,11796.48,-1.2486742e-08,6.4041844e-08,2.0251809e-08,10
3.815,0.00829312,3,2154.43,13107.2,-4.8202069e-09,5.5777556e-08,1.7638412e-08,10
3.815,0.00829312,3,2154.43,14417.92,1.8983204e-08,4.1013167e-08,1.2969502e-08,10
3.815,0.0068171315,fill,10000,0,4.386961e-07,2.6846021e-08,8.4894573e-09,10
3.815,0.0068171315,fill,10000,0.01,4.3853176e-07,2.6845471e-08,8.4892834e-09,10
3.815,0.0068171315,fill,10000,0.02,4.3803984e-07,2.6843813e-08,8.4887592e-09,10
3.815,0.0068171315,fill,10000,0.03,4.3722131e-07,2.6841052e-08,8.4878858e-09,10
3.815,0.0068171315,fill,10000,0.04,4.3607782e-07,2.6837192e-08,8.4866652e-09,10
3.815,0.0068171315,fill,10000,0.05,4.3461165e-07,2.6832243e-08,8.4851003e-09,10
3.815,0.0068171315,fill,10000,0.06,4.328257e-07,2.6826216e-08,8.4831944e-09,10
3.815,0.0068171315,fill,10000,0.07,4.3072354e-07,2.6819125e-08,8.480952e-09,10
3.815,0.0068171315,fill,10000,0.08,4.2830931e-07,2.6810985e-08,8.4783777e-09,10
3.815,0.0068171315,fill,10000,0.09,4.255878e-07,2.6801813e-08,8.4754774e-09,10
3.815,0.0068171315,fill,10000,0.1,4.225644e-07,2.679163e-08,8.4722573e-09,10
3.815,0.0068171315,fill,10000,0.11,4.1924507e-07,2.6780458e-08,8.4687245e-09,10
3.815,0.0068171315,fill,10000,0.12,4.1563635e-07,2.6768322e-08,8.4648866e-09,10
3.815,0.0068171315,fill,10000,0.13,4.1174535e-07,2.6755247e-08,8.4607519e-09,10
3.815,0.0068171315,fill,10000,0.14,4.0757968e-07,2.6741261e-08,8.4563292e-09,10
3.815,0.0068171315,fill,10000,0.15,4.0314753e-07,2.6726394e-08,8.451628e-09,10
3.815,0.0068171315,fill,10000,0.16,3.9839537e-07,2.6710468e-08,8.4465916e-09,10
3.815,0.0068171315,fill,10000,0.18,3.8828385e-07,2.6676638e-08,8.4358935e-09,10
3.815,0.0068171315,fill,10000,0.2,3.7725695e-07,2.6639825e-08,8.4242524e-09,10
3.815,0.0068171315,fill,10000,0.22,3.6539973e-07,2.6600331e-08,8.4117633e-09,10
3.815,0.0068171315,fill,10000,0.24,3.5280307e-07,2.6558473e-08,8.3985266e-09,10
3.815,0.0068171315,fill,10000,0.26,3.3956276e-07,2.651458e-08,8.3846466e-09,10
3.815,0.0068171315,fill,10000,0.28,3.2577871e-07,2.6468991e-08,8.37023e-09,10
3.815,0.0068171315,fill,10000,0.3,3.1155398e-07,2.6422049e-08,8.3553854e-09,10
3.815,0.0068171315,fill,10000,0.32,2.9693668e-07,2.6373865e-08,8.3401483e-09,10
3.815,0.0068171315,fill,10000,0.36,2.6729045e-07,2.6276462e-08,8.309347e-09,10
3.815,0.0068171315,fill,10000,0.4,2.3757988e-07,2.6179036e-08,8.2785381e-09,10
3.815,0.0068171315,fill,10000,0.44,2.0863206e-07,2.6084055e-08,8.2485024e-09,10
3.815,0.0068171315,fill,10000,0.48,1.8122386e-07,2.5993732e-08,8.2199399e-09,10
3.815,0.0068171315,fill,10000,0.52,1.5605737e-07,2.5909972e-08,8.1934525e-09,10
3.815,0.0068171315,fill,10000,0.56,1.3373886e-07,2.5834327e-08,8.1695316e-09,10
3.815,0.0068171315,fill,10000,0.6,1.1476193e-07,2.5767984e-08,8.1485519e-09,10
3.815,0.0068171315,fill,10000,0.64,1.0048178e-07,2.5714318e-08,8.1315813e-09,10
3.815,0.0068171315,fill,10000,0.72,8.1905441e-08,2.5633692e-08,8.106085e-09,10
3.815,0.0068171315,fill,10000,0.8,7.9137299e-08,2.5594362e-08,8.0936479e-09,10
3.815,0.0068171315,fill,10000,0.88,9.0490564e-08,2.5591571e-08,8.0927653e-09,10
3.815,0.0068171315,fill,10000,0.96,1.1267745e-07,2.5617307e-08,8.1009037e-09,10
3.815,0.0068171315,fill,10000,1.04,1.4136918e-07,2.5661821e-08,8.1149802e-09,10
3.815,0.0068171315,fill,10000,1.12,1.7185339e-07,2.5715335e-08,8.131903e-09,10
3.815,0.0068171315,fill,10000,1.2,1.9969662e-07,2.5769704e-08,8.1490958e-09,10
3.815,0.0068171315,fill,10000,1.28,2.1918941e-07,2.5817857e-08,8.1643232e-09,10
3.815,0.0068171315,fill,10000,1.44,2.3594429e-07,2.590148e-08,8.1907671e-09,10
3.815,0.0068171315,fill,10000,1.6,2.1978887e-07,2.5979558e-08,8.2154575e-09,10
3.815,0.0068171315,fill,10000,1.76,1.8576283e-07,2.6076186e-08,8.2460139e-09,10
3.815,0.0068171315,fill,10000,1.92,1.5302136e-07,2.6195405e-08,8.2837144e-09,10
3.815,0.0068171315,fill,10000,2.08,1.3293848e-07,2.6315157e-08,8.3215832e-09,10
3.815,0.0068171315,fill,10000,2.24,1.2523663e-07,2.6401521e-08,8.348894e-09,10
3.815,0.0068171315,fill,10000,2.4,1.2256036e-07,2.6429203e-08,8.3576479e-09,10
3.815,0.0068171315,fill,10000,2.56,1.1766543e-07,2.6381335e-08,8.3425108e-09,10
3.815,0.0068171315,fill,10000,2.88,1.0891024e-07,2.6204541e-08,8.2866036e-09,10
3.815,0.0068171315,fill,10000,3.2,1.2101272e-07,2.6043714e-08,8.2357456e-09,10
3.815,0.0068171315,fill,10000,3.52,1.3474905e-07,2.6193401e-08,8.2830807e-09,10
3.815,0.0068171315,fill,10000,3.84,1.1471286e-07,2.6732691e-08,8.4536193e-09,10
3.815,0.0068171315,fill,10000,4.16,9.9926417e-08,2.7047584e-08,8.5531971e-09,10
3.815,0.0068171315,fill,10000,4.48,1.3254056e-07,2.6531642e-08,8.3900417e-09,10
3.815,0.0068171315,fill,10000,4.8,1.6691995e-07,2.5933241e-08,8.2008109e-09,10
3.815,0.0068171315,fill,10000,5.12,1.5680092e-07,2.6423368e-08,8.3558025e-09,10
3.815,0.0068171315,fill,10000,5.76,1.6470484e-07,2.6382871e-08,8.3429963e-09,10
3.815,0.0068171315,fill,10000,6.4,1.8399783e-07,2.5685926e-08,8.1226028e-09,10
3.815,0.0068171315,fill,10000,7.04,1.8340097e-07,2.5879834e-08,8.1839221e-09,10
3.815,0.0068171315,fill,10000,7.68,1.7238179e-07,2.5493108e-08,8.0616285e-09,10
3.815,0.0068171315,fill,10000,8.32,1.6673536e-07,2.5797634e-08,8.1579282e-09,10
3.815,0.0068171315,fill,10000,8.96,1.3844632e-07,2.596031e-08,8.2093709e-09,10
3.815,0.0068171315,fill,10000,9.6,1.3741833e-07,2.6254329e-08,8.3023479e-09,10
3.815,0.0068171315,fill,10000,10.24,1.2784746e-07,2.6618042e-08,8.417364e-09,10
3.815,0.0068171315,fill,10000,11.52,1.3728157e-07,2.6688334e-08,8.4395922e-09,10
3.815,0.0068171315,fill,10000,12.8,1.5848706e-07,2.6015648e-08,8.2268703e-09,10
3.815,0.0068171315,fill,10000,14.08,1.6684084e-07,2.5667142e-08,8.1166631e-09,10
3.815,0.0068171315,fill,10000,15.36,1.5547503e-07,2.5717297e-08,8.1325234e-09,10
3.815,0.0068171315,fill,10000,16.64,1.3996244e-07,2.6339624e-08,8.3293205e-09,10
3.815,0.0068171315,fill,10000,17.92,1.3668177e-07,2.6520778e-08,8.3866064e-09,10
3.815,0.0068171315,fill,10000,19.2,1.4564867e-07,2.6286162e-08,8.3124144e-09,10
3.815,0.0068171315,fill,10000,20.48,1.5209391e-07,2.6014825e-08,8.22661e-09,10
3.815,0.0068171315,fill,10000,23.04,1.4626191e-07,2.6042597e-08,8.2353924e-09,10
3.815,0.0068171315,fill,10000,25.6,1.4194051e-07,2.6262244e-08,8.3048508e-09,10
3.815,0.0068171315,fill,10000,28.16,1.4760287e-07,2.5952259e-08,8.2068249e-09,10
3.815,0.0068171315,fill,10000,30.72,1.4323318e-07,2.6066027e-08,8.2428015e-09,10
3.815,0.0068171315,fill,10000,33.28,1.4247655e-07,2.5959875e-08,8.2092334e-09,10
3.815,0.0068171315,fill,10000,35.84,1.4434249e-07,2.586973e-08,8.1807268e-09,10
3.815,0.0068171315,fill,10000,38.4,1.4115215e-07,2.6100531e-08,8.2537126e-09,10
3.815,0.0068171315,fill,10000,40.96,1.4124898e-07,2.5840039e-08,8.1713379e-09,10
3.815,0.0068171315,fill,10000,46.08,1.4003509e-07,2.5964255e-08,8.2106183e-09,10
3.815,0.0068171315,fill,10000,51.2,1.3896443e-07,2.5780384e-08,8.1524734e-09,10
3.815,0.0068171315,fill,10000,56.32,1.3795616e-07,2.5752773e-08,8.1437417e-09,10
3.815,0.0068171315,fill,10000,61.44,1.3686299e-07,2.5787603e-08,8.1547561e-09,10
3.815,0.0068171315,fill,10000,66.56,1.3575551e-07,2.5595008e-08,8.0938522e-09,10
3.815,0.0068171315,fill,10000,71.68,1.3475544e-07,2.5521155e-08,8.0704978e-09,10
3.815,0.0068171315,fill,10000,76.8,1.3374887e-07,2.5484546e-08,8.058921e-09,10
3.815,0.0068171315,fill,10000,81.92,1.3273434e-07,2.5446174e-08,8.0467867e-09,10
3.815,0.0068171315,fill,10000,92.16,1.310296e-07,2.5411792e-08,8.0359142e-09,10
3.815,0.0068171315,fill,10000,102.4,1.2924576e-07,2.5316948e-08,8.0059218e-09,10
3.815,0.0068171315,fill,10000,112.64,1.2780939e-07,2.5179891e-08,7.9625808e-09,10
3.815,0.0068171315,fill,10000,122.88,1.2620398e-07,2.5043151e-08,7.9193396e-09,10
3.815,0.0068171315,fill,10000,133.12,1.2475822e-07,2.5034635e-08,7.9166468e-09,10
3.815,0.0068171315,fill,10000,143.36,1.2340791e-07,2.4904971e-08,7.8756432e-09,10
3.815,0.0068171315,fill,10000,153.6,1.2192232e-07,2.4744059e-08,7.8247585e-09,10
3.815,0.0068171315,fill,10000,163.84,1.2058233e-07,2.4609854e-08,7.7823191e-09,10
3.815,0.0068171315,fill,10000,184.32,1.1794052e-07,2.4366782e-08,7.7054531e-09,10
3.815,0.0068171315,fill,10000,204.8,1.1548258e-07,2.3822313e-08,7.5332769e-09,10
3.815,0.0068171315,fill,10000,225.28,1.1305212e-07,2.3591013e-08,7.4601334e-09,10
3.815,0.0068171315,fill,10000,245.76,1.1081267e-07,2.3366806e-08,7.3892328e-09,10
3.815,0.0068171315,fill,10000,266.24,1.0861686e-07,2.3131478e-08,7.3148157e-09,10
3.815,0.0068171315,fill,10000,286.72,1.0675993e-07,2.2944961e-08,7.2558339e-09,10
3.815,0.0068171315,fill,10000,307.2,1.0485457e-07,2.2983463e-08,7.2680091e-09,10
3.815,0.0068171315,fill,10000,327.68,1.0301159e-07,2.2767056e-08,7.1995752e-09,10
3.815,0.0068171315,fill,10000,368.64,9.9585587e-08,2.2604786e-08,7.1482611e-09,10
3.815,0.0068171315,fill,10000,409.6,9.6517081e-08,2.2587576e-08,7.1428188e-09,10
3.815,0.0068171315,fill,10000,450.56,9.3410028e-08,2.2608456e-08,7.1494216e-09,10
3.815,0.0068171315,fill,10000,491.52,9.0562226e-08,2.2655293e-08,7.1642327e-09,10
3.815,0.0068171315,fill,10000,532.48,8.7974921e-08,2.2651499e-08,7.163033e-09,10
3.815,0.0068171315,fill,10000,573.44,8.5509517e-08,2.2642832e-08,7.1602922e-09,10
3.815,0.0068171315,fill,10000,614.4,8.3087331e-08,2.2794745e-08,7.2083314e-09,10
3.815,0.0068171315,fill,10000,655.36,8.0745804e-08,2.2968826e-08,7.2633806e-09,10
3.815,0.0068171315,fill,10000,737.28,7.6294334e-08,2.3156619e-08,7.3227659e-09,10
3.815,0.0068171315,fill,10000,819.2,7.2334556e-08,2.297867e-08,7.2664935e-09,10
3.815,0.0068171315,fill,10000,901.12,6.8842499e-08,2.2844671e-08,7.2241192e-09,10
3.815,0.0068171315,fill,10000,983.04,6.5554018e-08,2.2950767e-08,7.2576697e-09,10
3.815,0.0068171315,fill,10000,1064.96,6.2921839e-08,2.300979e-08,7.2763344e-09,10
3.815,0.0068171315,fill,10000,1146.88,6.0700122e-08,2.3055162e-08,7.2906823e-09,10
3.815,0.0068171315,fill,10000,1228.8,5.8570752e-08,2.2974056e-08,7.2650344e-09,10
3.815,0.0068171315,fill,10000,1310.72,5.6611856e-08,2.2770478e-08,7.2006574e-09,10
3.815,0.0068171315,fill,10000,1474.56,5.2756809e-08,2.2350935e-08,7.0679862e-09,10
3.815,0.0068171315,fill,10000,1638.4,4.9782106e-08,2.135127e-08,6.7518644e-09,10
3.815,0.0068171315,fill,10000,1802.24,4.7729475e-08,2.0982917e-08,6.6353808e-09,10
3.815,0.0068171315,fill,10000,1966.08,4.6211395e-08,2.0746842e-08,6.5607275e-09,10
3.815,0.0068171315,fill,10000,2129.92,4.409904e-08,2.0001356e-08,6.3249843e-09,10
3.815,0.0068171315,fill,10000,2293.76,4.1492894e-08,1.9440243e-08,6.1475446e-09,10
3.815,0.0068171315,fill,10000,2457.6,3.8568471e-08,1.8743731e-08,5.9272881e-09,10
3.815,0.0068171315,fill,10000,2621.44,3.6261758e-08,1.7497449e-08,5.5331792e-09,10
3.815,0.0068171315,fill,10000,2949.12,3.2068516e-08,1.7390853e-08,5.4994707e-09,10
3.815,0.0068171315,fill,10000,3276.8,2.9989181e-08,1.8344811e-08,5.8011387e-09,10
3.815,0.0068171315,fill,10000,3604.48,2.856122e-08,1.8318098e-08,5.7926911e-09,10
3.815,0.0068171315,fill,10000,3932.16,2.7648469e-08,1.7873241e-08,5.6520151e-09,10
3.815,0.0068171315,fill,10000,4259.84,2.5224273e-08,1.7994464e-08,5.6903491e-09,10
3.815,0.0068171315,fill,10000,4587.52,2.2691672e-08,1.8647509e-08,5.8968601e-09,10
3.815,0.0068171315,fill,10000,4915.2,1.8549846e-08,1.8478084e-08,5.8432833e-09,10
3.815,0.0068171315,fill,10000,5242.88,1.4969393e-08,1.7690098e-08,5.5941e-09,10
3.815,0.0068171315,fill,10000,5898.24,1.2825872e-08,1.6107162e-08,5.0935319e-09,10
3.815,0.0068171315,fill,10000,6553.6,1.0101975e-08,1.5866242e-08,5.0173462e-09,10
3.815,0.0068171315,fill,10000,7208.96,6.4453787e-09,1.8357394e-08,5.8051177e-09,10
3.815,0.0068171315,fill,10000,7864.32,4.4906328e-09,1.7841651e-08,5.6420253e-09,10
3.815,0.0068171315,fill,10000,8519.68,4.5404457e-09,1.8324011e-08,5.7945612e-09,10
3.815,0.0068171315,fill,10000,9175.04,4.9846982e-09,2.0243763e-08,6.4016398e-09,10
3.815,0.0068171315,fill,10000,9830.4,5.5384747e-09,2.1775671e-08,6.8860719e-09,10
3.815,0.0068171315,fill,10000,10485.76,5.9799442e-09,2.1896052e-08,6.9241396e-09,10
3.815,0.0068171315,fill,10000,11796.48,8.5617629e-09,2.4594307e-08,7.7774027e-09,10
3.815,0.0068171315,fill,10000,13107.2,9.5009127e-09,2.537183e-08,8.0232773e-09,10
3.815,0.0068171315,fill,10000,14417.92,6.5394874e-09,2.5026081e-08,7.9139417e-09,10
3.815,0.0068171315,fill,10000,15728.64,6.855306e-09,2.2046355e-08,6.9716696e-09,10
3.815,0.0068171315,fill,10000,17039.36,3.7893515e-09,1.5242596e-08,4.8201319e-09,10
3.815,0.0068171315,fill,10000,18350.08,2.3853583e-09,1.4969683e-08,4.7338293e-09,10
3.815,0.0068171315,fill,10000,19660.8,1.1692521e-09,1.5735608e-08,4.9760363e-09,10
3.815,0.0068171315,fill,10000,20971.52,1.7931219e-09,1.796094e-08,5.6797479e-09,10
3.815,0.0068171315,fill,10000,23592.96,-4.8089869e-10,2.1200759e-08,6.7042685e-09,10
3.815,0.0068171315,fill,10000,26214.4,-2.8826749e-09,2.3738982e-08,7.5069253e-09,10
3.815,0.0068171315,fill,10000,28835.84,-3.3229392e-09,1.9971123e-08,6.3154236e-09,10
3.815,0.0068171315,fill,10000,31457.28,4.6370193e-09,1.5325312e-08,4.8462893e-09,10
3.815,0.0068171315,fill,10000,34078.72,1.4147935e-09,1.2973046e-08,4.1024373e-09,10
3.815,0.0068171315,fill,10000,36700.16,2.5921442e-09,1.5808698e-08,4.9991492e-09,10
3.815,0.0068171315,fill,10000,39321.6,4.5415653e-09,1.8524947e-08,5.8581025e-09,10
3.815,0.0068171315,fill,10000,41943.04,2.0207413e-09,1.7740062e-08,5.6099001e-09,10
3.815,0.0068171315,fill,10000,47185.92,-3.8334025e-09,2.9131795e-08,9.2122824e-09,10
3.815,0.0068171315,fill,10000,52428.8,-5.6065837e-09,2.6992042e-08,8.5356331e-09,10
3.815,0.0068171315,fill,10000,57671.68,-1.4220091e-09,2.7429323e-08,8.6739136e-09,10
3.815,0.0068171315,fill,10000,62914.56,-9.4136318e-09,2.541934e-08,8.0383012e-09,10
3.815,0.0068171315,fill,10000,68157.44,-7.1186028e-09,3.1808772e-08,1.0058817e-08,10
3.815,0.0068171315,fill,10000,73400.32,-2.1915657e-09,3.7425661e-08,1.1835033e-08,10
3.815,0.0068171315,fill,10000,78643.2,1.4509236e-09,2.0635937e-08,6.5256563e-09,10
3.815,0.0068171315,fill,10000,83886.08,-1.0176328e-08,2.3630045e-08,7.4724764e-09,10
3.815,0.0060978,3,4641.59,0,3.7624747e-07,3.9976061e-08,1.2641541e-08,10
3.815,0.0060978,3,4641.59,0.01,3.7610627e-07,3.997588e-08,1.2641483e-08,10
3.815,0.0060978,3,4641.59,0.02,3.756836e-07,3.9975378e-08,1.2641324e-08,10
3.815,0.0060978,3,4641.59,0.03,3.7498029e-07,3.9974555e-08,1.2641064e-08,10
3.815,0.0060978,3,4641.59,0.04,3.7399773e-07,3.9973414e-08,1.2640703e-08,10
3.815,0.0060978,3,4641.59,0.05,3.7273786e-07,3.9971958e-08,1.2640243e-08,10
3.815,0.0060978,3,4641.59,0.06,3.7120317e-07,3.9970193e-08,1.2639685e-08,10
3.815,0.0060978,3,4641.59,0.07,3.6939668e-07,3.9968123e-08,1.263903e-08,10
3.815,0.0060978,3,4641.59,0.08,3.6732195e-07,3.9965754e-08,1.2638281e-08,10
3.815,0.0060978,3,4641.59,0.09,3.6498304e-07,3.9963093e-08,1.263744e-08,10
3.815,0.0060978,3,4641.59,0.1,3.6238454e-07,3.9960149e-08,1.2636509e-08,10
3.815,0.0060978,3,4641.59,0.11,3.5953154e-07,3.995693e-08,1.2635491e-08,10
3.815,0.0060978,3,4641.59,0.12,3.5642963e-07,3.9953445e-08,1.2634389e-08,10
3.815,0.0060978,3,4641.59,0.13,3.5308486e-07,3.9949705e-08,1.2633206e-08,10
3.815,0.0060978,3,4641.59,0.14,3.4950374e-07,3.9945722e-08,1.2631946e-08,10
3.815,0.0060978,3,4641.59,0.15,3.4569324e-07,3.9941506e-08,1.2630613e-08,10
3.815,0.0060978,3,4641.59,0.16,3.416072e-07,3.9937017e-08,1.2629194e-08,10
3.815,0.0060978,3,4641.59,0.18,3.3291207e-07,3.9927548e-08,1.2626199e-08,10
3.815,0.0060978,3,4641.59,0.2,3.2342804e-07,3.9917364e-08,1.2622979e-08,10
3.815,0.0060978,3,4641.59,0.22,3.132278e-07,3.9906586e-08,1.2619571e-08,10
3.815,0.0060978,3,4641.59,0.24,3.0238908e-07,3.9895339e-08,1.2616014e-08,10
3.815,0.0060978,3,4641.59,0.26,2.9099386e-07,3.9883751e-08,1.2612349e-08,10
3.815,0.0060978,3,4641.59,0.28,2.7912772e-07,3.9871955e-08,1.2608619e-08,10
3.815,0.0060978,3,4641.59,0.3,2.6687897e-07,3.9860085e-08,1.2604866e-08,10
3.815,0.0060978,3,4641.59,0.32,2.5428779e-07,3.984829e-08,1.2601136e-08,10
3.815,0.0060978,3,4641.59,0.36,2.2874146e-07,3.9825425e-08,1.2593905e-08,10
3.815,0.0060978,3,4641.59,0.4,2.031241e-07,3.9804316e-08,1.258723e-08,10
3.815,0.0060978,3,4641.59,0.44,1.7814865e-07,3.978587e-08,1.2581397e-08,10
3.815,0.0060978,3,4641.59,0.48,1.5448665e-07,3.9770859e-08,1.257665e-08,10
3.815,0.0060978,3,4641.59,0.52,1.32747e-07,3.9759899e-08,1.2573184e-08,10
3.815,0.0060978,3,4641.59,0.56,1.134578e-07,3.975343e-08,1.2571138e-08,10
3.815,0.0060978,3,4641.59,0.6,9.7051532e-08,3.9751706e-08,1.2570593e-08,10
3.815,0.0060978,3,4641.59,0.64,8.4709348e-08,3.9755862e-08,1.2571907e-08,10
3.815,0.0060978,3,4641.59,0.72,6.8693211e-08,3.9775711e-08,1.2578184e-08,10
3.815,0.0060978,3,4641.59,0.8,6.6450466e-08,3.9811245e-08,1.2589421e-08,10
3.815,0.0060978,3,4641.59,0.88,7.6581816e-08,3.9857666e-08,1.2604101e-08,10
3.815,0.0060978,3,4641.59,0.96,9.6279572e-08,3.9908995e-08,1.2620332e-08,10
3.815,0.0060978,3,4641.59,1.04,1.2180106e-07,3.9958991e-08,1.2636143e-08,10
3.815,0.0060978,3,4641.59,1.12,1.4903304e-07,4.0001965e-08,1.2649732e-08,10
3.815,0.0060978,3,4641.59,1.2,1.7406796e-07,4.0033349e-08,1.2659657e-08,10
3.815,0.0060978,3,4641.59,1.28,1.9183966e-07,4.0045039e-08,1.2663353e-08,10
3.815,0.0060978,3,4641.59,1.44,2.0771868e-07,4.0028148e-08,1.2658012e-08,10
3.815,0.0060978,3,4641.59,1.6,1.9406615e-07,3.9948091e-08,1.2632695e-08,10
3.815,0.0060978,3,4641.59,1.76,1.6388935e-07,3.9826366e-08,1.2594203e-08,10
3.815,0.0060978,3,4641.59,1.92,1.3446775e-07,3.9705257e-08,1.2555905e-08,10
3.815,0.0060978,3,4641.59,2.08,1.1665781e-07,3.962884e-08,1.2531739e-08,10
3.815,0.0060978,3,4641.59,2.24,1.1085665e-07,3.9615567e-08,1.2527542e-08,10
3.815,0.0060978,3,4641.59,2.4,1.1047038e-07,3.9657506e-08,1.2540804e-08,10
3.815,0.0060978,3,4641.59,2.56,1.0794227e-07,3.9748462e-08,1.2569567e-08,10
3.815,0.0060978,3,4641.59,2.88,1.0032189e-07,3.9948778e-08,1.2632913e-08,10
3.815,0.0060978,3,4641.59,3.2,1.064767e-07,3.9921098e-08,1.262416e-08,10
3.815,0.0060978,3,4641.59,3.52,1.1578703e-07,3.953835e-08,1.2503124e-08,10
3.815,0.0060978,3,4641.59,3.84,9.8309421e-08,3.9126096e-08,1.2372758e-08,10
3.815,0.0060978,3,4641.59,4.16,8.4034647e-08,3.9155038e-08,1.238191e-08,10
3.815,0.0060978,3,4641.59,4.48,1.1091256e-07,3.9508099e-08,1.2493558e-08,10
3.815,0.0060978,3,4641.59,4.8,1.4115069e-07,3.9679322e-08,1.2547703e-08,10
3.815,0.0060978,3,4641.59,5.12,1.3010462e-07,3.9552832e-08,1.2507704e-08,10
3.815,0.0060978,3,4641.59,5.76,1.3612121e-07,3.9572797e-08,1.2514017e-08,10
3.815,0.0060978,3,4641.59,6.4,1.5663607e-07,3.972546e-08,1.2562293e-08,10
3.815,0.0060978,3,4641.59,7.04,1.5715383e-07,4.0024036e-08,1.2656711e-08,10
3.815,0.0060978,3,4641.59,7.68,1.5501936e-07,3.9935269e-08,1.2628641e-08,10
3.815,0.0060978,3,4641.59,8.32,1.5120136e-07,4.0014681e-08,1.2653753e-08,10
3.815,0.0060978,3,4641.59,8.96,1.2984784e-07,3.9775514e-08,1.2578122e-08,10
3.815,0.0060978,3,4641.59,9.6,1.2718143e-07,3.9840016e-08,1.2598519e-08,10
3.815,0.0060978,3,4641.59,10.24,1.1443177e-07,3.953479e-08,1.2501998e-08,10
3.815,0.0060978,3,4641.59,11.52,1.1383776e-07,3.941696e-08,1.2464737e-08,10
3.815,0.0060978,3,4641.59,12.8,1.2966842e-07,3.9472065e-08,1.2482163e-08,10
3.815,0.0060978,3,4641.59,14.08,1.4395148e-07,3.9874456e-08,1.260941e-08,10
3.815,0.0060978,3,4641.59,15.36,1.4276161e-07,3.9973335e-08,1.2640678e-08,10
3.815,0.0060978,3,4641.59,16.64,1.2973993e-07,3.9904665e-08,1.2618963e-08,10
3.815,0.0060978,3,4641.59,17.92,1.1946699e-07,3.9562627e-08,1.2510801e-08,10
3.815,0.0060978,3,4641.59,19.2,1.2050521e-07,3.9531831e-08,1.2501063e-08,10
3.815,0.0060978,3,4641.59,20.48,1.2886329e-07,3.9519286e-08,1.2497095e-08,10
3.815,0.0060978,3,4641.59,23.04,1.3268436e-07,3.984823e-08,1.2601117e-08,10
3.815,0.0060978,3,4641.59,25.6,1.2335242e-07,3.9706253e-08,1.255622e-08,10
3.815,0.0060978,3,4641.59,28.16,1.2761424e-07,3.9603151e-08,1.2523616e-08,10
3.815,0.0060978,3,4641.59,30.72,1.2904808e-07,3.9957839e-08,1.2635778e-08,10
3.815,0.0060978,3,4641.59,33.28,1.2415664e-07,3.9720319e-08,1.2560668e-08,10
3.815,0.0060978,3,4641.59,35.84,1.2654727e-07,3.956416e-08,1.2511286e-08,10
3.815,0.0060978,3,4641.59,38.4,1.2646953e-07,4.0104102e-08,1.2682031e-08,10
3.815,0.0060978,3,4641.59,40.96,1.247232e-07,3.9705014e-08,1.2555828e-08,10
3.815,0.0060978,3,4641.59,46.08,1.2449727e-07,3.9829153e-08,1.2595084e-08,10
3.815,0.0060978,3,4641.59,51.2,1.2368381e-07,3.9782554e-08,1.2580348e-08,10
3.815,0.0060978,3,4641.59,56.32,1.2271096e-07,3.9865367e-08,1.2606536e-08,10
3.815,0.0060978,3,4641.59,61.44,1.223107e-07,3.9920037e-08,1.2623824e-08,10
3.815,0.0060978,3,4641.59,66.56,1.2163527e-07,3.9831672e-08,1.2595881e-08,10
3.815,0.0060978,3,4641.59,71.68,1.2086024e-07,4.0012822e-08,1.2653165e-08,10
3.815,0.0060978,3,4641.59,76.8,1.2028612e-07,4.0070893e-08,1.2671529e-08,10
3.815,0.0060978,3,4641.59,81.92,1.1967424e-07,3.9995618e-08,1.2647725e-08,10
3.815,0.0060978,3,4641.59,92.16,1.1868882e-07,3.9944905e-08,1.2631688e-08,10
3.815,0.0060978,3,4641.59,102.4,1.1760876e-07,3.9954151e-08,1.2634612e-08,10
3.815,0.0060978,3,4641.59,112.64,1.1659733e-07,3.983415e-08,1.2596664e-08,10
3.815,0.0060978,3,4641.59,122.88,1.1562715e-07,3.9968308e-08,1.2639089e-08,10
3.815,0.0060978,3,4641.59,133.12,1.1468572e-07,3.9897406e-08,1.2616668e-08,10
3.815,0.0060978,3,4641.59,143.36,1.1394294e-07,3.9884579e-08,1.2612611e-08,10
3.815,0.0060978,3,4641.59,153.6,1.1303175e-07,3.9982675e-08,1.2643632e-08,10
3.815,0.0060978,3,4641.59,163.84,1.1227034e-07,4.0048817e-08,1.2664548e-08,10
3.815,0.0060978,3,4641.59,184.32,1.1055305e-07,3.997472e-08,1.2641116e-08,10
3.815,0.0060978,3,4641.59,204.8,1.0902621e-07,4.0007741e-08,1.2651559e-08,10
3.815,0.0060978,3,4641.59,225.28,1.0764825e-07,4.0064904e-08,1.2669635e-08,10
3.815,0.0060978,3,4641.59,245.76,1.0623614e-07,3.9988763e-08,1.2645557e-08,10
3.815,0.0060978,3,4641.59,266.24,1.0486359e-07,4.0026944e-08,1.2657631e-08,10
3.815,0.0060978,3,4641.59,286.72,1.0348285e-07,4.012216e-08,1.2687741e-08,10
3.815,0.0060978,3,4641.59,307.2,1.0221847e-07,4.033704e-08,1.2755692e-08,10
3.815,0.0060978,3,4641.59,327.68,1.0100572e-07,4.0313838e-08,1.2748355e-08,10
3.815,0.0060978,3,4641.59,368.64,9.8568141e-08,4.0245928e-08,1.272688e-08,10
3.815,0.0060978,3,4641.59,409.6,9.6498027e-08,4.0224827e-08,1.2720207e-08,10
3.815,0.0060978,3,4641.59,450.56,9.4463008e-08,4.0333329e-08,1.2754518e-08,10
3.815,0.0060978,3,4641.59,491.52,9.2599114e-08,4.0327354e-08,1.2752629e-08,10
3.815,0.0060978,3,4641.59,532.48,9.0792019e-08,4.041107e-08,1.2779102e-08,10
3.815,0.0060978,3,4641.59,573.44,8.9020981e-08,4.0415752e-08,1.2780583e-08,10
3.815,0.0060978,3,4641.59,614.4,8.7227306e-08,4.0462381e-08,1.2795328e-08,10
3.815,0.0060978,3,4641.59,655.36,8.5781688e-08,4.055289e-08,1.282395e-08,10
3.815,0.0060978,3,4641.59,737.28,8.2946323e-08,4.0580136e-08,1.2832566e-08,10
3.815,0.0060978,3,4641.59,819.2,8.0310649e-08,4.0563867e-08,1.2827421e-08,10
3.815,0.0060978,3,4641.59,901.12,7.8083612e-08,4.0462241e-08,1.2795284e-08,10
3.815,0.0060978,3,4641.59,983.04,7.5924012e-08,4.0637681e-08,1.2850763e-08,10
3.815,0.0060978,3,4641.59,1064.96,7.3705686e-08,4.0694685e-08,1.2868789e-08,10
3.815,0.0060978,3,4641.59,1146.88,7.1368502e-08,4.0661818e-08,1.2858396e-08,10
3.815,0.0060978,3,4641.59,1228.8,6.9383675e-08,4.0686671e-08,1.2866255e-08,10
3.815,0.0060978,3,4641.59,1310.72,6.7605311e-08,4.0743692e-08,1.2884287e-08,10
3.815,0.0060978,3,4641.59,1474.56,6.423442e-08,4.0573948e-08,1.2830609e-08,10
3.815,0.0060978,3,4641.59,1638.4,6.0640833e-08,4.0738333e-08,1.2882592e-08,10
3.815,0.0060978,3,4641.59,1802.24,5.7559154e-08,4.1088255e-08,1.2993247e-08,10
3.815,0.0060978,3,4641.59,1966.08,5.4556224e-08,4.165833e-08,1.3173521e-08,10
3.815,0.0060978,3,4641.59,2129.92,5.1611578e-08,4.1621335e-08,1.3161822e-08,10
3.815,0.0060978,3,4641.59,2293.76,4.8220178e-08,4.1071864e-08,1.2988064e-08,10
3.815,0.0060978,3,4641.59,2457.6,4.4979307e-08,4.0346577e-08,1.2758708e-08,10
3.815,0.0060978,3,4641.59,2621.44,4.2060176e-08,3.9412071e-08,1.2463191e-08,10
3.815,0.0060978,3,4641.59,2949.12,3.7381298e-08,3.7996869e-08,1.2015665e-08,10
3.815,0.0060978,3,4641.59,3276.8,3.3508834e-08,3.7155647e-08,1.1749647e-08,10
3.815,0.0060978,3,4641.59,3604.48,3.0767727e-08,3.7042886e-08,1.1713989e-08,10
3.815,0.0060978,3,4641.59,3932.16,2.9789818e-08,3.5341313e-08,1.1175904e-08,10
3.815,0.0060978,3,4641.59,4259.84,2.8032858e-08,3.3929421e-08,1.0729425e-08,10
3.815,0.0060978,3,4641.59,4587.52,2.5778482e-08,3.2219825e-08,1.0188803e-08,10
3.815,0.0060978,3,4641.59,4915.2,2.3607859e-08,3.0433742e-08,9.6239942e-09,10
3.815,0.0060978,3,4641.59,5242.88,2.2028166e-08,2.7648942e-08,8.7433631e-09,10
3.815,0.0060978,3,4641.59,5898.24,1.8635757e-08,2.4605057e-08,7.7808021e-09,10
3.815,0.0060978,3,4641.59,6553.6,1.425766e-08,2.3741808e-08,7.5078189e-09,10
3.815,0.0060978,3,4641.59,7208.96,1.0931208e-08,2.0617467e-08,6.5198154e-09,10
3.815,0.0060978,3,4641.59,7864.32,6.9659083e-09,2.0317504e-08,6.424959e-09,10
3.815,0.0060978,3,4641.59,8519.68,2.6725445e-09,2.0290011e-08,6.416265e-09,10
3.815,0.0060978,3,4641.59,9175.04,1.469841e-09,1.6676832e-08,5.2736774e-09,10
3.815,0.0060978,3,4641.59,9830.4,8.7076927e-10,1.5195146e-08,4.8051269e-09,10
3.815,0.0060978,3,4641.59,10485.76,1.4297798e-09,1.6520599e-08,5.224272e-09,10
3.815,0.0060978,3,4641.59,11796.48,3.714749e-09,1.9495447e-08,6.1650018e-09,10
3.815,0.0060978,3,4641.59,13107.2,1.5528972e-09,2.4278766e-08,7.67762e-09,10
3.815,0.0060978,3,4641.59,14417.92,-1.1848135e-09,2.4144725e-08,7.6352325e-09,10
3.815,0.0060978,3,4641.59,15728.64,-1.4165265e-09,2.0088358e-08,6.3524965e-09,10
3.815,0.0060978,3,4641.59,17039.36,-1.1015156e-09,1.8496351e-08,5.8490598e-09,10
3.815,0.0060978,3,4641.59,18350.08,-5.24093e-09,2.1033061e-08,6.651238e-09,10
3.815,0.0060978,3,4641.59,19660.8,-7.3051321e-09,2.2341711e-08,7.0650694e-09,10
3.815,0.0060978,3,4641.59,20971.52,-6.3292205e-09,2.2402516e-08,7.0842976e-09,10
3.815,0.0060978,3,4641.59,23592.96,2.6330668e-09,1.5154582e-08,4.7922995e-09,10
3.815,0.0060978,3,4641.59,26214.4,8.7605686e-09,1.4981983e-08,4.737719e-09,10
3.815,0.0060978,3,4641.59,28835.84,1.3951963e-08,2.1695012e-08,6.8605653e-09,10
3.815,0.0060978,3,4641.59,31457.28,7.9876847e-09,1.9719971e-08,6.2360025e-09,10
3.815,0.0060978,3,4641.59,34078.72,3.5783025e-09,3.1125008e-08,9.8425917e-09,10
3.815,0.0060978,3,4641.59,36700.16,4.950964e-09,3.0475402e-08,9.6371683e-09,10
3.815,0.0060978,3,4641.59,39321.6,1.5999436e-08,1.9273151e-08,6.0947055e-09,10
3.815,0.0060978,3,4641.59,41943.04,1.7882066e-08,3.6776446e-08,1.1629733e-08,10
3.815,0.0060978,3,4641.59,47185.92,2.2087538e-08,7.5438286e-08,2.3855681e-08,10
3.815,0.0060978,3,4641.59,52428.8,3.5602739e-08,9.2534424e-08,2.9261954e-08,10
3.815,0.0060978,3,4641.59,57671.68,4.8388039e-08,9.7278933e-08,3.07623e-08,10
3.815,0.00526263,5,10000,0,2.9561876e-07,4.1422051e-08,1.3098803e-08,10
3.815,0.00526263,5,10000,0.01,2.9550414e-07,4.1422146e-08,1.3098833e-08,10
3.815,0.00526263,5,10000,0.02,2.9516087e-07,4.1422447e-08,1.3098928e-08,10
3.815,0.00526263,5,10000,0.03,2.9458961e-07,4.1422952e-08,1.3099088e-08,10
3.815,0.00526263,5,10000,0.04,2.9379148e-07,4.1423662e-08,1.3099312e-08,10
3.815,0.00526263,5,10000,0.05,2.9276806e-07,4.1424574e-08,1.30996e-08,10
3.815,0.00526263,5,10000,0.06,2.9152134e-07,4.1425687e-08,1.3099953e-08,10
3.815,0.00526263,5,10000,0.07,2.9005374e-07,4.1427e-08,1.3100368e-08,10
3.815,0.00526263,5,10000,0.08,2.8836815e-07,4.142851e-08,1.3100845e-08,10
3.815,0.00526263,5,10000,0.09,2.8646784e-07,4.1430214e-08,1.3101384e-08,10
3.815,0.00526263,5,10000,0.1,2.8435651e-07,4.143211e-08,1.3101983e-08,10
3.815,0.00526263,5,10000,0.11,2.8203826e-07,4.1434194e-08,1.3102642e-08,10
3.815,0.00526263,5,10000,0.12,2.795176e-07,4.1436462e-08,1.310336e-08,10
3.815,0.00526263,5,10000,0.13,2.7679941e-07,4.1438912e-08,1.3104135e-08,10
3.815,0.00526263,5,10000,0.14,2.7388894e-07,4.1441539e-08,1.3104965e-08,10
3.815,0.00526263,5,10000,0.15,2.7079183e-07,4.1444338e-08,1.310585e-08,10
3.815,0.00526263,5,10000,0.16,2.6747044e-07,4.1447344e-08,1.3106801e-08,10
3.815,0.00526263,5,10000,0.18,2.6040173e-07,4.1453756e-08,1.3108829e-08,10
3.815,0.00526263,5,10000,0.2,2.5269032e-07,4.1460773e-08,1.3111048e-08,10
3.815,0.00526263,5,10000,0.22,2.4439501e-07,4.1468348e-08,1.3113443e-08,10
3.815,0.00526263,5,10000,0.24,2.3557866e-07,4.147643e-08,1.3115999e-08,10
3.815,0.00526263,5,10000,0.26,2.2630768e-07,4.1484965e-08,1.3118698e-08,10
3.815,0.00526263,5,10000,0.28,2.1665141e-07,4.1493893e-08,1.3121521e-08,10
3.815,0.00526263,5,10000,0.3,2.0668151e-07,4.1503157e-08,1.312445e-08,10
3.815,0.00526263,5,10000,0.32,1.9642985e-07,4.1512759e-08,1.3127487e-08,10
3.815,0.00526263,5,10000,0.36,1.7562404e-07,4.1532363e-08,1.3133686e-08,10
3.815,0.00526263,5,10000,0.4,1.5475081e-07,4.155229e-08,1.3139988e-08,10
3.815,0.00526263,5,10000,0.44,1.3439221e-07,4.157203e-08,1.314623e-08,10
3.815,0.00526263,5,10000,0.48,1.1509818e-07,4.1591097e-08,1.315226e-08,10
3.815,0.00526263,5,10000,0.52,9.7369269e-08,4.1609041e-08,1.3157934e-08,10
3.815,0.00526263,5,10000,0.56,8.1641619e-08,4.1625469e-08,1.3163129e-08,10
3.815,0.00526263,5,10000,0.6,6.8274676e-08,4.1640052e-08,1.3167741e-08,10
3.815,0.00526263,5,10000,0.64,5.8245729e-08,4.1651967e-08,1.3171509e-08,10
3.815,0.00526263,5,10000,0.72,4.5332632e-08,4.1670022e-08,1.3177218e-08,10
3.815,0.00526263,5,10000,0.8,4.3814555e-08,4.1678783e-08,1.3179988e-08,10
3.815,0.00526263,5,10000,0.88,5.2594805e-08,4.1678996e-08,1.3180056e-08,10
3.815,0.00526263,5,10000,0.96,6.9398161e-08,4.1672234e-08,1.3177918e-08,10
3.815,0.00526263,5,10000,1.04,9.1148594e-08,4.1660507e-08,1.3174209e-08,10
3.815,0.00526263,5,10000,1.12,1.1442839e-07,4.1645898e-08,1.3169589e-08,10
3.815,0.00526263,5,10000,1.2,1.3595465e-07,4.1630295e-08,1.3164655e-08,10
3.815,0.00526263,5,10000,1.28,1.5143162e-07,4.1615562e-08,1.3159996e-08,10
3.815,0.00526263,5,10000,1.44,1.6572483e-07,4.159066e-08,1.3152121e-08,10
3.815,0.00526263,5,10000,1.6,1.5462754e-07,4.1573136e-08,1.314658e-08,10
3.815,0.00526263,5,10000,1.76,1.2892187e-07,4.1559455e-08,1.3142254e-08,10
3.815,0.00526263,5,10000,1.92,1.0362651e-07,4.1547217e-08,1.3138384e-08,10
3.815,0.00526263,5,10000,2.08,8.8752208e-08,4.1541868e-08,1.3136692e-08,10
3.815,0.00526263,5,10000,2.24,8.5250648e-08,4.1554443e-08,1.3140669e-08,10
3.815,0.00526263,5,10000,2.4,8.7370683e-08,4.1591358e-08,1.3152342e-08,10
3.815,0.00526263,5,10000,2.56,8.742027e-08,4.1648025e-08,1.3170262e-08,10
3.815,0.00526263,5,10000,2.88,8.1497077e-08,4.174392e-08,1.3200587e-08,10
3.815,0.00526263,5,10000,3.2,8.2201769e-08,4.1738264e-08,1.3198798e-08,10
3.815,0.00526263,5,10000,3.52,8.7465543e-08,4.1631307e-08,1.3164975e-08,10
3.815,0.00526263,5,10000,3.84,7.299638e-08,4.1507725e-08,1.3125895e-08,10
3.815,0.00526263,5,10000,4.16,5.9124031e-08,4.145165e-08,1.3108163e-08,10
3.815,0.00526263,5,10000,4.48,7.9426518e-08,4.1505671e-08,1.3125246e-08,10
3.815,0.00526263,5,10000,4.8,1.0515712e-07,4.1624135e-08,1.3162707e-08,10
3.815,0.00526263,5,10000,5.12,9.3214569e-08,4.1605547e-08,1.3156829e-08,10
3.815,0.00526263,5,10000,5.76,9.5811217e-08,4.1480821e-08,1.3117387e-08,10
3.815,0.00526263,5,10000,6.4,1.1585652e-07,4.1483429e-08,1.3118212e-08,10
3.815,0.00526263,5,10000,7.04,1.1606213e-07,4.1521742e-08,1.3130328e-08,10
3.815,0.00526263,5,10000,7.68,1.2278005e-07,4.1707007e-08,1.3188914e-08,10
3.815,0.00526263,5,10000,8.32,1.2053058e-07,4.1652298e-08,1.3171613e-08,10
3.815,0.00526263,5,10000,8.96,1.0936583e-07,4.1642005e-08,1.3168358e-08,10
3.815,0.00526263,5,10000,9.6,1.067921e-07,4.1665118e-08,1.3175667e-08,10
3.815,0.00526263,5,10000,10.24,9.4177302e-08,4.1570229e-08,1.3145661e-08,10
3.815,0.00526263,5,10000,11.52,8.470345e-08,4.1549179e-08,1.3139004e-08,10
3.815,0.00526263,5,10000,12.8,8.9936022e-08,4.1461084e-08,1.3111146e-08,10
3.815,0.00526263,5,10000,14.08,1.0310388e-07,4.1480785e-08,1.3117376e-08,10
3.815,0.00526263,5,10000,15.36,1.1181942e-07,4.1440542e-08,1.310465e-08,10
3.815,0.00526263,5,10000,16.64,1.0892188e-07,4.1611155e-08,1.3158603e-08,10
3.815,0.00526263,5,10000,17.92,9.8716499e-08,4.1691821e-08,1.3184112e-08,10
3.815,0.00526263,5,10000,19.2,9.1133538e-08,4.1702338e-08,1.3187437e-08,10
3.815,0.00526263,5,10000,20.48,9.3439904e-08,4.1612316e-08,1.315897e-08,10
3.815,0.00526263,5,10000,23.04,1.0316248e-07,4.1430824e-08,1.3101577e-08,10
3.815,0.00526263,5,10000,25.6,9.9353678e-08,4.1673984e-08,1.3178471e-08,10
3.815,0.00526263,5,10000,28.16,9.4455263e-08,4.1538005e-08,1.3135471e-08,10
3.815,0.00526263,5,10000,30.72,9.9681162e-08,4.1522794e-08,1.313066e-08,10
3.815,0.00526263,5,10000,33.28,9.8981604e-08,4.1669646e-08,1.3177099e-08,10
3.815,0.00526263,5,10000,35.84,9.5515153e-08,4.156261e-08,1.3143251e-08,10
3.815,0.00526263,5,10000,38.4,9.7971632e-08,4.1535188e-08,1.313458e-08,10
3.815,0.00526263,5,10000,40.96,9.7472027e-08,4.1549098e-08,1.3138978e-08,10
3.815,0.00526263,5,10000,46.08,9.6663087e-08,4.1534542e-08,1.3134375e-08,10
3.815,0.00526263,5,10000,51.2,9.6327297e-08,4.1531502e-08,1.3133414e-08,10
3.815,0.00526263,5,10000,56.32,9.6210949e-08,4.1559379e-08,1.314223e-08,10
3.815,0.00526263,5,10000,61.44,9.5714027e-08,4.1547584e-08,1.31385e-08,10
3.815,0.00526263,5,10000,66.56,9.5461542e-08,4.155422e-08,1.3140598e-08,10
3.815,0.00526263,5,10000,71.68,9.527566e-08,4.1567589e-08,1.3144826e-08,10
3.815,0.00526263,5,10000,76.8,9.490936e-08,4.157792e-08,1.3148093e-08,10
3.815,0.00526263,5,10000,81.92,9.4719914e-08,4.1558994e-08,1.3142108e-08,10
3.815,0.00526263,5,10000,92.16,9.4246201e-08,4.1554853e-08,1.3140798e-08,10
3.815,0.00526263,5,10000,102.4,9.3837895e-08,4.156834e-08,1.3145063e-08,10
3.815,0.00526263,5,10000,112.64,9.3459223e-08,4.1604919e-08,1.3156631e-08,10
3.815,0.00526263,5,10000,122.88,9.3063908e-08,4.1654591e-08,1.3172338e-08,10
3.815,0.00526263,5,10000,133.12,9.2755013e-08,4.1639655e-08,1.3167615e-08,10
3.815,0.00526263,5,10000,143.36,9.237583e-08,4.1654078e-08,1.3172176e-08,10
3.815,0.00526263,5,10000,153.6,9.2013119e-08,4.1659963e-08,1.3174037e-08,10
3.815,0.00526263,5,10000,163.84,9.1657891e-08,4.1624065e-08,1.3162685e-08,10
3.815,0.00526263,5,10000,184.32,9.1078996e-08,4.1623165e-08,1.31624e-08,10
3.815,0.00526263,5,10000,204.8,9.0486907e-08,4.1656922e-08,1.3173075e-08,10
3.815,0.00526263,5,10000,225.28,8.9952723e-08,4.1655741e-08,1.3172702e-08,10
3.815,0.00526263,5,10000,245.76,8.9393673e-08,4.170787e-08,1.3189187e-08,10
3.815,0.00526263,5,10000,266.24,8.8866738e-08,4.1768923e-08,1.3208493e-08,10
3.815,0.00526263,5,10000,286.72,8.8428951e-08,4.1799706e-08,1.3218228e-08,10
3.815,0.00526263,5,10000,307.2,8.7961353e-08,4.1844694e-08,1.3232454e-08,10
3.815,0.00526263,5,10000,327.68,8.7568103e-08,4.1901833e-08,1.3250523e-08,10
3.815,0.00526263,5,10000,368.64,8.6626659e-08,4.1895152e-08,1.324841e-08,10
3.815,0.00526263,5,10000,409.6,8.5721386e-08,4.1885833e-08,1.3245463e-08,10
3.815,0.00526263,5,10000,450.56,8.4927829e-08,4.1901122e-08,1.3250298e-08,10
3.815,0.00526263,5,10000,491.52,8.4103433e-08,4.1905798e-08,1.3251777e-08,10
3.815,0.00526263,5,10000,532.48,8.3368e-08,4.194125e-08,1.3262988e-08,10
3.815,0.00526263,5,10000,573.44,8.2641383e-08,4.1923795e-08,1.3257468e-08,10
3.815,0.00526263,5,10000,614.4,8.1935892e-08,4.1957814e-08,1.3268226e-08,10
3.815,0.00526263,5,10000,655.36,8.1357933e-08,4.2013944e-08,1.3285976e-08,10
3.815,0.00526263,5,10000,737.28,8.0105615e-08,4.2097518e-08,1.3312404e-08,10
3.815,0.00526263,5,10000,819.2,7.8935511e-08,4.2207801e-08,1.3347279e-08,10
3.815,0.00526263,5,10000,901.12,7.7871146e-08,4.2264402e-08,1.3365177e-08,10
3.815,0.00526263,5,10000,983.04,7.6865732e-08,4.2303557e-08,1.3377559e-08,10
3.815,0.00526263,5,10000,1064.96,7.5852648e-08,4.2356231e-08,1.3394216e-08,10
3.815,0.00526263,5,10000,1146.88,7.4904269e-08,4.2352116e-08,1.3392915e-08,10
3.815,0.00526263,5,10000,1228.8,7.4009172e-08,4.2321527e-08,1.3383242e-08,10
3.815,0.00526263,5,10000,1310.72,7.3159176e-08,4.2281775e-08,1.3370671e-08,10
3.815,0.00526263,5,10000,1474.56,7.1618649e-08,4.2183214e-08,1.3339504e-08,10
3.815,0.00526263,5,10000,1638.4,7.034816e-08,4.1975329e-08,1.3273764e-08,10
3.815,0.00526263,5,10000,1802.24,6.9142484e-08,4.1952907e-08,1.3266674e-08,10
3.815,0.00526263,5,10000,1966.08,6.807702e-08,4.1877751e-08,1.3242908e-08,10
3.815,0.00526263,5,10000,2129.92,6.6923819e-08,4.1654857e-08,1.3172422e-08,10
3.815,0.00526263,5,10000,2293.76,6.5931972e-08,4.1492123e-08,1.3120961e-08,10
3.815,0.00526263,5,10000,2457.6,6.4943425e-08,4.1244273e-08,1.3042584e-08,10
3.815,0.00526263,5,10000,2621.44,6.4048078e-08,4.1078449e-08,1.2990146e-08,10
3.815,0.00526263,5,10000,2949.12,6.2023188e-08,4.078596e-08,1.2897653e-08,10
3.815,0.00526263,5,10000,3276.8,5.9878393e-08,4.0425701e-08,1.2783729e-08,10
3.815,0.00526263,5,10000,3604.48,5.8076857e-08,4.0260873e-08,1.2731606e-08,10
3.815,0.00526263,5,10000,3932.16,5.610834e-08,4.0307167e-08,1.2746245e-08,10
3.815,0.00526263,5,10000,4259.84,5.4207373e-08,4.0311548e-08,1.2747631e-08,10
3.815,0.00526263,5,10000,4587.52,5.2323045e-08,4.0150121e-08,1.2696583e-08,10
3.815,0.00526263,5,10000,4915.2,5.1107612e-08,3.9614662e-08,1.2527256e-08,10
3.815,0.00526263,5,10000,5242.88,5.0063244e-08,3.9046847e-08,1.2347697e-08,10
3.815,0.00526263,5,10000,5898.24,4.7633631e-08,3.8235163e-08,1.209102e-08,10
3.815,0.00526263,5,10000,6553.6,4.5296166e-08,3.7688785e-08,1.191824e-08,10
3.815,0.00526263,5,10000,7208.96,4.3322642e-08,3.704655e-08,1.1715148e-08,10
3.815,0.00526263,5,10000,7864.32,4.130458e-08,3.6242969e-08,1.1461033e-08,10
3.815,0.00526263,5,10000,8519.68,3.9086251e-08,3.5506115e-08,1.1228019e-08,10
3.815,0.00526263,5,10000,9175.04,3.6373068e-08,3.5218072e-08,1.1136932e-08,10
3.815,0.00526263,5,10000,9830.4,3.4037935e-08,3.4704571e-08,1.0974549e-08,10
3.815,0.00526263,5,10000,10485.76,3.2366368e-08,3.3793393e-08,1.0686409e-08,10
3.815,0.00526263,5,10000,11796.48,2.9997486e-08,3.2759539e-08,1.0359476e-08,10
3.815,0.00526263,5,10000,13107.2,2.7413326e-08,3.1995832e-08,1.0117971e-08,10
3.815,0.00526263,5,10000,14417.92,2.5249669e-08,3.1281108e-08,9.891955e-09,10
3.815,0.00526263,5,10000,15728.64,2.2145824e-08,2.9889629e-08,9.4519306e-09,10
3.815,0.00526263,5,10000,17039.36,1.8866115e-08,2.9454173e-08,9.3142274e-09,10
3.815,0.00526263,5,10000,18350.08,1.7122939e-08,2.9461433e-08,9.3165232e-09,10
3.815,0.00526263,5,10000,19660.8,1.4639335e-08,2.9263168e-08,9.2538263e-09,10
3.815,0.00526263,5,10000,20971.52,1.3387507e-08,3.0582801e-08,9.6711309e-09,10
3.815,0.00526263,5,10000,23592.96,1.1253782e-08,3.3067782e-08,1.0456951e-08,10
3.815,0.00526263,5,10000,26214.4,1.0049424e-08,3.5856245e-08,1.133874e-08,10
3.815,0.00526263,5,10000,28835.84,9.567832e-09,3.8187824e-08,1.207605e-08,10
3.815,0.00526263,5,10000,31457.28,8.2869032e-09,3.8693522e-08,1.2235966e-08,10
3.815,0.00526263,5,10000,34078.72,5.7290031e-09,3.5289658e-08,1.115957e-08,10
3.815,0.00526263,5,10000,36700.16,4.1324083e-09,3.1046299e-08,9.8177017e-09,10
3.815,0.00526263,5,10000,39321.6,3.7449808e-09,2.669285e-08,8.4410202e-09,10
3.815,0.00526263,5,10000,41943.04,2.0500235e-09,2.076037e-08,6.5650055e-09,10
3.815,0.00526263,5,10000,47185.92,5.0986228e-09,1.6705296e-08,5.2826784e-09,10
3.815,0.00526263,5,10000,52428.8,5.8392983e-09,1.9144619e-08,6.0540601e-09,10
3.815,0.00526263,5,10000,57671.68,5.4318406e-09,2.589199e-08,8.1877662e-09,10
3.815,0.00526263,5,10000,62914.56,4.3776622e-09,3.2572874e-08,1.0300447e-08,10
3.815,0.00526263,5,10000,68157.44,-1.9140391e-09,3.3381314e-08,1.0556098e-08,10
3.815,0.00526263,5,10000,73400.32,-3.656749e-09,3.3020926e-08,1.0442134e-08,10
3.815,0.00526263,5,10000,78643.2,-4.5725618e-09,3.861202e-08,1.2210193e-08,10
3.815,0.00526263,5,10000,83886.08,-3.4044932e-09,4.7422649e-08,1.4996358e-08,10
3.815,0.00526263,5,10000,94371.84,3.1894219e-09,5.6553771e-08,1.7883873e-08,10
3.815,0.00526263,5,10000,104857.6,1.8321599e-08,4.2083083e-08,1.3307839e-08,10
3.815,0.00526263,5,10000,115343.36,2.1527284e-08,4.1166642e-08,1.3018035e-08,10
3.815,0.00526263,5,10000,125829.12,2.2534909e-08,4.6723535e-08,1.4775279e-08,10
3.815,0.00526263,5,10000,136314.88,2.0940893e-08,3.0333658e-08,9.5923448e-09,10
3.815,0.00526263,5,10000,146800.64,6.836818e-09,2.7191364e-08,8.5986642e-09,10
3.815,0.00526263,5,10000,157286.4,-1.3227187e-09,2.5459185e-08,8.0509013e-09,10
3.815,0.00526263,5,10000,167772.16,-6.8969639e-09,1.8438797e-08,5.8308597e-09,10
3.825,0.12355752,fill,1000,0,3.9382019e-05,1.2607474e-06,3.9868332e-07,10
3.825,0.12355752,fill,1000,0.01,3.9366704e-05,1.2607959e-06,3.9869868e-07,10
3.825,0.12355752,fill,1000,0.02,3.9321036e-05,1.2610007e-06,3.9876342e-07,10
3.825,0.12355752,fill,1000,0.03,3.9245269e-05,1.2613609e-06,3.9887734e-07,10
3.825,0.12355752,fill,1000,0.04,3.9139794e-05,1.2618755e-06,3.9904008e-07,10
3.825,0.12355752,fill,1000,0.05,3.9005135e-05,1.2625434e-06,3.9925126e-07,10
3.825,0.12355752,fill,1000,0.06,3.8841931e-05,1.2633627e-06,3.9951035e-07,10
3.825,0.12355752,fill,1000,0.07,3.8650935e-05,1.264331e-06,3.9981657e-07,10
3.825,0.12355752,fill,1000,0.08,3.8432998e-05,1.2654459e-06,4.0016912e-07,10
3.825,0.12355752,fill,1000,0.09,3.8189065e-05,1.2667045e-06,4.0056713e-07,10
3.825,0.12355752,fill,1000,0.1,3.7920162e-05,1.2681036e-06,4.0100955e-07,10
3.825,0.12355752,fill,1000,0.11,3.7627391e-05,1.2696393e-06,4.0149521e-07,10
3.825,0.12355752,fill,1000,0.12,3.7311919e-05,1.2713076e-06,4.0202275e-07,10
3.825,0.12355752,fill,1000,0.13,3.6974972e-05,1.2731036e-06,4.025907e-07,10
3.825,0.12355752,fill,1000,0.14,3.6617822e-05,1.2750224e-06,4.0319749e-07,10
3.825,0.12355752,fill,1000,0.15,3.6241786e-05,1.2770585e-06,4.0384137e-07,10
3.825,0.12355752,fill,1000,0.16,3.5844169e-05,1.2792307e-06,4.0452826e-07,10
3.825,0.12355752,fill,1000,0.18,3.5010611e-05,1.2838281e-06,4.0598209e-07,10
3.825,0.12355752,fill,1000,0.2,3.4123581e-05,1.2887846e-06,4.0754947e-07,10
3.825,0.12355752,fill,1000,0.22,3.3194316e-05,1.2940341e-06,4.092095e-07,10
3.825,0.12355752,fill,1000,0.24,3.2233957e-05,1.299503e-06,4.1093892e-07,10
3.825,0.12355752,fill,1000,0.26,3.125338e-05,1.3051122e-06,4.1271272e-07,10
3.825,0.12355752,fill,1000,0.28,3.0263059e-05,1.310778e-06,4.145044e-07,10
3.825,0.12355752,fill,1000,0.3,2.9272953e-05,1.3164136e-06,4.1628652e-07,10
3.825,0.12355752,fill,1000,0.32,2.8296933e-05,1.3218521e-06,4.1800634e-07,10
3.825,0.12355752,fill,1000,0.36,2.6402065e-05,1.332152e-06,4.2126346e-07,10
3.825,0.12355752,fill,1000,0.4,2.4638068e-05,1.3409817e-06,4.2405563e-07,10
3.825,0.12355752,fill,1000,0.44,2.3050984e-05,1.3477725e-06,4.2620308e-07,10
3.825,0.12355752,fill,1000,0.48,2.1672654e-05,1.3520913e-06,4.275688e-07,10
3.825,0.12355752,fill,1000,0.52,2.0520831e-05,1.3536734e-06,4.2806911e-07,10
3.825,0.12355752,fill,1000,0.56,1.9599999e-05,1.352438e-06,4.2767845e-07,10
3.825,0.12355752,fill,1000,0.6,1.8902813e-05,1.3484756e-06,4.2642543e-07,10
3.825,0.12355752,fill,1000,0.64,1.8457446e-05,1.3414557e-06,4.2420555e-07,10
3.825,0.12355752,fill,1000,0.72,1.7975091e-05,1.3228114e-06,4.183097e-07,10
3.825,0.12355752,fill,1000,0.8,1.7968002e-05,1.2994538e-06,4.1092338e-07,10
3.825,0.12355752,fill,1000,0.88,1.8186632e-05,1.2756347e-06,4.0339111e-07,10
3.825,0.12355752,fill,1000,0.96,1.8430348e-05,1.2556256e-06,3.9706369e-07,10
3.825,0.12355752,fill,1000,1.04,1.8579617e-05,1.2432061e-06,3.9313628e-07,10
3.825,0.12355752,fill,1000,1.12,1.8600897e-05,1.2409804e-06,3.9243247e-07,10
3.825,0.12355752,fill,1000,1.2,1.8529183e-05,1.2496559e-06,3.9517588e-07,10
3.825,0.12355752,fill,1000,1.28,1.8452917e-05,1.2687821e-06,4.0122414e-07,10
3.825,0.12355752,fill,1000,1.44,1.8533572e-05,1.3150143e-06,4.1584402e-07,10
3.825,0.12355752,fill,1000,1.6,1.9133886e-05,1.3516759e-06,4.2743744e-07,10
3.825,0.12355752,fill,1000,1.76,2.0077552e-05,1.3597813e-06,4.300006e-07,10
3.825,0.12355752,fill,1000,1.92,2.08931e-05,1.3376358e-06,4.2299757e-07,10
3.825,0.12355752,fill,1000,2.08,2.1193411e-05,1.2999837e-06,4.1109094e-07,10
3.825,0.12355752,fill,1000,2.24,2.093043e-05,1.2717593e-06,4.021656e-07,10
3.825,0.12355752,fill,1000,2.4,2.0354511e-05,1.2666486e-06,4.0054945e-07,10
3.825,0.12355752,fill,1000,2.56,1.9758604e-05,1.2748378e-06,4.0313911e-07,10
3.825,0.12355752,fill,1000,2.88,1.861166e-05,1.289951e-06,4.0791832e-07,10
3.825,0.12355752,fill,1000,3.2,1.7516086e-05,1.3253134e-06,4.1910088e-07,10
3.825,0.12355752,fill,1000,3.52,1.7217908e-05,1.370559e-06,4.3340881e-07,10
3.825,0.12355752,fill,1000,3.84,1.775261e-05,1.3646409e-06,4.3153735e-07,10
3.825,0.12355752,fill,1000,4.16,1.810609e-05,1.3483975e-06,4.2640072e-07,10
3.825,0.12355752,fill,1000,4.48,1.7903646e-05,1.3524163e-06,4.276716e-07,10
3.825,0.12355752,fill,1000,4.8,1.741675e-05,1.3436794e-06,4.2490873e-07,10
3.825,0.12355752,fill,1000,5.12,1.6986848e-05,1.3663378e-06,4.3207395e-07,10
3.825,0.12355752,fill,1000,5.76,1.6368589e-05,1.2729632e-06,4.025463e-07,10
3.825,0.12355752,fill,1000,6.4,1.6103138e-05,1.2923082e-06,4.0866373e-07,10
3.825,0.12355752,fill,1000,7.04,1.5763344e-05,1.3232039e-06,4.1843383e-07,10
3.825,0.12355752,fill,1000,7.68,1.5280399e-05,1.263807e-06,3.9965087e-07,10
3.825,0.12355752,fill,1000,8.32,1.4921881e-05,1.2361632e-06,3.9090911e-07,10
3.825,0.12355752,fill,1000,8.96,1.4597339e-05,1.2417981e-06,3.9269105e-07,10
3.825,0.12355752,fill,1000,9.6,1.425537e-05,1.2788901e-06,4.0442056e-07,10
3.825,0.12355752,fill,1000,10.24,1.3873454e-05,1.2284754e-06,3.8847802e-07,10
3.825,0.12355752,fill,1000,11.52,1.3235598e-05,1.2342736e-06,3.9031159e-07,10
3.825,0.12355752,fill,1000,12.8,1.2573373e-05,1.2303934e-06,3.8908454e-07,10
3.825,0.12355752,fill,1000,14.08,1.1957377e-05,1.2053121e-06,3.8115314e-07,10
3.825,0.12355752,fill,1000,15.36,1.1393151e-05,1.1724493e-06,3.7076103e-07,10
3.825,0.12355752,fill,1000,16.64,1.0823136e-05,1.1390606e-06,3.6020259e-07,10
3.825,0.12355752,fill,1000,17.92,1.0347692e-05,1.0799517e-06,3.4151072e-07,10
3.825,0.12355752,fill,1000,19.2,9.855888e-06,1.1203279e-06,3.5427878e-07,10
3.825,0.12355752,fill,1000,20.48,9.3638753e-06,1.1178764e-06,3.5350356e-07,10
3.825,0.12355752,fill,1000,23.04,8.5012353e-06,1.0794353e-06,3.4134743e-07,10
3.825,0.12355752,fill,1000,25.6,7.6884518e-06,1.0996107e-06,3.4772744e-07,10
3.825,0.12355752,fill,1000,28.16,6.9456438e-06,1.154209e-06,3.6499293e-07,10
3.825,0.12355752,fill,1000,30.72,6.2707104e-06,1.1449198e-06,3.6205542e-07,10
3.825,0.12355752,fill,1000,33.28,5.6768584e-06,1.125665e-06,3.5596652e-07,10
3.825,0.12355752,fill,1000,35.84,5.1603142e-06,1.1019264e-06,3.4845973e-07,10
3.825,0.12355752,fill,1000,38.4,4.7653169e-06,1.1257713e-06,3.5600014e-07,10
3.825,0.12355752,fill,1000,40.96,4.3381017e-06,1.1213847e-06,3.5461299e-07,10
3.825,0.12355752,fill,1000,46.08,3.6571665e-06,1.0124153e-06,3.2015384e-07,10
3.825,0.12355752,fill,1000,51.2,3.0164291e-06,9.3364273e-07,2.9524375e-07,10
3.825,0.12355752,fill,1000,56.32,2.4286648e-06,9.5767649e-07,3.028439e-07,10
3.825,0.12355752,fill,1000,61.44,2.0382527e-06,1.0445873e-06,3.3032751e-07,10
3.825,0.12355752,fill,1000,66.56,1.7454524e-06,1.1265297e-06,3.5623996e-07,10
3.825,0.12355752,fill,1000,71.68,1.5402776e-06,1.1793625e-06,3.7294716e-07,10
3.825,0.12355752,fill,1000,76.8,1.3583856e-06,1.097541e-06,3.4707295e-07,10
3.825,0.12355752,fill,1000,81.92,1.1645907e-06,1.1112156e-06,3.5139722e-07,10
3.825,0.12355752,fill,1000,92.16,7.7745466e-07,1.1612273e-06,3.6721232e-07,10
3.825,0.12355752,fill,1000,102.4,5.6029875e-07,1.0429019e-06,3.2979453e-07,10
3.825,0.12355752,fill,1000,112.64,3.6583382e-07,9.6873167e-07,3.0633985e-07,10
3.825,0.12355752,fill,1000,122.88,2.1121858e-07,8.141752e-07,2.5746481e-07,10
3.825,0.12355752,fill,1000,133.12,-8.5209061e-11,8.1575011e-07,2.5796283e-07,10
3.825,0.12355752,fill,1000,143.36,-1.6095366e-07,7.112944e-07,2.2493104e-07,10
3.825,0.12355752,fill,1000,153.6,-1.6092055e-07,6.7999532e-07,2.150334e-07,10
3.825,0.12355752,fill,1000,163.84,-9.772124e-08,7.6401801e-07,2.4160371e-07,10
3.825,0.12355752,fill,1000,184.32,2.6730763e-09,9.301262e-07,2.9413173e-07,10
3.825,0.12355752,fill,1000,204.8,-6.2515997e-08,8.6893102e-07,2.7478011e-07,10
3.825,0.12355752,fill,1000,225.28,-1.3523071e-07,8.8264968e-07,2.7911834e-07,10
3.825,0.12355752,fill,1000,245.76,-4.0440417e-08,1.0185757e-06,3.2210192e-07,10
3.825,0.12355752,fill,1000,266.24,4.1276179e-08,1.1332343e-06,3.5836015e-07,10
3.825,0.12355752,fill,1000,286.72,-4.08181e-08,8.1049344e-07,2.5630053e-07,10
3.825,0.12355752,fill,1000,307.2,-1.8719575e-07,5.5958724e-07,1.7695702e-07,10
3.825,0.12355752,fill,1000,327.68,-3.324876e-07,4.6603558e-07,1.4737339e-07,10
3.825,0.12355752,fill,1000,368.64,-5.5326107e-07,8.418109e-07,2.6620398e-07,10
3.825,0.12355752,fill,1000,409.6,-8.6446397e-08,7.2676609e-07,2.2982362e-07,10
3.825,0.12355752,fill,1000,450.56,2.0558502e-09,7.6655551e-07,2.4240614e-07,10
3.825,0.12355752,fill,1000,491.52,-1.3446105e-07,1.1393688e-06,3.6030004e-07,10
3.825,0.12355752,fill,1000,532.48,1.7240306e-08,5.6300855e-07,1.7803894e-07,10
3.825,0.12355752,fill,1000,573.44,1.3918163e-08,9.7954997e-07,3.097609e-07,10
3.825,0.12355752,fill,1000,614.4,-6.8026108e-08,1.0939471e-06,3.4593643e-07,10
3.825,0.12355752,fill,1000,655.36,-1.7309269e-07,7.7407249e-07,2.4478321e-07,10
3.825,0.12355752,fill,1000,737.28,1.9885573e-08,9.7702061e-07,3.0896104e-07,10
3.825,0.12355752,fill,1000,819.2,4.9653425e-08,6.6292434e-07,2.0963508e-07,10
3.825,0.12355752,fill,1000,901.12,-1.7500654e-07,7.2918186e-07,2.3058755e-07,10
3.825,0.12355752,fill,1000,983.04,-7.6614843e-08,6.4744375e-07,2.0473969e-07,10
3.825,0.12355752,fill,1000,1064.96,1.0512355e-07,1.092124e-06,3.4535994e-07,10
3.825,0.12355752,fill,1000,1146.88,-3.2547715e-08,7.5150751e-07,2.3764754e-07,10
3.825,0.12355752,fill,1000,1228.8,-4.5998124e-07,6.652867e-07,2.1038213e-07,10
3.825,0.12355752,fill,1000,1310.72,-5.1570887e-07,7.5407367e-07,2.3845903e-07,10
3.825,0.12355752,fill,1000,1474.56,5.9196724e-09,7.0141796e-07,2.2180783e-07,10
3.825,0.12355752,fill,1000,1638.4,-6.4494621e-08,5.7646948e-07,1.8229565e-07,10
3.825,0.12355752,fill,1000,1802.24,6.1659761e-10,6.2971803e-07,1.9913433e-07,10
3.825,0.12355752,fill,1000,1966.08,4.7652654e-09,5.369658e-07,1.698035e-07,10
3.825,0.12355752,fill,1000,2129.92,-2.5194505e-07,6.5097396e-07,2.0585604e-07,10
3.825,0.12355752,fill,1000,2293.76,2.9169834e-07,8.8749184e-07,2.8064956e-07,10
3.825,0.12355752,fill,1000,2457.6,5.7134708e-08,5.0673984e-07,1.6024521e-07,10
3.825,0.12355752,fill,1000,2621.44,-2.7187169e-07,5.8085278e-07,1.8368178e-07,10
3.825,0.12355752,fill,1000,2949.12,1.8229916e-08,5.469921e-07,1.7297409e-07,10
3.825,0.12355752,fill,1000,3276.8,-1.5311133e-07,6.9742359e-07,2.2054471e-07,10
3.825,0.12355752,fill,1000,3604.48,1.0871615e-07,5.1787446e-07,1.6376628e-07,10
3.825,0.12355752,fill,1000,3932.16,1.8040747e-07,4.773565e-07,1.5095338e-07,10
3.825,0.12355752,fill,1000,4259.84,1.2233858e-07,7.2857186e-07,2.3039465e-07,10
3.825,0.12355752,fill,1000,4587.52,5.4366288e-07,6.262838e-07,1.9804833e-07,10
3.825,0.12355752,fill,1000,4915.2,-6.9156475e-09,5.8713702e-07,1.8566903e-07,10
3.825,0.12355752,fill,1000,5242.88,-5.0455878e-08,6.1662889e-07,1.9499518e-07,10
3.825,0.12355752,fill,1000,5898.24,-1.5292423e-07,4.7624671e-07,1.5060243e-07,10
3.825,0.12355752,fill,1000,6553.6,5.3525523e-08,3.9369923e-07,1.2449863e-07,10
3.825,0.12355752,fill,1000,7208.96,-7.1167194e-08,7.5360994e-07,2.3831239e-07,10
3.825,0.12355752,fill,1000,7864.32,1.787612e-07,7.036493e-07,2.2251345e-07,10
3.825,0.12355752,fill,1000,8519.68,-4.0530266e-07,1.3110513e-06,4.1459081e-07,10
3.825,0.12355752,fill,1000,9175.04,1.0385353e-06,1.0130565e-06,3.2035659e-07,10
3.825,0.10321059,4,1000,0,3.0386634e-05,9.4502998e-07,2.9884472e-07,10
3.825,0.10321059,4,1000,0.01,3.0375417e-05,9.4499663e-07,2.9883417e-07,10
3.825,0.10321059,4,1000,0.02,3.034192e-05,9.4489465e-07,2.9880192e-07,10
3.825,0.10321059,4,1000,0.03,3.028631e-05,9.4472441e-07,2.9874809e-07,10
3.825,0.10321059,4,1000,0.04,3.0208844e-05,9.4448662e-07,2.9867289e-07,10
3.825,0.10321059,4,1000,0.05,3.0109869e-05,9.4418217e-07,2.9857662e-07,10
3.825,0.10321059,4,1000,0.06,2.9989814e-05,9.4381213e-07,2.984596e-07,10
3.825,0.10321059,4,1000,0.07,2.9849181e-05,9.433777e-07,2.9832222e-07,10
3.825,0.10321059,4,1000,0.08,2.9688544e-05,9.4288032e-07,2.9816494e-07,10
3.825,0.10321059,4,1000,0.09,2.9508544e-05,9.4232152e-07,2.9798823e-07,10
3.825,0.10321059,4,1000,0.1,2.9309877e-05,9.4170293e-07,2.9779261e-07,10
3.825,0.10321059,4,1000,0.11,2.9093295e-05,9.4102641e-07,2.9757868e-07,10
3.825,0.10321059,4,1000,0.12,2.88596e-05,9.4029386e-07,2.9734703e-07,10
3.825,0.10321059,4,1000,0.13,2.8609636e-05,9.3950732e-07,2.970983e-07,10
3.825,0.10321059,4,1000,0.14,2.8344283e-05,9.3866892e-07,2.9683318e-07,10
3.825,0.10321059,4,1000,0.15,2.8064457e-05,9.3778098e-07,2.9655238e-07,10
3.825,0.10321059,4,1000,0.16,2.7767958e-05,9.3683317e-07,2.9625266e-07,10
3.825,0.10321059,4,1000,0.18,2.7145018e-05,9.3483179e-07,2.9561977e-07,10
3.825,0.10321059,4,1000,0.2,2.6479741e-05,9.326702e-07,2.9493621e-07,10
3.825,0.10321059,4,1000,0.22,2.5780165e-05,9.3036717e-07,2.9420793e-07,10
3.825,0.10321059,4,1000,0.24,2.5054344e-05,9.2794059e-07,2.9344058e-07,10
3.825,0.10321059,4,1000,0.26,2.4310231e-05,9.2540635e-07,2.9263918e-07,10
3.825,0.10321059,4,1000,0.28,2.355557e-05,9.2277872e-07,2.9180825e-07,10
3.825,0.10321059,4,1000,0.3,2.2797809e-05,9.2007042e-07,2.9095181e-07,10
3.825,0.10321059,4,1000,0.32,2.2046639e-05,9.1731227e-07,2.9007961e-07,10
3.825,0.10321059,4,1000,0.36,2.0579865e-05,9.1158114e-07,2.8826727e-07,10
3.825,0.10321059,4,1000,0.4,1.9200996e-05,9.0563711e-07,2.863876e-07,10
3.825,0.10321059,4,1000,0.44,1.7947212e-05,8.9949494e-07,2.8444528e-07,10
3.825,0.10321059,4,1000,0.48,1.6845557e-05,8.9316154e-07,2.8244248e-07,10
3.825,0.10321059,4,1000,0.52,1.5912762e-05,8.8665315e-07,2.8038434e-07,10
3.825,0.10321059,4,1000,0.56,1.5155622e-05,8.8001069e-07,2.7828381e-07,10
3.825,0.10321059,4,1000,0.6,1.4571849e-05,8.7330629e-07,2.761637e-07,10
3.825,0.10321059,4,1000,0.64,1.4188027e-05,8.6666213e-07,2.7406263e-07,10
3.825,0.10321059,4,1000,0.72,1.3755256e-05,8.5408376e-07,2.70085e-07,10
3.825,0.10321059,4,1000,0.8,1.3728444e-05,8.4364199e-07,2.6678302e-07,10
3.825,0.10321059,4,1000,0.88,1.3916608e-05,8.3702829e-07,2.6469159e-07,10
3.825,0.10321059,4,1000,0.96,1.4155453e-05,8.3564223e-07,2.6425327e-07,10
3.825,0.10321059,4,1000,1.04,1.433595e-05,8.3996601e-07,2.6562057e-07,10
3.825,0.10321059,4,1000,1.12,1.4413177e-05,8.4937935e-07,2.6859734e-07,10
3.825,0.10321059,4,1000,1.2,1.4397975e-05,8.6239547e-07,2.7271339e-07,10
3.825,0.10321059,4,1000,1.28,1.4341829e-05,8.7703283e-07,2.7734213e-07,10
3.825,0.10321059,4,1000,1.44,1.4346914e-05,9.0548293e-07,2.8633885e-07,10
3.825,0.10321059,4,1000,1.6,1.4717505e-05,9.2935317e-07,2.9388728e-07,10
3.825,0.10321059,4,1000,1.76,1.5407969e-05,9.4515842e-07,2.9888533e-07,10
3.825,0.10321059,4,1000,1.92,1.6080656e-05,9.4922528e-07,3.0017139e-07,10
3.825,0.10321059,4,1000,2.08,1.6397679e-05,9.4378693e-07,2.9845163e-07,10
3.825,0.10321059,4,1000,2.24,1.6273554e-05,9.3169226e-07,2.9462696e-07,10
3.825,0.10321059,4,1000,2.4,1.5882838e-05,9.1034791e-07,2.8787728e-07,10
3.825,0.10321059,4,1000,2.56,1.5467309e-05,8.8149892e-07,2.7875444e-07,10
3.825,0.10321059,4,1000,2.88,1.4673047e-05,8.5543536e-07,2.7051241e-07,10
3.825,0.10321059,4,1000,3.2,1.3829185e-05,8.9190882e-07,2.8204633e-07,10
3.825,0.10321059,4,1000,3.52,1.349364e-05,9.2599296e-07,2.9282468e-07,10
3.825,0.10321059,4,1000,3.84,1.3882207e-05,9.2601788e-07,2.9283256e-07,10
3.825,0.10321059,4,1000,4.16,1.4134533e-05,9.1934568e-07,2.9072263e-07,10
3.825,0.10321059,4,1000,4.48,1.3853162e-05,8.9232133e-07,2.8217678e-07,10
3.825,0.10321059,4,1000,4.8,1.3508862e-05,8.7256612e-07,2.7592963e-07,10
3.825,0.10321059,4,1000,5.12,1.3376914e-05,8.876102e-07,2.8068699e-07,10
3.825,0.10321059,4,1000,5.76,1.3080959e-05,9.0530696e-07,2.862832e-07,10
3.825,0.10321059,4,1000,6.4,1.2701842e-05,8.7158218e-07,2.7561849e-07,10
3.825,0.10321059,4,1000,7.04,1.2486877e-05,9.4243711e-07,2.9802478e-07,10
3.825,0.10321059,4,1000,7.68,1.2241243e-05,9.2145102e-07,2.913884e-07,10
3.825,0.10321059,4,1000,8.32,1.1944942e-05,9.0625197e-07,2.8658204e-07,10
3.825,0.10321059,4,1000,8.96,1.1628917e-05,1.0102288e-06,3.1946239e-07,10
3.825,0.10321059,4,1000,9.6,1.1469282e-05,9.7801669e-07,3.0927603e-07,10
3.825,0.10321059,4,1000,10.24,1.1188478e-05,9.7041386e-07,3.0687181e-07,10
3.825,0.10321059,4,1000,11.52,1.0702343e-05,9.8100143e-07,3.1021989e-07,10
3.825,0.10321059,4,1000,12.8,1.0245767e-05,9.748928e-07,3.0828817e-07,10
3.825,0.10321059,4,1000,14.08,9.8101359e-06,1.0045968e-06,3.1768141e-07,10
3.825,0.10321059,4,1000,15.36,9.3642162e-06,9.3915885e-07,2.969881e-07,10
3.825,0.10321059,4,1000,16.64,9.0140828e-06,9.3133992e-07,2.9451554e-07,10
3.825,0.10321059,4,1000,17.92,8.6425235e-06,9.3353745e-07,2.9521046e-07,10
3.825,0.10321059,4,1000,19.2,8.2886694e-06,9.0853809e-07,2.8730497e-07,10
3.825,0.10321059,4,1000,20.48,7.9749674e-06,9.4338497e-07,2.9832452e-07,10
3.825,0.10321059,4,1000,23.04,7.3169502e-06,9.8001577e-07,3.099082e-07,10
3.825,0.10321059,4,1000,25.6,6.7400408e-06,1.0498309e-06,3.3198567e-07,10
3.825,0.10321059,4,1000,28.16,6.1766443e-06,1.0887191e-06,3.4428322e-07,10
3.825,0.10321059,4,1000,30.72,5.6384859e-06,1.1531169e-06,3.6464759e-07,10
3.825,0.10321059,4,1000,33.28,5.1791402e-06,1.2018841e-06,3.8006912e-07,10
3.825,0.10321059,4,1000,35.84,4.7726659e-06,1.2216072e-06,3.8630611e-07,10
3.825,0.10321059,4,1000,38.4,4.3588672e-06,1.255489e-06,3.9702049e-07,10
3.825,0.10321059,4,1000,40.96,4.0012121e-06,1.2508762e-06,3.9556179e-07,10
3.825,0.10321059,4,1000,46.08,3.3169169e-06,1.2194325e-06,3.8561842e-07,10
3.825,0.10321059,4,1000,51.2,2.7775595e-06,1.1990653e-06,3.7917776e-07,10
3.825,0.10321059,4,1000,56.32,2.325436e-06,1.1590116e-06,3.6651164e-07,10
3.825,0.10321059,4,1000,61.44,1.9188874e-06,1.1716895e-06,3.7052077e-07,10
3.825,0.10321059,4,1000,66.56,1.6294677e-06,1.0692853e-06,3.3813769e-07,10
3.825,0.10321059,4,1000,71.68,1.3966051e-06,1.0044467e-06,3.1763393e-07,10
3.825,0.10321059,4,1000,76.8,1.1543343e-06,9.5600258e-07,3.0231456e-07,10
3.825,0.10321059,4,1000,81.92,9.2587525e-07,9.0686949e-07,2.8677731e-07,10
3.825,0.10321059,4,1000,92.16,5.8453597e-07,8.3723221e-07,2.6475607e-07,10
3.825,0.10321059,4,1000,102.4,4.2087008e-07,9.0032412e-07,2.8470748e-07,10
3.825,0.10321059,4,1000,112.64,2.7269454e-07,9.0699653e-07,2.8681749e-07,10
3.825,0.10321059,4,1000,122.88,7.5375821e-08,8.7869125e-07,2.7786657e-07,10
3.825,0.10321059,4,1000,133.12,-3.6089786e-08,8.9217674e-07,2.8213106e-07,10
3.825,0.10321059,4,1000,143.36,-1.4810808e-07,9.8485097e-07,3.1143722e-07,10
3.825,0.10321059,4,1000,153.6,-1.6404519e-07,9.858175e-07,3.1174287e-07,10
3.825,0.10321059,4,1000,163.84,-2.2126847e-07,1.0413869e-06,3.2931545e-07,10
3.825,0.10321059,4,1000,184.32,-3.3378252e-07,1.1408497e-06,3.6076835e-07,10
3.825,0.10321059,4,1000,204.8,-3.6764513e-07,8.3683108e-07,2.6462922e-07,10
3.825,0.10321059,4,1000,225.28,-4.6856834e-07,7.1270372e-07,2.2537671e-07,10
3.825,0.10321059,4,1000,245.76,-3.870333e-07,7.6125218e-07,2.4072908e-07,10
3.825,0.10321059,4,1000,266.24,-2.278075e-07,8.2395476e-07,2.6055737e-07,10
3.825,0.10321059,4,1000,286.72,1.1961032e-07,8.0117077e-07,2.5335244e-07,10
3.825,0.10321059,4,1000,307.2,2.0589385e-07,8.3016693e-07,2.6252183e-07,10
3.825,0.10321059,4,1000,327.68,3.1895777e-07,7.4810027e-07,2.3657008e-07,10
3.825,0.10321059,4,1000,368.64,5.5917158e-07,9.3393323e-07,2.9533562e-07,10
3.825,0.10321059,4,1000,409.6,6.3762335e-07,1.0102116e-06,3.1945696e-07,10
3.825,0.10321059,4,1000,450.56,6.1888373e-07,1.2176213e-06,3.8504567e-07,10
3.825,0.10321059,4,1000,491.52,2.9680648e-07,1.0553835e-06,3.3374157e-07,10
3.825,0.10321059,4,1000,532.48,2.4496178e-07,6.9324374e-07,2.1922292e-07,10
3.825,0.10321059,4,1000,573.44,1.496138e-07,6.8521002e-07,2.1668243e-07,10
3.825,0.10321059,4,1000,614.4,1.5457013e-07,7.7052669e-07,2.4366193e-07,10
3.825,0.10321059,4,1000,655.36,2.088115e-07,7.7446924e-07,2.4490868e-07,10
3.825,0.10321059,4,1000,737.28,3.4630792e-07,7.0186981e-07,2.2195072e-07,10
3.825,0.10321059,4,1000,819.2,1.2630083e-07,8.4010674e-07,2.6566508e-07,10
3.825,0.10321059,4,1000,901.12,-2.9523958e-08,8.6807591e-07,2.7450971e-07,10
3.825,0.10321059,4,1000,983.04,-7.0021623e-07,8.4813364e-07,2.6820341e-07,10
3.825,0.10321059,4,1000,1064.96,-2.4395313e-07,5.0526498e-07,1.5977882e-07,10
3.825,0.10321059,4,1000,1146.88,-3.9586076e-07,3.759718e-07,1.1889272e-07,10
3.825,0.10321059,4,1000,1228.8,-1.5449806e-08,6.1917223e-07,1.9579945e-07,10
3.825,0.10321059,4,1000,1310.72,-1.5865742e-07,3.3701168e-07,1.0657245e-07,10
3.825,0.10321059,4,1000,1474.56,-9.9764271e-08,5.7388301e-07,1.8147774e-07,10
3.825,0.10321059,4,1000,1638.4,1.0655547e-07,3.1980776e-07,1.0113209e-07,10
3.825,0.10321059,4,1000,1802.24,2.0309501e-07,5.5500558e-07,1.7550818e-07,10
3.825,0.10321059,4,1000,1966.08,3.7037481e-08,6.5918151e-07,2.084515e-07,10
3.825,0.10321059,4,1000,2129.92,5.5819719e-08,6.1760927e-07,1.953052e-07,10
3.825,0.10321059,4,1000,2293.76,1.8556535e-07,5.3937855e-07,1.7056647e-07,10
3.825,0.10321059,4,1000,2457.6,-2.9418679e-07,9.0365261e-07,2.8576005e-07,10
3.825,0.10321059,4,1000,2621.44,-1.5258804e-07,4.6410113e-07,1.4676166e-07,10
3.825,0.10321059,4,1000,2949.12,-1.7311333e-07,6.5691614e-07,2.0773512e-07,10
3.825,0.10321059,4,1000,3276.8,-1.5722868e-07,4.3144323e-07,1.3643433e-07,10
3.825,0.10321059,4,1000,3604.48,-4.9652066e-08,3.2781941e-07,1.036656e-07,10
3.825,0.10321059,4,1000,3932.16,-9.6478393e-08,4.7911533e-07,1.5150957e-07,10
3.825,0.10321059,4,1000,4259.84,1.1376624e-07,4.2729246e-07,1.3512174e-07,10
3.825,0.10321059,4,1000,4587.52,-4.5331789e-08,6.9825154e-07,2.2080653e-07,10
3.825,0.10321059,4,1000,4915.2,1.2252739e-07,6.3356433e-07,2.0035063e-07,10
3.825,0.10321059,4,1000,5242.88,-8.2836349e-08,3.8387749e-07,1.2139272e-07,10
3.825,0.10321059,4,1000,5898.24,9.586491e-08,6.8773529e-07,2.1748099e-07,10
3.825,0.10321059,4,1000,6553.6,-1.6668375e-07,4.6644345e-07,1.4750237e-07,10
3.825,0.10321059,4,1000,7208.96,2.3773271e-07,5.1859767e-07,1.6399498e-07,10
3.825,0.10321059,4,1000,7864.32,2.8804385e-07,6.501812e-07,2.0560535e-07,10
3.825,0.10321059,4,1000,8519.68,-4.2891388e-10,7.8649769e-07,2.4871241e-07,10
3.825,0.10321059,4,1000,9175.04,-3.6145764e-07,1.0474838e-06,3.3124347e-07,10
3.825,0.06529403,2,1000,0,1.5283392e-05,6.2042922e-07,1.9619695e-07,10
3.825,0.06529403,2,1000,0.01,1.5278218e-05,6.2041803e-07,1.9619341e-07,10
3.825,0.06529403,2,1000,0.02,1.5262772e-05,6.2037708e-07,1.9618046e-07,10
3.825,0.06529403,2,1000,0.03,1.5237114e-05,6.2030649e-07,1.9615814e-07,10
3.825,0.06529403,2,1000,0.04,1.5201337e-05,6.2020658e-07,1.9612654e-07,10
3.825,0.06529403,2,1000,0.05,1.5155566e-05,6.2007766e-07,1.9608577e-07,10
3.825,0.06529403,2,1000,0.06,1.509996e-05,6.1992016e-07,1.9603597e-07,10
3.825,0.06529403,2,1000,0.07,1.5034706e-05,6.1973459e-07,1.9597729e-07,10
3.825,0.06529403,2,1000,0.08,1.496002e-05,6.1952149e-07,1.959099e-07,10
3.825,0.06529403,2,1000,0.09,1.4876147e-05,6.1928148e-07,1.95834e-07,10
3.825,0.06529403,2,1000,0.1,1.4783354e-05,6.1901534e-07,1.9574984e-07,10
3.825,0.06529403,2,1000,0.11,1.4681933e-05,6.1872376e-07,1.9565763e-07,10
3.825,0.06529403,2,1000,0.12,1.4572198e-05,6.1840756e-07,1.9555764e-07,10
3.825,0.06529403,2,1000,0.13,1.4454484e-05,6.1806754e-07,1.9545012e-07,10
3.825,0.06529403,2,1000,0.14,1.4329143e-05,6.1770464e-07,1.9533536e-07,10
3.825,0.06529403,2,1000,0.15,1.4196545e-05,6.1731989e-07,1.9521369e-07,10
3.825,0.06529403,2,1000,0.16,1.4055457e-05,6.1690871e-07,1.9508366e-07,10
3.825,0.06529403,2,1000,0.18,1.3757713e-05,6.160394e-07,1.9480876e-07,10
3.825,0.06529403,2,1000,0.2,1.3437409e-05,6.1509957e-07,1.9451156e-07,10
3.825,0.06529403,2,1000,0.22,1.3097991e-05,6.140983e-07,1.9419493e-07,10
3.825,0.06529403,2,1000,0.24,1.2742987e-05,6.1304483e-07,1.938618e-07,10
3.825,0.06529403,2,1000,0.26,1.2375962e-05,6.119486e-07,1.9351514e-07,10
3.825,0.06529403,2,1000,0.28,1.2000463e-05,6.1081887e-07,1.9315789e-07,10
3.825,0.06529403,2,1000,0.3,1.1619986e-05,6.0966441e-07,1.9279281e-07,10
3.825,0.06529403,2,1000,0.32,1.1238356e-05,6.084777e-07,1.9241754e-07,10
3.825,0.06529403,2,1000,0.36,1.0483888e-05,6.061172e-07,1.9167109e-07,10
3.825,0.06529403,2,1000,0.4,9.7597177e-06,6.0376458e-07,1.9092712e-07,10
3.825,0.06529403,2,1000,0.44,9.0862385e-06,6.0144852e-07,1.9019472e-07,10
3.825,0.06529403,2,1000,0.48,8.4797108e-06,5.9917856e-07,1.894769e-07,10
3.825,0.06529403,2,1000,0.52,7.9518926e-06,5.9694741e-07,1.8877135e-07,10
3.825,0.06529403,2,1000,0.56,7.50993e-06,5.9473554e-07,1.8807189e-07,10
3.825,0.06529403,2,1000,0.6,7.1564926e-06,5.9251681e-07,1.8737027e-07,10
3.825,0.06529403,2,1000,0.64,6.9106351e-06,5.9024356e-07,1.866514e-07,10
3.825,0.06529403,2,1000,0.72,6.6114839e-06,5.855238e-07,1.8515888e-07,10
3.825,0.06529403,2,1000,0.8,6.565051e-06,5.8043301e-07,1.8354903e-07,10
3.825,0.06529403,2,1000,0.88,6.678963e-06,5.7495586e-07,1.8181701e-07,10
3.825,0.06529403,2,1000,0.96,6.8605804e-06,5.6922467e-07,1.8000465e-07,10
3.825,0.06529403,2,1000,1.04,7.0346093e-06,5.6353054e-07,1.78204e-07,10
3.825,0.06529403,2,1000,1.12,7.1534358e-06,5.5831894e-07,1.7655595e-07,10
3.825,0.06529403,2,1000,1.2,7.1997494e-06,5.5411982e-07,1.7522807e-07,10
3.825,0.06529403,2,1000,1.28,7.1736283e-06,5.516905e-07,1.7445986e-07,10
3.825,0.06529403,2,1000,1.44,7.0830919e-06,5.5079786e-07,1.7417758e-07,10
3.825,0.06529403,2,1000,1.6,7.0993222e-06,5.548777e-07,1.7546774e-07,10
3.825,0.06529403,2,1000,1.76,7.328686e-06,5.6239909e-07,1.7784621e-07,10
3.825,0.06529403,2,1000,1.92,7.6626719e-06,5.7162814e-07,1.8076469e-07,10
3.825,0.06529403,2,1000,2.08,7.8924969e-06,5.7829152e-07,1.8287184e-07,10
3.825,0.06529403,2,1000,2.24,7.8997282e-06,5.7833174e-07,1.8288455e-07,10
3.825,0.06529403,2,1000,2.4,7.7445795e-06,5.723516e-07,1.8099347e-07,10
3.825,0.06529403,2,1000,2.56,7.605227e-06,5.6446682e-07,1.7850008e-07,10
3.825,0.06529403,2,1000,2.88,7.4989733e-06,5.5586041e-07,1.757785e-07,10
3.825,0.06529403,2,1000,3.2,7.3539601e-06,5.5682112e-07,1.760823e-07,10
3.825,0.06529403,2,1000,3.52,7.1361957e-06,5.6321422e-07,1.7810397e-07,10
3.825,0.06529403,2,1000,3.84,7.192834e-06,5.6943466e-07,1.8007105e-07,10
3.825,0.06529403,2,1000,4.16,7.1748979e-06,5.6033089e-07,1.7719218e-07,10
3.825,0.06529403,2,1000,4.48,6.7797352e-06,5.4182668e-07,1.7134064e-07,10
3.825,0.06529403,2,1000,4.8,6.5313528e-06,5.5518288e-07,1.7556424e-07,10
3.825,0.06529403,2,1000,5.12,6.7005022e-06,5.7362449e-07,1.8139599e-07,10
3.825,0.06529403,2,1000,5.76,6.8453402e-06,5.8954951e-07,1.8643193e-07,10
3.825,0.06529403,2,1000,6.4,6.6154721e-06,5.7202138e-07,1.8088904e-07,10
3.825,0.06529403,2,1000,7.04,6.4670679e-06,5.3531932e-07,1.6928283e-07,10
3.825,0.06529403,2,1000,7.68,6.3012736e-06,5.3961006e-07,1.7063968e-07,10
3.825,0.06529403,2,1000,8.32,6.2666232e-06,5.9436409e-07,1.8795443e-07,10
3.825,0.06529403,2,1000,8.96,6.1812906e-06,5.8541458e-07,1.8512435e-07,10
3.825,0.06529403,2,1000,9.6,6.0663761e-06,5.4426312e-07,1.7211111e-07,10
3.825,0.06529403,2,1000,10.24,5.9257382e-06,5.491316e-07,1.7365066e-07,10
3.825,0.06529403,2,1000,11.52,5.7502438e-06,5.7335097e-07,1.813095e-07,10
3.825,0.06529403,2,1000,12.8,5.5690954e-06,5.528865e-07,1.7483806e-07,10
3.825,0.06529403,2,1000,14.08,5.3608536e-06,5.7657215e-07,1.8232812e-07,10
3.825,0.06529403,2,1000,15.36,5.2084581e-06,5.4914154e-07,1.736538e-07,10
3.825,0.06529403,2,1000,16.64,5.0457023e-06,5.9402219e-07,1.8784631e-07,10
3.825,0.06529403,2,1000,17.92,4.8856988e-06,5.8824553e-07,1.8601957e-07,10
3.825,0.06529403,2,1000,19.2,4.7144453e-06,6.0090797e-07,1.9002378e-07,10
3.825,0.06529403,2,1000,20.48,4.5777765e-06,6.2921728e-07,1.9897597e-07,10
3.825,0.06529403,2,1000,23.04,4.3134793e-06,6.5453498e-07,2.0698213e-07,10
3.825,0.06529403,2,1000,25.6,4.0651186e-06,6.7058663e-07,2.1205811e-07,10
3.825,0.06529403,2,1000,28.16,3.8513275e-06,6.9770569e-07,2.2063391e-07,10
3.825,0.06529403,2,1000,30.72,3.6350875e-06,7.2139324e-07,2.2812457e-07,10
3.825,0.06529403,2,1000,33.28,3.4358895e-06,7.0455423e-07,2.2279961e-07,10
3.825,0.06529403,2,1000,35.84,3.2389526e-06,7.0279534e-07,2.222434e-07,10
3.825,0.06529403,2,1000,38.4,3.0549145e-06,7.0471568e-07,2.2285066e-07,10
3.825,0.06529403,2,1000,40.96,2.9006656e-06,7.0539538e-07,2.230656e-07,10
3.825,0.06529403,2,1000,46.08,2.5959358e-06,7.0121711e-07,2.2174432e-07,10
3.825,0.06529403,2,1000,51.2,2.338904e-06,7.2825825e-07,2.3029548e-07,10
3.825,0.06529403,2,1000,56.32,2.0684696e-06,7.4528906e-07,2.3568109e-07,10
3.825,0.06529403,2,1000,61.44,1.8614663e-06,7.5942146e-07,2.4015015e-07,10
3.825,0.06529403,2,1000,66.56,1.6916636e-06,7.375431e-07,2.3323161e-07,10
3.825,0.06529403,2,1000,71.68,1.5568972e-06,7.2365944e-07,2.2884121e-07,10
3.825,0.06529403,2,1000,76.8,1.4184808e-06,7.3506522e-07,2.3244803e-07,10
3.825,0.06529403,2,1000,81.92,1.2959135e-06,7.4424998e-07,2.3535251e-07,10
3.825,0.06529403,2,1000,92.16,1.0454461e-06,7.6672705e-07,2.4246038e-07,10
3.825,0.06529403,2,1000,102.4,8.6893285e-07,6.7001954e-07,2.1187878e-07,10
3.825,0.06529403,2,1000,112.64,6.9561723e-07,5.2083621e-07,1.6470287e-07,10
3.825,0.06529403,2,1000,122.88,5.9822675e-07,4.5987354e-07,1.4542478e-07,10
3.825,0.06529403,2,1000,133.12,5.0443387e-07,4.3947117e-07,1.3897299e-07,10
3.825,0.06529403,2,1000,143.36,4.0434729e-07,4.0837988e-07,1.2914106e-07,10
3.825,0.06529403,2,1000,153.6,3.2208105e-07,3.5716323e-07,1.1294493e-07,10
3.825,0.06529403,2,1000,163.84,2.2363446e-07,3.5255741e-07,1.1148844e-07,10
3.825,0.06529403,2,1000,184.32,6.8441497e-08,3.997775e-07,1.2642074e-07,10
3.825,0.06529403,2,1000,204.8,-1.9438551e-08,4.4988884e-07,1.4226734e-07,10
3.825,0.06529403,2,1000,225.28,-1.082131e-07,4.085215e-07,1.2918584e-07,10
3.825,0.06529403,2,1000,245.76,-1.3287517e-07,3.4535211e-07,1.0920993e-07,10
3.825,0.06529403,2,1000,266.24,-1.678333e-07,4.3806226e-07,1.3852745e-07,10
3.825,0.06529403,2,1000,286.72,-1.0230175e-07,4.5691097e-07,1.4448794e-07,10
3.825,0.06529403,2,1000,307.2,-1.4277042e-07,5.1758865e-07,1.636759e-07,10
3.825,0.06529403,2,1000,327.68,-2.2173352e-07,4.7663982e-07,1.5072674e-07,10
3.825,0.06529403,2,1000,368.64,-2.6189827e-07,4.9554291e-07,1.5670443e-07,10
3.825,0.06529403,2,1000,409.6,-1.9167943e-07,6.332167e-07,2.002407e-07,10
3.825,0.06529403,2,1000,450.56,-3.8963817e-07,6.8992086e-07,2.1817213e-07,10
3.825,0.06529403,2,1000,491.52,-4.2303957e-07,6.1851723e-07,1.9559232e-07,10
3.825,0.06529403,2,1000,532.48,-2.1989265e-07,6.1939601e-07,1.9587022e-07,10
3.825,0.06529403,2,1000,573.44,1.8997243e-08,5.4992243e-07,1.7390074e-07,10
3.825,0.06529403,2,1000,614.4,6.6485704e-08,4.9766216e-07,1.5737459e-07,10
3.825,0.06529403,2,1000,655.36,1.6231896e-07,5.8415483e-07,1.8472598e-07,10
3.825,0.06529403,2,1000,737.28,6.3342615e-08,3.5881418e-07,1.1346701e-07,10
3.825,0.06529403,2,1000,819.2,1.7100631e-07,4.1241721e-07,1.3041777e-07,10
3.825,0.06529403,2,1000,901.12,2.0195087e-07,5.2715803e-07,1.66702e-07,10
3.825,0.06529403,2,1000,983.04,1.9198187e-07,3.439498e-07,1.0876648e-07,10
3.825,0.06529403,2,1000,1064.96,6.6268327e-08,4.3385245e-07,1.3719619e-07,10
3.825,0.06529403,2,1000,1146.88,-7.7397109e-08,3.1750902e-07,1.0040517e-07,10
3.825,0.06529403,2,1000,1228.8,-2.9844202e-09,3.9613053e-07,1.2526747e-07,10
3.825,0.06529403,2,1000,1310.72,-9.1132068e-08,4.3341977e-07,1.3705937e-07,10
3.825,0.06529403,2,1000,1474.56,-2.9309878e-07,2.8061616e-07,8.8738623e-08,10
3.825,0.06529403,2,1000,1638.4,-3.1014847e-08,4.088847e-07,1.2930069e-07,10
3.825,0.06529403,2,1000,1802.24,-6.3997456e-08,2.6465796e-07,8.3692194e-08,10
3.825,0.06529403,2,1000,1966.08,-9.0765234e-08,4.8962627e-07,1.5483342e-07,10
3.825,0.06529403,2,1000,2129.92,-8.2465848e-08,4.7095044e-07,1.4892761e-07,10
3.825,0.06529403,2,1000,2293.76,-9.1893585e-08,4.1043177e-07,1.2978992e-07,10
3.825,0.06529403,2,1000,2457.6,-7.8137532e-08,5.1629453e-07,1.6326667e-07,10
3.825,0.06529403,2,1000,2621.44,-1.2260857e-07,3.1898571e-07,1.0087214e-07,10
3.825,0.06529403,2,1000,2949.12,-5.4422529e-08,2.5043833e-07,7.9195553e-08,10
3.825,0.06529403,2,1000,3276.8,1.001638e-07,3.6263869e-07,1.1467642e-07,10
3.825,0.06529403,2,1000,3604.48,-2.340972e-07,3.7773537e-07,1.1945041e-07,10
3.825,0.06529403,2,1000,3932.16,8.3253254e-08,3.3843031e-07,1.0702106e-07,10
3.825,0.06529403,2,1000,4259.84,1.8906475e-07,5.5169442e-07,1.7446109e-07,10
3.825,0.06529403,2,1000,4587.52,-1.31865e-07,5.281599e-07,1.6701883e-07,10
3.825,0.06529403,2,1000,4915.2,4.1038501e-08,3.4830505e-07,1.1014373e-07,10
3.825,0.06529403,2,1000,5242.88,1.6365688e-08,2.1473712e-07,6.7905838e-08,10
3.825,0.06529403,2,1000,5898.24,-5.3119689e-08,3.3942508e-07,1.0733563e-07,10
3.825,0.06529403,2,1000,6553.6,-1.3905235e-07,4.7343686e-07,1.4971388e-07,10
3.825,0.06529403,2,1000,7208.96,-2.3285748e-07,3.8395588e-07,1.2141751e-07,10
3.825,0.06529403,2,1000,7864.32,2.6434205e-08,5.6133616e-07,1.7751008e-07,10
3.825,0.06529403,2,1000,8519.68,1.3160305e-07,5.7092407e-07,1.8054204e-07,10
3.825,0.06529403,2,1000,9175.04,1.3052075e-07,4.8652531e-07,1.5385281e-07,10
3.825,0.04506436,2,1000,0,8.4065859e-06,3.0688639e-07,9.7045998e-08,10
3.825,0.04506436,2,1000,0.01,8.4037473e-06,3.068897e-07,9.7047046e-08,10
3.825,0.04506436,2,1000,0.02,8.3952747e-06,3.0689497e-07,9.704871e-08,10
3.825,0.04506436,2,1000,0.03,8.3811956e-06,3.0690225e-07,9.7051013e-08,10
3.825,0.04506436,2,1000,0.04,8.3615528e-06,3.069117e-07,9.7054001e-08,10
3.825,0.04506436,2,1000,0.05,8.3364051e-06,3.0692353e-07,9.7057743e-08,10
3.825,0.04506436,2,1000,0.06,8.3058267e-06,3.06938e-07,9.7062319e-08,10
3.825,0.04506436,2,1000,0.07,8.2699068e-06,3.0695545e-07,9.7067837e-08,10
3.825,0.04506436,2,1000,0.08,8.2287485e-06,3.0697624e-07,9.7074412e-08,10
3.825,0.04506436,2,1000,0.09,8.1824689e-06,3.0700079e-07,9.7082173e-08,10
3.825,0.04506436,2,1000,0.1,8.1311977e-06,3.0702954e-07,9.7091265e-08,10
3.825,0.04506436,2,1000,0.11,8.0750773e-06,3.0706293e-07,9.7101825e-08,10
3.825,0.04506436,2,1000,0.12,8.0142614e-06,3.0710145e-07,9.7114005e-08,10
3.825,0.04506436,2,1000,0.13,7.948915e-06,3.0714563e-07,9.7127975e-08,10
3.825,0.04506436,2,1000,0.14,7.8792129e-06,3.07196e-07,9.7143905e-08,10
3.825,0.04506436,2,1000,0.15,7.8053399e-06,3.0725311e-07,9.7161964e-08,10
3.825,0.04506436,2,1000,0.16,7.7265452e-06,3.0731891e-07,9.7182774e-08,10
3.825,0.04506436,2,1000,0.18,7.5598296e-06,3.0747171e-07,9.7231093e-08,10
3.825,0.04506436,2,1000,0.2,7.3797155e-06,3.0765985e-07,9.7290588e-08,10
3.825,0.04506436,2,1000,0.22,7.1879864e-06,3.078872e-07,9.7362482e-08,10
3.825,0.04506436,2,1000,0.24,6.9864933e-06,3.0815714e-07,9.7447843e-08,10
3.825,0.04506436,2,1000,0.26,6.77713e-06,3.0847239e-07,9.7547534e-08,10
3.825,0.04506436,2,1000,0.28,6.5618099e-06,3.0883493e-07,9.7662181e-08,10
3.825,0.04506436,2,1000,0.3,6.3424434e-06,3.0924596e-07,9.7792159e-08,10
3.825,0.04506436,2,1000,0.32,6.120832e-06,3.0971657e-07,9.7940978e-08,10
3.825,0.04506436,2,1000,0.36,5.6794504e-06,3.1077522e-07,9.8275754e-08,10
3.825,0.04506436,2,1000,0.4,5.2504502e-06,3.1200306e-07,9.8664031e-08,10
3.825,0.04506436,2,1000,0.44,4.8460757e-06,3.1336626e-07,9.9095112e-08,10
3.825,0.04506436,2,1000,0.48,4.4765948e-06,3.1481931e-07,9.9554608e-08,10
3.825,0.04506436,2,1000,0.52,4.1500054e-06,3.1630763e-07,1.0002526e-07,10
3.825,0.04506436,2,1000,0.56,3.871876e-06,3.1777259e-07,1.0048852e-07,10
3.825,0.04506436,2,1000,0.6,3.6453149e-06,3.1915577e-07,1.0092592e-07,10
3.825,0.04506436,2,1000,0.64,3.4837773e-06,3.2035468e-07,1.0130505e-07,10
3.825,0.04506436,2,1000,0.72,3.2824935e-06,3.2224356e-07,1.0190236e-07,10
3.825,0.04506436,2,1000,0.8,3.2494672e-06,3.2315888e-07,1.0219181e-07,10
3.825,0.04506436,2,1000,0.88,3.3346624e-06,3.2300079e-07,1.0214182e-07,10
3.825,0.04506436,2,1000,0.96,3.4816247e-06,3.2182308e-07,1.0176939e-07,10
3.825,0.04506436,2,1000,1.04,3.6384037e-06,3.1981229e-07,1.0113353e-07,10
3.825,0.04506436,2,1000,1.12,3.7655706e-06,3.1727226e-07,1.003303e-07,10
3.825,0.04506436,2,1000,1.2,3.8405383e-06,3.1461743e-07,9.9490766e-08,10
3.825,0.04506436,2,1000,1.28,3.8462578e-06,3.1255768e-07,9.8839415e-08,10
3.825,0.04506436,2,1000,1.44,3.7691643e-06,3.1134078e-07,9.84546e-08,10
3.825,0.04506436,2,1000,1.6,3.6706786e-06,3.1615932e-07,9.9978356e-08,10
3.825,0.04506436,2,1000,1.76,3.6785848e-06,3.262756e-07,1.031774e-07,10
3.825,0.04506436,2,1000,1.92,3.7914162e-06,3.3751508e-07,1.0673164e-07,10
3.825,0.04506436,2,1000,2.08,3.9020603e-06,3.4459164e-07,1.0896944e-07,10
3.825,0.04506436,2,1000,2.24,3.9124428e-06,3.4403668e-07,1.0879395e-07,10
3.825,0.04506436,2,1000,2.4,3.8243112e-06,3.360849e-07,1.0627938e-07,10
3.825,0.04506436,2,1000,2.56,3.7469219e-06,3.2469078e-07,1.0267624e-07,10
3.825,0.04506436,2,1000,2.88,3.7983592e-06,3.0892387e-07,9.7690306e-08,10
3.825,0.04506436,2,1000,3.2,3.9742312e-06,2.9990066e-07,9.4836915e-08,10
3.825,0.04506436,2,1000,3.52,3.9791755e-06,2.9584299e-07,9.3553769e-08,10
3.825,0.04506436,2,1000,3.84,3.9693966e-06,3.0612342e-07,9.6804726e-08,10
3.825,0.04506436,2,1000,4.16,3.9129539e-06,3.1547065e-07,9.9760578e-08,10
3.825,0.04506436,2,1000,4.48,3.5879314e-06,3.0785543e-07,9.7352435e-08,10
3.825,0.04506436,2,1000,4.8,3.3301492e-06,2.9477686e-07,9.3216627e-08,10
3.825,0.04506436,2,1000,5.12,3.4684898e-06,3.0242802e-07,9.5636136e-08,10
3.825,0.04506436,2,1000,5.76,3.5701603e-06,3.1545241e-07,9.9754811e-08,10
3.825,0.04506436,2,1000,6.4,3.4717378e-06,3.2203172e-07,1.0183537e-07,10
3.825,0.04506436,2,1000,7.04,3.5130881e-06,3.1129499e-07,9.8440121e-08,10
3.825,0.04506436,2,1000,7.68,3.4301829e-06,3.1210209e-07,9.8695347e-08,10
3.825,0.04506436,2,1000,8.32,3.3361559e-06,2.9125827e-07,9.210395e-08,10
3.825,0.04506436,2,1000,8.96,3.2997048e-06,2.9965256e-07,9.475846e-08,10
3.825,0.04506436,2,1000,9.6,3.2946261e-06,3.1315358e-07,9.9027857e-08,10
3.825,0.04506436,2,1000,10.24,3.2338676e-06,3.0954607e-07,9.7887062e-08,10
3.825,0.04506436,2,1000,11.52,3.1316391e-06,3.1158688e-07,9.8532423e-08,10
3.825,0.04506436,2,1000,12.8,3.0582453e-06,3.0359927e-07,9.6006518e-08,10
3.825,0.04506436,2,1000,14.08,2.9901345e-06,3.1967763e-07,1.0109094e-07,10
3.825,0.04506436,2,1000,15.36,2.9120424e-06,3.1872994e-07,1.0079126e-07,10
3.825,0.04506436,2,1000,16.64,2.8411694e-06,3.2188352e-07,1.0178851e-07,10
3.825,0.04506436,2,1000,17.92,2.7751435e-06,3.1391027e-07,9.9267144e-08,10
3.825,0.04506436,2,1000,19.2,2.7112447e-06,3.1772543e-07,1.004736e-07,10
3.825,0.04506436,2,1000,20.48,2.6335641e-06,3.2383711e-07,1.0240629e-07,10
3.825,0.04506436,2,1000,23.04,2.5041016e-06,3.2526685e-07,1.0285841e-07,10
3.825,0.04506436,2,1000,25.6,2.3894755e-06,3.0791722e-07,9.7371973e-08,10
3.825,0.04506436,2,1000,28.16,2.2938946e-06,3.0193703e-07,9.5480872e-08,10
3.825,0.04506436,2,1000,30.72,2.1754078e-06,2.9445472e-07,9.3114758e-08,10
3.825,0.04506436,2,1000,33.28,2.0804502e-06,2.9035366e-07,9.1817889e-08,10
3.825,0.04506436,2,1000,35.84,1.9837341e-06,2.7882872e-07,8.8173384e-08,10
3.825,0.04506436,2,1000,38.4,1.8951255e-06,2.6576963e-07,8.4043737e-08,10
3.825,0.04506436,2,1000,40.96,1.8175606e-06,2.6504842e-07,8.3815669e-08,10
3.825,0.04506436,2,1000,46.08,1.6640072e-06,2.6262329e-07,8.3048775e-08,10
3.825,0.04506436,2,1000,51.2,1.5184919e-06,2.6840849e-07,8.4878219e-08,10
3.825,0.04506436,2,1000,56.32,1.3814642e-06,2.6986974e-07,8.5340306e-08,10
3.825,0.04506436,2,1000,61.44,1.2439087e-06,2.5795345e-07,8.1572042e-08,10
3.825,0.04506436,2,1000,66.56,1.1265342e-06,2.5763104e-07,8.147009e-08,10
3.825,0.04506436,2,1000,71.68,1.0090894e-06,2.6358314e-07,8.3352307e-08,10
3.825,0.04506436,2,1000,76.8,9.2844053e-07,2.6340509e-07,8.3296002e-08,10
3.825,0.04506436,2,1000,81.92,8.3971326e-07,2.5559547e-07,8.0826384e-08,10
3.825,0.04506436,2,1000,92.16,6.8403216e-07,2.5580031e-07,8.0891159e-08,10
3.825,0.04506436,2,1000,102.4,5.5827688e-07,2.8014881e-07,8.8590834e-08,10
3.825,0.04506436,2,1000,112.64,4.5238345e-07,2.8875631e-07,9.1312762e-08,10
3.825,0.04506436,2,1000,122.88,3.582151e-07,3.0199788e-07,9.5500116e-08,10
3.825,0.04506436,2,1000,133.12,2.99357e-07,3.1851261e-07,1.0072253e-07,10
3.825,0.04506436,2,1000,143.36,2.5835689e-07,3.2483398e-07,1.0272152e-07,10
3.825,0.04506436,2,1000,153.6,2.231303e-07,3.1436339e-07,9.9410432e-08,10
3.825,0.04506436,2,1000,163.84,1.8649058e-07,3.0583625e-07,9.6713915e-08,10
3.825,0.04506436,2,1000,184.32,8.9812493e-08,2.9021954e-07,9.1775477e-08,10
3.825,0.04506436,2,1000,204.8,1.3326611e-08,2.4385e-07,7.7112141e-08,10
3.825,0.04506436,2,1000,225.28,-3.9192809e-08,1.550751e-07,4.9039052e-08,10
3.825,0.04506436,2,1000,245.76,-8.0683857e-08,1.1701804e-07,3.7004352e-08,10
3.825,0.04506436,2,1000,266.24,-9.8162365e-08,1.4202699e-07,4.4912877e-08,10
3.825,0.04506436,2,1000,286.72,-9.387894e-08,2.0288629e-07,6.4158277e-08,10
3.825,0.04506436,2,1000,307.2,-8.946735e-08,2.4159539e-07,7.6399172e-08,10
3.825,0.04506436,2,1000,327.68,-9.2009414e-08,2.8433935e-07,8.9915998e-08,10
3.825,0.04506436,2,1000,368.64,-1.6641357e-08,3.3660702e-07,1.0644448e-07,10
3.825,0.04506436,2,1000,409.6,2.4427304e-08,3.6291809e-07,1.1476478e-07,10
3.825,0.04506436,2,1000,450.56,3.8094026e-08,3.1466672e-07,9.9506354e-08,10
3.825,0.04506436,2,1000,491.52,-6.1964895e-09,2.3068827e-07,7.2950037e-08,10
3.825,0.04506436,2,1000,532.48,-4.4331204e-08,1.7968489e-07,5.6821352e-08,10
3.825,0.04506436,2,1000,573.44,-9.2796901e-08,1.8527599e-07,5.8589411e-08,10
3.825,0.04506436,2,1000,614.4,-6.1328892e-08,1.8993003e-07,6.006115e-08,10
3.825,0.04506436,2,1000,655.36,-7.6081731e-08,2.9175418e-07,9.2260773e-08,10
3.825,0.04506436,2,1000,737.28,5.9801504e-09,3.1439825e-07,9.9421456e-08,10
3.825,0.04506436,2,1000,819.2,1.4292644e-07,2.6754925e-07,8.4606503e-08,10
3.825,0.04506436,2,1000,901.12,7.1601507e-08,3.2466735e-07,1.0266883e-07,10
3.825,0.04506436,2,1000,983.04,1.7437386e-08,2.7134239e-07,8.5805996e-08,10
3.825,0.04506436,2,1000,1064.96,8.2297459e-08,3.3536631e-07,1.0605214e-07,10
3.825,0.04506436,2,1000,1146.88,9.4740162e-09,2.2519589e-07,7.1213193e-08,10
3.825,0.04506436,2,1000,1228.8,-1.4344614e-08,2.5690322e-07,8.123993e-08,10
3.825,0.04506436,2,1000,1310.72,1.7733225e-08,2.1853168e-07,6.9105786e-08,10
3.825,0.04506436,2,1000,1474.56,5.0588441e-08,2.3008012e-07,7.2757721e-08,10
3.825,0.04506436,2,1000,1638.4,-2.3751854e-08,1.6956585e-07,5.3621431e-08,10
3.825,0.04506436,2,1000,1802.24,-9.1410708e-08,3.216017e-07,1.0169939e-07,10
3.825,0.04506436,2,1000,1966.08,-1.1640555e-07,3.6033668e-07,1.1394846e-07,10
3.825,0.04506436,2,1000,2129.92,6.2480657e-08,2.3755652e-07,7.5121967e-08,10
3.825,0.04506436,2,1000,2293.76,1.3517918e-07,2.1650302e-07,6.8464266e-08,10
3.825,0.04506436,2,1000,2457.6,1.025934e-07,2.4816559e-07,7.8476849e-08,10
3.825,0.04506436,2,1000,2621.44,2.0169692e-07,3.0757952e-07,9.7265184e-08,10
3.825,0.04506436,2,1000,2949.12,-1.431598e-08,2.1268541e-07,6.7257033e-08,10
3.825,0.04506436,2,1000,3276.8,3.3896903e-09,2.6463745e-07,8.3685709e-08,10
3.825,0.04506436,2,1000,3604.48,2.3930012e-08,3.3967077e-07,1.0741333e-07,10
3.825,0.04506436,2,1000,3932.16,4.2517248e-08,1.8555566e-07,5.8677852e-08,10
3.825,0.04506436,2,1000,4259.84,-8.7117463e-08,1.9873179e-07,6.284451e-08,10
3.825,0.04506436,2,1000,4587.52,-5.4718591e-08,2.6239751e-07,8.2977377e-08,10
3.825,0.04506436,2,1000,4915.2,1.2201915e-07,2.9612176e-07,9.3641923e-08,10
3.825,0.04506436,2,1000,5242.88,-3.0282029e-08,2.3424266e-07,7.4074034e-08,10
3.825,0.04506436,2,1000,5898.24,5.2933405e-08,2.6251762e-07,8.3015362e-08,10
3.825,0.04506436,2,1000,6553.6,-6.4853356e-08,2.1682504e-07,6.8566099e-08,10
3.825,0.04506436,2,1000,7208.96,1.5555559e-08,1.2106547e-07,3.8284262e-08,10
3.825,0.04506436,2,1000,7864.32,5.7757508e-08,2.2727997e-07,7.1872237e-08,10
3.825,0.04506436,2,1000,8519.68,-6.3297757e-08,3.129884e-07,9.8975622e-08,10
3.825,0.04506436,2,1000,9175.04,4.5104815e-09,2.5161937e-07,7.9569031e-08,10
3.825,0.02759231,2,1000,0,3.9620799e-06,3.1235517e-07,9.8775377e-08,10
3.825,0.02759231,2,1000,0.01,3.9607611e-06,3.1235746e-07,9.8776102e-08,10
3.825,0.02759231,2,1000,0.02,3.956821e-06,3.1236856e-07,9.8779612e-08,10
3.825,0.02759231,2,1000,0.03,3.9502701e-06,3.1238844e-07,9.8785897e-08,10
3.825,0.02759231,2,1000,0.04,3.9411251e-06,3.1241705e-07,9.8794944e-08,10
3.825,0.02759231,2,1000,0.05,3.9294092e-06,3.1245434e-07,9.8806739e-08,10
3.825,0.02759231,2,1000,0.06,3.9151517e-06,3.1250023e-07,9.8821251e-08,10
3.825,0.02759231,2,1000,0.07,3.8983882e-06,3.1255462e-07,9.883845e-08,10
3.825,0.02759231,2,1000,0.08,3.8791601e-06,3.1261738e-07,9.8858297e-08,10
3.825,0.02759231,2,1000,0.09,3.8575147e-06,3.1268839e-07,9.8880751e-08,10
3.825,0.02759231,2,1000,0.1,3.8335048e-06,3.1276749e-07,9.8905766e-08,10
3.825,0.02759231,2,1000,0.11,3.8071886e-06,3.1285452e-07,9.8933286e-08,10
3.825,0.02759231,2,1000,0.12,3.7786294e-06,3.1294928e-07,9.8963253e-08,10
3.825,0.02759231,2,1000,0.13,3.7478954e-06,3.1305158e-07,9.8995603e-08,10
3.825,0.02759231,2,1000,0.14,3.7150596e-06,3.131612e-07,9.9030265e-08,10
3.825,0.02759231,2,1000,0.15,3.6801994e-06,3.1327788e-07,9.9067164e-08,10
3.825,0.02759231,2,1000,0.16,3.6429317e-06,3.1340296e-07,9.9106717e-08,10
3.825,0.02759231,2,1000,0.18,3.5638866e-06,3.1366915e-07,9.9190893e-08,10
3.825,0.02759231,2,1000,0.2,3.4781425e-06,3.1395913e-07,9.9282595e-08,10
3.825,0.02759231,2,1000,0.22,3.3864722e-06,3.1427029e-07,9.9380992e-08,10
3.825,0.02759231,2,1000,0.24,3.2896878e-06,3.1459972e-07,9.9485168e-08,10
3.825,0.02759231,2,1000,0.26,3.1886313e-06,3.1494432e-07,9.9594138e-08,10
3.825,0.02759231,2,1000,0.28,3.0841644e-06,3.1530077e-07,9.9706857e-08,10
3.825,0.02759231,2,1000,0.3,2.9771596e-06,3.1566557e-07,9.9822217e-08,10
3.825,0.02759231,2,1000,0.32,2.8682911e-06,3.1602941e-07,9.9937274e-08,10
3.825,0.02759231,2,1000,0.36,2.6498205e-06,3.1676592e-07,1.0017018e-07,10
3.825,0.02759231,2,1000,0.4,2.4347719e-06,3.1747587e-07,1.0039469e-07,10
3.825,0.02759231,2,1000,0.44,2.2292757e-06,3.1812905e-07,1.0060124e-07,10
3.825,0.02759231,2,1000,0.48,2.0387225e-06,3.1869661e-07,1.0078072e-07,10
3.825,0.02759231,2,1000,0.52,1.8675921e-06,3.1915263e-07,1.0092492e-07,10
3.825,0.02759231,2,1000,0.56,1.7193337e-06,3.1947577e-07,1.0102711e-07,10
3.825,0.02759231,2,1000,0.6,1.5963004e-06,3.1965047e-07,1.0108235e-07,10
3.825,0.02759231,2,1000,0.64,1.506394e-06,3.1962615e-07,1.0107466e-07,10
3.825,0.02759231,2,1000,0.72,1.3917035e-06,3.1918891e-07,1.009364e-07,10
3.825,0.02759231,2,1000,0.8,1.3718946e-06,3.1818002e-07,1.0061736e-07,10
3.825,0.02759231,2,1000,0.88,1.4256243e-06,3.1673354e-07,1.0015994e-07,10
3.825,0.02759231,2,1000,0.96,1.5249776e-06,3.1503126e-07,9.9621632e-08,10
3.825,0.02759231,2,1000,1.04,1.6407883e-06,3.1327634e-07,9.9066676e-08,10
3.825,0.02759231,2,1000,1.12,1.7473369e-06,3.1166699e-07,9.8557756e-08,10
3.825,0.02759231,2,1000,1.2,1.8258199e-06,3.1037202e-07,9.8148251e-08,10
3.825,0.02759231,2,1000,1.28,1.8564771e-06,3.096199e-07,9.791041e-08,10
3.825,0.02759231,2,1000,1.44,1.8314444e-06,3.0936009e-07,9.782825e-08,10
3.825,0.02759231,2,1000,1.6,1.7276931e-06,3.1079739e-07,9.8282764e-08,10
3.825,0.02759231,2,1000,1.76,1.6376695e-06,3.1317993e-07,9.9036189e-08,10
3.825,0.02759231,2,1000,1.92,1.604726e-06,3.1516879e-07,9.9665121e-08,10
3.825,0.02759231,2,1000,2.08,1.6028757e-06,3.1517976e-07,9.9668592e-08,10
3.825,0.02759231,2,1000,2.24,1.5810238e-06,3.126872e-07,9.8880374e-08,10
3.825,0.02759231,2,1000,2.4,1.521629e-06,3.0915308e-07,9.7762788e-08,10
3.825,0.02759231,2,1000,2.56,1.4722411e-06,3.0771982e-07,9.7309551e-08,10
3.825,0.02759231,2,1000,2.88,1.5360093e-06,3.1216592e-07,9.8715532e-08,10
3.825,0.02759231,2,1000,3.2,1.7799313e-06,3.2043996e-07,1.0133201e-07,10
3.825,0.02759231,2,1000,3.52,1.8918886e-06,3.1762717e-07,1.0044253e-07,10
3.825,0.02759231,2,1000,3.84,1.8639033e-06,3.0777512e-07,9.7327039e-08,10
3.825,0.02759231,2,1000,4.16,1.8503747e-06,3.0905264e-07,9.7731025e-08,10
3.825,0.02759231,2,1000,4.48,1.76534e-06,3.1932016e-07,1.009779e-07,10
3.825,0.02759231,2,1000,4.8,1.6478854e-06,3.207085e-07,1.0141693e-07,10
3.825,0.02759231,2,1000,5.12,1.6943308e-06,3.1406086e-07,9.9314765e-08,10
3.825,0.02759231,2,1000,5.76,1.6090021e-06,3.0742943e-07,9.7217723e-08,10
3.825,0.02759231,2,1000,6.4,1.4888849e-06,3.1552797e-07,9.9778707e-08,10
3.825,0.02759231,2,1000,7.04,1.589969e-06,3.0775193e-07,9.7319706e-08,10
3.825,0.02759231,2,1000,7.68,1.589638e-06,3.1457113e-07,9.9476126e-08,10
3.825,0.02759231,2,1000,8.32,1.619975e-06,3.0881632e-07,9.7656295e-08,10
3.825,0.02759231,2,1000,8.96,1.5915427e-06,3.1024751e-07,9.8108878e-08,10
3.825,0.02759231,2,1000,9.6,1.5395081e-06,3.1386846e-07,9.9253921e-08,10
3.825,0.02759231,2,1000,10.24,1.5065356e-06,3.1231274e-07,9.876196e-08,10
3.825,0.02759231,2,1000,11.52,1.4948579e-06,3.110672e-07,9.8368086e-08,10
3.825,0.02759231,2,1000,12.8,1.4746145e-06,3.1687205e-07,1.0020374e-07,10
3.825,0.02759231,2,1000,14.08,1.4363984e-06,3.1377215e-07,9.9223465e-08,10
3.825,0.02759231,2,1000,15.36,1.4213903e-06,3.1520796e-07,9.967751e-08,10
3.825,0.02759231,2,1000,16.64,1.3929693e-06,3.1678979e-07,1.0017773e-07,10
3.825,0.02759231,2,1000,17.92,1.3592782e-06,3.1081195e-07,9.8287368e-08,10
3.825,0.02759231,2,1000,19.2,1.3328655e-06,3.1026083e-07,9.8113088e-08,10
3.825,0.02759231,2,1000,20.48,1.3160011e-06,3.0904491e-07,9.772858e-08,10
3.825,0.02759231,2,1000,23.04,1.2634683e-06,3.0769038e-07,9.7300243e-08,10
3.825,0.02759231,2,1000,25.6,1.2157012e-06,2.9819907e-07,9.4298826e-08,10
3.825,0.02759231,2,1000,28.16,1.1784889e-06,2.9834458e-07,9.434484e-08,10
3.825,0.02759231,2,1000,30.72,1.1381946e-06,2.9262738e-07,9.2536901e-08,10
3.825,0.02759231,2,1000,33.28,1.0911261e-06,2.9534594e-07,9.3396587e-08,10
3.825,0.02759231,2,1000,35.84,1.0552633e-06,2.9236588e-07,9.2454209e-08,10
3.825,0.02759231,2,1000,38.4,1.0123135e-06,2.9856761e-07,9.4415369e-08,10
3.825,0.02759231,2,1000,40.96,9.8449981e-07,2.917655e-07,9.2264353e-08,10
3.825,0.02759231,2,1000,46.08,9.151199e-07,2.8742546e-07,9.089191e-08,10
3.825,0.02759231,2,1000,51.2,8.5708611e-07,2.7833893e-07,8.8018497e-08,10
3.825,0.02759231,2,1000,56.32,8.0149188e-07,2.7022527e-07,8.5452733e-08,10
3.825,0.02759231,2,1000,61.44,7.5063814e-07,2.6342926e-07,8.3303647e-08,10
3.825,0.02759231,2,1000,66.56,6.9650061e-07,2.5983894e-07,8.2168286e-08,10
3.825,0.02759231,2,1000,71.68,6.5007183e-07,2.5653412e-07,8.1123212e-08,10
3.825,0.02759231,2,1000,76.8,6.0162988e-07,2.4666317e-07,7.8001742e-08,10
3.825,0.02759231,2,1000,81.92,5.585109e-07,2.4391328e-07,7.7132152e-08,10
3.825,0.02759231,2,1000,92.16,4.8147051e-07,2.3158273e-07,7.3232891e-08,10
3.825,0.02759231,2,1000,102.4,4.1250414e-07,2.2210577e-07,7.0236013e-08,10
3.825,0.02759231,2,1000,112.64,3.611215e-07,2.1590788e-07,6.8276065e-08,10
3.825,0.02759231,2,1000,122.88,3.0834824e-07,2.14046e-07,6.7687289e-08,10
3.825,0.02759231,2,1000,133.12,2.5879204e-07,2.0744238e-07,6.5599042e-08,10
3.825,0.02759231,2,1000,143.36,2.1583548e-07,1.9995789e-07,6.3232236e-08,10
3.825,0.02759231,2,1000,153.6,1.8124987e-07,1.9006019e-07,6.0102308e-08,10
3.825,0.02759231,2,1000,163.84,1.4961233e-07,1.8531763e-07,5.8602579e-08,10
3.825,0.02759231,2,1000,184.32,1.0799583e-07,1.7534956e-07,5.54504e-08,10
3.825,0.02759231,2,1000,204.8,6.968501e-08,1.8686631e-07,5.9092317e-08,10
3.825,0.02759231,2,1000,225.28,2.3281744e-08,1.9695897e-07,6.2283896e-08,10
3.825,0.02759231,2,1000,245.76,-3.2305781e-09,1.9765071e-07,6.2502644e-08,10
3.825,0.02759231,2,1000,266.24,-1.6726249e-08,1.808299e-07,5.7183436e-08,10
3.825,0.02759231,2,1000,286.72,-2.6007625e-08,1.6216842e-07,5.1282156e-08,10
3.825,0.02759231,2,1000,307.2,-2.8768685e-08,1.4550413e-07,4.6012447e-08,10
3.825,0.02759231,2,1000,327.68,-2.0211021e-08,1.3912339e-07,4.3994678e-08,10
3.825,0.02759231,2,1000,368.64,-1.4326703e-09,9.9177576e-08,3.1362703e-08,10
3.825,0.02759231,2,1000,409.6,-5.1473868e-09,1.0176697e-07,3.2181542e-08,10
3.825,0.02759231,2,1000,450.56,-2.4446115e-08,1.3493532e-07,4.2670294e-08,10
3.825,0.02759231,2,1000,491.52,-3.2310236e-08,1.1110262e-07,3.5133734e-08,10
3.825,0.02759231,2,1000,532.48,-3.8035999e-08,8.8807653e-08,2.8083446e-08,10
3.825,0.02759231,2,1000,573.44,-4.8001973e-08,9.5162812e-08,3.0093124e-08,10
3.825,0.02759231,2,1000,614.4,-3.056874e-08,1.4158129e-07,4.4771934e-08,10
3.825,0.02759231,2,1000,655.36,1.128552e-09,1.5231289e-07,4.8165564e-08,10
3.825,0.02759231,2,1000,737.28,5.7103881e-08,1.3589529e-07,4.2973863e-08,10
3.825,0.02759231,2,1000,819.2,-8.6572988e-10,1.5518103e-07,4.9072549e-08,10
3.825,0.02759231,2,1000,901.12,-6.9697978e-08,1.3299254e-07,4.2055933e-08,10
3.825,0.02759231,2,1000,983.04,-5.6452097e-08,1.1952781e-07,3.7798012e-08,10
3.825,0.02759231,2,1000,1064.96,-1.4871334e-08,1.267771e-07,4.0090439e-08,10
3.825,0.02759231,2,1000,1146.88,1.927143e-08,1.4836973e-07,4.6918627e-08,10
3.825,0.02759231,2,1000,1228.8,6.0051784e-09,1.4251264e-07,4.5066454e-08,10
3.825,0.02759231,2,1000,1310.72,-2.8446971e-09,9.400207e-08,2.9726065e-08,10
3.825,0.02759231,2,1000,1474.56,-4.0296799e-08,1.2668823e-07,4.0062335e-08,10
3.825,0.02759231,2,1000,1638.4,-1.0081719e-07,2.213858e-07,7.0008337e-08,10
3.825,0.02759231,2,1000,1802.24,-1.1109373e-07,1.560001e-07,4.9331562e-08,10
3.825,0.02759231,2,1000,1966.08,-1.6870153e-08,1.6518272e-07,5.2235362e-08,10
3.825,0.02759231,2,1000,2129.92,-1.656124e-08,7.7453414e-08,2.449292e-08,10
3.825,0.02759231,2,1000,2293.76,1.4573771e-08,1.4729181e-07,4.6577759e-08,10
3.825,0.02759231,2,1000,2457.6,3.878434e-09,1.7888803e-07,5.6569363e-08,10
3.825,0.02759231,2,1000,2621.44,-1.9945889e-08,1.6267575e-07,5.1442588e-08,10
3.825,0.02759231,2,1000,2949.12,-3.3314128e-08,9.9478237e-08,3.1457781e-08,10
3.825,0.02759231,2,1000,3276.8,-5.9071898e-08,1.3906257e-07,4.3975446e-08,10
3.825,0.02759231,2,1000,3604.48,2.3556862e-08,1.2999082e-07,4.1106708e-08,10
3.825,0.02759231,2,1000,3932.16,-4.8251053e-08,1.4910482e-07,4.7151085e-08,10
3.825,0.02759231,2,1000,4259.84,-2.4932617e-08,1.5154457e-07,4.7922602e-08,10
3.825,0.02759231,2,1000,4587.52,-4.6601718e-08,1.1476266e-07,3.6291141e-08,10
3.825,0.02759231,2,1000,4915.2,5.2104636e-08,2.2123108e-07,6.9959411e-08,10
3.825,0.02759231,2,1000,5242.88,5.4645554e-08,1.9769759e-07,6.2517468e-08,10
3.825,0.02759231,2,1000,5898.24,2.9019972e-08,1.4736899e-07,4.6602166e-08,10
3.825,0.02759231,2,1000,6553.6,-1.7578345e-08,1.9150981e-07,6.0560718e-08,10
3.825,0.02759231,2,1000,7208.96,8.0172639e-08,1.4186507e-07,4.4861673e-08,10
3.825,0.02759231,2,1000,7864.32,5.5723262e-08,1.657909e-07,5.2427686e-08,10
3.825,0.02759231,2,1000,8519.68,3.9863382e-08,2.6762941e-07,8.4631851e-08,10
3.825,0.02759231,2,1000,9175.04,5.7428673e-09,2.9718454e-07,9.3978003e-08,10
3.825,0.01691592,2,1000,0,1.814194e-06,1.1318335e-07,3.5791717e-08,10
3.825,0.01691592,2,1000,0.01,1.8135616e-06,1.1318299e-07,3.5791606e-08,10
3.825,0.01691592,2,1000,0.02,1.8116712e-06,1.1318041e-07,3.5790788e-08,10
3.825,0.01691592,2,1000,0.03,1.8085269e-06,1.131756e-07,3.5789267e-08,10
3.825,0.01691592,2,1000,0.04,1.8041361e-06,1.1316859e-07,3.578705e-08,10
3.825,0.01691592,2,1000,0.05,1.7985085e-06,1.131594e-07,3.5784143e-08,10
3.825,0.01691592,2,1000,0.06,1.7916567e-06,1.1314806e-07,3.5780559e-08,10
3.825,0.01691592,2,1000,0.07,1.783596e-06,1.1313461e-07,3.5776306e-08,10
3.825,0.01691592,2,1000,0.08,1.7743443e-06,1.131191e-07,3.5771401e-08,10
3.825,0.01691592,2,1000,0.09,1.763922e-06,1.1310157e-07,3.5765858e-08,10
3.825,0.01691592,2,1000,0.1,1.752352e-06,1.1308209e-07,3.5759698e-08,10
3.825,0.01691592,2,1000,0.11,1.7396599e-06,1.1306072e-07,3.5752939e-08,10
3.825,0.01691592,2,1000,0.12,1.7258731e-06,1.1303752e-07,3.5745602e-08,10
3.825,0.01691592,2,1000,0.13,1.7110218e-06,1.1301256e-07,3.5737709e-08,10
3.825,0.01691592,2,1000,0.14,1.6951382e-06,1.1298591e-07,3.5729283e-08,10
3.825,0.01691592,2,1000,0.15,1.6782564e-06,1.1295766e-07,3.5720349e-08,10
3.825,0.01691592,2,1000,0.16,1.6601817e-06,1.1292748e-07,3.5710805e-08,10
3.825,0.01691592,2,1000,0.18,1.6217829e-06,1.1286373e-07,3.5690646e-08,10
3.825,0.01691592,2,1000,0.2,1.5800174e-06,1.1279492e-07,3.5668885e-08,10
3.825,0.01691592,2,1000,0.22,1.5352347e-06,1.1272173e-07,3.5645742e-08,10
3.825,0.01691592,2,1000,0.24,1.4878054e-06,1.1264489e-07,3.5621442e-08,10
3.825,0.01691592,2,1000,0.26,1.4381169e-06,1.1256508e-07,3.5596204e-08,10
3.825,0.01691592,2,1000,0.28,1.3865694e-06,1.1248299e-07,3.5570243e-08,10
3.825,0.01691592,2,1000,0.3,1.3335719e-06,1.1239924e-07,3.5543761e-08,10
3.825,0.01691592,2,1000,0.32,1.2793831e-06,1.1231515e-07,3.5517169e-08,10
3.825,0.01691592,2,1000,0.36,1.1700619e-06,1.1214478e-07,3.5463295e-08,10
3.825,0.01691592,2,1000,0.4,1.0614856e-06,1.1197614e-07,3.5409965e-08,10
3.825,0.01691592,2,1000,0.44,9.5672235e-07,1.118123e-07,3.5358152e-08,10
3.825,0.01691592,2,1000,0.48,8.5856054e-07,1.1165568e-07,3.5308627e-08,10
3.825,0.01691592,2,1000,0.52,7.69419e-07,1.1150835e-07,3.5262037e-08,10
3.825,0.01691592,2,1000,0.56,6.9127674e-07,1.1137218e-07,3.5218976e-08,10
3.825,0.01691592,2,1000,0.6,6.2562423e-07,1.1124899e-07,3.518002e-08,10
3.825,0.01691592,2,1000,0.64,5.7691643e-07,1.1114401e-07,3.5146822e-08,10
3.825,0.01691592,2,1000,0.72,5.1410625e-07,1.1097951e-07,3.5094802e-08,10
3.825,0.01691592,2,1000,0.8,5.0383624e-07,1.1089153e-07,3.5066979e-08,10
3.825,0.01691592,2,1000,0.88,5.3734784e-07,1.1087767e-07,3.5062599e-08,10
3.825,0.01691592,2,1000,0.96,6.0129519e-07,1.1091862e-07,3.5075547e-08,10
3.825,0.01691592,2,1000,1.04,6.8018636e-07,1.1098175e-07,3.509551e-08,10
3.825,0.01691592,2,1000,1.12,7.5884088e-07,1.1103284e-07,3.5111668e-08,10
3.825,0.01691592,2,1000,1.2,8.2452452e-07,1.1104956e-07,3.5116955e-08,10
3.825,0.01691592,2,1000,1.28,8.6206681e-07,1.1101478e-07,3.5105957e-08,10
3.825,0.01691592,2,1000,1.44,8.7494025e-07,1.1094765e-07,3.5084727e-08,10
3.825,0.01691592,2,1000,1.6,8.1104249e-07,1.1097491e-07,3.5093349e-08,10
3.825,0.01691592,2,1000,1.76,7.2335945e-07,1.1114754e-07,3.5147939e-08,10
3.825,0.01691592,2,1000,1.92,6.5597415e-07,1.1139867e-07,3.5227354e-08,10
3.825,0.01691592,2,1000,2.08,6.1826152e-07,1.1155985e-07,3.5278321e-08,10
3.825,0.01691592,2,1000,2.24,5.929222e-07,1.1135887e-07,3.5214767e-08,10
3.825,0.01691592,2,1000,2.4,5.6302755e-07,1.1067625e-07,3.4998904e-08,10
3.825,0.01691592,2,1000,2.56,5.3604003e-07,1.098278e-07,3.4730598e-08,10
3.825,0.01691592,2,1000,2.88,5.5333498e-07,1.0940137e-07,3.4595752e-08,10
3.825,0.01691592,2,1000,3.2,6.843315e-07,1.1088221e-07,3.5064033e-08,10
3.825,0.01691592,2,1000,3.52,7.6592298e-07,1.1207394e-07,3.5440892e-08,10
3.825,0.01691592,2,1000,3.84,7.3749616e-07,1.1200403e-07,3.5418785e-08,10
3.825,0.01691592,2,1000,4.16,7.3676454e-07,1.1207839e-07,3.54423e-08,10
3.825,0.01691592,2,1000,4.48,7.7834645e-07,1.1217165e-07,3.547179e-08,10
3.825,0.01691592,2,1000,4.8,7.8267663e-07,1.1174713e-07,3.5337547e-08,10
3.825,0.01691592,2,1000,5.12,7.9399528e-07,1.0971761e-07,3.4695755e-08,10
3.825,0.01691592,2,1000,5.76,7.5543011e-07,1.0707435e-07,3.3859881e-08,10
3.825,0.01691592,2,1000,6.4,6.6072849e-07,1.0414308e-07,3.2932934e-08,10
3.825,0.01691592,2,1000,7.04,6.605529e-07,1.0981503e-07,3.4726561e-08,10
3.825,0.01691592,2,1000,7.68,6.0058243e-07,1.0980172e-07,3.4722351e-08,10
3.825,0.01691592,2,1000,8.32,6.6048227e-07,1.1220815e-07,3.5483332e-08,10
3.825,0.01691592,2,1000,8.96,6.8074697e-07,1.1376237e-07,3.5974822e-08,10
3.825,0.01691592,2,1000,9.6,7.0296769e-07,1.0680105e-07,3.3773457e-08,10
3.825,0.01691592,2,1000,10.24,6.9988608e-07,1.0756774e-07,3.4015905e-08,10
3.825,0.01691592,2,1000,11.52,6.5283439e-07,1.0643034e-07,3.3656229e-08,10
3.825,0.01691592,2,1000,12.8,6.3290004e-07,1.0824073e-07,3.4228725e-08,10
3.825,0.01691592,2,1000,14.08,6.4851124e-07,1.100923e-07,3.4814241e-08,10
3.825,0.01691592,2,1000,15.36,6.4074098e-07,1.1088901e-07,3.5066185e-08,10
3.825,0.01691592,2,1000,16.64,6.1888472e-07,1.0641272e-07,3.3650657e-08,10
3.825,0.01691592,2,1000,17.92,6.1461924e-07,1.0769251e-07,3.4055362e-08,10
3.825,0.01691592,2,1000,19.2,6.1972638e-07,1.098644e-07,3.4742174e-08,10
3.825,0.01691592,2,1000,20.48,6.0606969e-07,1.0974342e-07,3.4703917e-08,10
3.825,0.01691592,2,1000,23.04,5.9015987e-07,1.0645586e-07,3.3664298e-08,10
3.825,0.01691592,2,1000,25.6,5.81515e-07,1.0540668e-07,3.3332518e-08,10
3.825,0.01691592,2,1000,28.16,5.6752616e-07,1.0687827e-07,3.3797878e-08,10
3.825,0.01691592,2,1000,30.72,5.5553196e-07,1.0471636e-07,3.3114222e-08,10
3.825,0.01691592,2,1000,33.28,5.4152594e-07,1.0627723e-07,3.3607811e-08,10
3.825,0.01691592,2,1000,35.84,5.295122e-07,1.0495589e-07,3.3189967e-08,10
3.825,0.01691592,2,1000,38.4,5.1865412e-07,1.0616968e-07,3.3573802e-08,10
3.825,0.01691592,2,1000,40.96,5.0824918e-07,1.0331742e-07,3.2671838e-08,10
3.825,0.01691592,2,1000,46.08,4.8744304e-07,1.0520963e-07,3.3270205e-08,10
3.825,0.01691592,2,1000,51.2,4.7040789e-07,1.0543567e-07,3.3341685e-08,10
3.825,0.01691592,2,1000,56.32,4.5288865e-07,1.0632359e-07,3.3622472e-08,10
3.825,0.01691592,2,1000,61.44,4.3645422e-07,1.0463485e-07,3.3088444e-08,10
3.825,0.01691592,2,1000,66.56,4.1978685e-07,1.029463e-07,3.2554479e-08,10
3.825,0.01691592,2,1000,71.68,4.0376555e-07,1.024599e-07,3.2400664e-08,10
3.825,0.01691592,2,1000,76.8,3.9034827e-07,1.0136945e-07,3.2055836e-08,10
3.825,0.01691592,2,1000,81.92,3.7657393e-07,1.027301e-07,3.248611e-08,10
3.825,0.01691592,2,1000,92.16,3.479688e-07,1.0127625e-07,3.2026362e-08,10
3.825,0.01691592,2,1000,102.4,3.2167101e-07,1.01919e-07,3.2229619e-08,10
3.825,0.01691592,2,1000,112.64,3.0087394e-07,1.0308572e-07,3.2598565e-08,10
3.825,0.01691592,2,1000,122.88,2.8090517e-07,1.0141971e-07,3.2071727e-08,10
3.825,0.01691592,2,1000,133.12,2.6510245e-07,1.0238042e-07,3.2375531e-08,10
3.825,0.01691592,2,1000,143.36,2.4991964e-07,1.0134516e-07,3.2048152e-08,10
3.825,0.01691592,2,1000,153.6,2.343867e-07,9.9696597e-08,3.1526832e-08,10
3.825,0.01691592,2,1000,163.84,2.2008057e-07,9.4580992e-08,2.9909136e-08,10
3.825,0.01691592,2,1000,184.32,1.9490216e-07,9.059824e-08,2.8649679e-08,10
3.825,0.01691592,2,1000,204.8,1.7416608e-07,8.6865915e-08,2.7469414e-08,10
3.825,0.01691592,2,1000,225.28,1.5004501e-07,8.2895584e-08,2.6213885e-08,10
3.825,0.01691592,2,1000,245.76,1.2949753e-07,8.1571103e-08,2.5795048e-08,10
3.825,0.01691592,2,1000,266.24,1.1543957e-07,7.884569e-08,2.4933196e-08,10
3.825,0.01691592,2,1000,286.72,1.0429093e-07,7.7751125e-08,2.4587064e-08,10
3.825,0.01691592,2,1000,307.2,9.4334893e-08,7.90182e-08,2.4987749e-08,10
3.825,0.01691592,2,1000,327.68,8.4368732e-08,7.5032927e-08,2.3727495e-08,10
3.825,0.01691592,2,1000,368.64,6.4283086e-08,6.1851663e-08,1.9559213e-08,10
3.825,0.01691592,2,1000,409.6,5.3625204e-08,5.2532879e-08,1.6612355e-08,10
3.825,0.01691592,2,1000,450.56,4.9773319e-08,5.0590134e-08,1.5998005e-08,10
3.825,0.01691592,2,1000,491.52,5.1835064e-08,6.2822211e-08,1.9866127e-08,10
3.825,0.01691592,2,1000,532.48,5.3829672e-08,8.1743585e-08,2.5849591e-08,10
3.825,0.01691592,2,1000,573.44,5.6348195e-08,8.8407076e-08,2.7956772e-08,10
3.825,0.01691592,2,1000,614.4,6.2161801e-08,9.1996744e-08,2.9091925e-08,10
3.825,0.01691592,2,1000,655.36,5.7825642e-08,9.117271e-08,2.8831342e-08,10
3.825,0.01691592,2,1000,737.28,4.502565e-08,8.322148e-08,2.6316943e-08,10
3.825,0.01691592,2,1000,819.2,2.7463763e-08,6.326391e-08,2.0005805e-08,10
3.825,0.01691592,2,1000,901.12,2.032437e-08,8.0275262e-08,2.5385267e-08,10
3.825,0.01691592,2,1000,983.04,1.8687412e-08,8.7400416e-08,2.7638438e-08,10
3.825,0.01691592,2,1000,1064.96,1.4271479e-08,7.9567095e-08,2.5161325e-08,10
3.825,0.01691592,2,1000,1146.88,1.8807732e-08,8.1334617e-08,2.5720264e-08,10
3.825,0.01691592,2,1000,1228.8,2.2256985e-08,7.4548418e-08,2.357428e-08,10
3.825,0.01691592,2,1000,1310.72,2.8862987e-08,7.5297677e-08,2.3811216e-08,10
3.825,0.01691592,2,1000,1474.56,7.4772874e-09,6.6748824e-08,2.1107832e-08,10
3.825,0.01691592,2,1000,1638.4,-5.3208098e-09,7.6972408e-08,2.4340813e-08,10
3.825,0.01691592,2,1000,1802.24,1.3461972e-08,1.0876366e-07,3.439409e-08,10
3.825,0.01691592,2,1000,1966.08,4.1506543e-08,1.2189517e-07,3.8546637e-08,10
3.825,0.01691592,2,1000,2129.92,4.7453492e-08,7.9578023e-08,2.516478e-08,10
3.825,0.01691592,2,1000,2293.76,1.3832141e-08,8.6142004e-08,2.7240494e-08,10
3.825,0.01691592,2,1000,2457.6,-2.2736839e-08,1.1927208e-07,3.7717143e-08,10
3.825,0.01691592,2,1000,2621.44,-2.5837206e-08,8.3694396e-08,2.6466492e-08,10
3.825,0.01691592,2,1000,2949.12,-1.7002063e-08,6.5946718e-08,2.0854183e-08,10
3.825,0.01691592,2,1000,3276.8,-2.9041454e-08,8.1427296e-08,2.5749572e-08,10
3.825,0.01691592,2,1000,3604.48,9.6877449e-09,8.1534806e-08,2.578357e-08,10
3.825,0.01691592,2,1000,3932.16,4.7127789e-08,9.346902e-08,2.95575e-08,10
3.825,0.01691592,2,1000,4259.84,5.436486e-08,1.1649333e-07,3.6838425e-08,10
3.825,0.01691592,2,1000,4587.52,-1.4016417e-08,8.4390871e-08,2.6686737e-08,10
3.825,0.01691592,2,1000,4915.2,-6.3884483e-08,6.1333347e-08,1.9395307e-08,10
3.825,0.01691592,2,1000,5242.88,-3.986504e-08,6.9976165e-08,2.2128406e-08,10
3.825,0.01691592,2,1000,5898.24,-5.7902816e-08,1.3206874e-07,4.1763803e-08,10
3.825,0.01691592,2,1000,6553.6,-2.1748933e-08,1.2399457e-07,3.9210525e-08,10
3.825,0.01691592,2,1000,7208.96,1.8259657e-08,1.1546943e-07,3.6514638e-08,10
3.825,0.01691592,2,1000,7864.32,7.3652448e-08,1.246461e-07,3.9416558e-08,10
3.825,0.01691592,2,1000,8519.68,4.5188098e-09,1.0789077e-07,3.4118057e-08,10
3.825,0.01691592,2,1000,9175.04,8.8329522e-08,4.6320257e-07,1.4647751e-07,10
3.825,0.01083597,2,1000,0,9.0022645e-07,6.5553516e-08,2.0729842e-08,10
3.825,0.01083597,2,1000,0.01,8.998939e-07,6.555323e-08,2.0729751e-08,10
3.825,0.01083597,2,1000,0.02,8.9889897e-07,6.5552392e-08,2.0729487e-08,10
3.825,0.01083597,2,1000,0.03,8.9724374e-07,6.5551014e-08,2.0729051e-08,10
3.825,0.01083597,2,1000,0.04,8.9493173e-07,6.5549104e-08,2.0728447e-08,10
3.825,0.01083597,2,1000,0.05,8.9196776e-07,6.5546679e-08,2.072768e-08,10
3.825,0.01083597,2,1000,0.06,8.8835803e-07,6.5543759e-08,2.0726756e-08,10
3.825,0.01083597,2,1000,0.07,8.8411003e-07,6.5540366e-08,2.0725683e-08,10
3.825,0.01083597,2,1000,0.08,8.7923259e-07,6.5536529e-08,2.072447e-08,10
3.825,0.01083597,2,1000,0.09,8.7373581e-07,6.553228e-08,2.0723127e-08,10
3.825,0.01083597,2,1000,0.1,8.6763104e-07,6.5527652e-08,2.0721663e-08,10
3.825,0.01083597,2,1000,0.11,8.6093088e-07,6.5522681e-08,2.0720091e-08,10
3.825,0.01083597,2,1000,0.12,8.536491e-07,6.5517404e-08,2.0718422e-08,10
3.825,0.01083597,2,1000,0.13,8.4580063e-07,6.5511865e-08,2.0716671e-08,10
3.825,0.01083597,2,1000,0.14,8.3740152e-07,6.5506107e-08,2.071485e-08,10
3.825,0.01083597,2,1000,0.15,8.2846889e-07,6.5500176e-08,2.0712974e-08,10
3.825,0.01083597,2,1000,0.16,8.1889682e-07,6.5494049e-08,2.0711037e-08,10
3.825,0.01083597,2,1000,0.18,7.9854238e-07,6.5481757e-08,2.070715e-08,10
3.825,0.01083597,2,1000,0.2,7.7636863e-07,6.5469528e-08,2.0703282e-08,10
3.825,0.01083597,2,1000,0.22,7.5255257e-07,6.5457742e-08,2.0699555e-08,10
3.825,0.01083597,2,1000,0.24,7.2728268e-07,6.5446757e-08,2.0696082e-08,10
3.825,0.01083597,2,1000,0.26,7.0075702e-07,6.5436903e-08,2.0692966e-08,10
3.825,0.01083597,2,1000,0.28,6.7318135e-07,6.5428466e-08,2.0690298e-08,10
3.825,0.01083597,2,1000,0.3,6.447671e-07,6.5421687e-08,2.0688154e-08,10
3.825,0.01083597,2,1000,0.32,6.1562858e-07,6.5417596e-08,2.068686e-08,10
3.825,0.01083597,2,1000,0.36,5.5665775e-07,6.5413789e-08,2.0685656e-08,10
3.825,0.01083597,2,1000,0.4,4.9777613e-07,6.5418014e-08,2.0686992e-08,10
3.825,0.01083597,2,1000,0.44,4.4063509e-07,6.5429518e-08,2.069063e-08,10
3.825,0.01083597,2,1000,0.48,3.867654e-07,6.5446669e-08,2.0696054e-08,10
3.825,0.01083597,2,1000,0.52,3.3752832e-07,6.5467178e-08,2.070254e-08,10
3.825,0.01083597,2,1000,0.56,2.9407507e-07,6.5488362e-08,2.0709238e-08,10
3.825,0.01083597,2,1000,0.6,2.5731603e-07,6.5507393e-08,2.0715256e-08,10
3.825,0.01083597,2,1000,0.64,2.298304e-07,6.5519345e-08,2.0719036e-08,10
3.825,0.01083597,2,1000,0.72,1.9425382e-07,6.552319e-08,2.0720252e-08,10
3.825,0.01083597,2,1000,0.8,1.8887554e-07,6.5484978e-08,2.0708168e-08,10
3.825,0.01083597,2,1000,0.88,2.0974877e-07,6.5397858e-08,2.0680619e-08,10
3.825,0.01083597,2,1000,0.96,2.5002252e-07,6.5259707e-08,2.0636931e-08,10
3.825,0.01083597,2,1000,1.04,3.0114653e-07,6.5070619e-08,2.0577137e-08,10
3.825,0.01083597,2,1000,1.12,3.5419536e-07,6.4831855e-08,2.0501633e-08,10
3.825,0.01083597,2,1000,1.2,4.0112621e-07,6.4546977e-08,2.0411546e-08,10
3.825,0.01083597,2,1000,1.28,4.318447e-07,6.4213898e-08,2.0306218e-08,10
3.825,0.01083597,2,1000,1.44,4.5313574e-07,6.3522231e-08,2.0087493e-08,10
3.825,0.01083597,2,1000,1.6,4.1852795e-07,6.2893927e-08,1.9888806e-08,10
3.825,0.01083597,2,1000,1.76,3.5753661e-07,6.2494987e-08,1.976265e-08,10
3.825,0.01083597,2,1000,1.92,3.0226181e-07,6.2374458e-08,1.9724536e-08,10
3.825,0.01083597,2,1000,2.08,2.6784622e-07,6.2340169e-08,1.9713692e-08,10
3.825,0.01083597,2,1000,2.24,2.5012791e-07,6.2069005e-08,1.9627943e-08,10
3.825,0.01083597,2,1000,2.4,2.3735031e-07,6.1450179e-08,1.9432253e-08,10
3.825,0.01083597,2,1000,2.56,2.244004e-07,6.0744323e-08,1.9209042e-08,10
3.825,0.01083597,2,1000,2.88,2.2119167e-07,6.0326903e-08,1.9077042e-08,10
3.825,0.01083597,2,1000,3.2,2.7196627e-07,6.2036616e-08,1.9617701e-08,10
3.825,0.01083597,2,1000,3.52,3.0878978e-07,6.4235877e-08,2.0313168e-08,10
3.825,0.01083597,2,1000,3.84,2.8075892e-07,6.3765702e-08,2.0164486e-08,10
3.825,0.01083597,2,1000,4.16,2.7243968e-07,6.2065465e-08,1.9626823e-08,10
3.825,0.01083597,2,1000,4.48,3.2759143e-07,6.2215183e-08,1.9674168e-08,10
3.825,0.01083597,2,1000,4.8,3.6811006e-07,6.4185278e-08,2.0297167e-08,10
3.825,0.01083597,2,1000,5.12,3.6562425e-07,6.5193118e-08,2.0615874e-08,10
3.825,0.01083597,2,1000,5.76,3.6763156e-07,6.4427921e-08,2.0373898e-08,10
3.825,0.01083597,2,1000,6.4,3.5818765e-07,6.4488184e-08,2.0392954e-08,10
3.825,0.01083597,2,1000,7.04,3.4181826e-07,6.4383781e-08,2.0359939e-08,10
3.825,0.01083597,2,1000,7.68,2.8525548e-07,6.1761004e-08,1.9530544e-08,10
3.825,0.01083597,2,1000,8.32,2.8803514e-07,6.1483549e-08,1.9442805e-08,10
3.825,0.01083597,2,1000,8.96,2.5987376e-07,6.2053828e-08,1.9623144e-08,10
3.825,0.01083597,2,1000,9.6,2.8392991e-07,6.2061613e-08,1.9625605e-08,10
3.825,0.01083597,2,1000,10.24,3.0065354e-07,6.3232137e-08,1.9995757e-08,10
3.825,0.01083597,2,1000,11.52,3.2935542e-07,6.4131631e-08,2.0280202e-08,10
3.825,0.01083597,2,1000,12.8,3.1601826e-07,6.3939238e-08,2.0219362e-08,10
3.825,0.01083597,2,1000,14.08,2.8825663e-07,6.2776434e-08,1.9851652e-08,10
3.825,0.01083597,2,1000,15.36,2.8474616e-07,6.2727073e-08,1.9836042e-08,10
3.825,0.01083597,2,1000,16.64,2.9909198e-07,6.4148622e-08,2.0285575e-08,10
3.825,0.01083597,2,1000,17.92,3.0262234e-07,6.4008804e-08,2.0241361e-08,10
3.825,0.01083597,2,1000,19.2,2.9014051e-07,6.2741068e-08,1.9840468e-08,10
3.825,0.01083597,2,1000,20.48,2.8436843e-07,6.2518945e-08,1.9770226e-08,10
3.825,0.01083597,2,1000,23.04,2.8708675e-07,6.3009057e-08,1.9925213e-08,10
3.825,0.01083597,2,1000,25.6,2.7833249e-07,6.3495644e-08,2.0079086e-08,10
3.825,0.01083597,2,1000,28.16,2.7831194e-07,6.2037612e-08,1.9618015e-08,10
3.825,0.01083597,2,1000,30.72,2.7223854e-07,6.3716547e-08,2.0148941e-08,10
3.825,0.01083597,2,1000,33.28,2.6998181e-07,6.1956347e-08,1.9592317e-08,10
3.825,0.01083597,2,1000,35.84,2.6653371e-07,6.2675766e-08,1.9819817e-08,10
3.825,0.01083597,2,1000,38.4,2.6140915e-07,6.0992128e-08,1.9287404e-08,10
3.825,0.01083597,2,1000,40.96,2.5846459e-07,6.1195373e-08,1.9351676e-08,10
3.825,0.01083597,2,1000,46.08,2.5220016e-07,6.0757912e-08,1.9213339e-08,10
3.825,0.01083597,2,1000,51.2,2.4531481e-07,5.9682856e-08,1.8873376e-08,10
3.825,0.01083597,2,1000,56.32,2.4064544e-07,5.9687085e-08,1.8874714e-08,10
3.825,0.01083597,2,1000,61.44,2.3457893e-07,5.8725067e-08,1.8570497e-08,10
3.825,0.01083597,2,1000,66.56,2.2821432e-07,5.9169095e-08,1.8710911e-08,10
3.825,0.01083597,2,1000,71.68,2.2289903e-07,5.778036e-08,1.8271754e-08,10
3.825,0.01083597,2,1000,76.8,2.1752099e-07,5.6870749e-08,1.798411e-08,10
3.825,0.01083597,2,1000,81.92,2.1237416e-07,5.6663207e-08,1.7918479e-08,10
3.825,0.01083597,2,1000,92.16,2.0345601e-07,5.556138e-08,1.7570051e-08,10
3.825,0.01083597,2,1000,102.4,1.947012e-07,5.4817335e-08,1.7334763e-08,10
3.825,0.01083597,2,1000,112.64,1.8675061e-07,5.402211e-08,1.7083291e-08,10
3.825,0.01083597,2,1000,122.88,1.7797134e-07,5.3811064e-08,1.7016553e-08,10
3.825,0.01083597,2,1000,133.12,1.6942955e-07,5.2212433e-08,1.6511021e-08,10
3.825,0.01083597,2,1000,143.36,1.6160729e-07,5.137733e-08,1.6246938e-08,10
3.825,0.01083597,2,1000,153.6,1.5410497e-07,5.226616e-08,1.6528011e-08,10
3.825,0.01083597,2,1000,163.84,1.4717443e-07,5.1073207e-08,1.6150766e-08,10
3.825,0.01083597,2,1000,184.32,1.3442809e-07,5.0147969e-08,1.585818e-08,10
3.825,0.01083597,2,1000,204.8,1.2244289e-07,5.0221062e-08,1.5881294e-08,10
3.825,0.01083597,2,1000,225.28,1.1302891e-07,5.0752663e-08,1.6049401e-08,10
3.825,0.01083597,2,1000,245.76,1.0522683e-07,5.1447752e-08,1.6269208e-08,10
3.825,0.01083597,2,1000,266.24,9.7567042e-08,5.337952e-08,1.6880086e-08,10
3.825,0.01083597,2,1000,286.72,8.8190395e-08,5.4208447e-08,1.7142216e-08,10
3.825,0.01083597,2,1000,307.2,8.0493304e-08,5.6038362e-08,1.7720886e-08,10
3.825,0.01083597,2,1000,327.68,7.4532123e-08,5.8940262e-08,1.8638547e-08,10
3.825,0.01083597,2,1000,368.64,6.2801138e-08,6.5806361e-08,2.0809799e-08,10
3.825,0.01083597,2,1000,409.6,5.2345604e-08,7.0484206e-08,2.2289063e-08,10
3.825,0.01083597,2,1000,450.56,4.5371993e-08,7.2293844e-08,2.2861321e-08,10
3.825,0.01083597,2,1000,491.52,4.2971019e-08,7.1907374e-08,2.2739108e-08,10
3.825,0.01083597,2,1000,532.48,3.8593739e-08,7.1866317e-08,2.2726125e-08,10
3.825,0.01083597,2,1000,573.44,3.1399922e-08,6.8349251e-08,2.1613931e-08,10
3.825,0.01083597,2,1000,614.4,2.5203254e-08,6.4230467e-08,2.0311457e-08,10
3.825,0.01083597,2,1000,655.36,2.1893065e-08,5.9880196e-08,1.8935781e-08,10
3.825,0.01083597,2,1000,737.28,1.9176802e-08,5.7810076e-08,1.8281151e-08,10
3.825,0.01083597,2,1000,819.2,2.1857106e-08,5.716658e-08,1.807766e-08,10
3.825,0.01083597,2,1000,901.12,2.4258082e-08,6.1883959e-08,1.9569426e-08,10
3.825,0.01083597,2,1000,983.04,1.7771423e-08,6.5371318e-08,2.0672226e-08,10
3.825,0.01083597,2,1000,1064.96,8.6706434e-09,6.5545245e-08,2.0727226e-08,10
3.825,0.01083597,2,1000,1146.88,3.9173088e-09,5.9121647e-08,1.8695906e-08,10
3.825,0.01083597,2,1000,1228.8,6.6270859e-09,5.5212297e-08,1.7459661e-08,10
3.825,0.01083597,2,1000,1310.72,1.4966376e-08,5.8586255e-08,1.8526601e-08,10
3.825,0.01083597,2,1000,1474.56,3.1126964e-08,5.4726691e-08,1.7306099e-08,10
3.825,0.01083597,2,1000,1638.4,3.4072342e-08,5.5135316e-08,1.7435318e-08,10
3.825,0.01083597,2,1000,1802.24,3.2494569e-08,6.8203644e-08,2.1567886e-08,10
3.825,0.01083597,2,1000,1966.08,4.0926708e-08,7.5478284e-08,2.3868329e-08,10
3.825,0.01083597,2,1000,2129.92,4.4508388e-08,7.1294332e-08,2.2545247e-08,10
3.825,0.01083597,2,1000,2293.76,4.7191163e-08,7.8419029e-08,2.4798274e-08,10
3.825,0.01083597,2,1000,2457.6,3.7060179e-08,8.0185009e-08,2.5356726e-08,10
3.825,0.01083597,2,1000,2621.44,2.6144416e-08,8.4669205e-08,2.6774753e-08,10
3.825,0.01083597,2,1000,2949.12,1.5494778e-08,8.6077825e-08,2.7220198e-08,10
3.825,0.01083597,2,1000,3276.8,1.9826122e-08,6.4638524e-08,2.0440496e-08,10
3.825,0.01083597,2,1000,3604.48,2.0939564e-08,5.8446415e-08,1.8482379e-08,10
3.825,0.01083597,2,1000,3932.16,2.990555e-08,6.3086101e-08,1.9949577e-08,10
3.825,0.01083597,2,1000,4259.84,2.0775531e-08,3.8325996e-08,1.2119744e-08,10
3.825,0.01083597,2,1000,4587.52,-2.2727214e-10,4.6378669e-08,1.4666223e-08,10
3.825,0.01083597,2,1000,4915.2,-1.1676384e-08,7.5564866e-08,2.3895709e-08,10
3.825,0.01083597,2,1000,5242.88,1.3311847e-08,6.5196484e-08,2.0616938e-08,10
3.825,0.01083597,2,1000,5898.24,3.9377437e-08,5.178606e-08,1.637619e-08,10
3.825,0.01083597,2,1000,6553.6,1.0938567e-08,3.7528452e-08,1.1867539e-08,10
3.825,0.01083597,2,1000,7208.96,2.3934723e-08,3.9494572e-08,1.248928e-08,10
3.825,0.01083597,2,1000,7864.32,5.6286456e-08,4.0077133e-08,1.2673502e-08,10
3.825,0.01083597,2,1000,8519.68,5.3699676e-09,8.254907e-08,2.6104308e-08,10
3.825,0.01083597,2,1000,9175.04,1.8187268e-08,7.3509487e-08,2.3245741e-08,10
3.825,0.0085038,3,1000,0,6.4230898e-07,8.5371436e-08,2.6996818e-08,10
3.825,0.0085038,3,1000,0.01,6.4207035e-07,8.5370877e-08,2.6996642e-08,10
3.825,0.0085038,3,1000,0.02,6.4135636e-07,8.5368889e-08,2.6996013e-08,10
3.825,0.0085038,3,1000,0.03,6.4016844e-07,8.5365478e-08,2.6994934e-08,10
3.825,0.0085038,3,1000,0.04,6.3850902e-07,8.5360653e-08,2.6993408e-08,10
3.825,0.0085038,3,1000,0.05,6.3638147e-07,8.5354426e-08,2.6991439e-08,10
3.825,0.0085038,3,1000,0.06,6.3379008e-07,8.5346815e-08,2.6989033e-08,10
3.825,0.0085038,3,1000,0.07,6.3074006e-07,8.5337839e-08,2.6986194e-08,10
3.825,0.0085038,3,1000,0.08,6.2723757e-07,8.5327522e-08,2.6982932e-08,10
3.825,0.0085038,3,1000,0.09,6.2328962e-07,8.5315889e-08,2.6979253e-08,10
3.825,0.0085038,3,1000,0.1,6.1890414e-07,8.5302973e-08,2.6975168e-08,10
3.825,0.0085038,3,1000,0.11,6.1408989e-07,8.5288806e-08,2.6970689e-08,10
3.825,0.0085038,3,1000,0.12,6.0885649e-07,8.5273425e-08,2.6965825e-08,10
3.825,0.0085038,3,1000,0.13,6.0321436e-07,8.525687e-08,2.696059e-08,10
3.825,0.0085038,3,1000,0.14,5.9717473e-07,8.5239183e-08,2.6954997e-08,10
3.825,0.0085038,3,1000,0.15,5.9074955e-07,8.5220411e-08,2.694906e-08,10
3.825,0.0085038,3,1000,0.16,5.8386168e-07,8.5200347e-08,2.6942715e-08,10
3.825,0.0085038,3,1000,0.18,5.6920858e-07,8.5157836e-08,2.6929272e-08,10
3.825,0.0085038,3,1000,0.2,5.5323397e-07,8.51118e-08,2.6914715e-08,10
3.825,0.0085038,3,1000,0.22,5.3606228e-07,8.5062698e-08,2.6899187e-08,10
3.825,0.0085038,3,1000,0.24,5.1782626e-07,8.5011005e-08,2.688284e-08,10
3.825,0.0085038,3,1000,0.26,4.9866575e-07,8.495722e-08,2.6865832e-08,10
3.825,0.0085038,3,1000,0.28,4.7872634e-07,8.4901852e-08,2.6848323e-08,10
3.825,0.0085038,3,1000,0.3,4.5815804e-07,8.4845419e-08,2.6830477e-08,10
3.825,0.0085038,3,1000,0.32,4.3703401e-07,8.4788568e-08,2.6812499e-08,10
3.825,0.0085038,3,1000,0.36,3.9421486e-07,8.4675289e-08,2.6776678e-08,10
3.825,0.0085038,3,1000,0.4,3.5134289e-07,8.4566021e-08,2.6742124e-08,10
3.825,0.0085038,3,1000,0.44,3.0961163e-07,8.4464695e-08,2.6710082e-08,10
3.825,0.0085038,3,1000,0.48,2.7013768e-07,8.4375009e-08,2.6681721e-08,10
3.825,0.0085038,3,1000,0.52,2.3392543e-07,8.4300372e-08,2.6658118e-08,10
3.825,0.0085038,3,1000,0.56,2.0183714e-07,8.4243854e-08,2.6640246e-08,10
3.825,0.0085038,3,1000,0.6,1.7456938e-07,8.4208143e-08,2.6628953e-08,10
3.825,0.0085038,3,1000,0.64,1.5405045e-07,8.4201572e-08,2.6626875e-08,10
3.825,0.0085038,3,1000,0.72,1.2729731e-07,8.42523e-08,2.6642917e-08,10
3.825,0.0085038,3,1000,0.8,1.2306799e-07,8.4407704e-08,2.669206e-08,10
3.825,0.0085038,3,1000,0.88,1.3883468e-07,8.466296e-08,2.6772779e-08,10
3.825,0.0085038,3,1000,0.96,1.6983066e-07,8.5000955e-08,2.6879662e-08,10
3.825,0.0085038,3,1000,1.04,2.0987156e-07,8.5393729e-08,2.7003868e-08,10
3.825,0.0085038,3,1000,1.12,2.5229839e-07,8.580651e-08,2.7134401e-08,10
3.825,0.0085038,3,1000,1.2,2.9091019e-07,8.6203389e-08,2.7259905e-08,10
3.825,0.0085038,3,1000,1.28,3.1778514e-07,8.6533459e-08,2.7364282e-08,10
3.825,0.0085038,3,1000,1.44,3.4063839e-07,8.7001465e-08,2.7512279e-08,10
3.825,0.0085038,3,1000,1.6,3.1808667e-07,8.7133578e-08,2.7554057e-08,10
3.825,0.0085038,3,1000,1.76,2.7098512e-07,8.7013632e-08,2.7516127e-08,10
3.825,0.0085038,3,1000,1.92,2.252019e-07,8.6875087e-08,2.7472315e-08,10
3.825,0.0085038,3,1000,2.08,1.9575264e-07,8.7002919e-08,2.7512739e-08,10
3.825,0.0085038,3,1000,2.24,1.8237188e-07,8.7538811e-08,2.7682203e-08,10
3.825,0.0085038,3,1000,2.4,1.7618954e-07,8.8386151e-08,2.7950155e-08,10
3.825,0.0085038,3,1000,2.56,1.6971049e-07,8.9254411e-08,2.8224723e-08,10
3.825,0.0085038,3,1000,2.88,1.6416959e-07,9.0216443e-08,2.8528944e-08,10
3.825,0.0085038,3,1000,3.2,1.8813745e-07,8.9236737e-08,2.8219134e-08,10
3.825,0.0085038,3,1000,3.52,2.0829448e-07,8.7564013e-08,2.7690172e-08,10
3.825,0.0085038,3,1000,3.84,1.8607727e-07,8.7540368e-08,2.7682695e-08,10
3.825,0.0085038,3,1000,4.16,1.7568867e-07,8.8591738e-08,2.8015167e-08,10
3.825,0.0085038,3,1000,4.48,2.1747273e-07,8.8116478e-08,2.7864877e-08,10
3.825,0.0085038,3,1000,4.8,2.5303145e-07,8.6031016e-08,2.7205396e-08,10
3.825,0.0085038,3,1000,5.12,2.4609664e-07,8.5257165e-08,2.6960683e-08,10
3.825,0.0085038,3,1000,5.76,2.5637661e-07,8.4832602e-08,2.6826424e-08,10
3.825,0.0085038,3,1000,6.4,2.6632593e-07,8.338271e-08,2.6367928e-08,10
3.825,0.0085038,3,1000,7.04,2.6150581e-07,8.4380316e-08,2.6683399e-08,10
3.825,0.0085038,3,1000,7.68,2.3121585e-07,8.5475934e-08,2.7029864e-08,10
3.825,0.0085038,3,1000,8.32,2.2483489e-07,8.6953311e-08,2.7497051e-08,10
3.825,0.0085038,3,1000,8.96,1.9089168e-07,8.8850874e-08,2.8097113e-08,10
3.825,0.0085038,3,1000,9.6,1.9931892e-07,8.8014975e-08,2.7832779e-08,10
3.825,0.0085038,3,1000,10.24,1.9880928e-07,8.7678362e-08,2.7726332e-08,10
3.825,0.0085038,3,1000,11.52,2.2361496e-07,8.6161133e-08,2.7246542e-08,10
3.825,0.0085038,3,1000,12.8,2.3904724e-07,8.5165981e-08,2.6931848e-08,10
3.825,0.0085038,3,1000,14.08,2.2883666e-07,8.673451e-08,2.742786e-08,10
3.825,0.0085038,3,1000,15.36,2.1016514e-07,8.727714e-08,2.7599455e-08,10
3.825,0.0085038,3,1000,16.64,2.0535091e-07,8.7710895e-08,2.773662e-08,10
3.825,0.0085038,3,1000,17.92,2.1413508e-07,8.6643943e-08,2.7399221e-08,10
3.825,0.0085038,3,1000,19.2,2.2233455e-07,8.6250589e-08,2.7274831e-08,10
3.825,0.0085038,3,1000,20.48,2.1746029e-07,8.655873e-08,2.7372274e-08,10
3.825,0.0085038,3,1000,23.04,2.0700217e-07,8.6212598e-08,2.7262817e-08,10
3.825,0.0085038,3,1000,25.6,2.1147098e-07,8.6945081e-08,2.7494449e-08,10
3.825,0.0085038,3,1000,28.16,2.064794e-07,8.6777726e-08,2.7441526e-08,10
3.825,0.0085038,3,1000,30.72,2.0457599e-07,8.6786652e-08,2.7444349e-08,10
3.825,0.0085038,3,1000,33.28,2.0463685e-07,8.671365e-08,2.7421264e-08,10
3.825,0.0085038,3,1000,35.84,2.0068266e-07,8.6580713e-08,2.7379225e-08,10
3.825,0.0085038,3,1000,38.4,1.9988072e-07,8.5672058e-08,2.7091884e-08,10
3.825,0.0085038,3,1000,40.96,1.9806049e-07,8.6112626e-08,2.7231203e-08,10
3.825,0.0085038,3,1000,46.08,1.9444908e-07,8.6315918e-08,2.729549e-08,10
3.825,0.0085038,3,1000,51.2,1.9122028e-07,8.6014937e-08,2.7200311e-08,10
3.825,0.0085038,3,1000,56.32,1.8781334e-07,8.5770336e-08,2.7122962e-08,10
3.825,0.0085038,3,1000,61.44,1.8464542e-07,8.5617909e-08,2.707476e-08,10
3.825,0.0085038,3,1000,66.56,1.8228512e-07,8.5504235e-08,2.7038813e-08,10
3.825,0.0085038,3,1000,71.68,1.7950472e-07,8.5041075e-08,2.6892349e-08,10
3.825,0.0085038,3,1000,76.8,1.7694081e-07,8.4537477e-08,2.6733098e-08,10
3.825,0.0085038,3,1000,81.92,1.7439896e-07,8.4164117e-08,2.6615031e-08,10
3.825,0.0085038,3,1000,92.16,1.6896817e-07,8.3427871e-08,2.6382209e-08,10
3.825,0.0085038,3,1000,102.4,1.646923e-07,8.2925225e-08,2.6223259e-08,10
3.825,0.0085038,3,1000,112.64,1.6030913e-07,8.2761169e-08,2.6171379e-08,10
3.825,0.0085038,3,1000,122.88,1.5496951e-07,8.2033187e-08,2.5941171e-08,10
3.825,0.0085038,3,1000,133.12,1.5132869e-07,8.2074817e-08,2.5954336e-08,10
3.825,0.0085038,3,1000,143.36,1.4795596e-07,8.2651657e-08,2.6136749e-08,10
3.825,0.0085038,3,1000,153.6,1.4463902e-07,8.2947677e-08,2.6230359e-08,10
3.825,0.0085038,3,1000,163.84,1.4172762e-07,8.2907511e-08,2.6217657e-08,10
3.825,0.0085038,3,1000,184.32,1.3557481e-07,8.2118615e-08,2.5968186e-08,10
3.825,0.0085038,3,1000,204.8,1.3023785e-07,8.1441382e-08,2.5754026e-08,10
3.825,0.0085038,3,1000,225.28,1.2496008e-07,8.1168562e-08,2.5667753e-08,10
3.825,0.0085038,3,1000,245.76,1.1972223e-07,8.0547639e-08,2.54714e-08,10
3.825,0.0085038,3,1000,266.24,1.147225e-07,7.9596229e-08,2.5170538e-08,10
3.825,0.0085038,3,1000,286.72,1.0985472e-07,7.7956376e-08,2.4651971e-08,10
3.825,0.0085038,3,1000,307.2,1.0503831e-07,7.6909553e-08,2.4320936e-08,10
3.825,0.0085038,3,1000,327.68,1.0113101e-07,7.6168295e-08,2.408653e-08,10
3.825,0.0085038,3,1000,368.64,9.5264319e-08,7.4188874e-08,2.3460582e-08,10
3.825,0.0085038,3,1000,409.6,8.9568584e-08,7.1257529e-08,2.2533609e-08,10
3.825,0.0085038,3,1000,450.56,8.2601264e-08,7.0096864e-08,2.2166575e-08,10
3.825,0.0085038,3,1000,491.52,7.5866279e-08,7.1301418e-08,2.2547488e-08,10
3.825,0.0085038,3,1000,532.48,7.1281357e-08,7.1717575e-08,2.2679088e-08,10
3.825,0.0085038,3,1000,573.44,6.7227775e-08,7.165691e-08,2.2659905e-08,10
3.825,0.0085038,3,1000,614.4,6.4220686e-08,7.1261036e-08,2.2534718e-08,10
3.825,0.0085038,3,1000,655.36,6.2982845e-08,7.1294497e-08,2.25453e-08,10
3.825,0.0085038,3,1000,737.28,6.0142364e-08,7.2689212e-08,2.2986347e-08,10
3.825,0.0085038,3,1000,819.2,5.7522672e-08,7.1789372e-08,2.2701793e-08,10
3.825,0.0085038,3,1000,901.12,5.2517875e-08,7.3808644e-08,2.3340343e-08,10
3.825,0.0085038,3,1000,983.04,4.7981355e-08,8.0632755e-08,2.5498316e-08,10
3.825,0.0085038,3,1000,1064.96,4.3192648e-08,8.1971172e-08,2.592156e-08,10
3.825,0.0085038,3,1000,1146.88,4.1762043e-08,7.7711945e-08,2.4574675e-08,10
3.825,0.0085038,3,1000,1228.8,3.8865442e-08,6.9191641e-08,2.1880318e-08,10
3.825,0.0085038,3,1000,1310.72,3.3590327e-08,6.6774873e-08,2.1116069e-08,10
3.825,0.0085038,3,1000,1474.56,2.6290708e-08,6.3231723e-08,1.9995627e-08,10
3.825,0.0085038,3,1000,1638.4,1.9929104e-08,5.8692099e-08,1.8560071e-08,10
3.825,0.0085038,3,1000,1802.24,2.6435919e-08,6.1131284e-08,1.933141e-08,10
3.825,0.0085038,3,1000,1966.08,2.7336362e-08,6.2993784e-08,1.9920384e-08,10
3.825,0.0085038,3,1000,2129.92,2.0207912e-08,6.0785073e-08,1.9221928e-08,10
3.825,0.0085038,3,1000,2293.76,1.3404557e-08,6.207194e-08,1.9628871e-08,10
3.825,0.0085038,3,1000,2457.6,9.2162999e-09,6.6149131e-08,2.0918192e-08,10
3.825,0.0085038,3,1000,2621.44,3.0767705e-09,7.1937359e-08,2.274859e-08,10
3.825,0.0085038,3,1000,2949.12,1.1826337e-08,9.8055629e-08,3.1007912e-08,10
3.825,0.0085038,3,1000,3276.8,1.206523e-08,8.6937948e-08,2.7492193e-08,10
3.825,0.0085038,3,1000,3604.48,1.4463149e-08,7.4070083e-08,2.3423017e-08,10
3.825,0.0085038,3,1000,3932.16,2.6898374e-08,7.427905e-08,2.3489098e-08,10
3.825,0.0085038,3,1000,4259.84,1.9584324e-08,5.244783e-08,1.658546e-08,10
3.825,0.0085038,3,1000,4587.52,2.4954045e-08,5.0131765e-08,1.5853056e-08,10
3.825,0.0085038,3,1000,4915.2,3.7441745e-08,7.0547435e-08,2.2309058e-08,10
3.825,0.0085038,3,1000,5242.88,3.6673731e-08,5.7931454e-08,1.8319534e-08,10
3.825,0.0085038,3,1000,5898.24,4.6858557e-08,4.8068452e-08,1.5200579e-08,10
3.825,0.0085038,3,1000,6553.6,3.3998243e-08,5.4846358e-08,1.7343941e-08,10
3.825,0.0085038,3,1000,7208.96,1.2470347e-09,6.2884936e-08,1.9885963e-08,10
3.825,0.0085038,3,1000,7864.32,-2.5034202e-08,8.1840522e-08,2.5880246e-08,10
3.825,0.0085038,3,1000,8519.68,1.7441026e-08,2.3996379e-08,7.5883215e-09,10
3.825,0.0085038,3,1000,9175.04,4.4577117e-09,8.9221977e-08,2.8214466e-08,10
3.825,0.00687376,3,2154.43,0,4.5585439e-07,4.8177317e-08,1.5235005e-08,10
3.825,0.00687376,3,2154.43,0.01,4.5567619e-07,4.8177162e-08,1.5234956e-08,10
3.825,0.00687376,3,2154.43,0.02,4.551431e-07,4.8176868e-08,1.5234863e-08,10
3.825,0.00687376,3,2154.43,0.03,4.5425619e-07,4.817644e-08,1.5234728e-08,10
3.825,0.00687376,3,2154.43,0.04,4.5301721e-07,4.8175881e-08,1.5234551e-08,10
3.825,0.00687376,3,2154.43,0.05,4.5142863e-07,4.8175202e-08,1.5234337e-08,10
3.825,0.00687376,3,2154.43,0.06,4.494936e-07,4.8174414e-08,1.5234087e-08,10
3.825,0.00687376,3,2154.43,0.07,4.4721593e-07,4.8173529e-08,1.5233807e-08,10
3.825,0.00687376,3,2154.43,0.08,4.4460013e-07,4.8172562e-08,1.5233502e-08,10
3.825,0.00687376,3,2154.43,0.09,4.4165134e-07,4.8171531e-08,1.5233176e-08,10
3.825,0.00687376,3,2154.43,0.1,4.3837537e-07,4.8170454e-08,1.5232835e-08,10
3.825,0.00687376,3,2154.43,0.11,4.3477865e-07,4.8169352e-08,1.5232487e-08,10
3.825,0.00687376,3,2154.43,0.12,4.3086823e-07,4.816825e-08,1.5232138e-08,10
3.825,0.00687376,3,2154.43,0.13,4.2665177e-07,4.816717e-08,1.5231797e-08,10
3.825,0.00687376,3,2154.43,0.14,4.221375e-07,4.8166139e-08,1.5231471e-08,10
3.825,0.00687376,3,2154.43,0.15,4.1733422e-07,4.8165183e-08,1.5231168e-08,10
3.825,0.00687376,3,2154.43,0.16,4.1218381e-07,4.8164332e-08,1.5230899e-08,10
3.825,0.00687376,3,2154.43,0.18,4.0122412e-07,4.8163053e-08,1.5230495e-08,10
3.825,0.00687376,3,2154.43,0.2,3.892708e-07,4.8162532e-08,1.523033e-08,10
3.825,0.00687376,3,2154.43,0.22,3.7641559e-07,4.8163004e-08,1.5230479e-08,10
3.825,0.00687376,3,2154.43,0.24,3.6275653e-07,4.8164705e-08,1.5231017e-08,10
3.825,0.00687376,3,2154.43,0.26,3.4839702e-07,4.8167859e-08,1.5232014e-08,10
3.825,0.00687376,3,2154.43,0.28,3.3344492e-07,4.8172677e-08,1.5233538e-08,10
3.825,0.00687376,3,2154.43,0.3,3.1801152e-07,4.8179348e-08,1.5235648e-08,10
3.825,0.00687376,3,2154.43,0.32,3.0214757e-07,4.8188285e-08,1.5238474e-08,10
3.825,0.00687376,3,2154.43,0.36,2.6996255e-07,4.8212231e-08,1.5246046e-08,10
3.825,0.00687376,3,2154.43,0.4,2.3768952e-07,4.8245357e-08,1.5256521e-08,10
3.825,0.00687376,3,2154.43,0.44,2.0622511e-07,4.8287697e-08,1.5269911e-08,10
3.825,0.00687376,3,2154.43,0.48,1.7641323e-07,4.8338671e-08,1.528603e-08,10
3.825,0.00687376,3,2154.43,0.52,1.4901863e-07,4.8397129e-08,1.5304516e-08,10
3.825,0.00687376,3,2154.43,0.56,1.2470416e-07,4.8461432e-08,1.532485e-08,10
3.825,0.00687376,3,2154.43,0.6,1.0401233e-07,4.8529575e-08,1.5346399e-08,10
3.825,0.00687376,3,2154.43,0.64,8.8425949e-08,4.8598202e-08,1.5368101e-08,10
3.825,0.00687376,3,2154.43,0.72,6.8142671e-08,4.8732327e-08,1.5410515e-08,10
3.825,0.00687376,3,2154.43,0.8,6.5165505e-08,4.8845883e-08,1.5446424e-08,10
3.825,0.00687376,3,2154.43,0.88,7.7751969e-08,4.8924316e-08,1.5471227e-08,10
3.825,0.00687376,3,2154.43,0.96,1.0240357e-07,4.895737e-08,1.548168e-08,10
3.825,0.00687376,3,2154.43,1.04,1.3445712e-07,4.8939277e-08,1.5475958e-08,10
3.825,0.00687376,3,2154.43,1.12,1.6878613e-07,4.8868612e-08,1.5453612e-08,10
3.825,0.00687376,3,2154.43,1.2,2.0051414e-07,4.8748295e-08,1.5415564e-08,10
3.825,0.00687376,3,2154.43,1.28,2.2332858e-07,4.8575829e-08,1.5361026e-08,10
3.825,0.00687376,3,2154.43,1.44,2.4455994e-07,4.8188253e-08,1.5238464e-08,10
3.825,0.00687376,3,2154.43,1.6,2.2874675e-07,4.7829216e-08,1.5124926e-08,10
3.825,0.00687376,3,2154.43,1.76,1.9143838e-07,4.7644401e-08,1.5066483e-08,10
3.825,0.00687376,3,2154.43,1.92,1.5375512e-07,4.770869e-08,1.5086813e-08,10
3.825,0.00687376,3,2154.43,2.08,1.2945622e-07,4.7971042e-08,1.5169775e-08,10
3.825,0.00687376,3,2154.43,2.24,1.1998505e-07,4.8260148e-08,1.5261199e-08,10
3.825,0.00687376,3,2154.43,2.4,1.1837814e-07,4.8367737e-08,1.5295221e-08,10
3.825,0.00687376,3,2154.43,2.56,1.1649735e-07,4.8128486e-08,1.5219564e-08,10
3.825,0.00687376,3,2154.43,2.88,1.1211584e-07,4.7487543e-08,1.501688e-08,10
3.825,0.00687376,3,2154.43,3.2,1.2220605e-07,4.7642038e-08,1.5065735e-08,10
3.825,0.00687376,3,2154.43,3.52,1.3204072e-07,4.8504828e-08,1.5338573e-08,10
3.825,0.00687376,3,2154.43,3.84,1.1280837e-07,4.8602362e-08,1.5369416e-08,10
3.825,0.00687376,3,2154.43,4.16,1.005396e-07,4.7737296e-08,1.5095858e-08,10
3.825,0.00687376,3,2154.43,4.48,1.315115e-07,4.741548e-08,1.4994091e-08,10
3.825,0.00687376,3,2154.43,4.8,1.6239595e-07,4.8279331e-08,1.5267265e-08,10
3.825,0.00687376,3,2154.43,5.12,1.5283313e-07,4.9134351e-08,1.5537646e-08,10
3.825,0.00687376,3,2154.43,5.76,1.6077487e-07,4.8897301e-08,1.5462684e-08,10
3.825,0.00687376,3,2154.43,6.4,1.786566e-07,4.8620408e-08,1.5375123e-08,10
3.825,0.00687376,3,2154.43,7.04,1.7971398e-07,4.9568354e-08,1.567489e-08,10
3.825,0.00687376,3,2154.43,7.68,1.6881501e-07,4.842416e-08,1.5313064e-08,10
3.825,0.00687376,3,2154.43,8.32,1.649399e-07,4.9086493e-08,1.5522512e-08,10
3.825,0.00687376,3,2154.43,8.96,1.3740113e-07,4.9007062e-08,1.5497394e-08,10
3.825,0.00687376,3,2154.43,9.6,1.3793308e-07,4.7920124e-08,1.5153674e-08,10
3.825,0.00687376,3,2154.43,10.24,1.2785647e-07,4.8126972e-08,1.5219085e-08,10
3.825,0.00687376,3,2154.43,11.52,1.3459187e-07,4.8586682e-08,1.5364458e-08,10
3.825,0.00687376,3,2154.43,12.8,1.5227805e-07,4.9216872e-08,1.5563741e-08,10
3.825,0.00687376,3,2154.43,14.08,1.6090986e-07,4.9355612e-08,1.5607615e-08,10
3.825,0.00687376,3,2154.43,15.36,1.5179379e-07,4.8656085e-08,1.5386405e-08,10
3.825,0.00687376,3,2154.43,16.64,1.3861103e-07,4.8356613e-08,1.5291704e-08,10
3.825,0.00687376,3,2154.43,17.92,1.344716e-07,4.8217846e-08,1.5247822e-08,10
3.825,0.00687376,3,2154.43,19.2,1.4064045e-07,4.9139784e-08,1.5539364e-08,10
3.825,0.00687376,3,2154.43,20.48,1.455335e-07,4.9345229e-08,1.5604332e-08,10
3.825,0.00687376,3,2154.43,23.04,1.4189487e-07,4.881046e-08,1.5435223e-08,10
3.825,0.00687376,3,2154.43,25.6,1.3791935e-07,4.9170791e-08,1.5549169e-08,10
3.825,0.00687376,3,2154.43,28.16,1.4111809e-07,4.9213672e-08,1.5562729e-08,10
3.825,0.00687376,3,2154.43,30.72,1.3751767e-07,4.908368e-08,1.5521622e-08,10
3.825,0.00687376,3,2154.43,33.28,1.36881e-07,4.9528704e-08,1.5662351e-08,10
3.825,0.00687376,3,2154.43,35.84,1.3683044e-07,4.9203218e-08,1.5559424e-08,10
3.825,0.00687376,3,2154.43,38.4,1.3491391e-07,4.9408731e-08,1.5624413e-08,10
3.825,0.00687376,3,2154.43,40.96,1.343246e-07,4.9652313e-08,1.570144e-08,10
3.825,0.00687376,3,2154.43,46.08,1.3232942e-07,4.9447322e-08,1.5636616e-08,10
3.825,0.00687376,3,2154.43,51.2,1.3085023e-07,4.9548242e-08,1.566853e-08,10
3.825,0.00687376,3,2154.43,56.32,1.2931105e-07,4.9497485e-08,1.5652479e-08,10
3.825,0.00687376,3,2154.43,61.44,1.2773489e-07,4.9574547e-08,1.5676848e-08,10
3.825,0.00687376,3,2154.43,66.56,1.2574527e-07,4.9020589e-08,1.5501671e-08,10
3.825,0.00687376,3,2154.43,71.68,1.2460193e-07,4.9425685e-08,1.5629774e-08,10
3.825,0.00687376,3,2154.43,76.8,1.2310717e-07,4.9538265e-08,1.5665375e-08,10
3.825,0.00687376,3,2154.43,81.92,1.2176127e-07,4.9375016e-08,1.5613751e-08,10
3.825,0.00687376,3,2154.43,92.16,1.1924767e-07,4.9023603e-08,1.5502625e-08,10
3.825,0.00687376,3,2154.43,102.4,1.1651288e-07,4.9042989e-08,1.5508755e-08,10
3.825,0.00687376,3,2154.43,112.64,1.1414988e-07,4.8774345e-08,1.5423802e-08,10
3.825,0.00687376,3,2154.43,122.88,1.1165702e-07,4.9016516e-08,1.5500383e-08,10
3.825,0.00687376,3,2154.43,133.12,1.0966965e-07,4.9256472e-08,1.5576264e-08,10
3.825,0.00687376,3,2154.43,143.36,1.0735763e-07,4.941095e-08,1.5625114e-08,10
3.825,0.00687376,3,2154.43,153.6,1.0492209e-07,4.9392574e-08,1.5619303e-08,10
3.825,0.00687376,3,2154.43,163.84,1.0284412e-07,4.9533735e-08,1.5663942e-08,10
3.825,0.00687376,3,2154.43,184.32,9.9173337e-08,4.9447064e-08,1.5636534e-08,10
3.825,0.00687376,3,2154.43,204.8,9.5893313e-08,4.9219413e-08,1.5564545e-08,10
3.825,0.00687376,3,2154.43,225.28,9.2671902e-08,4.9471613e-08,1.5644298e-08,10
3.825,0.00687376,3,2154.43,245.76,8.9345801e-08,4.9793018e-08,1.5745935e-08,10
3.825,0.00687376,3,2154.43,266.24,8.632532e-08,5.0339082e-08,1.5918615e-08,10
3.825,0.00687376,3,2154.43,286.72,8.3795033e-08,5.0635692e-08,1.6012412e-08,10
3.825,0.00687376,3,2154.43,307.2,8.1073504e-08,5.108095e-08,1.6153215e-08,10
3.825,0.00687376,3,2154.43,327.68,7.8304748e-08,5.1019284e-08,1.6133714e-08,10
3.825,0.00687376,3,2154.43,368.64,7.3076054e-08,5.071147e-08,1.6036375e-08,10
3.825,0.00687376,3,2154.43,409.6,6.9067696e-08,5.026801e-08,1.5896141e-08,10
3.825,0.00687376,3,2154.43,450.56,6.5100088e-08,4.9762063e-08,1.5736146e-08,10
3.825,0.00687376,3,2154.43,491.52,6.1267437e-08,4.986962e-08,1.5770159e-08,10
3.825,0.00687376,3,2154.43,532.48,5.7622035e-08,4.9593894e-08,1.5682966e-08,10
3.825,0.00687376,3,2154.43,573.44,5.3266738e-08,4.9149925e-08,1.5542571e-08,10
3.825,0.00687376,3,2154.43,614.4,4.9156515e-08,4.8599637e-08,1.5368555e-08,10
3.825,0.00687376,3,2154.43,655.36,4.5807168e-08,4.7652123e-08,1.5068924e-08,10
3.825,0.00687376,3,2154.43,737.28,4.038612e-08,4.5089808e-08,1.4258649e-08,10
3.825,0.00687376,3,2154.43,819.2,3.5409198e-08,4.4039884e-08,1.3926634e-08,10
3.825,0.00687376,3,2154.43,901.12,3.3079001e-08,4.1824341e-08,1.3226018e-08,10
3.825,0.00687376,3,2154.43,983.04,3.2074759e-08,3.829728e-08,1.2110663e-08,10
3.825,0.00687376,3,2154.43,1064.96,2.9725548e-08,3.4196704e-08,1.0813947e-08,10
3.825,0.00687376,3,2154.43,1146.88,2.7924196e-08,3.2208628e-08,1.0185263e-08,10
3.825,0.00687376,3,2154.43,1228.8,2.590176e-08,3.1345992e-08,9.9124729e-09,10
3.825,0.00687376,3,2154.43,1310.72,2.5688438e-08,3.0396209e-08,9.6121254e-09,10
3.825,0.00687376,3,2154.43,1474.56,2.6918551e-08,2.6841413e-08,8.4880001e-09,10
3.825,0.00687376,3,2154.43,1638.4,2.4649155e-08,2.4070687e-08,7.6118194e-09,10
3.825,0.00687376,3,2154.43,1802.24,2.1057339e-08,2.3313676e-08,7.3724315e-09,10
3.825,0.00687376,3,2154.43,1966.08,1.9198137e-08,2.2137604e-08,7.0005249e-09,10
3.825,0.00687376,3,2154.43,2129.92,1.7150611e-08,2.0787668e-08,6.5736379e-09,10
3.825,0.00687376,3,2154.43,2293.76,1.6054498e-08,2.1730346e-08,6.8717387e-09,10
3.825,0.00687376,3,2154.43,2457.6,1.5121764e-08,2.347142e-08,7.4223146e-09,10
3.825,0.00687376,3,2154.43,2621.44,1.6469021e-08,2.7421583e-08,8.6714659e-09,10
3.825,0.00687376,3,2154.43,2949.12,1.3173149e-08,3.8006036e-08,1.2018564e-08,10
3.825,0.00687376,3,2154.43,3276.8,1.550522e-08,4.5156112e-08,1.4279616e-08,10
3.825,0.00687376,3,2154.43,3604.48,1.3953228e-08,5.7882356e-08,1.8304008e-08,10
3.825,0.00687376,3,2154.43,3932.16,1.1988975e-08,6.7987631e-08,2.1499577e-08,10
3.825,0.00687376,3,2154.43,4259.84,1.1669218e-08,6.9481188e-08,2.1971881e-08,10
3.825,0.00687376,3,2154.43,4587.52,8.3234231e-09,6.1779278e-08,1.9536323e-08,10
3.825,0.00687376,3,2154.43,4915.2,2.2109177e-09,5.3806665e-08,1.7015161e-08,10
3.825,0.00687376,3,2154.43,5242.88,-5.741037e-09,4.7227494e-08,1.4934645e-08,10
3.825,0.00687376,3,2154.43,5898.24,-7.33768e-09,3.7519417e-08,1.1864682e-08,10
3.825,0.00687376,3,2154.43,6553.6,4.5507193e-09,3.8708372e-08,1.2240662e-08,10
3.825,0.00687376,3,2154.43,7208.96,5.4494147e-09,4.4867648e-08,1.4188396e-08,10
3.825,0.00687376,3,2154.43,7864.32,7.0550305e-09,4.1343577e-08,1.3073987e-08,10
3.825,0.00687376,3,2154.43,8519.68,1.1681354e-08,4.0954371e-08,1.2950909e-08,10
3.825,0.00687376,3,2154.43,9175.04,7.8618116e-09,3.5167794e-08,1.1121033e-08,10
3.825,0.00687376,3,2154.43,9830.4,2.0701013e-10,2.6399324e-08,8.3481992e-09,10
3.825,0.00687376,3,2154.43,10485.76,-2.0842471e-09,2.624115e-08,8.2981802e-09,10
3.825,0.00687376,3,2154.43,11796.48,-6.8687502e-09,4.7925339e-08,1.5155323e-08,10
3.825,0.00687376,3,2154.43,13107.2,-2.7247911e-09,5.0645648e-08,1.601556e-08,10
3.825,0.00687376,3,2154.43,14417.92,1.1866183e-08,4.2557281e-08,1.3457794e-08,10
3.825,0.00687376,3,2154.43,15728.64,1.0993848e-08,6.4184962e-08,2.0297067e-08,10
3.825,0.0057681,3,4641.59,0,3.4115716e-07,2.9321405e-08,9.2722424e-09,10
3.825,0.0057681,3,4641.59,0.01,3.4101612e-07,2.932155e-08,9.2722881e-09,10
3.825,0.0057681,3,4641.59,0.02,3.4059401e-07,2.9321981e-08,9.2724245e-09,10
3.825,0.0057681,3,4641.59,0.03,3.3989167e-07,2.9322699e-08,9.2726516e-09,10
3.825,0.0057681,3,4641.59,0.04,3.3891046e-07,2.9323704e-08,9.2729694e-09,10
3.825,0.0057681,3,4641.59,0.05,3.3765231e-07,2.9324996e-08,9.2733778e-09,10
3.825,0.0057681,3,4641.59,0.06,3.3611967e-07,2.9326574e-08,9.2738771e-09,10
3.825,0.0057681,3,4641.59,0.07,3.3431553e-07,2.932844e-08,9.274467e-09,10
3.825,0.0057681,3,4641.59,0.08,3.3224339e-07,2.9330592e-08,9.2751475e-09,10
3.825,0.0057681,3,4641.59,0.09,3.2990728e-07,2.933303e-08,9.2759186e-09,10
3.825,0.0057681,3,4641.59,0.1,3.2731173e-07,2.9335754e-08,9.27678e-09,10
3.825,0.0057681,3,4641.59,0.11,3.2446177e-07,2.9338763e-08,9.2777315e-09,10
3.825,0.0057681,3,4641.59,0.12,3.2136291e-07,2.9342056e-08,9.2787728e-09,10
3.825,0.0057681,3,4641.59,0.13,3.1802114e-07,2.9345632e-08,9.2799037e-09,10
3.825,0.0057681,3,4641.59,0.14,3.144429e-07,2.934949e-08,9.2811236e-09,10
3.825,0.0057681,3,4641.59,0.15,3.1063507e-07,2.9353627e-08,9.2824319e-09,10
3.825,0.0057681,3,4641.59,0.16,3.0655132e-07,2.9358099e-08,9.2838459e-09,10
3.825,0.0057681,3,4641.59,0.18,2.978597e-07,2.9367744e-08,9.286896e-09,10
3.825,0.0057681,3,4641.59,0.2,2.8837694e-07,2.9378456e-08,9.2902836e-09,10
3.825,0.0057681,3,4641.59,0.22,2.7817504e-07,2.9390197e-08,9.2939962e-09,10
3.825,0.0057681,3,4641.59,0.24,2.6733094e-07,2.9402913e-08,9.2980176e-09,10
3.825,0.0057681,3,4641.59,0.26,2.5592595e-07,2.9416543e-08,9.3023278e-09,10
3.825,0.0057681,3,4641.59,0.28,2.4404493e-07,2.9431009e-08,9.3069022e-09,10
3.825,0.0057681,3,4641.59,0.3,2.317756e-07,2.944622e-08,9.3117124e-09,10
3.825,0.0057681,3,4641.59,0.32,2.1915592e-07,2.9462094e-08,9.3167323e-09,10
3.825,0.0057681,3,4641.59,0.36,1.9353516e-07,2.9495184e-08,9.3271963e-09,10
3.825,0.0057681,3,4641.59,0.4,1.6781443e-07,2.9529284e-08,9.3379795e-09,10
3.825,0.0057681,3,4641.59,0.44,1.4270662e-07,2.956318e-08,9.3486985e-09,10
3.825,0.0057681,3,4641.59,0.48,1.1888572e-07,2.9595586e-08,9.3589462e-09,10
3.825,0.0057681,3,4641.59,0.52,9.696573e-08,2.9625234e-08,9.3683215e-09,10
3.825,0.0057681,3,4641.59,0.56,7.7482461e-08,2.9650969e-08,9.3764596e-09,10
3.825,0.0057681,3,4641.59,0.6,6.087849e-08,2.9671842e-08,9.3830602e-09,10
3.825,0.0057681,3,4641.59,0.64,4.8352782e-08,2.9685751e-08,9.3874587e-09,10
3.825,0.0057681,3,4641.59,0.72,3.2047035e-08,2.9699087e-08,9.3916759e-09,10
3.825,0.0057681,3,4641.59,0.8,2.9720725e-08,2.9691245e-08,9.3891961e-09,10
3.825,0.0057681,3,4641.59,0.88,4.0081827e-08,2.9668704e-08,9.3820681e-09,10
3.825,0.0057681,3,4641.59,0.96,6.0399627e-08,2.9640825e-08,9.3732519e-09,10
3.825,0.0057681,3,4641.59,1.04,8.6959507e-08,2.9617264e-08,9.3658012e-09,10
3.825,0.0057681,3,4641.59,1.12,1.1561575e-07,2.9605774e-08,9.3621679e-09,10
3.825,0.0057681,3,4641.59,1.2,1.4236536e-07,2.9610888e-08,9.3637849e-09,10
3.825,0.0057681,3,4641.59,1.28,1.6197899e-07,2.9636536e-08,9.3718956e-09,10
3.825,0.0057681,3,4641.59,1.44,1.8111988e-07,2.9718584e-08,9.3978413e-09,10
3.825,0.0057681,3,4641.59,1.6,1.6908639e-07,2.9811947e-08,9.4273654e-09,10
3.825,0.0057681,3,4641.59,1.76,1.3819406e-07,2.9871144e-08,9.4460851e-09,10
3.825,0.0057681,3,4641.59,1.92,1.0632996e-07,2.9893294e-08,9.4530896e-09,10
3.825,0.0057681,3,4641.59,2.08,8.6046981e-08,2.9928167e-08,9.4641174e-09,10
3.825,0.0057681,3,4641.59,2.24,7.9553775e-08,3.0031325e-08,9.4967389e-09,10
3.825,0.0057681,3,4641.59,2.4,8.1048004e-08,3.020998e-08,9.5532345e-09,10
3.825,0.0057681,3,4641.59,2.56,8.2174127e-08,3.0393335e-08,9.6112163e-09,10
3.825,0.0057681,3,4641.59,2.88,7.8874279e-08,3.0471761e-08,9.6360168e-09,10
3.825,0.0057681,3,4641.59,3.2,8.0499771e-08,2.9914864e-08,9.4599107e-09,10
3.825,0.0057681,3,4641.59,3.52,8.4580601e-08,2.9391298e-08,9.2943446e-09,10
3.825,0.0057681,3,4641.59,3.84,6.9967177e-08,2.9613022e-08,9.3644598e-09,10
3.825,0.0057681,3,4641.59,4.16,5.9117677e-08,3.0062474e-08,9.5065891e-09,10
3.825,0.0057681,3,4641.59,4.48,8.1737553e-08,3.0005113e-08,9.4884499e-09,10
3.825,0.0057681,3,4641.59,4.8,1.0629164e-07,2.9784251e-08,9.4186071e-09,10
3.825,0.0057681,3,4641.59,5.12,9.5545885e-08,2.9812056e-08,9.4273999e-09,10
3.825,0.0057681,3,4641.59,5.76,1.0115155e-07,2.9517103e-08,9.3341277e-09,10
3.825,0.0057681,3,4641.59,6.4,1.1976381e-07,2.9604385e-08,9.3617286e-09,10
3.825,0.0057681,3,4641.59,7.04,1.212839e-07,2.9791905e-08,9.4210276e-09,10
3.825,0.0057681,3,4641.59,7.68,1.2271651e-07,2.949937e-08,9.3285199e-09,10
3.825,0.0057681,3,4641.59,8.32,1.2071263e-07,2.9615634e-08,9.3652858e-09,10
3.825,0.0057681,3,4641.59,8.96,1.0416951e-07,3.0175005e-08,9.5421744e-09,10
3.825,0.0057681,3,4641.59,9.6,1.0241041e-07,2.9633413e-08,9.370908e-09,10
3.825,0.0057681,3,4641.59,10.24,8.9568641e-08,2.9889848e-08,9.452e-09,10
3.825,0.0057681,3,4641.59,11.52,8.4171703e-08,2.9790246e-08,9.420503e-09,10
3.825,0.0057681,3,4641.59,12.8,9.3734235e-08,2.979206e-08,9.4210767e-09,10
3.825,0.0057681,3,4641.59,14.08,1.066906e-07,2.9685159e-08,9.3872715e-09,10
3.825,0.0057681,3,4641.59,15.36,1.1035582e-07,2.9935577e-08,9.4664606e-09,10
3.825,0.0057681,3,4641.59,16.64,1.0321753e-07,3.0092268e-08,9.5160106e-09,10
3.825,0.0057681,3,4641.59,17.92,9.3622008e-08,2.9733671e-08,9.4026125e-09,10
3.825,0.0057681,3,4641.59,19.2,9.0405336e-08,2.9498873e-08,9.3283629e-09,10
3.825,0.0057681,3,4641.59,20.48,9.4975331e-08,2.9605895e-08,9.3622059e-09,10
3.825,0.0057681,3,4641.59,23.04,1.0089325e-07,2.9978569e-08,9.480056e-09,10
3.825,0.0057681,3,4641.59,25.6,9.4958951e-08,2.9577611e-08,9.3532619e-09,10
3.825,0.0057681,3,4641.59,28.16,9.4159549e-08,2.949771e-08,9.327995e-09,10
3.825,0.0057681,3,4641.59,30.72,9.6900254e-08,2.9542945e-08,9.3422994e-09,10
3.825,0.0057681,3,4641.59,33.28,9.4436395e-08,2.9615185e-08,9.3651439e-09,10
3.825,0.0057681,3,4641.59,35.84,9.3750593e-08,2.9730715e-08,9.4016777e-09,10
3.825,0.0057681,3,4641.59,38.4,9.4546591e-08,2.9687234e-08,9.3879278e-09,10
3.825,0.0057681,3,4641.59,40.96,9.3458005e-08,2.9565959e-08,9.3495771e-09,10
3.825,0.0057681,3,4641.59,46.08,9.2409154e-08,2.9759166e-08,9.4106745e-09,10
3.825,0.0057681,3,4641.59,51.2,9.1465746e-08,2.9689896e-08,9.3887693e-09,10
3.825,0.0057681,3,4641.59,56.32,9.0821444e-08,2.9561704e-08,9.3482316e-09,10
3.825,0.0057681,3,4641.59,61.44,8.9922507e-08,2.9651706e-08,9.3766927e-09,10
3.825,0.0057681,3,4641.59,66.56,8.8831733e-08,2.9474469e-08,9.3206455e-09,10
3.825,0.0057681,3,4641.59,71.68,8.8342561e-08,2.965581e-08,9.3779906e-09,10
3.825,0.0057681,3,4641.59,76.8,8.743675e-08,2.9821929e-08,9.4305221e-09,10
3.825,0.0057681,3,4641.59,81.92,8.6748776e-08,2.9648677e-08,9.3757348e-09,10
3.825,0.0057681,3,4641.59,92.16,8.5345135e-08,2.9746219e-08,9.4065803e-09,10
3.825,0.0057681,3,4641.59,102.4,8.3988597e-08,2.9914452e-08,9.4597802e-09,10
3.825,0.0057681,3,4641.59,112.64,8.276925e-08,3.0025144e-08,9.4947842e-09,10
3.825,0.0057681,3,4641.59,122.88,8.1461253e-08,3.0112173e-08,9.5223053e-09,10
3.825,0.0057681,3,4641.59,133.12,8.0370238e-08,3.0259903e-08,9.5690215e-09,10
3.825,0.0057681,3,4641.59,143.36,7.9241576e-08,3.0413934e-08,9.6177304e-09,10
3.825,0.0057681,3,4641.59,153.6,7.837677e-08,3.0421035e-08,9.619976e-09,10
3.825,0.0057681,3,4641.59,163.84,7.7238011e-08,3.0575021e-08,9.6686706e-09,10
3.825,0.0057681,3,4641.59,184.32,7.4920921e-08,3.0710931e-08,9.7116491e-09,10
3.825,0.0057681,3,4641.59,204.8,7.2758315e-08,3.0804099e-08,9.7411115e-09,10
3.825,0.0057681,3,4641.59,225.28,7.0919334e-08,3.0754329e-08,9.7253726e-09,10
3.825,0.0057681,3,4641.59,245.76,6.9332153e-08,3.0904289e-08,9.7727944e-09,10
3.825,0.0057681,3,4641.59,266.24,6.7687512e-08,3.1035214e-08,9.8141965e-09,10
3.825,0.0057681,3,4641.59,286.72,6.6282606e-08,3.1198136e-08,9.8657168e-09,10
3.825,0.0057681,3,4641.59,307.2,6.4730822e-08,3.1149721e-08,9.8504065e-09,10
3.825,0.0057681,3,4641.59,327.68,6.3443451e-08,3.1000121e-08,9.8030991e-09,10
3.825,0.0057681,3,4641.59,368.64,6.087342e-08,3.063937e-08,9.6890195e-09,10
3.825,0.0057681,3,4641.59,409.6,5.8664402e-08,3.0365859e-08,9.6025276e-09,10
3.825,0.0057681,3,4641.59,450.56,5.663259e-08,3.019029e-08,9.547008e-09,10
3.825,0.0057681,3,4641.59,491.52,5.4688517e-08,3.0000248e-08,9.4869115e-09,10
3.825,0.0057681,3,4641.59,532.48,5.2643811e-08,2.9476149e-08,9.3211767e-09,10
3.825,0.0057681,3,4641.59,573.44,5.0857402e-08,2.9169599e-08,9.2242371e-09,10
3.825,0.0057681,3,4641.59,614.4,4.9163478e-08,2.9035863e-08,9.1819459e-09,10
3.825,0.0057681,3,4641.59,655.36,4.7690342e-08,2.8864834e-08,9.1278619e-09,10
3.825,0.0057681,3,4641.59,737.28,4.5234698e-08,2.805148e-08,8.870657e-09,10
3.825,0.0057681,3,4641.59,819.2,4.3171642e-08,2.7384784e-08,8.6598292e-09,10
3.825,0.0057681,3,4641.59,901.12,4.0806897e-08,2.6192286e-08,8.2827281e-09,10
3.825,0.0057681,3,4641.59,983.04,3.8484812e-08,2.5164766e-08,7.9577976e-09,10
3.825,0.0057681,3,4641.59,1064.96,3.6476097e-08,2.5242771e-08,7.9824652e-09,10
3.825,0.0057681,3,4641.59,1146.88,3.458195e-08,2.476896e-08,7.832633e-09,10
3.825,0.0057681,3,4641.59,1228.8,3.2467288e-08,2.3889573e-08,7.5545463e-09,10
3.825,0.0057681,3,4641.59,1310.72,3.0785351e-08,2.3838444e-08,7.5383778e-09,10
3.825,0.0057681,3,4641.59,1474.56,2.7768178e-08,2.3392942e-08,7.3974978e-09,10
3.825,0.0057681,3,4641.59,1638.4,2.6071442e-08,2.3204194e-08,7.3378104e-09,10
3.825,0.0057681,3,4641.59,1802.24,2.5009514e-08,2.3552512e-08,7.4479583e-09,10
3.825,0.0057681,3,4641.59,1966.08,2.2064696e-08,2.3943107e-08,7.5714751e-09,10
3.825,0.0057681,3,4641.59,2129.92,1.975827e-08,2.3790278e-08,7.5231466e-09,10
3.825,0.0057681,3,4641.59,2293.76,1.8049635e-08,2.3851712e-08,7.5425735e-09,10
3.825,0.0057681,3,4641.59,2457.6,1.6360029e-08,2.4869496e-08,7.8644252e-09,10
3.825,0.0057681,3,4641.59,2621.44,1.5785556e-08,2.461228e-08,7.7830864e-09,10
3.825,0.0057681,3,4641.59,2949.12,1.4415054e-08,2.381929e-08,7.532321e-09,10
3.825,0.0057681,3,4641.59,3276.8,1.2981925e-08,2.4758363e-08,7.8292817e-09,10
3.825,0.0057681,3,4641.59,3604.48,1.2478727e-08,2.6453431e-08,8.3653094e-09,10
3.825,0.0057681,3,4641.59,3932.16,1.1927975e-08,2.4297037e-08,7.6833977e-09,10
3.825,0.0057681,3,4641.59,4259.84,1.1501123e-08,2.2044054e-08,6.970942e-09,10
3.825,0.0057681,3,4641.59,4587.52,9.4300547e-09,1.9421375e-08,6.1415779e-09,10
3.825,0.0057681,3,4641.59,4915.2,1.013891e-08,1.7452169e-08,5.5188604e-09,10
3.825,0.0057681,3,4641.59,5242.88,9.6555194e-09,1.4074029e-08,4.4505989e-09,10
3.825,0.0057681,3,4641.59,5898.24,9.3486402e-09,1.3237504e-08,4.1860662e-09,10
3.825,0.0057681,3,4641.59,6553.6,1.0098573e-08,1.563622e-08,4.9446069e-09,10
3.825,0.0057681,3,4641.59,7208.96,9.3937392e-09,1.6535847e-08,5.2290941e-09,10
3.825,0.0057681,3,4641.59,7864.32,7.7164879e-09,1.7346274e-08,5.4853734e-09,10
3.825,0.0057681,3,4641.59,8519.68,4.885886e-09,1.5794261e-08,4.9945838e-09,10
3.825,0.0057681,3,4641.59,9175.04,-2.103572e-09,1.238285e-08,3.9158009e-09,10
3.825,0.0057681,3,4641.59,9830.4,-6.1649924e-09,1.2275655e-08,3.8819028e-09,10
3.825,0.0057681,3,4641.59,10485.76,-6.8233001e-09,1.5633042e-08,4.9436021e-09,10
3.825,0.0057681,3,4641.59,11796.48,-4.6472896e-09,2.0490503e-08,6.479666e-09,10
3.825,0.0057681,3,4641.59,13107.2,-3.9650991e-09,1.8545356e-08,5.8645566e-09,10
3.825,0.0057681,3,4641.59,14417.92,1.3338707e-10,2.3799052e-08,7.525921e-09,10
3.825,0.0057681,3,4641.59,15728.64,-9.6572262e-10,1.6095707e-08,5.0899095e-09,10
3.825,0.0057681,3,4641.59,17039.36,-1.1554312e-08,2.5934903e-08,8.2013364e-09,10
3.825,0.0057681,3,4641.59,18350.08,-1.8891611e-08,2.6975541e-08,8.5304152e-09,10
3.825,0.0057681,3,4641.59,19660.8,-2.1933898e-08,2.5940906e-08,8.2032346e-09,10
3.825,0.0057681,3,4641.59,20971.52,-2.0210617e-08,4.7308092e-08,1.4960132e-08,10
3.825,0.0057681,3,4641.59,23592.96,-9.0155899e-09,4.6026713e-08,1.4554925e-08,10
3.825,0.0057681,3,4641.59,26214.4,-1.579475e-08,4.8757784e-08,1.5418565e-08,10
3.825,0.0057681,3,4641.59,28835.84,-1.7417905e-08,6.1562057e-08,1.9467632e-08,10
3.825,0.00260712,2,10000,0,1.1383295e-07,1.3123569e-08,4.1500368e-09,10
3.825,0.00260712,2,10000,0.01,1.1378141e-07,1.3123598e-08,4.150046e-09,10
3.825,0.00260712,2,10000,0.02,1.1362703e-07,1.3123687e-08,4.1500741e-09,10
3.825,0.00260712,2,10000,0.03,1.133701e-07,1.3123835e-08,4.1501211e-09,10
3.825,0.00260712,2,10000,0.04,1.1301108e-07,1.3124043e-08,4.1501869e-09,10
3.825,0.00260712,2,10000,0.05,1.1255067e-07,1.312431e-08,4.1502713e-09,10
3.825,0.00260712,2,10000,0.06,1.1198971e-07,1.3124635e-08,4.1503742e-09,10
3.825,0.00260712,2,10000,0.07,1.1132926e-07,1.3125018e-08,4.1504952e-09,10
3.825,0.00260712,2,10000,0.08,1.1057054e-07,1.3125458e-08,4.1506342e-09,10
3.825,0.00260712,2,10000,0.09,1.0971499e-07,1.3125953e-08,4.1507909e-09,10
3.825,0.00260712,2,10000,0.1,1.0876418e-07,1.3126503e-08,4.1509648e-09,10
3.825,0.00260712,2,10000,0.11,1.077199e-07,1.3127107e-08,4.1511557e-09,10
3.825,0.00260712,2,10000,0.12,1.0658408e-07,1.3127762e-08,4.151363e-09,10
3.825,0.00260712,2,10000,0.13,1.0535884e-07,1.3128469e-08,4.1515864e-09,10
3.825,0.00260712,2,10000,0.14,1.0404645e-07,1.3129224e-08,4.1518253e-09,10
3.825,0.00260712,2,10000,0.15,1.0264935e-07,1.3130027e-08,4.1520792e-09,10
3.825,0.00260712,2,10000,0.16,1.0115029e-07,1.3130887e-08,4.1523509e-09,10
3.825,0.00260712,2,10000,0.18,9.795804e-08,1.3132712e-08,4.1529282e-09,10
3.825,0.00260712,2,10000,0.2,9.4472083e-08,1.3134696e-08,4.1535557e-09,10
3.825,0.00260712,2,10000,0.22,9.0718048e-08,1.3136822e-08,4.1542277e-09,10
3.825,0.00260712,2,10000,0.24,8.672343e-08,1.3139069e-08,4.1549383e-09,10
3.825,0.00260712,2,10000,0.26,8.2517356e-08,1.3141417e-08,4.155681e-09,10
3.825,0.00260712,2,10000,0.28,7.8130349e-08,1.3143847e-08,4.1564492e-09,10
3.825,0.00260712,2,10000,0.3,7.3594071e-08,1.3146334e-08,4.1572359e-09,10
3.825,0.00260712,2,10000,0.32,6.8920177e-08,1.3148857e-08,4.1580338e-09,10
3.825,0.00260712,2,10000,0.36,5.9413776e-08,1.3153906e-08,4.1596304e-09,10
3.825,0.00260712,2,10000,0.4,4.9841201e-08,1.315882e-08,4.1611841e-09,10
3.825,0.00260712,2,10000,0.44,4.0466933e-08,1.3163413e-08,4.1626368e-09,10
3.825,0.00260712,2,10000,0.48,3.1544312e-08,1.3167513e-08,4.1639332e-09,10
3.825,0.00260712,2,10000,0.52,2.3307816e-08,1.317096e-08,4.1650231e-09,10
3.825,0.00260712,2,10000,0.56,1.5966116e-08,1.3173615e-08,4.1658629e-09,10
3.825,0.00260712,2,10000,0.6,9.6960982e-09,1.3175368e-08,4.1664171e-09,10
3.825,0.00260712,2,10000,0.64,4.9660888e-09,1.3175859e-08,4.1665726e-09,10
3.825,0.00260712,2,10000,0.72,-1.137604e-09,1.3174274e-08,4.1660714e-09,10
3.825,0.00260712,2,10000,0.8,-1.7870297e-09,1.3168626e-08,4.1642852e-09,10
3.825,0.00260712,2,10000,0.88,2.6439181e-09,1.3159444e-08,4.1613816e-09,10
3.825,0.00260712,2,10000,0.96,1.1196986e-08,1.3147701e-08,4.1576682e-09,10
3.825,0.00260712,2,10000,1.04,2.2478885e-08,1.3134685e-08,4.1535521e-09,10
3.825,0.00260712,2,10000,1.12,3.4859112e-08,1.3121842e-08,4.1494907e-09,10
3.825,0.00260712,2,10000,1.2,4.6689422e-08,1.3110608e-08,4.1459384e-09,10
3.825,0.00260712,2,10000,1.28,5.5743546e-08,1.310317e-08,4.1435861e-09,10
3.825,0.00260712,2,10000,1.44,6.5367995e-08,1.3098436e-08,4.1420893e-09,10
3.825,0.00260712,2,10000,1.6,6.0965988e-08,1.3109715e-08,4.145656e-09,10
3.825,0.00260712,2,10000,1.76,4.7106786e-08,1.313131e-08,4.1524848e-09,10
3.825,0.00260712,2,10000,1.92,3.2093595e-08,1.3153502e-08,4.1595027e-09,10
3.825,0.00260712,2,10000,2.08,2.3126084e-08,1.3168024e-08,4.1640948e-09,10
3.825,0.00260712,2,10000,2.24,2.2876454e-08,1.3171446e-08,4.1651769e-09,10
3.825,0.00260712,2,10000,2.4,2.9025861e-08,1.3164821e-08,4.1630819e-09,10
3.825,0.00260712,2,10000,2.56,3.5615411e-08,1.3151162e-08,4.1587626e-09,10
3.825,0.00260712,2,10000,2.88,3.8445742e-08,1.312562e-08,4.1506856e-09,10
3.825,0.00260712,2,10000,3.2,2.9439399e-08,1.3116718e-08,4.1478705e-09,10
3.825,0.00260712,2,10000,3.52,2.4594598e-08,1.3128592e-08,4.1516254e-09,10
3.825,0.00260712,2,10000,3.84,2.4418191e-08,1.315387e-08,4.159619e-09,10
3.825,0.00260712,2,10000,4.16,2.290406e-08,1.317113e-08,4.1650771e-09,10
3.825,0.00260712,2,10000,4.48,2.4391552e-08,1.3167974e-08,4.164079e-09,10
3.825,0.00260712,2,10000,4.8,2.8607667e-08,1.3149469e-08,4.1582272e-09,10
3.825,0.00260712,2,10000,5.12,2.4713314e-08,1.3129084e-08,4.1517809e-09,10
3.825,0.00260712,2,10000,5.76,2.3610968e-08,1.3129654e-08,4.1519612e-09,10
3.825,0.00260712,2,10000,6.4,2.8303287e-08,1.3153271e-08,4.1594294e-09,10
3.825,0.00260712,2,10000,7.04,2.5765473e-08,1.3088071e-08,4.1388115e-09,10
3.825,0.00260712,2,10000,7.68,3.380715e-08,1.3184072e-08,4.1691696e-09,10
3.825,0.00260712,2,10000,8.32,3.1229508e-08,1.3089468e-08,4.1392533e-09,10
3.825,0.00260712,2,10000,8.96,3.7388889e-08,1.3083688e-08,4.1374254e-09,10
3.825,0.00260712,2,10000,9.6,3.4925822e-08,1.3184253e-08,4.1692268e-09,10
3.825,0.00260712,2,10000,10.24,3.6634573e-08,1.313384e-08,4.1532849e-09,10
3.825,0.00260712,2,10000,11.52,3.5618617e-08,1.3128856e-08,4.1517088e-09,10
3.825,0.00260712,2,10000,12.8,3.235565e-08,1.3159826e-08,4.1615024e-09,10
3.825,0.00260712,2,10000,14.08,2.9358598e-08,1.3162707e-08,4.1624135e-09,10
3.825,0.00260712,2,10000,15.36,2.7713638e-08,1.3149041e-08,4.1580919e-09,10
3.825,0.00260712,2,10000,16.64,2.7978994e-08,1.3125121e-08,4.1505278e-09,10
3.825,0.00260712,2,10000,17.92,2.9799954e-08,1.3128374e-08,4.1515565e-09,10
3.825,0.00260712,2,10000,19.2,3.1938237e-08,1.3123619e-08,4.1500528e-09,10
3.825,0.00260712,2,10000,20.48,3.31093e-08,1.3149427e-08,4.1582139e-09,10
3.825,0.00260712,2,10000,23.04,3.2472131e-08,1.3165702e-08,4.1633606e-09,10
3.825,0.00260712,2,10000,25.6,3.0109764e-08,1.3125484e-08,4.1506426e-09,10
3.825,0.00260712,2,10000,28.16,3.0002139e-08,1.310893e-08,4.1454075e-09,10
3.825,0.00260712,2,10000,30.72,3.1446022e-08,1.3149491e-08,4.158234e-09,10
3.825,0.00260712,2,10000,33.28,3.1696161e-08,1.3153123e-08,4.1593828e-09,10
3.825,0.00260712,2,10000,35.84,3.0747579e-08,1.3122502e-08,4.1496994e-09,10
3.825,0.00260712,2,10000,38.4,3.0364044e-08,1.3133048e-08,4.1530344e-09,10
3.825,0.00260712,2,10000,40.96,3.0828497e-08,1.312883e-08,4.1517006e-09,10
3.825,0.00260712,2,10000,46.08,3.0899872e-08,1.3135786e-08,4.1539001e-09,10
3.825,0.00260712,2,10000,51.2,3.0695068e-08,1.3146749e-08,4.1573671e-09,10
3.825,0.00260712,2,10000,56.32,3.0801087e-08,1.3135947e-08,4.1539512e-09,10
3.825,0.00260712,2,10000,61.44,3.0649721e-08,1.3168294e-08,4.1641803e-09,10
3.825,0.00260712,2,10000,66.56,3.0718903e-08,1.3131871e-08,4.1526622e-09,10
3.825,0.00260712,2,10000,71.68,3.0623912e-08,1.3166459e-08,4.1636001e-09,10
3.825,0.00260712,2,10000,76.8,3.0622232e-08,1.3139655e-08,4.1551237e-09,10
3.825,0.00260712,2,10000,81.92,3.0584674e-08,1.3152862e-08,4.1593001e-09,10
3.825,0.00260712,2,10000,92.16,3.053949e-08,1.3164337e-08,4.162929e-09,10
3.825,0.00260712,2,10000,102.4,3.0508225e-08,1.31671e-08,4.1638027e-09,10
3.825,0.00260712,2,10000,112.64,3.0468626e-08,1.3165686e-08,4.1633556e-09,10
3.825,0.00260712,2,10000,122.88,3.0414427e-08,1.3166945e-08,4.1637537e-09,10
3.825,0.00260712,2,10000,133.12,3.0395855e-08,1.317518e-08,4.1663576e-09,10
3.825,0.00260712,2,10000,143.36,3.0350577e-08,1.3175465e-08,4.166448e-09,10
3.825,0.00260712,2,10000,153.6,3.0318425e-08,1.3173981e-08,4.1659785e-09,10
3.825,0.00260712,2,10000,163.84,3.0302588e-08,1.3169479e-08,4.1645548e-09,10
3.825,0.00260712,2,10000,184.32,3.0250542e-08,1.3166487e-08,4.1636086e-09,10
3.825,0.00260712,2,10000,204.8,3.0199146e-08,1.3170034e-08,4.1647303e-09,10
3.825,0.00260712,2,10000,225.28,3.0158373e-08,1.3180022e-08,4.1678888e-09,10
3.825,0.00260712,2,10000,245.76,3.0113827e-08,1.3171934e-08,4.1653312e-09,10
3.825,0.00260712,2,10000,266.24,3.007765e-08,1.3175478e-08,4.1664518e-09,10
3.825,0.00260712,2,10000,286.72,3.0033243e-08,1.3175098e-08,4.166332e-09,10
3.825,0.00260712,2,10000,307.2,3.0013045e-08,1.3180336e-08,4.1679884e-09,10
3.825,0.00260712,2,10000,327.68,2.9979961e-08,1.3178244e-08,4.1673267e-09,10
3.825,0.00260712,2,10000,368.64,2.9915884e-08,1.3192114e-08,4.1717126e-09,10
3.825,0.00260712,2,10000,409.6,2.9866926e-08,1.3188978e-08,4.170721e-09,10
3.825,0.00260712,2,10000,450.56,2.9813866e-08,1.3186615e-08,4.1699738e-09,10
3.825,0.00260712,2,10000,491.52,2.9765701e-08,1.31841e-08,4.1691786e-09,10
3.825,0.00260712,2,10000,532.48,2.9701749e-08,1.3183267e-08,4.1689151e-09,10
3.825,0.00260712,2,10000,573.44,2.9656499e-08,1.3180689e-08,4.1680999e-09,10
3.825,0.00260712,2,10000,614.4,2.9601269e-08,1.318187e-08,4.1684734e-09,10
3.825,0.00260712,2,10000,655.36,2.9554437e-08,1.3184389e-08,4.16927e-09,10
3.825,0.00260712,2,10000,737.28,2.9468458e-08,1.3193118e-08,4.1720303e-09,10
3.825,0.00260712,2,10000,819.2,2.9399628e-08,1.3204582e-08,4.1756556e-09,10
3.825,0.00260712,2,10000,901.12,2.933446e-08,1.3202842e-08,4.1751052e-09,10
3.825,0.00260712,2,10000,983.04,2.9262714e-08,1.3202865e-08,4.1751125e-09,10
3.825,0.00260712,2,10000,1064.96,2.9194502e-08,1.3213313e-08,4.1784165e-09,10
3.825,0.00260712,2,10000,1146.88,2.912709e-08,1.3223244e-08,4.1815568e-09,10
3.825,0.00260712,2,10000,1228.8,2.9053279e-08,1.3227416e-08,4.1828763e-09,10
3.825,0.00260712,2,10000,1310.72,2.8994249e-08,1.3224015e-08,4.1818006e-09,10
3.825,0.00260712,2,10000,1474.56,2.8879657e-08,1.3240112e-08,4.1868912e-09,10
3.825,0.00260712,2,10000,1638.4,2.8756131e-08,1.3234418e-08,4.1850903e-09,10
3.825,0.00260712,2,10000,1802.24,2.863756e-08,1.323537e-08,4.1853915e-09,10
3.825,0.00260712,2,10000,1966.08,2.8537303e-08,1.3235928e-08,4.185568e-09,10
3.825,0.00260712,2,10000,2129.92,2.8420561e-08,1.3241273e-08,4.1872581e-09,10
3.825,0.00260712,2,10000,2293.76,2.832236e-08,1.324234e-08,4.1875956e-09,10
3.825,0.00260712,2,10000,2457.6,2.8232236e-08,1.324095e-08,4.1871559e-09,10
3.825,0.00260712,2,10000,2621.44,2.8138423e-08,1.3246357e-08,4.1888657e-09,10
3.825,0.00260712,2,10000,2949.12,2.7955433e-08,1.3243966e-08,4.1881099e-09,10
3.825,0.00260712,2,10000,3276.8,2.7785839e-08,1.3245748e-08,4.1886734e-09,10
3.825,0.00260712,2,10000,3604.48,2.7639369e-08,1.3243446e-08,4.1879455e-09,10
3.825,0.00260712,2,10000,3932.16,2.7494961e-08,1.3235216e-08,4.1853429e-09,10
3.825,0.00260712,2,10000,4259.84,2.7344161e-08,1.3213615e-08,4.178512e-09,10
3.825,0.00260712,2,10000,4587.52,2.7199862e-08,1.3191604e-08,4.1715516e-09,10
3.825,0.00260712,2,10000,4915.2,2.7057588e-08,1.3184156e-08,4.1691961e-09,10
3.825,0.00260712,2,10000,5242.88,2.6911075e-08,1.3177779e-08,4.1671797e-09,10
3.825,0.00260712,2,10000,5898.24,2.6629799e-08,1.3167292e-08,4.1638634e-09,10
3.825,0.00260712,2,10000,6553.6,2.637453e-08,1.313971e-08,4.1551413e-09,10
3.825,0.00260712,2,10000,7208.96,2.6131839e-08,1.3080678e-08,4.1364736e-09,10
3.825,0.00260712,2,10000,7864.32,2.5896839e-08,1.3034589e-08,4.1218991e-09,10
3.825,0.00260712,2,10000,8519.68,2.5674204e-08,1.2985699e-08,4.1064387e-09,10
3.825,0.00260712,2,10000,9175.04,2.546496e-08,1.3001369e-08,4.111394e-09,10
3.825,0.00260712,2,10000,9830.4,2.5261047e-08,1.300111e-08,4.111312e-09,10
3.825,0.00260712,2,10000,10485.76,2.503204e-08,1.299573e-08,4.1096107e-09,10
3.825,0.00260712,2,10000,11796.48,2.4614111e-08,1.2940456e-08,4.0921315e-09,10
3.825,0.00260712,2,10000,13107.2,2.4254415e-08,1.2898467e-08,4.0788534e-09,10
3.825,0.00260712,2,10000,14417.92,2.3943619e-08,1.2861878e-08,4.0672829e-09,10
3.825,0.00260712,2,10000,15728.64,2.3659277e-08,1.2725888e-08,4.024279e-09,10
3.825,0.00260712,2,10000,17039.36,2.3327329e-08,1.2622251e-08,3.9915063e-09,10
3.825,0.00260712,2,10000,18350.08,2.2999905e-08,1.2454749e-08,3.9385374e-09,10
3.825,0.00260712,2,10000,19660.8,2.2704455e-08,1.2314957e-08,3.8943313e-09,10
3.825,0.00260712,2,10000,20971.52,2.2426471e-08,1.2161492e-08,3.8458015e-09,10
3.825,0.00260712,2,10000,23592.96,2.1882614e-08,1.1925448e-08,3.7711577e-09,10
3.825,0.00260712,2,10000,26214.4,2.1272067e-08,1.1778875e-08,3.7248074e-09,10
3.825,0.00260712,2,10000,28835.84,2.0745803e-08,1.161222e-08,3.6721065e-09,10
3.825,0.00260712,2,10000,31457.28,2.0342908e-08,1.1520107e-08,3.6429776e-09,10
3.825,0.00260712,2,10000,34078.72,1.9776976e-08,1.1339489e-08,3.5858613e-09,10
3.825,0.00260712,2,10000,36700.16,1.9211352e-08,1.1168527e-08,3.5317982e-09,10
3.825,0.00260712,2,10000,39321.6,1.8741685e-08,1.1088787e-08,3.5065822e-09,10
3.825,0.00260712,2,10000,41943.04,1.8283619e-08,1.1001244e-08,3.4788988e-09,10
3.825,0.00260712,2,10000,47185.92,1.7245553e-08,1.1071085e-08,3.5009846e-09,10
3.825,0.00260712,2,10000,52428.8,1.6265566e-08,1.128722e-08,3.5693325e-09,10
3.825,0.00260712,2,10000,57671.68,1.5665102e-08,1.1406486e-08,3.6070477e-09,10
3.825,0.00260712,2,10000,62914.56,1.5173318e-08,1.1355863e-08,3.5910392e-09,10
3.825,0.00260712,2,10000,68157.44,1.4637076e-08,1.1434889e-08,3.6160296e-09,10
3.825,0.00260712,2,10000,73400.32,1.3905169e-08,1.1577689e-08,3.6611868e-09,10
3.825,0.00260712,2,10000,78643.2,1.3174072e-08,1.1661393e-08,3.6876564e-09,10
3.825,0.00260712,2,10000,83886.08,1.283556e-08,1.1742278e-08,3.7132345e-09,10
3.825,0.00260712,2,10000,94371.84,1.1882292e-08,1.1968943e-08,3.784912e-09,10
3.825,0.00260712,2,10000,104857.6,1.0392997e-08,1.2813342e-08,4.0519344e-09,10
3.825,0.00260712,2,10000,115343.36,9.2346858e-09,1.4103135e-08,4.4598028e-09,10
3.825,0.00260712,2,10000,125829.12,8.0418253e-09,1.5653974e-08,4.9502213e-09,10
3.825,0.00260712,2,10000,136314.88,6.6189808e-09,1.7238915e-08,5.4514235e-09,10
3.825,0.00260712,2,10000,146800.64,5.0296092e-09,1.7758544e-08,5.6157448e-09,10
3.825,0.00260712,2,10000,157286.4,4.4360833e-09,1.6965177e-08,5.3648601e-09,10
3.825,0.00260712,2,10000,167772.16,4.0172276e-09,1.6522198e-08,5.2247778e-09,10
3.825,0.00260712,2,10000,188743.68,4.6917044e-09,1.6028918e-08,5.068789e-09,10
3.825,0.00260712,2,10000,209715.2,6.16841e-09,1.5468545e-08,4.8915833e-09,10
3.825,0.00260712,2,10000,230686.72,7.4430036e-09,1.5531315e-08,4.9114332e-09,10
3.825,0.00260712,2,10000,251658.24,7.7039097e-09,1.5897383e-08,5.0271938e-09,10
3.825,0.00260712,2,10000,272629.76,7.9866782e-09,1.4315517e-08,4.5269639e-09,10
3.825,0.00260712,2,10000,293601.28,6.6497561e-09,1.1516326e-08,3.641782e-09,10
3.825,0.00260712,2,10000,314572.8,1.3725302e-09,1.1563023e-08,3.6565488e-09,10
3.825,0.00260712,2,10000,335544.32,-6.222605e-09,2.0291508e-08,6.4167382e-09,10
3.850,0.11421505,fill,1000,0,3.4601196e-05,1.304402e-06,4.1248813e-07,10
3.850,0.11421505,fill,1000,0.01,3.458757e-05,1.3043851e-06,4.1248278e-07,10
3.850,0.11421505,fill,1000,0.02,3.4546895e-05,1.3043341e-06,4.1246665e-07,10
3.850,0.11421505,fill,1000,0.03,3.4479386e-05,1.3042488e-06,4.1243969e-07,10
3.850,0.11421505,fill,1000,0.04,3.4385375e-05,1.3041293e-06,4.124019e-07,10
3.850,0.11421505,fill,1000,0.05,3.4265309e-05,1.3039754e-06,4.1235324e-07,10
3.850,0.11421505,fill,1000,0.06,3.4119738e-05,1.3037871e-06,4.1229369e-07,10
3.850,0.11421505,fill,1000,0.07,3.3949306e-05,1.3035642e-06,4.1222318e-07,10
3.850,0.11421505,fill,1000,0.08,3.3754748e-05,1.3033064e-06,4.1214168e-07,10
3.850,0.11421505,fill,1000,0.09,3.3536876e-05,1.3030136e-06,4.1204909e-07,10
3.850,0.11421505,fill,1000,0.1,3.3296581e-05,1.3026856e-06,4.1194536e-07,10
3.850,0.11421505,fill,1000,0.11,3.3034818e-05,1.3023222e-06,4.1183045e-07,10
3.850,0.11421505,fill,1000,0.12,3.2752599e-05,1.3019233e-06,4.1170428e-07,10
3.850,0.11421505,fill,1000,0.13,3.2450994e-05,1.3014883e-06,4.1156675e-07,10
3.850,0.11421505,fill,1000,0.14,3.2131112e-05,1.3010172e-06,4.1141776e-07,10
3.850,0.11421505,fill,1000,0.15,3.1794105e-05,1.3005094e-06,4.1125718e-07,10
3.850,0.11421505,fill,1000,0.16,3.143747e-05,1.2999532e-06,4.1108131e-07,10
3.850,0.11421505,fill,1000,0.18,3.0689202e-05,1.2987503e-06,4.1070091e-07,10
3.850,0.11421505,fill,1000,0.2,2.9891868e-05,1.297394e-06,4.1027202e-07,10
3.850,0.11421505,fill,1000,0.22,2.9055431e-05,1.2958812e-06,4.0979363e-07,10
3.850,0.11421505,fill,1000,0.24,2.8189812e-05,1.2942094e-06,4.0926494e-07,10
3.850,0.11421505,fill,1000,0.26,2.730475e-05,1.2923764e-06,4.0868529e-07,10
3.850,0.11421505,fill,1000,0.28,2.6409667e-05,1.2903816e-06,4.0805448e-07,10
3.850,0.11421505,fill,1000,0.3,2.5513565e-05,1.2882251e-06,4.0737254e-07,10
3.850,0.11421505,fill,1000,0.32,2.4628806e-05,1.2858544e-06,4.0662287e-07,10
3.850,0.11421505,fill,1000,0.36,2.2908307e-05,1.28075e-06,4.0500872e-07,10
3.850,0.11421505,fill,1000,0.4,2.1302812e-05,1.2750328e-06,4.0320078e-07,10
3.850,0.11421505,fill,1000,0.44,1.9855333e-05,1.2687446e-06,4.0121229e-07,10
3.850,0.11421505,fill,1000,0.48,1.8596302e-05,1.2619453e-06,3.9906215e-07,10
3.850,0.11421505,fill,1000,0.52,1.7543553e-05,1.2547105e-06,3.9677429e-07,10
3.850,0.11421505,fill,1000,0.56,1.670293e-05,1.2471318e-06,3.943777e-07,10
3.850,0.11421505,fill,1000,0.6,1.6069469e-05,1.2393171e-06,3.9190646e-07,10
3.850,0.11421505,fill,1000,0.64,1.5671918e-05,1.2313434e-06,3.8938496e-07,10
3.850,0.11421505,fill,1000,0.72,1.5265282e-05,1.2158282e-06,3.8447864e-07,10
3.850,0.11421505,fill,1000,0.8,1.5319154e-05,1.2017307e-06,3.8002062e-07,10
3.850,0.11421505,fill,1000,0.88,1.560155e-05,1.1903443e-06,3.7641993e-07,10
3.850,0.11421505,fill,1000,0.96,1.5917901e-05,1.1828384e-06,3.7404635e-07,10
3.850,0.11421505,fill,1000,1.04,1.6143545e-05,1.1801795e-06,3.7320554e-07,10
3.850,0.11421505,fill,1000,1.12,1.6232126e-05,1.1829621e-06,3.7408546e-07,10
3.850,0.11421505,fill,1000,1.2,1.6203604e-05,1.1911942e-06,3.7668868e-07,10
3.850,0.11421505,fill,1000,1.28,1.6124862e-05,1.2048756e-06,3.8101511e-07,10
3.850,0.11421505,fill,1000,1.44,1.6108265e-05,1.2378115e-06,3.9143035e-07,10
3.850,0.11421505,fill,1000,1.6,1.6516521e-05,1.2687937e-06,4.0122781e-07,10
3.850,0.11421505,fill,1000,1.76,1.7271389e-05,1.2859059e-06,4.0663915e-07,10
3.850,0.11421505,fill,1000,1.92,1.7969793e-05,1.286337e-06,4.0677546e-07,10
3.850,0.11421505,fill,1000,2.08,1.8238392e-05,1.2800782e-06,4.0479627e-07,10
3.850,0.11421505,fill,1000,2.24,1.8006314e-05,1.282961e-06,4.0570789e-07,10
3.850,0.11421505,fill,1000,2.4,1.7494573e-05,1.2998678e-06,4.1105428e-07,10
3.850,0.11421505,fill,1000,2.56,1.7006529e-05,1.314101e-06,4.1555523e-07,10
3.850,0.11421505,fill,1000,2.88,1.6187006e-05,1.3143226e-06,4.1562529e-07,10
3.850,0.11421505,fill,1000,3.2,1.5393328e-05,1.3106044e-06,4.1444951e-07,10
3.850,0.11421505,fill,1000,3.52,1.5103277e-05,1.3197487e-06,4.1734117e-07,10
3.850,0.11421505,fill,1000,3.84,1.5516169e-05,1.2740662e-06,4.0289511e-07,10
3.850,0.11421505,fill,1000,4.16,1.5741281e-05,1.2226743e-06,3.8664357e-07,10
3.850,0.11421505,fill,1000,4.48,1.54282e-05,1.2550909e-06,3.968946e-07,10
3.850,0.11421505,fill,1000,4.8,1.5045926e-05,1.2877283e-06,4.0721544e-07,10
3.850,0.11421505,fill,1000,5.12,1.4800801e-05,1.2506795e-06,3.954996e-07,10
3.850,0.11421505,fill,1000,5.76,1.4381551e-05,1.1853376e-06,3.7483666e-07,10
3.850,0.11421505,fill,1000,6.4,1.4121156e-05,1.1596015e-06,3.6669818e-07,10
3.850,0.11421505,fill,1000,7.04,1.3857094e-05,1.2068076e-06,3.8162607e-07,10
3.850,0.11421505,fill,1000,7.68,1.3452429e-05,1.1854389e-06,3.748687e-07,10
3.850,0.11421505,fill,1000,8.32,1.3198228e-05,1.2012111e-06,3.7985631e-07,10
3.850,0.11421505,fill,1000,8.96,1.2872646e-05,1.1354938e-06,3.5907468e-07,10
3.850,0.11421505,fill,1000,9.6,1.2581819e-05,1.109696e-06,3.5091668e-07,10
3.850,0.11421505,fill,1000,10.24,1.2249464e-05,1.1887486e-06,3.7591531e-07,10
3.850,0.11421505,fill,1000,11.52,1.172454e-05,1.1349696e-06,3.5890892e-07,10
3.850,0.11421505,fill,1000,12.8,1.1252175e-05,1.125671e-06,3.5596842e-07,10
3.850,0.11421505,fill,1000,14.08,1.0771583e-05,1.1327129e-06,3.5819528e-07,10
3.850,0.11421505,fill,1000,15.36,1.0302098e-05,1.103054e-06,3.4881631e-07,10
3.850,0.11421505,fill,1000,16.64,9.8788664e-06,1.1018449e-06,3.4843395e-07,10
3.850,0.11421505,fill,1000,17.92,9.4462497e-06,1.0866595e-06,3.4363189e-07,10
3.850,0.11421505,fill,1000,19.2,9.0182998e-06,1.1320247e-06,3.5797765e-07,10
3.850,0.11421505,fill,1000,20.48,8.6015837e-06,1.1053485e-06,3.4954188e-07,10
3.850,0.11421505,fill,1000,23.04,7.8794474e-06,1.070584e-06,3.3854837e-07,10
3.850,0.11421505,fill,1000,25.6,7.225352e-06,1.0270492e-06,3.2478149e-07,10
3.850,0.11421505,fill,1000,28.16,6.6058515e-06,9.9908654e-07,3.1593891e-07,10
3.850,0.11421505,fill,1000,30.72,6.0427987e-06,9.5641049e-07,3.0244355e-07,10
3.850,0.11421505,fill,1000,33.28,5.5854037e-06,8.8947407e-07,2.812764e-07,10
3.850,0.11421505,fill,1000,35.84,5.1513087e-06,8.6354793e-07,2.7307783e-07,10
3.850,0.11421505,fill,1000,38.4,4.6994726e-06,8.1262997e-07,2.5697616e-07,10
3.850,0.11421505,fill,1000,40.96,4.30133e-06,7.9495153e-07,2.5138575e-07,10
3.850,0.11421505,fill,1000,46.08,3.6332959e-06,7.7486394e-07,2.4503349e-07,10
3.850,0.11421505,fill,1000,51.2,3.0549117e-06,7.622088e-07,2.4103159e-07,10
3.850,0.11421505,fill,1000,56.32,2.5057775e-06,7.324976e-07,2.3163608e-07,10
3.850,0.11421505,fill,1000,61.44,2.0535901e-06,7.2714977e-07,2.2994495e-07,10
3.850,0.11421505,fill,1000,66.56,1.6519577e-06,8.0574301e-07,2.5479831e-07,10
3.850,0.11421505,fill,1000,71.68,1.3603848e-06,8.6540413e-07,2.7366481e-07,10
3.850,0.11421505,fill,1000,76.8,1.0204757e-06,9.4428728e-07,2.9860986e-07,10
3.850,0.11421505,fill,1000,81.92,7.7707119e-07,8.6018365e-07,2.7201395e-07,10
3.850,0.11421505,fill,1000,92.16,4.6479804e-07,7.867124e-07,2.4878031e-07,10
3.850,0.11421505,fill,1000,102.4,3.1418541e-07,8.4379548e-07,2.6683156e-07,10
3.850,0.11421505,fill,1000,112.64,3.1666544e-07,8.2074862e-07,2.595435e-07,10
3.850,0.11421505,fill,1000,122.88,3.8137776e-07,7.4632492e-07,2.3600866e-07,10
3.850,0.11421505,fill,1000,133.12,4.2084069e-07,7.3547076e-07,2.3257628e-07,10
3.850,0.11421505,fill,1000,143.36,5.9634705e-07,7.3853862e-07,2.3354642e-07,10
3.850,0.11421505,fill,1000,153.6,5.982178e-07,8.6891642e-07,2.747755e-07,10
3.850,0.11421505,fill,1000,163.84,4.7554158e-07,9.324768e-07,2.9487506e-07,10
3.850,0.11421505,fill,1000,184.32,2.6800792e-07,9.6975268e-07,3.0666272e-07,10
3.850,0.11421505,fill,1000,204.8,1.7825449e-07,1.1956102e-06,3.7808513e-07,10
3.850,0.11421505,fill,1000,225.28,2.2578189e-08,1.220428e-06,3.8593324e-07,10
3.850,0.11421505,fill,1000,245.76,-9.6983983e-08,1.1438816e-06,3.6172711e-07,10
3.850,0.11421505,fill,1000,266.24,-2.0748536e-08,9.8160816e-07,3.1041176e-07,10
3.850,0.11421505,fill,1000,286.72,1.1562098e-07,7.4784044e-07,2.3648791e-07,10
3.850,0.11421505,fill,1000,307.2,2.1622782e-07,5.4716153e-07,1.7302767e-07,10
3.850,0.11421505,fill,1000,327.68,2.7222064e-07,8.8112654e-07,2.7863668e-07,10
3.850,0.11421505,fill,1000,368.64,3.2799293e-07,1.0595661e-06,3.3506421e-07,10
3.850,0.11421505,fill,1000,409.6,-1.2538288e-07,8.1984034e-07,2.5925628e-07,10
3.850,0.11421505,fill,1000,450.56,2.6947441e-08,8.9744889e-07,2.8379826e-07,10
3.850,0.11421505,fill,1000,491.52,8.8350313e-08,5.9929023e-07,1.8951221e-07,10
3.850,0.11421505,fill,1000,532.48,-5.7857823e-08,6.5709616e-07,2.0779205e-07,10
3.850,0.11421505,fill,1000,573.44,-3.2366166e-07,7.6621959e-07,2.4229991e-07,10
3.850,0.11421505,fill,1000,614.4,1.1983954e-07,5.7970088e-07,1.8331751e-07,10
3.850,0.11421505,fill,1000,655.36,2.4839821e-07,8.9337518e-07,2.8251004e-07,10
3.850,0.11421505,fill,1000,737.28,4.8408341e-07,1.3842267e-06,4.3773092e-07,10
3.850,0.11421505,fill,1000,819.2,-2.3652017e-07,1.1258122e-06,3.5601309e-07,10
3.850,0.11421505,fill,1000,901.12,2.4576881e-07,6.9729581e-07,2.205043e-07,10
3.850,0.11421505,fill,1000,983.04,3.5283101e-07,8.0329371e-07,2.5402377e-07,10
3.850,0.11421505,fill,1000,1064.96,1.6193234e-07,7.0769372e-07,2.237924e-07,10
3.850,0.11421505,fill,1000,1146.88,5.2025399e-07,7.9167155e-07,2.5034853e-07,10
3.850,0.11421505,fill,1000,1228.8,1.6593717e-07,6.4608575e-07,2.0431025e-07,10
3.850,0.11421505,fill,1000,1310.72,1.2820051e-07,5.2854617e-07,1.6714098e-07,10
3.850,0.11421505,fill,1000,1474.56,2.9348888e-07,5.9426745e-07,1.8792387e-07,10
3.850,0.11421505,fill,1000,1638.4,2.0307373e-08,5.8973014e-07,1.8648904e-07,10
3.850,0.11421505,fill,1000,1802.24,-2.6229844e-07,7.9089886e-07,2.5010418e-07,10
3.850,0.11421505,fill,1000,1966.08,-1.9821416e-07,9.2044899e-07,2.9107153e-07,10
3.850,0.11421505,fill,1000,2129.92,1.2294994e-07,8.650776e-07,2.7356156e-07,10
3.850,0.11421505,fill,1000,2293.76,-3.0511434e-07,8.1974885e-07,2.5922735e-07,10
3.850,0.11421505,fill,1000,2457.6,-2.1533815e-07,8.0527063e-07,2.5464893e-07,10
3.850,0.11421505,fill,1000,2621.44,-6.6886274e-08,7.0230443e-07,2.2208816e-07,10
3.850,0.11421505,fill,1000,2949.12,-1.238709e-07,4.1709754e-07,1.3189782e-07,10
3.850,0.11421505,fill,1000,3276.8,1.8789661e-08,6.1823165e-07,1.9550201e-07,10
3.850,0.11421505,fill,1000,3604.48,7.348189e-08,6.7791749e-07,2.1437633e-07,10
3.850,0.11421505,fill,1000,3932.16,-2.2447723e-07,9.2639476e-07,2.9295174e-07,10
3.850,0.11421505,fill,1000,4259.84,-6.7899722e-08,4.9942494e-07,1.5793203e-07,10
3.850,0.11421505,fill,1000,4587.52,-4.8952534e-08,8.9029652e-07,2.8153648e-07,10
3.850,0.11421505,fill,1000,4915.2,-1.8985642e-07,5.664153e-07,1.7911624e-07,10
3.850,0.11421505,fill,1000,5242.88,4.3986917e-08,5.7367633e-07,1.8141239e-07,10
3.850,0.11421505,fill,1000,5898.24,1.3411619e-07,4.4862612e-07,1.4186804e-07,10
3.850,0.11421505,fill,1000,6553.6,3.3167823e-07,7.1115137e-07,2.2488581e-07,10
3.850,0.11421505,fill,1000,7208.96,3.8533014e-07,4.5977962e-07,1.4539508e-07,10
3.850,0.11421505,fill,1000,7864.32,5.7268696e-08,7.8207836e-07,2.4731489e-07,10
3.850,0.11421505,fill,1000,8519.68,1.6866489e-07,9.5001224e-07,3.0042025e-07,10
3.850,0.11421505,fill,1000,9175.04,-3.4588711e-07,1.3762931e-06,4.352221e-07,10
3.850,0.0988608,2,1000,0,2.760378e-05,1.097736e-06,3.4713461e-07,10
3.850,0.0988608,2,1000,0.01,2.7593231e-05,1.0977283e-06,3.4713218e-07,10
3.850,0.0988608,2,1000,0.02,2.756174e-05,1.0977371e-06,3.4713494e-07,10
3.850,0.0988608,2,1000,0.03,2.7509459e-05,1.0977624e-06,3.4714296e-07,10
3.850,0.0988608,2,1000,0.04,2.7436626e-05,1.0978046e-06,3.4715629e-07,10
3.850,0.0988608,2,1000,0.05,2.7343561e-05,1.0978639e-06,3.4717504e-07,10
3.850,0.0988608,2,1000,0.06,2.7230657e-05,1.0979406e-06,3.4719932e-07,10
3.850,0.0988608,2,1000,0.07,2.7098381e-05,1.0980354e-06,3.4722929e-07,10
3.850,0.0988608,2,1000,0.08,2.6947264e-05,1.0981489e-06,3.4726518e-07,10
3.850,0.0988608,2,1000,0.09,2.6777896e-05,1.0982818e-06,3.4730719e-07,10
3.850,0.0988608,2,1000,0.1,2.6590925e-05,1.0984348e-06,3.4735559e-07,10
3.850,0.0988608,2,1000,0.11,2.6387048e-05,1.098609e-06,3.4741066e-07,10
3.850,0.0988608,2,1000,0.12,2.6167008e-05,1.0988053e-06,3.4747274e-07,10
3.850,0.0988608,2,1000,0.13,2.5931591e-05,1.0990248e-06,3.4754215e-07,10
3.850,0.0988608,2,1000,0.14,2.5681615e-05,1.0992685e-06,3.4761923e-07,10
3.850,0.0988608,2,1000,0.15,2.5417933e-05,1.0995378e-06,3.4770438e-07,10
3.850,0.0988608,2,1000,0.16,2.513844e-05,1.0998397e-06,3.4779984e-07,10
3.850,0.0988608,2,1000,0.18,2.455101e-05,1.1005168e-06,3.4801396e-07,10
3.850,0.0988608,2,1000,0.2,2.3923273e-05,1.1013149e-06,3.4826634e-07,10
3.850,0.0988608,2,1000,0.22,2.3262751e-05,1.1022432e-06,3.4855991e-07,10
3.850,0.0988608,2,1000,0.24,2.2576994e-05,1.1033106e-06,3.4889743e-07,10
3.850,0.0988608,2,1000,0.26,2.1873467e-05,1.1045243e-06,3.4928124e-07,10
3.850,0.0988608,2,1000,0.28,2.1159457e-05,1.1058904e-06,3.4971327e-07,10
3.850,0.0988608,2,1000,0.3,2.0441984e-05,1.1074143e-06,3.5019516e-07,10
3.850,0.0988608,2,1000,0.32,1.9730064e-05,1.109072e-06,3.5071936e-07,10
3.850,0.0988608,2,1000,0.36,1.8338602e-05,1.1129231e-06,3.5193717e-07,10
3.850,0.0988608,2,1000,0.4,1.7028459e-05,1.1173982e-06,3.5335234e-07,10
3.850,0.0988608,2,1000,0.44,1.5835305e-05,1.1224399e-06,3.5494666e-07,10
3.850,0.0988608,2,1000,0.48,1.4785424e-05,1.1279527e-06,3.5668996e-07,10
3.850,0.0988608,2,1000,0.52,1.3895493e-05,1.1338058e-06,3.5854088e-07,10
3.850,0.0988608,2,1000,0.56,1.3172872e-05,1.1398406e-06,3.6044924e-07,10
3.850,0.0988608,2,1000,0.6,1.2616349e-05,1.1458813e-06,3.6235948e-07,10
3.850,0.0988608,2,1000,0.64,1.2252934e-05,1.1516298e-06,3.6417732e-07,10
3.850,0.0988608,2,1000,0.72,1.1853306e-05,1.1620266e-06,3.6746508e-07,10
3.850,0.0988608,2,1000,0.8,1.1856683e-05,1.1698986e-06,3.6995444e-07,10
3.850,0.0988608,2,1000,0.88,1.208243e-05,1.1747705e-06,3.7149506e-07,10
3.850,0.0988608,2,1000,0.96,1.2370394e-05,1.1767537e-06,3.721222e-07,10
3.850,0.0988608,2,1000,1.04,1.2608564e-05,1.1762233e-06,3.7195446e-07,10
3.850,0.0988608,2,1000,1.12,1.2743397e-05,1.173649e-06,3.7114039e-07,10
3.850,0.0988608,2,1000,1.2,1.2774701e-05,1.1694239e-06,3.6980431e-07,10
3.850,0.0988608,2,1000,1.28,1.2737315e-05,1.1631584e-06,3.6782299e-07,10
3.850,0.0988608,2,1000,1.44,1.2712121e-05,1.1459579e-06,3.6238371e-07,10
3.850,0.0988608,2,1000,1.6,1.2963799e-05,1.1213425e-06,3.5459964e-07,10
3.850,0.0988608,2,1000,1.76,1.3508492e-05,1.0954301e-06,3.464054e-07,10
3.850,0.0988608,2,1000,1.92,1.4074841e-05,1.0760745e-06,3.4028465e-07,10
3.850,0.0988608,2,1000,2.08,1.4353678e-05,1.0680885e-06,3.3775924e-07,10
3.850,0.0988608,2,1000,2.24,1.4242267e-05,1.0729988e-06,3.3931203e-07,10
3.850,0.0988608,2,1000,2.4,1.3885633e-05,1.0848161e-06,3.4304896e-07,10
3.850,0.0988608,2,1000,2.56,1.3523912e-05,1.090766e-06,3.4493048e-07,10
3.850,0.0988608,2,1000,2.88,1.2915373e-05,1.0917151e-06,3.4523062e-07,10
3.850,0.0988608,2,1000,3.2,1.2294805e-05,1.0903438e-06,3.4479697e-07,10
3.850,0.0988608,2,1000,3.52,1.1996788e-05,1.1020682e-06,3.4850457e-07,10
3.850,0.0988608,2,1000,3.84,1.226053e-05,1.1276141e-06,3.565829e-07,10
3.850,0.0988608,2,1000,4.16,1.2421986e-05,1.1416215e-06,3.610124e-07,10
3.850,0.0988608,2,1000,4.48,1.2138889e-05,1.1233359e-06,3.5522999e-07,10
3.850,0.0988608,2,1000,4.8,1.1820867e-05,1.0918205e-06,3.4526396e-07,10
3.850,0.0988608,2,1000,5.12,1.1718641e-05,1.0855235e-06,3.4327266e-07,10
3.850,0.0988608,2,1000,5.76,1.1475627e-05,1.1130836e-06,3.5198793e-07,10
3.850,0.0988608,2,1000,6.4,1.1152264e-05,1.0589931e-06,3.3488301e-07,10
3.850,0.0988608,2,1000,7.04,1.0938264e-05,1.0927051e-06,3.455437e-07,10
3.850,0.0988608,2,1000,7.68,1.0725696e-05,1.0737093e-06,3.395367e-07,10
3.850,0.0988608,2,1000,8.32,1.0555319e-05,1.1147893e-06,3.5252734e-07,10
3.850,0.0988608,2,1000,8.96,1.0246499e-05,1.0665813e-06,3.3728262e-07,10
3.850,0.0988608,2,1000,9.6,1.0103558e-05,1.077771e-06,3.4082112e-07,10
3.850,0.0988608,2,1000,10.24,9.8689412e-06,1.0755094e-06,3.4010592e-07,10
3.850,0.0988608,2,1000,11.52,9.4493367e-06,1.0486125e-06,3.3160038e-07,10
3.850,0.0988608,2,1000,12.8,9.0592809e-06,1.0034714e-06,3.1732553e-07,10
3.850,0.0988608,2,1000,14.08,8.7256662e-06,1.0174298e-06,3.2173956e-07,10
3.850,0.0988608,2,1000,15.36,8.3788335e-06,1.0720757e-06,3.390201e-07,10
3.850,0.0988608,2,1000,16.64,8.0765256e-06,1.0331483e-06,3.2671017e-07,10
3.850,0.0988608,2,1000,17.92,7.7471998e-06,1.0659878e-06,3.3709493e-07,10
3.850,0.0988608,2,1000,19.2,7.424297e-06,1.0813284e-06,3.4194607e-07,10
3.850,0.0988608,2,1000,20.48,7.1403132e-06,1.0471404e-06,3.3113486e-07,10
3.850,0.0988608,2,1000,23.04,6.6028307e-06,1.0298037e-06,3.2565253e-07,10
3.850,0.0988608,2,1000,25.6,6.0649619e-06,1.0137806e-06,3.2058558e-07,10
3.850,0.0988608,2,1000,28.16,5.5905135e-06,9.7425185e-07,3.0808549e-07,10
3.850,0.0988608,2,1000,30.72,5.1359312e-06,9.4830139e-07,2.9987923e-07,10
3.850,0.0988608,2,1000,33.28,4.723909e-06,9.3262922e-07,2.9492325e-07,10
3.850,0.0988608,2,1000,35.84,4.340948e-06,8.7357135e-07,2.7624752e-07,10
3.850,0.0988608,2,1000,38.4,4.0006257e-06,8.4264469e-07,2.6646765e-07,10
3.850,0.0988608,2,1000,40.96,3.6860621e-06,8.141517e-07,2.5745737e-07,10
3.850,0.0988608,2,1000,46.08,3.1217975e-06,8.3758028e-07,2.6486614e-07,10
3.850,0.0988608,2,1000,51.2,2.6440824e-06,8.3064138e-07,2.6267187e-07,10
3.850,0.0988608,2,1000,56.32,2.21781e-06,7.6169284e-07,2.4086842e-07,10
3.850,0.0988608,2,1000,61.44,1.8970782e-06,6.6641901e-07,2.107402e-07,10
3.850,0.0988608,2,1000,66.56,1.6055951e-06,6.450929e-07,2.0399629e-07,10
3.850,0.0988608,2,1000,71.68,1.3380581e-06,6.17495e-07,1.9526906e-07,10
3.850,0.0988608,2,1000,76.8,1.0949012e-06,5.9643898e-07,1.8861057e-07,10
3.850,0.0988608,2,1000,81.92,9.3745192e-07,5.5943318e-07,1.7690831e-07,10
3.850,0.0988608,2,1000,92.16,6.8322165e-07,5.4994182e-07,1.7390687e-07,10
3.850,0.0988608,2,1000,102.4,4.9023477e-07,4.9639906e-07,1.5697517e-07,10
3.850,0.0988608,2,1000,112.64,3.8875079e-07,4.7676835e-07,1.5076739e-07,10
3.850,0.0988608,2,1000,122.88,3.4774516e-07,5.0133921e-07,1.5853738e-07,10
3.850,0.0988608,2,1000,133.12,2.8638165e-07,6.4789213e-07,2.0488148e-07,10
3.850,0.0988608,2,1000,143.36,2.1859712e-07,6.7585223e-07,2.1372324e-07,10
3.850,0.0988608,2,1000,153.6,1.1211175e-07,6.4065396e-07,2.0259257e-07,10
3.850,0.0988608,2,1000,163.84,1.6953059e-08,5.9655793e-07,1.8864818e-07,10
3.850,0.0988608,2,1000,184.32,-1.3570947e-07,4.9294376e-07,1.558825e-07,10
3.850,0.0988608,2,1000,204.8,-1.4672652e-07,4.6034336e-07,1.4557335e-07,10
3.850,0.0988608,2,1000,225.28,-1.7408295e-07,3.3765943e-07,1.0677729e-07,10
3.850,0.0988608,2,1000,245.76,-1.770021e-07,4.7155002e-07,1.4911721e-07,10
3.850,0.0988608,2,1000,266.24,-8.1364705e-08,5.4869469e-07,1.735125e-07,10
3.850,0.0988608,2,1000,286.72,-6.2283839e-08,6.893602e-07,2.1799484e-07,10
3.850,0.0988608,2,1000,307.2,-1.8652115e-07,6.714239e-07,2.1232288e-07,10
3.850,0.0988608,2,1000,327.68,-1.6336593e-07,6.3648605e-07,2.0127456e-07,10
3.850,0.0988608,2,1000,368.64,-1.0813459e-07,6.0791085e-07,1.9223829e-07,10
3.850,0.0988608,2,1000,409.6,-1.2952042e-07,4.913009e-07,1.5536299e-07,10
3.850,0.0988608,2,1000,450.56,-4.9039229e-08,9.2321008e-07,2.9194466e-07,10
3.850,0.0988608,2,1000,491.52,-1.1043683e-07,1.0944648e-06,3.4610017e-07,10
3.850,0.0988608,2,1000,532.48,-1.5597578e-07,7.2666657e-07,2.2979214e-07,10
3.850,0.0988608,2,1000,573.44,-2.7032733e-08,7.4790989e-07,2.3650987e-07,10
3.850,0.0988608,2,1000,614.4,1.8898472e-07,9.4443381e-07,2.9865619e-07,10
3.850,0.0988608,2,1000,655.36,2.102358e-07,8.9697516e-07,2.8364845e-07,10
3.850,0.0988608,2,1000,737.28,2.4246453e-07,7.1624808e-07,2.2649753e-07,10
3.850,0.0988608,2,1000,819.2,6.5595027e-08,5.3072025e-07,1.6782848e-07,10
3.850,0.0988608,2,1000,901.12,-3.3804493e-08,6.417138e-07,2.0292772e-07,10
3.850,0.0988608,2,1000,983.04,-9.6948462e-08,6.2579437e-07,1.9789355e-07,10
3.850,0.0988608,2,1000,1064.96,2.8040767e-07,8.5118852e-07,2.6916944e-07,10
3.850,0.0988608,2,1000,1146.88,1.2348511e-07,7.2119702e-07,2.2806252e-07,10
3.850,0.0988608,2,1000,1228.8,-2.3735704e-07,7.2385938e-07,2.2890443e-07,10
3.850,0.0988608,2,1000,1310.72,-2.135147e-07,7.56694e-07,2.3928765e-07,10
3.850,0.0988608,2,1000,1474.56,2.8784263e-07,4.6902404e-07,1.4831842e-07,10
3.850,0.0988608,2,1000,1638.4,8.8499226e-08,3.5181248e-07,1.1125287e-07,10
3.850,0.0988608,2,1000,1802.24,1.6511098e-08,6.362871e-07,2.0121165e-07,10
3.850,0.0988608,2,1000,1966.08,-2.1452553e-08,5.958565e-07,1.8842637e-07,10
3.850,0.0988608,2,1000,2129.92,2.5697631e-07,5.4384089e-07,1.7197759e-07,10
3.850,0.0988608,2,1000,2293.76,3.1607194e-09,6.3552286e-07,2.0096998e-07,10
3.850,0.0988608,2,1000,2457.6,-4.155328e-08,4.4466347e-07,1.4061494e-07,10
3.850,0.0988608,2,1000,2621.44,2.0112835e-07,3.1090555e-07,9.8316968e-08,10
3.850,0.0988608,2,1000,2949.12,1.5241724e-07,4.4477682e-07,1.4065078e-07,10
3.850,0.0988608,2,1000,3276.8,2.4020461e-09,4.5854593e-07,1.4500496e-07,10
3.850,0.0988608,2,1000,3604.48,6.0688987e-09,5.0813136e-07,1.6068524e-07,10
3.850,0.0988608,2,1000,3932.16,-1.3562511e-07,6.3650421e-07,2.012803e-07,10
3.850,0.0988608,2,1000,4259.84,-8.5487475e-08,5.4702607e-07,1.7298483e-07,10
3.850,0.0988608,2,1000,4587.52,1.0601256e-07,6.9020914e-07,2.1826329e-07,10
3.850,0.0988608,2,1000,4915.2,7.6341657e-08,8.3557993e-07,2.6423357e-07,10
3.850,0.0988608,2,1000,5242.88,1.0347598e-07,2.9496851e-07,9.3277234e-08,10
3.850,0.0988608,2,1000,5898.24,2.507023e-07,5.1950526e-07,1.6428199e-07,10
3.850,0.0988608,2,1000,6553.6,3.9304475e-10,5.4318622e-07,1.7177056e-07,10
3.850,0.0988608,2,1000,7208.96,5.358554e-08,7.5331043e-07,2.3821768e-07,10
3.850,0.0988608,2,1000,7864.32,-1.176429e-07,7.2570733e-07,2.2948881e-07,10
3.850,0.0988608,2,1000,8519.68,7.9514752e-08,4.1471245e-07,1.3114359e-07,10
3.850,0.0988608,2,1000,9175.04,1.3442916e-07,4.6398894e-07,1.4672619e-07,10
3.850,0.0636712,2,1000,0,1.420311e-05,8.2532881e-07,2.6099189e-07,10
3.850,0.0636712,2,1000,0.01,1.4197985e-05,8.2531428e-07,2.6098729e-07,10
3.850,0.0636712,2,1000,0.02,1.4182675e-05,8.2527832e-07,2.6097592e-07,10
3.850,0.0636712,2,1000,0.03,1.4157241e-05,8.2522079e-07,2.6095773e-07,10
3.850,0.0636712,2,1000,0.04,1.4121773e-05,8.2514149e-07,2.6093265e-07,10
3.850,0.0636712,2,1000,0.05,1.4076395e-05,8.2504022e-07,2.6090063e-07,10
3.850,0.0636712,2,1000,0.06,1.4021263e-05,8.249166e-07,2.6086153e-07,10
3.850,0.0636712,2,1000,0.07,1.3956562e-05,8.2477019e-07,2.6081524e-07,10
3.850,0.0636712,2,1000,0.08,1.3882506e-05,8.2460058e-07,2.607616e-07,10
3.850,0.0636712,2,1000,0.09,1.3799335e-05,8.2440726e-07,2.6070047e-07,10
3.850,0.0636712,2,1000,0.1,1.3707315e-05,8.2418963e-07,2.6063165e-07,10
3.850,0.0636712,2,1000,0.11,1.3606733e-05,8.239471e-07,2.6055495e-07,10
3.850,0.0636712,2,1000,0.12,1.3497901e-05,8.2367902e-07,2.6047018e-07,10
3.850,0.0636712,2,1000,0.13,1.338115e-05,8.2338473e-07,2.6037711e-07,10
3.850,0.0636712,2,1000,0.14,1.3256827e-05,8.230635e-07,2.6027553e-07,10
3.850,0.0636712,2,1000,0.15,1.31253e-05,8.2271456e-07,2.6016519e-07,10
3.850,0.0636712,2,1000,0.16,1.2985343e-05,8.2232942e-07,2.600434e-07,10
3.850,0.0636712,2,1000,0.18,1.2689967e-05,8.2148541e-07,2.5977649e-07,10
3.850,0.0636712,2,1000,0.2,1.2372182e-05,8.205176e-07,2.5947045e-07,10
3.850,0.0636712,2,1000,0.22,1.2035408e-05,8.1941926e-07,2.5912312e-07,10
3.850,0.0636712,2,1000,0.24,1.1683149e-05,8.1818357e-07,2.5873236e-07,10
3.850,0.0636712,2,1000,0.26,1.1318945e-05,8.1680427e-07,2.5829619e-07,10
3.850,0.0636712,2,1000,0.28,1.0946328e-05,8.1527556e-07,2.5781277e-07,10
3.850,0.0636712,2,1000,0.3,1.0568778e-05,8.1359241e-07,2.5728051e-07,10
3.850,0.0636712,2,1000,0.32,1.0190108e-05,8.1169586e-07,2.5668077e-07,10
3.850,0.0636712,2,1000,0.36,9.4416493e-06,8.075249e-07,2.553618e-07,10
3.850,0.0636712,2,1000,0.4,8.723624e-06,8.0270255e-07,2.5383683e-07,10
3.850,0.0636712,2,1000,0.44,8.0565196e-06,7.9724859e-07,2.5211214e-07,10
3.850,0.0636712,2,1000,0.48,7.4567672e-06,7.9121445e-07,2.5020398e-07,10
3.850,0.0636712,2,1000,0.52,6.9363651e-06,7.8468466e-07,2.4813908e-07,10
3.850,0.0636712,2,1000,0.56,6.502754e-06,7.7777721e-07,2.4595475e-07,10
3.850,0.0636712,2,1000,0.6,6.1589329e-06,7.7064132e-07,2.4369818e-07,10
3.850,0.0636712,2,1000,0.64,5.9247668e-06,7.6347526e-07,2.4143208e-07,10
3.850,0.0636712,2,1000,0.72,5.6541058e-06,7.4985465e-07,2.3712486e-07,10
3.850,0.0636712,2,1000,0.8,5.6451255e-06,7.3849529e-07,2.3353272e-07,10
3.850,0.0636712,2,1000,0.88,5.8050698e-06,7.3087281e-07,2.3112228e-07,10
3.850,0.0636712,2,1000,0.96,6.0386943e-06,7.2787098e-07,2.3017301e-07,10
3.850,0.0636712,2,1000,1.04,6.2661343e-06,7.2948823e-07,2.3068443e-07,10
3.850,0.0636712,2,1000,1.12,6.4340161e-06,7.3484587e-07,2.3237867e-07,10
3.850,0.0636712,2,1000,1.2,6.5192326e-06,7.4246091e-07,2.3478676e-07,10
3.850,0.0636712,2,1000,1.28,6.5128517e-06,7.5034344e-07,2.3727943e-07,10
3.850,0.0636712,2,1000,1.44,6.4186599e-06,7.6191017e-07,2.4093715e-07,10
3.850,0.0636712,2,1000,1.6,6.3739566e-06,7.6320335e-07,2.4134609e-07,10
3.850,0.0636712,2,1000,1.76,6.5193069e-06,7.55761e-07,2.3899261e-07,10
3.850,0.0636712,2,1000,1.92,6.7826716e-06,7.465108e-07,2.3606744e-07,10
3.850,0.0636712,2,1000,2.08,6.9714908e-06,7.415599e-07,2.3450183e-07,10
3.850,0.0636712,2,1000,2.24,6.9590315e-06,7.4274763e-07,2.3487742e-07,10
3.850,0.0636712,2,1000,2.4,6.7882658e-06,7.4830607e-07,2.3663516e-07,10
3.850,0.0636712,2,1000,2.56,6.6347471e-06,7.541432e-07,2.3848102e-07,10
3.850,0.0636712,2,1000,2.88,6.5519401e-06,7.5698497e-07,2.3937967e-07,10
3.850,0.0636712,2,1000,3.2,6.5196021e-06,7.5080365e-07,2.3742496e-07,10
3.850,0.0636712,2,1000,3.52,6.3804582e-06,7.4791432e-07,2.3651128e-07,10
3.850,0.0636712,2,1000,3.84,6.4382685e-06,7.4862493e-07,2.3673599e-07,10
3.850,0.0636712,2,1000,4.16,6.43724e-06,7.4445025e-07,2.3541584e-07,10
3.850,0.0636712,2,1000,4.48,6.0563966e-06,7.3342411e-07,2.3192907e-07,10
3.850,0.0636712,2,1000,4.8,5.7643665e-06,7.3383132e-07,2.3205784e-07,10
3.850,0.0636712,2,1000,5.12,5.8965129e-06,7.4797497e-07,2.3653045e-07,10
3.850,0.0636712,2,1000,5.76,6.0294027e-06,7.5743543e-07,2.3952211e-07,10
3.850,0.0636712,2,1000,6.4,5.8407873e-06,7.328517e-07,2.3174806e-07,10
3.850,0.0636712,2,1000,7.04,5.706738e-06,7.4947352e-07,2.3700434e-07,10
3.850,0.0636712,2,1000,7.68,5.5843544e-06,7.413563e-07,2.3443745e-07,10
3.850,0.0636712,2,1000,8.32,5.4864808e-06,7.2969631e-07,2.3075023e-07,10
3.850,0.0636712,2,1000,8.96,5.4286743e-06,7.1157641e-07,2.2502022e-07,10
3.850,0.0636712,2,1000,9.6,5.3829813e-06,7.2885551e-07,2.3048435e-07,10
3.850,0.0636712,2,1000,10.24,5.2463598e-06,7.2828503e-07,2.3030395e-07,10
3.850,0.0636712,2,1000,11.52,5.0721815e-06,7.3336525e-07,2.3191046e-07,10
3.850,0.0636712,2,1000,12.8,4.9211539e-06,7.0186438e-07,2.2194901e-07,10
3.850,0.0636712,2,1000,14.08,4.7624712e-06,7.0554671e-07,2.2311346e-07,10
3.850,0.0636712,2,1000,15.36,4.6300501e-06,7.1845734e-07,2.2719616e-07,10
3.850,0.0636712,2,1000,16.64,4.465284e-06,7.1903671e-07,2.2737937e-07,10
3.850,0.0636712,2,1000,17.92,4.3591895e-06,7.173173e-07,2.2683565e-07,10
3.850,0.0636712,2,1000,19.2,4.2322743e-06,7.2953219e-07,2.3069834e-07,10
3.850,0.0636712,2,1000,20.48,4.0995513e-06,7.2357414e-07,2.2881423e-07,10
3.850,0.0636712,2,1000,23.04,3.8702063e-06,7.2754455e-07,2.3006979e-07,10
3.850,0.0636712,2,1000,25.6,3.6447183e-06,7.1625e-07,2.2649814e-07,10
3.850,0.0636712,2,1000,28.16,3.4560274e-06,7.2572441e-07,2.2949421e-07,10
3.850,0.0636712,2,1000,30.72,3.2874049e-06,6.9492296e-07,2.1975393e-07,10
3.850,0.0636712,2,1000,33.28,3.1180736e-06,6.7197245e-07,2.1249635e-07,10
3.850,0.0636712,2,1000,35.84,2.9533977e-06,6.5100944e-07,2.0586726e-07,10
3.850,0.0636712,2,1000,38.4,2.7898655e-06,6.5170612e-07,2.0608757e-07,10
3.850,0.0636712,2,1000,40.96,2.6485966e-06,6.5113539e-07,2.0590709e-07,10
3.850,0.0636712,2,1000,46.08,2.3856832e-06,6.4831568e-07,2.0501542e-07,10
3.850,0.0636712,2,1000,51.2,2.159389e-06,6.5019692e-07,2.0561032e-07,10
3.850,0.0636712,2,1000,56.32,1.9529317e-06,6.5185137e-07,2.061335e-07,10
3.850,0.0636712,2,1000,61.44,1.7501744e-06,6.7649175e-07,2.1392548e-07,10
3.850,0.0636712,2,1000,66.56,1.5731144e-06,6.7371236e-07,2.1304655e-07,10
3.850,0.0636712,2,1000,71.68,1.4318261e-06,6.8263298e-07,2.158675e-07,10
3.850,0.0636712,2,1000,76.8,1.3128408e-06,6.7283979e-07,2.1277062e-07,10
3.850,0.0636712,2,1000,81.92,1.2008262e-06,6.821503e-07,2.1571487e-07,10
3.850,0.0636712,2,1000,92.16,9.8121768e-07,6.4037411e-07,2.0250407e-07,10
3.850,0.0636712,2,1000,102.4,7.612503e-07,5.5826205e-07,1.7653796e-07,10
3.850,0.0636712,2,1000,112.64,5.8367899e-07,4.941319e-07,1.5625823e-07,10
3.850,0.0636712,2,1000,122.88,4.2831923e-07,4.7804515e-07,1.5117115e-07,10
3.850,0.0636712,2,1000,133.12,3.1716845e-07,4.3322369e-07,1.3699736e-07,10
3.850,0.0636712,2,1000,143.36,2.418483e-07,4.3751946e-07,1.383558e-07,10
3.850,0.0636712,2,1000,153.6,1.8458677e-07,4.3827059e-07,1.3859333e-07,10
3.850,0.0636712,2,1000,163.84,1.5384296e-07,4.262612e-07,1.3479563e-07,10
3.850,0.0636712,2,1000,184.32,9.4151977e-08,4.3611573e-07,1.379119e-07,10
3.850,0.0636712,2,1000,204.8,-1.9877866e-08,4.7461808e-07,1.5008742e-07,10
3.850,0.0636712,2,1000,225.28,-3.4464132e-08,3.9269318e-07,1.2418049e-07,10
3.850,0.0636712,2,1000,245.76,-3.988184e-08,3.221003e-07,1.0185706e-07,10
3.850,0.0636712,2,1000,266.24,-3.3729901e-08,3.4658735e-07,1.0960054e-07,10
3.850,0.0636712,2,1000,286.72,1.7787285e-08,3.7488412e-07,1.1854877e-07,10
3.850,0.0636712,2,1000,307.2,2.2749943e-08,3.8920736e-07,1.2307817e-07,10
3.850,0.0636712,2,1000,327.68,-5.918981e-08,3.7331959e-07,1.1805402e-07,10
3.850,0.0636712,2,1000,368.64,-1.2060523e-07,3.7145566e-07,1.174646e-07,10
3.850,0.0636712,2,1000,409.6,-1.6878713e-07,4.3653395e-07,1.3804416e-07,10
3.850,0.0636712,2,1000,450.56,-2.0318723e-07,3.2257207e-07,1.0200624e-07,10
3.850,0.0636712,2,1000,491.52,-1.5489873e-07,3.8133168e-07,1.2058766e-07,10
3.850,0.0636712,2,1000,532.48,-1.6549128e-07,3.3661987e-07,1.0644855e-07,10
3.850,0.0636712,2,1000,573.44,-1.7742734e-07,3.7376051e-07,1.1819345e-07,10
3.850,0.0636712,2,1000,614.4,-1.1134395e-07,4.4287725e-07,1.4005008e-07,10
3.850,0.0636712,2,1000,655.36,-1.2494984e-07,3.8949146e-07,1.2316801e-07,10
3.850,0.0636712,2,1000,737.28,2.1692845e-08,3.6224256e-07,1.1455115e-07,10
3.850,0.0636712,2,1000,819.2,5.1846855e-08,4.1507818e-07,1.3125924e-07,10
3.850,0.0636712,2,1000,901.12,6.4006643e-08,6.9912861e-07,2.2108388e-07,10
3.850,0.0636712,2,1000,983.04,-7.6570803e-08,7.4507289e-07,2.3561274e-07,10
3.850,0.0636712,2,1000,1064.96,-1.957356e-07,6.5997677e-07,2.0870298e-07,10
3.850,0.0636712,2,1000,1146.88,-1.2383143e-07,7.2200114e-07,2.2831681e-07,10
3.850,0.0636712,2,1000,1228.8,-2.0420721e-07,3.9432413e-07,1.2469624e-07,10
3.850,0.0636712,2,1000,1310.72,-2.2720871e-07,2.8933619e-07,9.1496138e-08,10
3.850,0.0636712,2,1000,1474.56,7.0472455e-08,1.9561371e-07,6.1858488e-08,10
3.850,0.0636712,2,1000,1638.4,7.2700613e-08,3.227614e-07,1.0206612e-07,10
3.850,0.0636712,2,1000,1802.24,1.4611863e-07,3.5841127e-07,1.133396e-07,10
3.850,0.0636712,2,1000,1966.08,1.7412527e-07,3.1625525e-07,1.0000869e-07,10
3.850,0.0636712,2,1000,2129.92,-1.7335302e-07,3.2296579e-07,1.0213075e-07,10
3.850,0.0636712,2,1000,2293.76,1.323199e-07,4.6360172e-07,1.4660374e-07,10
3.850,0.0636712,2,1000,2457.6,4.6814725e-08,3.0522296e-07,9.6519975e-08,10
3.850,0.0636712,2,1000,2621.44,1.2063926e-07,3.5920097e-07,1.1358932e-07,10
3.850,0.0636712,2,1000,2949.12,-3.7796186e-08,2.0853649e-07,6.594503e-08,10
3.850,0.0636712,2,1000,3276.8,-1.2842931e-07,3.3404205e-07,1.0563337e-07,10
3.850,0.0636712,2,1000,3604.48,-1.4658963e-07,2.7460904e-07,8.6839002e-08,10
3.850,0.0636712,2,1000,3932.16,-1.9967398e-07,5.0573235e-07,1.5992661e-07,10
3.850,0.0636712,2,1000,4259.84,1.5628757e-07,4.1699258e-07,1.3186463e-07,10
3.850,0.0636712,2,1000,4587.52,2.273544e-08,3.4303747e-07,1.0847797e-07,10
3.850,0.0636712,2,1000,4915.2,1.6004226e-07,4.3101691e-07,1.3629952e-07,10
3.850,0.0636712,2,1000,5242.88,1.4144998e-07,4.1831059e-07,1.3228142e-07,10
3.850,0.0636712,2,1000,5898.24,1.1673909e-08,3.7584455e-07,1.1885248e-07,10
3.850,0.0636712,2,1000,6553.6,-3.4028228e-08,3.5602879e-07,1.1258619e-07,10
3.850,0.0636712,2,1000,7208.96,9.0314362e-08,5.3560883e-07,1.6937439e-07,10
3.850,0.0636712,2,1000,7864.32,-9.0849557e-08,6.1444093e-07,1.9430328e-07,10
3.850,0.0636712,2,1000,8519.68,8.5733444e-08,4.585585e-07,1.4500893e-07,10
3.850,0.0636712,2,1000,9175.04,-2.2388862e-08,5.4704594e-07,1.7299111e-07,10
3.850,0.04100738,2,1000,0,7.0206428e-06,2.7998458e-07,8.8538897e-08,10
3.850,0.04100738,2,1000,0.01,7.0180908e-06,2.7997814e-07,8.853686e-08,10
3.850,0.04100738,2,1000,0.02,7.0104794e-06,2.7997399e-07,8.8535551e-08,10
3.850,0.04100738,2,1000,0.03,6.9978325e-06,2.7997216e-07,8.853497e-08,10
3.850,0.04100738,2,1000,0.04,6.9801874e-06,2.7997267e-07,8.8535133e-08,10
3.850,0.04100738,2,1000,0.05,6.9575953e-06,2.7997555e-07,8.8536044e-08,10
3.850,0.04100738,2,1000,0.06,6.9301209e-06,2.7998081e-07,8.8537708e-08,10
3.850,0.04100738,2,1000,0.07,6.897842e-06,2.7998849e-07,8.8540136e-08,10
3.850,0.04100738,2,1000,0.08,6.8608489e-06,2.799986e-07,8.8543333e-08,10
3.850,0.04100738,2,1000,0.09,6.8192441e-06,2.8001115e-07,8.8547302e-08,10
3.850,0.04100738,2,1000,0.1,6.7731413e-06,2.8002616e-07,8.8552047e-08,10
3.850,0.04100738,2,1000,0.11,6.7226653e-06,2.8004365e-07,8.8557578e-08,10
3.850,0.04100738,2,1000,0.12,6.6679513e-06,2.800636e-07,8.8563887e-08,10
3.850,0.04100738,2,1000,0.13,6.6091443e-06,2.8008602e-07,8.8570977e-08,10
3.850,0.04100738,2,1000,0.14,6.5463984e-06,2.801109e-07,8.8578844e-08,10
3.850,0.04100738,2,1000,0.15,6.4798762e-06,2.8013821e-07,8.8587481e-08,10
3.850,0.04100738,2,1000,0.16,6.4088916e-06,2.8016815e-07,8.8596949e-08,10
3.850,0.04100738,2,1000,0.18,6.2586314e-06,2.8023454e-07,8.8617943e-08,10
3.850,0.04100738,2,1000,0.2,6.0961714e-06,2.8030972e-07,8.8641718e-08,10
3.850,0.04100738,2,1000,0.22,5.9230941e-06,2.8039276e-07,8.8667975e-08,10
3.850,0.04100738,2,1000,0.24,5.7410461e-06,2.8048249e-07,8.8696351e-08,10
3.850,0.04100738,2,1000,0.26,5.5517168e-06,2.8057759e-07,8.8726424e-08,10
3.850,0.04100738,2,1000,0.28,5.3568183e-06,2.806764e-07,8.875767e-08,10
3.850,0.04100738,2,1000,0.3,5.158065e-06,2.8077708e-07,8.8789509e-08,10
3.850,0.04100738,2,1000,0.32,4.9570218e-06,2.8085203e-07,8.881321e-08,10
3.850,0.04100738,2,1000,0.36,4.5561193e-06,2.8104239e-07,8.8873408e-08,10
3.850,0.04100738,2,1000,0.4,4.1656949e-06,2.8120508e-07,8.8924855e-08,10
3.850,0.04100738,2,1000,0.44,3.7970104e-06,2.8132254e-07,8.8962e-08,10
3.850,0.04100738,2,1000,0.48,3.4596453e-06,2.8138014e-07,8.8980213e-08,10
3.850,0.04100738,2,1000,0.52,3.1612171e-06,2.8136641e-07,8.8975872e-08,10
3.850,0.04100738,2,1000,0.56,2.9072141e-06,2.8127455e-07,8.8946823e-08,10
3.850,0.04100738,2,1000,0.6,2.7009384e-06,2.8110341e-07,8.8892702e-08,10
3.850,0.04100738,2,1000,0.64,2.5555652e-06,2.8082838e-07,8.8805733e-08,10
3.850,0.04100738,2,1000,0.72,2.3806484e-06,2.8014652e-07,8.8590108e-08,10
3.850,0.04100738,2,1000,0.8,2.3686102e-06,2.7929809e-07,8.832181e-08,10
3.850,0.04100738,2,1000,0.88,2.4749646e-06,2.7839998e-07,8.8037803e-08,10
3.850,0.04100738,2,1000,0.96,2.6471044e-06,2.7755541e-07,8.7770727e-08,10
3.850,0.04100738,2,1000,1.04,2.8342896e-06,2.7685162e-07,8.7548169e-08,10
3.850,0.04100738,2,1000,1.12,2.995526e-06,2.7639111e-07,8.7402542e-08,10
3.850,0.04100738,2,1000,1.2,3.104467e-06,2.7629764e-07,8.7372986e-08,10
3.850,0.04100738,2,1000,1.28,3.1367248e-06,2.7680733e-07,8.7534165e-08,10
3.850,0.04100738,2,1000,1.44,3.0833378e-06,2.7930504e-07,8.8324008e-08,10
3.850,0.04100738,2,1000,1.6,2.9532694e-06,2.8358989e-07,8.9678999e-08,10
3.850,0.04100738,2,1000,1.76,2.8877085e-06,2.8793093e-07,9.1051755e-08,10
3.850,0.04100738,2,1000,1.92,2.9202735e-06,2.8999402e-07,9.1704162e-08,10
3.850,0.04100738,2,1000,2.08,2.9744585e-06,2.8830989e-07,9.1171592e-08,10
3.850,0.04100738,2,1000,2.24,2.9588629e-06,2.8328371e-07,8.9582174e-08,10
3.850,0.04100738,2,1000,2.4,2.8606474e-06,2.7668542e-07,8.7495613e-08,10
3.850,0.04100738,2,1000,2.56,2.7733199e-06,2.7099934e-07,8.5697515e-08,10
3.850,0.04100738,2,1000,2.88,2.8264303e-06,2.674345e-07,8.4570215e-08,10
3.850,0.04100738,2,1000,3.2,3.0738799e-06,2.7479986e-07,8.6899346e-08,10
3.850,0.04100738,2,1000,3.52,3.1383095e-06,2.8214033e-07,8.9220607e-08,10
3.850,0.04100738,2,1000,3.84,3.1132263e-06,2.8151752e-07,8.9023655e-08,10
3.850,0.04100738,2,1000,4.16,3.082439e-06,2.7567853e-07,8.7177207e-08,10
3.850,0.04100738,2,1000,4.48,2.8496576e-06,2.6852604e-07,8.4915389e-08,10
3.850,0.04100738,2,1000,4.8,2.6289235e-06,2.706496e-07,8.558692e-08,10
3.850,0.04100738,2,1000,5.12,2.7233182e-06,2.798457e-07,8.849498e-08,10
3.850,0.04100738,2,1000,5.76,2.7293707e-06,2.7084405e-07,8.5648409e-08,10
3.850,0.04100738,2,1000,6.4,2.6079365e-06,2.7919701e-07,8.8289845e-08,10
3.850,0.04100738,2,1000,7.04,2.727579e-06,2.7792577e-07,8.7887844e-08,10
3.850,0.04100738,2,1000,7.68,2.6716205e-06,2.8349408e-07,8.96487e-08,10
3.850,0.04100738,2,1000,8.32,2.5910441e-06,2.6847108e-07,8.4898009e-08,10
3.850,0.04100738,2,1000,8.96,2.5171297e-06,2.6972172e-07,8.5293498e-08,10
3.850,0.04100738,2,1000,9.6,2.4999957e-06,2.7979956e-07,8.8480391e-08,10
3.850,0.04100738,2,1000,10.24,2.4722283e-06,2.8225603e-07,8.9257193e-08,10
3.850,0.04100738,2,1000,11.52,2.4013805e-06,2.7700542e-07,8.7596806e-08,10
3.850,0.04100738,2,1000,12.8,2.3148823e-06,2.8217676e-07,8.9232125e-08,10
3.850,0.04100738,2,1000,14.08,2.2486083e-06,2.753474e-07,8.7072494e-08,10
3.850,0.04100738,2,1000,15.36,2.1916254e-06,2.8638902e-07,9.0564161e-08,10
3.850,0.04100738,2,1000,16.64,2.1214587e-06,2.8213737e-07,8.921967e-08,10
3.850,0.04100738,2,1000,17.92,2.0712909e-06,2.9395353e-07,9.2956269e-08,10
3.850,0.04100738,2,1000,19.2,2.0123709e-06,2.9397981e-07,9.2964577e-08,10
3.850,0.04100738,2,1000,20.48,1.9588496e-06,2.9523931e-07,9.3362868e-08,10
3.850,0.04100738,2,1000,23.04,1.8519234e-06,2.952806e-07,9.3375923e-08,10
3.850,0.04100738,2,1000,25.6,1.7602233e-06,2.995961e-07,9.4740607e-08,10
3.850,0.04100738,2,1000,28.16,1.6735765e-06,3.0034182e-07,9.4976424e-08,10
3.850,0.04100738,2,1000,30.72,1.5809049e-06,2.927845e-07,9.2586588e-08,10
3.850,0.04100738,2,1000,33.28,1.4955982e-06,2.9757033e-07,9.4100002e-08,10
3.850,0.04100738,2,1000,35.84,1.4190343e-06,2.9776716e-07,9.4162244e-08,10
3.850,0.04100738,2,1000,38.4,1.3440045e-06,3.0425288e-07,9.621321e-08,10
3.850,0.04100738,2,1000,40.96,1.2733784e-06,3.0267477e-07,9.5714168e-08,10
3.850,0.04100738,2,1000,46.08,1.1360187e-06,3.1444565e-07,9.9436446e-08,10
3.850,0.04100738,2,1000,51.2,1.0156742e-06,3.1835845e-07,1.0067378e-07,10
3.850,0.04100738,2,1000,56.32,9.1343444e-07,3.1911477e-07,1.0091295e-07,10
3.850,0.04100738,2,1000,61.44,8.148857e-07,3.1229924e-07,9.875769e-08,10
3.850,0.04100738,2,1000,66.56,7.4139039e-07,3.1364037e-07,9.9181794e-08,10
3.850,0.04100738,2,1000,71.68,6.7122511e-07,3.0741749e-07,9.7213947e-08,10
3.850,0.04100738,2,1000,76.8,6.2036673e-07,3.0067515e-07,9.5081832e-08,10
3.850,0.04100738,2,1000,81.92,5.6036128e-07,2.9689591e-07,9.388673e-08,10
3.850,0.04100738,2,1000,92.16,4.5815437e-07,2.7057551e-07,8.5563491e-08,10
3.850,0.04100738,2,1000,102.4,3.7627457e-07,2.5302399e-07,8.001321e-08,10
3.850,0.04100738,2,1000,112.64,3.1164431e-07,2.3011436e-07,7.2768551e-08,10
3.850,0.04100738,2,1000,122.88,2.4616594e-07,2.0677282e-07,6.5387308e-08,10
3.850,0.04100738,2,1000,133.12,1.9691713e-07,1.8463273e-07,5.8385995e-08,10
3.850,0.04100738,2,1000,143.36,1.6946108e-07,1.7959554e-07,5.6793095e-08,10
3.850,0.04100738,2,1000,153.6,1.4387078e-07,1.7971406e-07,5.6830575e-08,10
3.850,0.04100738,2,1000,163.84,1.1491752e-07,1.6520266e-07,5.2241668e-08,10
3.850,0.04100738,2,1000,184.32,8.8102541e-08,1.705163e-07,5.3921988e-08,10
3.850,0.04100738,2,1000,204.8,7.3228737e-08,2.0823419e-07,6.5849433e-08,10
3.850,0.04100738,2,1000,225.28,3.2877508e-08,1.9962747e-07,6.312775e-08,10
3.850,0.04100738,2,1000,245.76,4.4251385e-08,1.9038326e-07,6.0204472e-08,10
3.850,0.04100738,2,1000,266.24,4.8466644e-08,1.9198701e-07,6.0711622e-08,10
3.850,0.04100738,2,1000,286.72,4.7034736e-08,1.9646197e-07,6.212673e-08,10
3.850,0.04100738,2,1000,307.2,7.0105544e-08,1.9045994e-07,6.0228721e-08,10
3.850,0.04100738,2,1000,327.68,1.2330039e-07,1.9713979e-07,6.2341076e-08,10
3.850,0.04100738,2,1000,368.64,1.1778483e-07,2.077212e-07,6.568721e-08,10
3.850,0.04100738,2,1000,409.6,1.1877463e-07,1.8039964e-07,5.7047375e-08,10
3.850,0.04100738,2,1000,450.56,1.1213827e-07,2.2470859e-07,7.1059096e-08,10
3.850,0.04100738,2,1000,491.52,1.3273464e-07,1.9619006e-07,6.2040745e-08,10
3.850,0.04100738,2,1000,532.48,1.7070312e-07,1.874228e-07,5.9268292e-08,10
3.850,0.04100738,2,1000,573.44,1.4033808e-07,1.781038e-07,5.6321366e-08,10
3.850,0.04100738,2,1000,614.4,5.1455994e-08,1.2969796e-07,4.1014097e-08,10
3.850,0.04100738,2,1000,655.36,6.1442541e-08,1.4077075e-07,4.451562e-08,10
3.850,0.04100738,2,1000,737.28,1.4580485e-07,1.6091786e-07,5.0886695e-08,10
3.850,0.04100738,2,1000,819.2,-3.0930484e-08,1.4594936e-07,4.6153241e-08,10
3.850,0.04100738,2,1000,901.12,-4.4934042e-08,1.5214702e-07,4.8113112e-08,10
3.850,0.04100738,2,1000,983.04,-1.3046782e-07,1.9834914e-07,6.2723506e-08,10
3.850,0.04100738,2,1000,1064.96,1.0280926e-08,1.6653719e-07,5.2663682e-08,10
3.850,0.04100738,2,1000,1146.88,2.0249807e-09,1.7537335e-07,5.5457922e-08,10
3.850,0.04100738,2,1000,1228.8,-1.0418149e-07,1.3220026e-07,4.1805392e-08,10
3.850,0.04100738,2,1000,1310.72,-4.9625796e-08,1.7743283e-07,5.6109187e-08,10
3.850,0.04100738,2,1000,1474.56,2.4537981e-08,2.6446798e-07,8.3632119e-08,10
3.850,0.04100738,2,1000,1638.4,-1.0938305e-07,9.0005368e-08,2.8462196e-08,10
3.850,0.04100738,2,1000,1802.24,-1.0313089e-07,1.6741248e-07,5.2940473e-08,10
3.850,0.04100738,2,1000,1966.08,-1.2028317e-07,2.2545886e-07,7.1296352e-08,10
3.850,0.04100738,2,1000,2129.92,-2.6400136e-08,1.8777719e-07,5.9380361e-08,10
3.850,0.04100738,2,1000,2293.76,-6.0346152e-08,2.3038321e-07,7.2853567e-08,10
3.850,0.04100738,2,1000,2457.6,-2.0927082e-07,1.8353239e-07,5.8038039e-08,10
3.850,0.04100738,2,1000,2621.44,-1.2795895e-07,1.4504858e-07,4.5868389e-08,10
3.850,0.04100738,2,1000,2949.12,2.6946321e-09,1.1808306e-07,3.7341141e-08,10
3.850,0.04100738,2,1000,3276.8,-1.1532168e-08,1.7030821e-07,5.3856184e-08,10
3.850,0.04100738,2,1000,3604.48,1.0621986e-07,1.1458756e-07,3.6235768e-08,10
3.850,0.04100738,2,1000,3932.16,3.7026876e-08,1.9106518e-07,6.0420115e-08,10
3.850,0.04100738,2,1000,4259.84,5.4632604e-08,1.8130379e-07,5.7333294e-08,10
3.850,0.04100738,2,1000,4587.52,5.9287686e-08,1.2324927e-07,3.897484e-08,10
3.850,0.04100738,2,1000,4915.2,3.435238e-08,2.6114622e-07,8.2581684e-08,10
3.850,0.04100738,2,1000,5242.88,7.3316593e-09,1.9734806e-07,6.2406935e-08,10
3.850,0.04100738,2,1000,5898.24,-4.4318371e-08,1.7105802e-07,5.4093294e-08,10
3.850,0.04100738,2,1000,6553.6,-6.0728058e-08,2.1970594e-07,6.9477119e-08,10
3.850,0.04100738,2,1000,7208.96,-1.100018e-07,2.6189384e-07,8.2818103e-08,10
3.850,0.04100738,2,1000,7864.32,-9.9665079e-08,2.263067e-07,7.1564461e-08,10
3.850,0.04100738,2,1000,8519.68,8.0824825e-08,2.5964277e-07,8.2106254e-08,10
3.850,0.04100738,2,1000,9175.04,7.4822053e-08,1.0031744e-07,3.1723158e-08,10
3.850,0.0239427,2,1000,0,3.1304317e-06,1.0759996e-07,3.4026096e-08,10
3.850,0.0239427,2,1000,0.01,3.1292977e-06,1.076033e-07,3.4027152e-08,10
3.850,0.0239427,2,1000,0.02,3.1259118e-06,1.0761217e-07,3.4029957e-08,10
3.850,0.0239427,2,1000,0.03,3.1202828e-06,1.0762659e-07,3.4034515e-08,10
3.850,0.0239427,2,1000,0.04,3.1124245e-06,1.0764656e-07,3.4040832e-08,10
3.850,0.0239427,2,1000,0.05,3.1023563e-06,1.0767213e-07,3.4048918e-08,10
3.850,0.0239427,2,1000,0.06,3.0901025e-06,1.0770335e-07,3.4058791e-08,10
3.850,0.0239427,2,1000,0.07,3.0756927e-06,1.0774027e-07,3.4070465e-08,10
3.850,0.0239427,2,1000,0.08,3.0591615e-06,1.0778293e-07,3.4083954e-08,10
3.850,0.0239427,2,1000,0.09,3.0405484e-06,1.0783139e-07,3.409928e-08,10
3.850,0.0239427,2,1000,0.1,3.0198975e-06,1.0788572e-07,3.411646e-08,10
3.850,0.0239427,2,1000,0.11,2.9972574e-06,1.0794596e-07,3.4135509e-08,10
3.850,0.0239427,2,1000,0.12,2.9726812e-06,1.0801219e-07,3.4156454e-08,10
3.850,0.0239427,2,1000,0.13,2.9462261e-06,1.0808446e-07,3.4179306e-08,10
3.850,0.0239427,2,1000,0.14,2.9179533e-06,1.081628e-07,3.4204082e-08,10
3.850,0.0239427,2,1000,0.15,2.8879277e-06,1.0824727e-07,3.4230791e-08,10
3.850,0.0239427,2,1000,0.16,2.8558149e-06,1.0833904e-07,3.4259812e-08,10
3.850,0.0239427,2,1000,0.18,2.7876717e-06,1.0853857e-07,3.4322909e-08,10
3.850,0.0239427,2,1000,0.2,2.7136965e-06,1.0876242e-07,3.4393698e-08,10
3.850,0.0239427,2,1000,0.22,2.634543e-06,1.0901009e-07,3.4472018e-08,10
3.850,0.0239427,2,1000,0.24,2.5509002e-06,1.0928065e-07,3.4557575e-08,10
3.850,0.0239427,2,1000,0.26,2.4634842e-06,1.0957265e-07,3.4649916e-08,10
3.850,0.0239427,2,1000,0.28,2.3730308e-06,1.0988419e-07,3.4748432e-08,10
3.850,0.0239427,2,1000,0.3,2.2802873e-06,1.1021289e-07,3.4852376e-08,10
3.850,0.0239427,2,1000,0.32,2.1858061e-06,1.1055594e-07,3.4960859e-08,10
3.850,0.0239427,2,1000,0.36,1.9959638e-06,1.1126913e-07,3.5186389e-08,10
3.850,0.0239427,2,1000,0.4,1.8087182e-06,1.1199475e-07,3.5415851e-08,10
3.850,0.0239427,2,1000,0.44,1.6294626e-06,1.1269816e-07,3.5638287e-08,10
3.850,0.0239427,2,1000,0.48,1.4630088e-06,1.1334378e-07,3.5842451e-08,10
3.850,0.0239427,2,1000,0.52,1.3134338e-06,1.138982e-07,3.6017772e-08,10
3.850,0.0239427,2,1000,0.56,1.1839678e-06,1.1433307e-07,3.6155293e-08,10
3.850,0.0239427,2,1000,0.6,1.0769227e-06,1.1462718e-07,3.6248296e-08,10
3.850,0.0239427,2,1000,0.64,9.9971918e-07,1.147233e-07,3.6278693e-08,10
3.850,0.0239427,2,1000,0.72,9.0497654e-07,1.1453563e-07,3.6219345e-08,10
3.850,0.0239427,2,1000,0.8,8.9885208e-07,1.1378087e-07,3.5980672e-08,10
3.850,0.0239427,2,1000,0.88,9.6386112e-07,1.1258048e-07,3.5601075e-08,10
3.850,0.0239427,2,1000,0.96,1.0755651e-06,1.1107289e-07,3.5124331e-08,10
3.850,0.0239427,2,1000,1.04,1.2070621e-06,1.0938505e-07,3.4590589e-08,10
3.850,0.0239427,2,1000,1.12,1.3332224e-06,1.0764399e-07,3.404002e-08,10
3.850,0.0239427,2,1000,1.2,1.4341148e-06,1.0600845e-07,3.3522816e-08,10
3.850,0.0239427,2,1000,1.28,1.4867256e-06,1.0475541e-07,3.3126569e-08,10
3.850,0.0239427,2,1000,1.44,1.4934211e-06,1.0375797e-07,3.2811151e-08,10
3.850,0.0239427,2,1000,1.6,1.3890044e-06,1.0491861e-07,3.3178178e-08,10
3.850,0.0239427,2,1000,1.76,1.2641852e-06,1.0646251e-07,3.3666401e-08,10
3.850,0.0239427,2,1000,1.92,1.1832254e-06,1.065404e-07,3.3691033e-08,10
3.850,0.0239427,2,1000,2.08,1.1490718e-06,1.0514835e-07,3.3250828e-08,10
3.850,0.0239427,2,1000,2.24,1.1258041e-06,1.0361287e-07,3.2765266e-08,10
3.850,0.0239427,2,1000,2.4,1.086456e-06,1.0320828e-07,3.2637324e-08,10
3.850,0.0239427,2,1000,2.56,1.047694e-06,1.0457227e-07,3.3068655e-08,10
3.850,0.0239427,2,1000,2.88,1.0772048e-06,1.0775695e-07,3.4075739e-08,10
3.850,0.0239427,2,1000,3.2,1.2624171e-06,1.0675367e-07,3.3758474e-08,10
3.850,0.0239427,2,1000,3.52,1.3643773e-06,1.0356151e-07,3.2749025e-08,10
3.850,0.0239427,2,1000,3.84,1.3287355e-06,1.0625817e-07,3.3601785e-08,10
3.850,0.0239427,2,1000,4.16,1.3251556e-06,1.1215575e-07,3.5466761e-08,10
3.850,0.0239427,2,1000,4.48,1.3260975e-06,1.1289004e-07,3.5698965e-08,10
3.850,0.0239427,2,1000,4.8,1.2801229e-06,1.0778769e-07,3.4085461e-08,10
3.850,0.0239427,2,1000,5.12,1.3084703e-06,1.0596092e-07,3.3507785e-08,10
3.850,0.0239427,2,1000,5.76,1.2408489e-06,1.0822386e-07,3.4223388e-08,10
3.850,0.0239427,2,1000,6.4,1.1099104e-06,1.0490857e-07,3.3175001e-08,10
3.850,0.0239427,2,1000,7.04,1.1595009e-06,9.73884e-08,3.0796916e-08,10
3.850,0.0239427,2,1000,7.68,1.1134871e-06,9.8509093e-08,3.115131e-08,10
3.850,0.0239427,2,1000,8.32,1.1824163e-06,1.0386645e-07,3.2845455e-08,10
3.850,0.0239427,2,1000,8.96,1.1912685e-06,1.0538686e-07,3.332625e-08,10
3.850,0.0239427,2,1000,9.6,1.1730274e-06,1.0932255e-07,3.4570826e-08,10
3.850,0.0239427,2,1000,10.24,1.1418939e-06,1.0614223e-07,3.356512e-08,10
3.850,0.0239427,2,1000,11.52,1.0943175e-06,9.8198228e-08,3.1053006e-08,10
3.850,0.0239427,2,1000,12.8,1.0951623e-06,9.8356902e-08,3.1103183e-08,10
3.850,0.0239427,2,1000,14.08,1.078925e-06,1.0404082e-07,3.2900595e-08,10
3.850,0.0239427,2,1000,15.36,1.0459012e-06,9.7588703e-08,3.0860257e-08,10
3.850,0.0239427,2,1000,16.64,1.0314538e-06,9.5742577e-08,3.0276461e-08,10
3.850,0.0239427,2,1000,17.92,1.0170362e-06,1.0095153e-07,3.1923676e-08,10
3.850,0.0239427,2,1000,19.2,9.9725154e-07,1.0215939e-07,3.2305636e-08,10
3.850,0.0239427,2,1000,20.48,9.8017481e-07,1.0302461e-07,3.2579242e-08,10
3.850,0.0239427,2,1000,23.04,9.4818084e-07,1.0256989e-07,3.2435448e-08,10
3.850,0.0239427,2,1000,25.6,9.1432663e-07,1.0032094e-07,3.1724268e-08,10
3.850,0.0239427,2,1000,28.16,8.8372217e-07,9.7643898e-08,3.0877712e-08,10
3.850,0.0239427,2,1000,30.72,8.5645596e-07,1.010697e-07,3.1961046e-08,10
3.850,0.0239427,2,1000,33.28,8.2302719e-07,9.568351e-08,3.0257782e-08,10
3.850,0.0239427,2,1000,35.84,7.961556e-07,1.0304307e-07,3.2585081e-08,10
3.850,0.0239427,2,1000,38.4,7.7237505e-07,9.9538457e-08,3.1476824e-08,10
3.850,0.0239427,2,1000,40.96,7.4762448e-07,9.5975515e-08,3.0350123e-08,10
3.850,0.0239427,2,1000,46.08,7.0135848e-07,9.676956e-08,3.0601222e-08,10
3.850,0.0239427,2,1000,51.2,6.5959311e-07,9.4499575e-08,2.988339e-08,10
3.850,0.0239427,2,1000,56.32,6.2732106e-07,9.3971669e-08,2.9716451e-08,10
3.850,0.0239427,2,1000,61.44,5.9098368e-07,9.1698297e-08,2.8997548e-08,10
3.850,0.0239427,2,1000,66.56,5.593366e-07,8.9235013e-08,2.8218589e-08,10
3.850,0.0239427,2,1000,71.68,5.306198e-07,9.071276e-08,2.8685894e-08,10
3.850,0.0239427,2,1000,76.8,5.0264047e-07,8.8421972e-08,2.7961483e-08,10
3.850,0.0239427,2,1000,81.92,4.800199e-07,8.7747628e-08,2.7748236e-08,10
3.850,0.0239427,2,1000,92.16,4.3654658e-07,8.28163e-08,2.6188814e-08,10
3.850,0.0239427,2,1000,102.4,3.9972085e-07,8.5047321e-08,2.6894324e-08,10
3.850,0.0239427,2,1000,112.64,3.6515863e-07,8.4323506e-08,2.6665434e-08,10
3.850,0.0239427,2,1000,122.88,3.3356683e-07,9.1586768e-08,2.8962279e-08,10
3.850,0.0239427,2,1000,133.12,3.0650409e-07,1.0487716e-07,3.3165069e-08,10
3.850,0.0239427,2,1000,143.36,2.7493583e-07,1.1209711e-07,3.5448219e-08,10
3.850,0.0239427,2,1000,153.6,2.4824844e-07,1.1953769e-07,3.7801138e-08,10
3.850,0.0239427,2,1000,163.84,2.2251861e-07,1.2609344e-07,3.9874245e-08,10
3.850,0.0239427,2,1000,184.32,1.7504581e-07,1.2897411e-07,4.0785195e-08,10
3.850,0.0239427,2,1000,204.8,1.367796e-07,1.2256173e-07,3.8757423e-08,10
3.850,0.0239427,2,1000,225.28,9.7806357e-08,1.1978842e-07,3.7880425e-08,10
3.850,0.0239427,2,1000,245.76,6.8029883e-08,1.1486133e-07,3.6322342e-08,10
3.850,0.0239427,2,1000,266.24,4.3618861e-08,1.1758588e-07,3.718392e-08,10
3.850,0.0239427,2,1000,286.72,3.0505642e-08,1.1768135e-07,3.721411e-08,10
3.850,0.0239427,2,1000,307.2,1.6801206e-08,1.1348812e-07,3.5888094e-08,10
3.850,0.0239427,2,1000,327.68,1.4696798e-08,1.1765006e-07,3.7204216e-08,10
3.850,0.0239427,2,1000,368.64,5.9087409e-09,1.2520096e-07,3.9592019e-08,10
3.850,0.0239427,2,1000,409.6,4.7427934e-09,1.2088043e-07,3.8225747e-08,10
3.850,0.0239427,2,1000,450.56,1.344644e-08,1.2741603e-07,4.0292486e-08,10
3.850,0.0239427,2,1000,491.52,2.1840585e-08,1.3609508e-07,4.3037044e-08,10
3.850,0.0239427,2,1000,532.48,3.7998232e-08,1.2292438e-07,3.8872102e-08,10
3.850,0.0239427,2,1000,573.44,5.7217225e-08,1.1029069e-07,3.487698e-08,10
3.850,0.0239427,2,1000,614.4,5.1549924e-08,1.097581e-07,3.470856e-08,10
3.850,0.0239427,2,1000,655.36,4.7074118e-08,1.2000814e-07,3.7949907e-08,10
3.850,0.0239427,2,1000,737.28,4.1885085e-08,1.2996752e-07,4.1099339e-08,10
3.850,0.0239427,2,1000,819.2,4.9596647e-08,9.2863586e-08,2.9366044e-08,10
3.850,0.0239427,2,1000,901.12,7.2750387e-08,1.0467372e-07,3.3100735e-08,10
3.850,0.0239427,2,1000,983.04,3.494837e-08,1.2740465e-07,4.0288889e-08,10
3.850,0.0239427,2,1000,1064.96,-2.6126418e-08,1.2949887e-07,4.0951138e-08,10
3.850,0.0239427,2,1000,1146.88,-1.6029355e-08,1.0845807e-07,3.4297454e-08,10
3.850,0.0239427,2,1000,1228.8,-4.4223856e-08,1.135849e-07,3.5918701e-08,10
3.850,0.0239427,2,1000,1310.72,-5.8706186e-09,1.3176206e-07,4.1666823e-08,10
3.850,0.0239427,2,1000,1474.56,2.8303118e-08,1.4097668e-07,4.4580741e-08,10
3.850,0.0239427,2,1000,1638.4,3.1763076e-08,1.4561611e-07,4.6047858e-08,10
3.850,0.0239427,2,1000,1802.24,1.2606944e-08,9.9385255e-08,3.1428377e-08,10
3.850,0.0239427,2,1000,1966.08,5.2753224e-08,1.2995261e-07,4.1094625e-08,10
3.850,0.0239427,2,1000,2129.92,1.031269e-07,9.5688756e-08,3.0259442e-08,10
3.850,0.0239427,2,1000,2293.76,3.2574313e-08,8.707808e-08,2.7536507e-08,10
3.850,0.0239427,2,1000,2457.6,3.9522025e-08,1.1889608e-07,3.7598242e-08,10
3.850,0.0239427,2,1000,2621.44,3.0158144e-08,1.0258563e-07,3.2440425e-08,10
3.850,0.0239427,2,1000,2949.12,2.8182469e-08,1.1606877e-07,3.6704168e-08,10
3.850,0.0239427,2,1000,3276.8,5.3768574e-08,1.065581e-07,3.369663e-08,10
3.850,0.0239427,2,1000,3604.48,6.2980447e-08,1.1608208e-07,3.6708377e-08,10
3.850,0.0239427,2,1000,3932.16,4.4915767e-08,1.2612206e-07,3.9883297e-08,10
3.850,0.0239427,2,1000,4259.84,-2.4364583e-08,1.4190054e-07,4.4872891e-08,10
3.850,0.0239427,2,1000,4587.52,-4.8367792e-08,1.1712991e-07,3.703973e-08,10
3.850,0.0239427,2,1000,4915.2,-6.072809e-08,1.0312476e-07,3.2610913e-08,10
3.850,0.0239427,2,1000,5242.88,-4.3840447e-08,1.1724021e-07,3.7074609e-08,10
3.850,0.0239427,2,1000,5898.24,-6.306551e-09,1.2372823e-07,3.9126301e-08,10
3.850,0.0239427,2,1000,6553.6,2.1498921e-08,1.3024016e-07,4.1185556e-08,10
3.850,0.0239427,2,1000,7208.96,-6.6769253e-08,1.2146039e-07,3.8409147e-08,10
3.850,0.0239427,2,1000,7864.32,-6.101096e-08,1.1494671e-07,3.634934e-08,10
3.850,0.0239427,2,1000,8519.68,-2.3532333e-09,2.6393669e-07,8.3464109e-08,10
3.850,0.0239427,2,1000,9175.04,-1.8506541e-07,2.7276247e-07,8.6255065e-08,10
3.850,0.01212699,3,1000,0,1.1233829e-06,8.0988163e-08,2.5610706e-08,10
3.850,0.01212699,3,1000,0.01,1.1229506e-06,8.0988246e-08,2.5610732e-08,10
3.850,0.01212699,3,1000,0.02,1.1216594e-06,8.0986739e-08,2.5610256e-08,10
3.850,0.01212699,3,1000,0.03,1.119512e-06,8.0983662e-08,2.5609283e-08,10
3.850,0.01212699,3,1000,0.04,1.116513e-06,8.0979036e-08,2.560782e-08,10
3.850,0.01212699,3,1000,0.05,1.1126687e-06,8.0972894e-08,2.5605877e-08,10
3.850,0.01212699,3,1000,0.06,1.1079873e-06,8.0965286e-08,2.5603472e-08,10
3.850,0.01212699,3,1000,0.07,1.1024787e-06,8.0956265e-08,2.5600619e-08,10
3.850,0.01212699,3,1000,0.08,1.0961543e-06,8.0945896e-08,2.559734e-08,10
3.850,0.01212699,3,1000,0.09,1.0890275e-06,8.0934257e-08,2.5593659e-08,10
3.850,0.01212699,3,1000,0.1,1.0811131e-06,8.0921433e-08,2.5589604e-08,10
3.850,0.01212699,3,1000,0.11,1.0724276e-06,8.0907519e-08,2.5585204e-08,10
3.850,0.01212699,3,1000,0.12,1.0629889e-06,8.0892617e-08,2.5580491e-08,10
3.850,0.01212699,3,1000,0.13,1.0528168e-06,8.0876834e-08,2.5575501e-08,10
3.850,0.01212699,3,1000,0.14,1.041932e-06,8.0860285e-08,2.5570267e-08,10
3.850,0.01212699,3,1000,0.15,1.030357e-06,8.0843095e-08,2.5564831e-08,10
3.850,0.01212699,3,1000,0.16,1.017955e-06,8.0825246e-08,2.5559187e-08,10
3.850,0.01212699,3,1000,0.18,9.9158681e-07,8.0788865e-08,2.5547682e-08,10
3.850,0.01212699,3,1000,0.2,9.6286843e-07,8.0752046e-08,2.5536039e-08,10
3.850,0.01212699,3,1000,0.22,9.3203065e-07,8.0715933e-08,2.5524619e-08,10
3.850,0.01212699,3,1000,0.24,8.99319e-07,8.0681672e-08,2.5513785e-08,10
3.850,0.01212699,3,1000,0.26,8.6499137e-07,8.0650405e-08,2.5503897e-08,10
3.850,0.01212699,3,1000,0.28,8.2931549e-07,8.0623223e-08,2.5495302e-08,10
3.850,0.01212699,3,1000,0.3,7.9256641e-07,8.0601165e-08,2.5488326e-08,10
3.850,0.01212699,3,1000,0.32,7.5489568e-07,8.0586751e-08,2.5483768e-08,10
3.850,0.01212699,3,1000,0.36,6.7869739e-07,8.0576494e-08,2.5480525e-08,10
3.850,0.01212699,3,1000,0.4,6.0268234e-07,8.0599167e-08,2.5487695e-08,10
3.850,0.01212699,3,1000,0.44,5.2899649e-07,8.0657987e-08,2.5506295e-08,10
3.850,0.01212699,3,1000,0.48,4.5962968e-07,8.0753829e-08,2.5536603e-08,10
3.850,0.01212699,3,1000,0.52,3.9635258e-07,8.0885271e-08,2.5578168e-08,10
3.850,0.01212699,3,1000,0.56,3.4066467e-07,8.104876e-08,2.5629868e-08,10
3.850,0.01212699,3,1000,0.6,2.9375446e-07,8.1238932e-08,2.5690006e-08,10
3.850,0.01212699,3,1000,0.64,2.5900503e-07,8.1450354e-08,2.5756863e-08,10
3.850,0.01212699,3,1000,0.72,2.1496683e-07,8.1893415e-08,2.5896972e-08,10
3.850,0.01212699,3,1000,0.8,2.1065037e-07,8.2312778e-08,2.6029586e-08,10
3.850,0.01212699,3,1000,0.88,2.4102367e-07,8.2634957e-08,2.6131468e-08,10
3.850,0.01212699,3,1000,0.96,2.9725614e-07,8.2791709e-08,2.6181037e-08,10
3.850,0.01212699,3,1000,1.04,3.6825301e-07,8.2729555e-08,2.6161382e-08,10
3.850,0.01212699,3,1000,1.12,4.4234863e-07,8.2420853e-08,2.6063762e-08,10
3.850,0.01212699,3,1000,1.2,5.0892273e-07,8.1874609e-08,2.5891025e-08,10
3.850,0.01212699,3,1000,1.28,5.545333e-07,8.1114021e-08,2.5650506e-08,10
3.850,0.01212699,3,1000,1.44,5.9245765e-07,7.953683e-08,2.5151754e-08,10
3.850,0.01212699,3,1000,1.6,5.5382918e-07,7.8487802e-08,2.4820022e-08,10
3.850,0.01212699,3,1000,1.76,4.7522568e-07,7.8540743e-08,2.4836764e-08,10
3.850,0.01212699,3,1000,1.92,3.9936631e-07,7.9554046e-08,2.5157198e-08,10
3.850,0.01212699,3,1000,2.08,3.4965609e-07,8.0830393e-08,2.5560815e-08,10
3.850,0.01212699,3,1000,2.24,3.2508384e-07,8.1665038e-08,2.5824752e-08,10
3.850,0.01212699,3,1000,2.4,3.126603e-07,8.1833353e-08,2.5877978e-08,10
3.850,0.01212699,3,1000,2.56,3.0438532e-07,8.1737641e-08,2.5847711e-08,10
3.850,0.01212699,3,1000,2.88,3.1119783e-07,8.2667291e-08,2.6141693e-08,10
3.850,0.01212699,3,1000,3.2,3.6807088e-07,8.4327034e-08,2.666655e-08,10
3.850,0.01212699,3,1000,3.52,4.0237938e-07,8.1929841e-08,2.5908491e-08,10
3.850,0.01212699,3,1000,3.84,3.6426736e-07,7.6964568e-08,2.4338334e-08,10
3.850,0.01212699,3,1000,4.16,3.4952087e-07,7.7981803e-08,2.4660011e-08,10
3.850,0.01212699,3,1000,4.48,4.0693478e-07,8.3531087e-08,2.6414849e-08,10
3.850,0.01212699,3,1000,4.8,4.5082572e-07,8.4808068e-08,2.6818666e-08,10
3.850,0.01212699,3,1000,5.12,4.4737201e-07,8.2322316e-08,2.6032602e-08,10
3.850,0.01212699,3,1000,5.76,4.4628965e-07,8.002822e-08,2.5307145e-08,10
3.850,0.01212699,3,1000,6.4,4.3718497e-07,8.2197641e-08,2.5993176e-08,10
3.850,0.01212699,3,1000,7.04,4.261967e-07,7.9570227e-08,2.5162315e-08,10
3.850,0.01212699,3,1000,7.68,3.6728899e-07,8.2193823e-08,2.5991969e-08,10
3.850,0.01212699,3,1000,8.32,3.7815475e-07,8.0360973e-08,2.5412371e-08,10
3.850,0.01212699,3,1000,8.96,3.425241e-07,8.1370812e-08,2.573171e-08,10
3.850,0.01212699,3,1000,9.6,3.6805935e-07,8.1883894e-08,2.5893961e-08,10
3.850,0.01212699,3,1000,10.24,3.767938e-07,8.0749161e-08,2.5535127e-08,10
3.850,0.01212699,3,1000,11.52,3.9783063e-07,8.267783e-08,2.6145026e-08,10
3.850,0.01212699,3,1000,12.8,3.8837788e-07,8.286879e-08,2.6205412e-08,10
3.850,0.01212699,3,1000,14.08,3.6702794e-07,8.2810252e-08,2.6186901e-08,10
3.850,0.01212699,3,1000,15.36,3.6114842e-07,8.0819647e-08,2.5557416e-08,10
3.850,0.01212699,3,1000,16.64,3.6635668e-07,8.0584961e-08,2.5483202e-08,10
3.850,0.01212699,3,1000,17.92,3.6864087e-07,8.1328639e-08,2.5718374e-08,10
3.850,0.01212699,3,1000,19.2,3.6019839e-07,8.0664144e-08,2.5508242e-08,10
3.850,0.01212699,3,1000,20.48,3.5467737e-07,8.0671917e-08,2.55107e-08,10
3.850,0.01212699,3,1000,23.04,3.4982506e-07,8.166839e-08,2.5825813e-08,10
3.850,0.01212699,3,1000,25.6,3.4240634e-07,8.1168708e-08,2.5667799e-08,10
3.850,0.01212699,3,1000,28.16,3.3721276e-07,8.306125e-08,2.6266274e-08,10
3.850,0.01212699,3,1000,30.72,3.3091318e-07,8.0956794e-08,2.5600786e-08,10
3.850,0.01212699,3,1000,33.28,3.2420993e-07,8.2505472e-08,2.6090521e-08,10
3.850,0.01212699,3,1000,35.84,3.1991443e-07,8.2139383e-08,2.5974754e-08,10
3.850,0.01212699,3,1000,38.4,3.1227024e-07,8.1601362e-08,2.5804617e-08,10
3.850,0.01212699,3,1000,40.96,3.0779437e-07,8.1797343e-08,2.5866591e-08,10
3.850,0.01212699,3,1000,46.08,2.9778286e-07,8.003236e-08,2.5308454e-08,10
3.850,0.01212699,3,1000,51.2,2.8712701e-07,7.964597e-08,2.5186267e-08,10
3.850,0.01212699,3,1000,56.32,2.778596e-07,7.8156454e-08,2.4715241e-08,10
3.850,0.01212699,3,1000,61.44,2.6768372e-07,7.6590807e-08,2.422014e-08,10
3.850,0.01212699,3,1000,66.56,2.5823921e-07,7.5157118e-08,2.3766768e-08,10
3.850,0.01212699,3,1000,71.68,2.4946608e-07,7.4700791e-08,2.3622464e-08,10
3.850,0.01212699,3,1000,76.8,2.4109666e-07,7.4123337e-08,2.3439857e-08,10
3.850,0.01212699,3,1000,81.92,2.3262436e-07,7.3118828e-08,2.3122204e-08,10
3.850,0.01212699,3,1000,92.16,2.1660081e-07,6.9475533e-08,2.1970093e-08,10
3.850,0.01212699,3,1000,102.4,2.0373627e-07,6.6828354e-08,2.1132981e-08,10
3.850,0.01212699,3,1000,112.64,1.9189573e-07,6.4136368e-08,2.02817e-08,10
3.850,0.01212699,3,1000,122.88,1.7971149e-07,6.2725841e-08,1.9835653e-08,10
3.850,0.01212699,3,1000,133.12,1.6773652e-07,6.0509919e-08,1.9134916e-08,10
3.850,0.01212699,3,1000,143.36,1.5883119e-07,6.0129031e-08,1.9014469e-08,10
3.850,0.01212699,3,1000,153.6,1.5002193e-07,5.9408346e-08,1.8786568e-08,10
3.850,0.01212699,3,1000,163.84,1.4159639e-07,5.8625993e-08,1.8539167e-08,10
3.850,0.01212699,3,1000,184.32,1.2710698e-07,5.4878647e-08,1.7354152e-08,10
3.850,0.01212699,3,1000,204.8,1.1695436e-07,5.1755777e-08,1.6366614e-08,10
3.850,0.01212699,3,1000,225.28,1.0940995e-07,4.9893904e-08,1.5777838e-08,10
3.850,0.01212699,3,1000,245.76,1.0412895e-07,4.8976553e-08,1.5487746e-08,10
3.850,0.01212699,3,1000,266.24,9.8068916e-08,4.8740649e-08,1.5413146e-08,10
3.850,0.01212699,3,1000,286.72,9.1427158e-08,5.0774827e-08,1.605641e-08,10
3.850,0.01212699,3,1000,307.2,8.5653956e-08,5.2646509e-08,1.6648288e-08,10
3.850,0.01212699,3,1000,327.68,7.9195172e-08,5.4314525e-08,1.7175761e-08,10
3.850,0.01212699,3,1000,368.64,6.5967415e-08,5.5586103e-08,1.7577869e-08,10
3.850,0.01212699,3,1000,409.6,5.3875472e-08,5.6203556e-08,1.7773125e-08,10
3.850,0.01212699,3,1000,450.56,4.3376557e-08,5.9941683e-08,1.8955224e-08,10
3.850,0.01212699,3,1000,491.52,3.7121296e-08,5.9662627e-08,1.8866979e-08,10
3.850,0.01212699,3,1000,532.48,3.4562577e-08,6.1733272e-08,1.9521775e-08,10
3.850,0.01212699,3,1000,573.44,3.3032886e-08,6.066872e-08,1.9185134e-08,10
3.850,0.01212699,3,1000,614.4,2.9488516e-08,6.0573805e-08,1.9155119e-08,10
3.850,0.01212699,3,1000,655.36,2.8818698e-08,6.2372711e-08,1.9723983e-08,10
3.850,0.01212699,3,1000,737.28,3.0813174e-08,6.3788629e-08,2.0171736e-08,10
3.850,0.01212699,3,1000,819.2,2.8534255e-08,6.2548872e-08,1.977969e-08,10
3.850,0.01212699,3,1000,901.12,1.7688073e-08,6.4769338e-08,2.0481863e-08,10
3.850,0.01212699,3,1000,983.04,1.0239031e-08,6.1385777e-08,1.9411887e-08,10
3.850,0.01212699,3,1000,1064.96,1.208032e-08,5.4497829e-08,1.7233727e-08,10
3.850,0.01212699,3,1000,1146.88,2.3109809e-08,5.4448145e-08,1.7218015e-08,10
3.850,0.01212699,3,1000,1228.8,2.3542972e-08,5.145168e-08,1.627045e-08,10
3.850,0.01212699,3,1000,1310.72,2.3334887e-08,5.703602e-08,1.8036373e-08,10
3.850,0.01212699,3,1000,1474.56,5.0990909e-09,4.8497777e-08,1.5336344e-08,10
3.850,0.01212699,3,1000,1638.4,-8.2762108e-09,5.8581157e-08,1.8524989e-08,10
3.850,0.01212699,3,1000,1802.24,-1.8077777e-08,5.4350805e-08,1.7187234e-08,10
3.850,0.01212699,3,1000,1966.08,-1.9103557e-08,6.3733278e-08,2.0154232e-08,10
3.850,0.01212699,3,1000,2129.92,-1.045969e-08,5.9754493e-08,1.889603e-08,10
3.850,0.01212699,3,1000,2293.76,-2.0770527e-08,6.7204403e-08,2.1251898e-08,10
3.850,0.01212699,3,1000,2457.6,-1.064888e-08,6.5629177e-08,2.0753768e-08,10
3.850,0.01212699,3,1000,2621.44,-1.0816222e-08,4.7380043e-08,1.4982885e-08,10
3.850,0.01212699,3,1000,2949.12,-3.0395801e-08,6.4825137e-08,2.0499508e-08,10
3.850,0.01212699,3,1000,3276.8,-1.2666595e-08,7.5187718e-08,2.3776444e-08,10
3.850,0.01212699,3,1000,3604.48,-1.7181498e-09,6.3137521e-08,1.9965837e-08,10
3.850,0.01212699,3,1000,3932.16,4.8831385e-09,2.9818257e-08,9.4293608e-09,10
3.850,0.01212699,3,1000,4259.84,-1.1016373e-09,5.5258785e-08,1.7474362e-08,10
3.850,0.01212699,3,1000,4587.52,6.1559131e-09,5.4315212e-08,1.7175978e-08,10
3.850,0.01212699,3,1000,4915.2,1.1334484e-08,6.1241405e-08,1.9366233e-08,10
3.850,0.01212699,3,1000,5242.88,3.0161346e-08,5.2692167e-08,1.6662726e-08,10
3.850,0.01212699,3,1000,5898.24,2.627931e-08,8.9926504e-08,2.8437257e-08,10
3.850,0.01212699,3,1000,6553.6,3.0054203e-08,6.9154179e-08,2.1868471e-08,10
3.850,0.01212699,3,1000,7208.96,3.2465958e-08,6.1338434e-08,1.9396916e-08,10
3.850,0.01212699,3,1000,7864.32,-2.7565372e-08,6.5547891e-08,2.0728063e-08,10
3.850,0.01212699,3,1000,8519.68,-4.8257028e-09,5.1280871e-08,1.6216435e-08,10
3.850,0.01212699,3,1000,9175.04,5.5822412e-08,1.1143209e-07,3.523792e-08,10
3.850,0.00826466,2,1000,0,6.174571e-07,3.7250529e-08,1.1779652e-08,10
3.850,0.00826466,2,1000,0.01,6.171992e-07,3.7249823e-08,1.1779428e-08,10
3.850,0.00826466,2,1000,0.02,6.164279e-07,3.7247734e-08,1.1778768e-08,10
3.850,0.00826466,2,1000,0.03,6.1514474e-07,3.7244279e-08,1.1777675e-08,10
3.850,0.00826466,2,1000,0.04,6.1335233e-07,3.7239478e-08,1.1776157e-08,10
3.850,0.00826466,2,1000,0.05,6.110543e-07,3.7233364e-08,1.1774223e-08,10
3.850,0.00826466,2,1000,0.06,6.0825525e-07,3.7225982e-08,1.1771889e-08,10
3.850,0.00826466,2,1000,0.07,6.049608e-07,3.7217382e-08,1.1769169e-08,10
3.850,0.00826466,2,1000,0.08,6.0117754e-07,3.7207622e-08,1.1766083e-08,10
3.850,0.00826466,2,1000,0.09,5.9691302e-07,3.7196767e-08,1.176265e-08,10
3.850,0.00826466,2,1000,0.1,5.9217572e-07,3.7184892e-08,1.1758895e-08,10
3.850,0.00826466,2,1000,0.11,5.8697509e-07,3.7172078e-08,1.1754843e-08,10
3.850,0.00826466,2,1000,0.12,5.8132143e-07,3.7158411e-08,1.1750521e-08,10
3.850,0.00826466,2,1000,0.13,5.7522594e-07,3.7143982e-08,1.1745958e-08,10
3.850,0.00826466,2,1000,0.14,5.6870066e-07,3.7128889e-08,1.1741186e-08,10
3.850,0.00826466,2,1000,0.15,5.6175845e-07,3.7113233e-08,1.1736235e-08,10
3.850,0.00826466,2,1000,0.16,5.5431574e-07,3.7096896e-08,1.1731069e-08,10
3.850,0.00826466,2,1000,0.18,5.3848092e-07,3.7063739e-08,1.1720583e-08,10
3.850,0.00826466,2,1000,0.2,5.2121544e-07,3.7030034e-08,1.1709925e-08,10
3.850,0.00826466,2,1000,0.22,5.0265308e-07,3.6996636e-08,1.1699364e-08,10
3.850,0.00826466,2,1000,0.24,4.8293664e-07,3.6964378e-08,1.1689163e-08,10
3.850,0.00826466,2,1000,0.26,4.6221663e-07,3.6934032e-08,1.1679567e-08,10
3.850,0.00826466,2,1000,0.28,4.4064989e-07,3.6906294e-08,1.1670795e-08,10
3.850,0.00826466,2,1000,0.3,4.1839819e-07,3.6881754e-08,1.1663035e-08,10
3.850,0.00826466,2,1000,0.32,3.9553872e-07,3.6860785e-08,1.1656404e-08,10
3.850,0.00826466,2,1000,0.36,3.4918975e-07,3.6831366e-08,1.1647101e-08,10
3.850,0.00826466,2,1000,0.4,3.0276511e-07,3.6818862e-08,1.1643146e-08,10
3.850,0.00826466,2,1000,0.44,2.5756205e-07,3.6822123e-08,1.1644178e-08,10
3.850,0.00826466,2,1000,0.48,2.1479955e-07,3.6838065e-08,1.1649219e-08,10
3.850,0.00826466,2,1000,0.52,1.755802e-07,3.6862223e-08,1.1656858e-08,10
3.850,0.00826466,2,1000,0.56,1.4085764e-07,3.688946e-08,1.1665471e-08,10
3.850,0.00826466,2,1000,0.6,1.1141033e-07,3.6914749e-08,1.1673469e-08,10
3.850,0.00826466,2,1000,0.64,8.9381766e-08,3.6930721e-08,1.1678519e-08,10
3.850,0.00826466,2,1000,0.72,6.1117763e-08,3.6942496e-08,1.1682243e-08,10
3.850,0.00826466,2,1000,0.8,5.7920289e-08,3.6923074e-08,1.1676101e-08,10
3.850,0.00826466,2,1000,0.88,7.7233333e-08,3.6901229e-08,1.1669193e-08,10
3.850,0.00826466,2,1000,0.96,1.1398271e-07,3.6920352e-08,1.1675241e-08,10
3.850,0.00826466,2,1000,1.04,1.6143049e-07,3.701864e-08,1.1706322e-08,10
3.850,0.00826466,2,1000,1.12,2.1218129e-07,3.7212001e-08,1.1767468e-08,10
3.850,0.00826466,2,1000,1.2,2.5920113e-07,3.74872e-08,1.1854493e-08,10
3.850,0.00826466,2,1000,1.28,2.9336745e-07,3.7797852e-08,1.195273e-08,10
3.850,0.00826466,2,1000,1.44,3.263581e-07,3.835112e-08,1.2127689e-08,10
3.850,0.00826466,2,1000,1.6,3.0526168e-07,3.8550815e-08,1.2190838e-08,10
3.850,0.00826466,2,1000,1.76,2.5194988e-07,3.8268436e-08,1.2101542e-08,10
3.850,0.00826466,2,1000,1.92,1.9684009e-07,3.7624885e-08,1.1898033e-08,10
3.850,0.00826466,2,1000,2.08,1.6059342e-07,3.6944579e-08,1.1682902e-08,10
3.850,0.00826466,2,1000,2.24,1.4668702e-07,3.6593053e-08,1.1571739e-08,10
3.850,0.00826466,2,1000,2.4,1.4620766e-07,3.6752848e-08,1.1622271e-08,10
3.850,0.00826466,2,1000,2.56,1.4762058e-07,3.737255e-08,1.1818238e-08,10
3.850,0.00826466,2,1000,2.88,1.4853199e-07,3.865038e-08,1.2222323e-08,10
3.850,0.00826466,2,1000,3.2,1.6217901e-07,3.8972612e-08,1.2324222e-08,10
3.850,0.00826466,2,1000,3.52,1.7336221e-07,3.831181e-08,1.2115258e-08,10
3.850,0.00826466,2,1000,3.84,1.5148728e-07,3.8065146e-08,1.2037256e-08,10
3.850,0.00826466,2,1000,4.16,1.3831116e-07,3.845752e-08,1.2161336e-08,10
3.850,0.00826466,2,1000,4.48,1.7258195e-07,3.8098863e-08,1.2047918e-08,10
3.850,0.00826466,2,1000,4.8,2.0489502e-07,3.7383487e-08,1.1821697e-08,10
3.850,0.00826466,2,1000,5.12,1.9483675e-07,3.7780963e-08,1.194739e-08,10
3.850,0.00826466,2,1000,5.76,2.0275007e-07,3.7971e-08,1.2007484e-08,10
3.850,0.00826466,2,1000,6.4,2.1923687e-07,3.6806818e-08,1.1639338e-08,10
3.850,0.00826466,2,1000,7.04,2.2092078e-07,3.8737797e-08,1.2249967e-08,10
3.850,0.00826466,2,1000,7.68,2.0146925e-07,3.6194854e-08,1.1445818e-08,10
3.850,0.00826466,2,1000,8.32,2.0277905e-07,3.8314754e-08,1.2116189e-08,10
3.850,0.00826466,2,1000,8.96,1.6888326e-07,3.7208391e-08,1.1766326e-08,10
3.850,0.00826466,2,1000,9.6,1.7502266e-07,3.8717078e-08,1.2243415e-08,10
3.850,0.00826466,2,1000,10.24,1.6420005e-07,3.7986126e-08,1.2012268e-08,10
3.850,0.00826466,2,1000,11.52,1.7337431e-07,3.7382601e-08,1.1821416e-08,10
3.850,0.00826466,2,1000,12.8,1.8951362e-07,3.6817953e-08,1.1642859e-08,10
3.850,0.00826466,2,1000,14.08,1.9274505e-07,3.7284222e-08,1.1790306e-08,10
3.850,0.00826466,2,1000,15.36,1.8229522e-07,3.793869e-08,1.1997267e-08,10
3.850,0.00826466,2,1000,16.64,1.7134184e-07,3.8228085e-08,1.2088782e-08,10
3.850,0.00826466,2,1000,17.92,1.6912643e-07,3.85572e-08,1.2192857e-08,10
3.850,0.00826466,2,1000,19.2,1.7534533e-07,3.7984662e-08,1.2011805e-08,10
3.850,0.00826466,2,1000,20.48,1.769191e-07,3.7758326e-08,1.1940231e-08,10
3.850,0.00826466,2,1000,23.04,1.7156744e-07,3.798275e-08,1.20112e-08,10
3.850,0.00826466,2,1000,25.6,1.6810891e-07,3.8309751e-08,1.2114607e-08,10
3.850,0.00826466,2,1000,28.16,1.6776326e-07,3.682529e-08,1.1645179e-08,10
3.850,0.00826466,2,1000,30.72,1.6483605e-07,3.8159953e-08,1.2067237e-08,10
3.850,0.00826466,2,1000,33.28,1.6247483e-07,3.9114619e-08,1.2369129e-08,10
3.850,0.00826466,2,1000,35.84,1.6124269e-07,3.6643406e-08,1.1587663e-08,10
3.850,0.00826466,2,1000,38.4,1.5839736e-07,3.7972155e-08,1.200785e-08,10
3.850,0.00826466,2,1000,40.96,1.5660464e-07,3.7462628e-08,1.1846723e-08,10
3.850,0.00826466,2,1000,46.08,1.5325439e-07,3.7511621e-08,1.1862216e-08,10
3.850,0.00826466,2,1000,51.2,1.4932909e-07,3.6384268e-08,1.1505716e-08,10
3.850,0.00826466,2,1000,56.32,1.4560987e-07,3.7669631e-08,1.1912183e-08,10
3.850,0.00826466,2,1000,61.44,1.4218313e-07,3.7445171e-08,1.1841203e-08,10
3.850,0.00826466,2,1000,66.56,1.3916109e-07,3.6885569e-08,1.1664241e-08,10
3.850,0.00826466,2,1000,71.68,1.3585086e-07,3.7388798e-08,1.1823376e-08,10
3.850,0.00826466,2,1000,76.8,1.3288013e-07,3.6931305e-08,1.1678704e-08,10
3.850,0.00826466,2,1000,81.92,1.3002683e-07,3.7013005e-08,1.170454e-08,10
3.850,0.00826466,2,1000,92.16,1.2383791e-07,3.6525516e-08,1.1550382e-08,10
3.850,0.00826466,2,1000,102.4,1.1854348e-07,3.5739153e-08,1.1301712e-08,10
3.850,0.00826466,2,1000,112.64,1.1335366e-07,3.6353641e-08,1.1496031e-08,10
3.850,0.00826466,2,1000,122.88,1.0912752e-07,3.5602976e-08,1.125865e-08,10
3.850,0.00826466,2,1000,133.12,1.0442451e-07,3.5747114e-08,1.130423e-08,10
3.850,0.00826466,2,1000,143.36,9.9301172e-08,3.5141436e-08,1.1112698e-08,10
3.850,0.00826466,2,1000,153.6,9.5325405e-08,3.5032221e-08,1.1078161e-08,10
3.850,0.00826466,2,1000,163.84,9.1624618e-08,3.4874855e-08,1.1028397e-08,10
3.850,0.00826466,2,1000,184.32,8.4231307e-08,3.4551663e-08,1.0926195e-08,10
3.850,0.00826466,2,1000,204.8,7.7904469e-08,3.5238632e-08,1.1143434e-08,10
3.850,0.00826466,2,1000,225.28,7.1959418e-08,3.5460348e-08,1.1213547e-08,10
3.850,0.00826466,2,1000,245.76,6.7080126e-08,3.6231954e-08,1.145755e-08,10
3.850,0.00826466,2,1000,266.24,6.1859041e-08,3.7210236e-08,1.176691e-08,10
3.850,0.00826466,2,1000,286.72,5.805051e-08,3.8410823e-08,1.2146569e-08,10
3.850,0.00826466,2,1000,307.2,5.5274797e-08,3.8647633e-08,1.2221455e-08,10
3.850,0.00826466,2,1000,327.68,5.209041e-08,3.9293399e-08,1.2425664e-08,10
3.850,0.00826466,2,1000,368.64,4.807113e-08,4.0286738e-08,1.2739785e-08,10
3.850,0.00826466,2,1000,409.6,4.3873569e-08,3.9021626e-08,1.2339722e-08,10
3.850,0.00826466,2,1000,450.56,3.9583619e-08,3.7750094e-08,1.1937628e-08,10
3.850,0.00826466,2,1000,491.52,3.6097724e-08,3.6933591e-08,1.1679427e-08,10
3.850,0.00826466,2,1000,532.48,3.3392641e-08,3.4782884e-08,1.0999314e-08,10
3.850,0.00826466,2,1000,573.44,3.0122017e-08,3.0374519e-08,9.6052662e-09,10
3.850,0.00826466,2,1000,614.4,2.7068509e-08,2.554929e-08,8.079395e-09,10
3.850,0.00826466,2,1000,655.36,2.5296532e-08,2.3380493e-08,7.393561e-09,10
3.850,0.00826466,2,1000,737.28,2.2319306e-08,2.5869143e-08,8.1805412e-09,10
3.850,0.00826466,2,1000,819.2,1.6483524e-08,2.5745306e-08,8.1413805e-09,10
3.850,0.00826466,2,1000,901.12,1.5300717e-08,1.9893355e-08,6.2908311e-09,10
3.850,0.00826466,2,1000,983.04,1.5654397e-08,1.9523911e-08,6.1740026e-09,10
3.850,0.00826466,2,1000,1064.96,1.6822671e-08,2.5893116e-08,8.1881221e-09,10
3.850,0.00826466,2,1000,1146.88,1.8283478e-08,3.1142563e-08,9.8481432e-09,10
3.850,0.00826466,2,1000,1228.8,1.6664304e-08,3.4440978e-08,1.0891194e-08,10
3.850,0.00826466,2,1000,1310.72,1.5034982e-08,3.5925686e-08,1.13607e-08,10
3.850,0.00826466,2,1000,1474.56,1.6678438e-08,3.3548292e-08,1.0608901e-08,10
3.850,0.00826466,2,1000,1638.4,1.1283196e-08,3.0260412e-08,9.5691826e-09,10
3.850,0.00826466,2,1000,1802.24,-2.8232843e-09,2.2077242e-08,6.981437e-09,10
3.850,0.00826466,2,1000,1966.08,-2.4648563e-09,1.487178e-08,4.7028697e-09,10
3.850,0.00826466,2,1000,2129.92,-3.1047461e-09,2.210193e-08,6.9892439e-09,10
3.850,0.00826466,2,1000,2293.76,-7.1634992e-09,2.5112811e-08,7.9413682e-09,10
3.850,0.00826466,2,1000,2457.6,1.8063373e-09,3.1619246e-08,9.9988835e-09,10
3.850,0.00826466,2,1000,2621.44,7.1599966e-09,4.0714554e-08,1.2875073e-08,10
3.850,0.00826466,2,1000,2949.12,5.2861781e-09,4.2575272e-08,1.3463483e-08,10
3.850,0.00826466,2,1000,3276.8,-2.085378e-09,3.5900373e-08,1.1352695e-08,10
3.850,0.00826466,2,1000,3604.48,-9.1460907e-09,3.0848791e-08,9.7552442e-09,10
3.850,0.00826466,2,1000,3932.16,-1.7169895e-08,2.7219342e-08,8.6075117e-09,10
3.850,0.00826466,2,1000,4259.84,-5.2641665e-09,3.907784e-08,1.2357498e-08,10
3.850,0.00826466,2,1000,4587.52,-1.9503424e-08,4.0895004e-08,1.2932136e-08,10
3.850,0.00826466,2,1000,4915.2,-2.0696157e-08,2.884627e-08,9.1219914e-09,10
3.850,0.00826466,2,1000,5242.88,-1.5442338e-08,2.185129e-08,6.9099846e-09,10
3.850,0.00826466,2,1000,5898.24,-2.5316667e-08,2.4035093e-08,7.6005639e-09,10
3.850,0.00826466,2,1000,6553.6,-5.2105644e-09,3.670428e-08,1.1606912e-08,10
3.850,0.00826466,2,1000,7208.96,-2.8798936e-09,4.2315201e-08,1.3381242e-08,10
3.850,0.00826466,2,1000,7864.32,1.127342e-08,5.0417704e-08,1.5943478e-08,10
3.850,0.00826466,2,1000,8519.68,6.023313e-09,6.5757758e-08,2.0794429e-08,10
3.850,0.00826466,2,1000,9175.04,2.0966174e-08,5.7395307e-08,1.814999e-08,10
3.850,0.00476227,3,1000,0,2.7957164e-07,3.1044455e-08,9.8171187e-09,10
3.850,0.00476227,3,1000,0.01,2.7944427e-07,3.1044586e-08,9.8171601e-09,10
3.850,0.00476227,3,1000,0.02,2.7906359e-07,3.1045199e-08,9.8173538e-09,10
3.850,0.00476227,3,1000,0.03,2.7843032e-07,3.1046291e-08,9.8176992e-09,10
3.850,0.00476227,3,1000,0.04,2.7754569e-07,3.1047861e-08,9.8181957e-09,10
3.850,0.00476227,3,1000,0.05,2.7641138e-07,3.1049904e-08,9.8188419e-09,10
3.850,0.00476227,3,1000,0.06,2.7502955e-07,3.1052414e-08,9.8196355e-09,10
3.850,0.00476227,3,1000,0.07,2.7340284e-07,3.1055384e-08,9.8205746e-09,10
3.850,0.00476227,3,1000,0.08,2.7153433e-07,3.1058803e-08,9.821656e-09,10
3.850,0.00476227,3,1000,0.09,2.6942757e-07,3.1062664e-08,9.8228769e-09,10
3.850,0.00476227,3,1000,0.1,2.6708654e-07,3.1066955e-08,9.8242337e-09,10
3.850,0.00476227,3,1000,0.11,2.6451568e-07,3.1071661e-08,9.825722e-09,10
3.850,0.00476227,3,1000,0.12,2.6171985e-07,3.107677e-08,9.8273377e-09,10
3.850,0.00476227,3,1000,0.13,2.5870431e-07,3.1082267e-08,9.8290759e-09,10
3.850,0.00476227,3,1000,0.14,2.5547475e-07,3.1088135e-08,9.8309314e-09,10
3.850,0.00476227,3,1000,0.15,2.5203723e-07,3.1094354e-08,9.8328982e-09,10
3.850,0.00476227,3,1000,0.16,2.4834954e-07,3.1100979e-08,9.834993e-09,10
3.850,0.00476227,3,1000,0.18,2.404983e-07,3.1114989e-08,9.8394235e-09,10
3.850,0.00476227,3,1000,0.2,2.3192762e-07,3.1130071e-08,9.8441929e-09,10
3.850,0.00476227,3,1000,0.22,2.2270117e-07,3.1146027e-08,9.8492385e-09,10
3.850,0.00476227,3,1000,0.24,2.1288716e-07,3.1162642e-08,9.8544926e-09,10
3.850,0.00476227,3,1000,0.26,2.0255769e-07,3.117969e-08,9.8598837e-09,10
3.850,0.00476227,3,1000,0.28,1.917882e-07,3.1196928e-08,9.8653347e-09,10
3.850,0.00476227,3,1000,0.3,1.806568e-07,3.12141e-08,9.8707653e-09,10
3.850,0.00476227,3,1000,0.32,1.6919355e-07,3.1230599e-08,9.8759825e-09,10
3.850,0.00476227,3,1000,0.36,1.4588953e-07,3.126211e-08,9.8859471e-09,10
3.850,0.00476227,3,1000,0.4,1.2244038e-07,3.1289051e-08,9.8944667e-09,10
3.850,0.00476227,3,1000,0.44,9.9490554e-08,3.1309308e-08,9.9008726e-09,10
3.850,0.00476227,3,1000,0.48,7.7654052e-08,3.1320954e-08,9.9045552e-09,10
3.850,0.00476227,3,1000,0.52,5.7495647e-08,3.1322345e-08,9.9049952e-09,10
3.850,0.00476227,3,1000,0.56,3.9514324e-08,3.1312246e-08,9.9018015e-09,10
3.850,0.00476227,3,1000,0.6,2.4129321e-08,3.1289925e-08,9.8947432e-09,10
3.850,0.00476227,3,1000,0.64,1.2457936e-08,3.1252077e-08,9.8827746e-09,10
3.850,0.00476227,3,1000,0.72,-2.8315569e-09,3.1148819e-08,9.8501213e-09,10
3.850,0.00476227,3,1000,0.8,-5.0952813e-09,3.1010211e-08,9.8062897e-09,10
3.850,0.00476227,3,1000,0.88,4.6978672e-09,3.0855598e-08,9.7573968e-09,10
3.850,0.00476227,3,1000,0.96,2.4218673e-08,3.070914e-08,9.7110826e-09,10
3.850,0.00476227,3,1000,1.04,5.0153626e-08,3.0595195e-08,9.6750501e-09,10
3.850,0.00476227,3,1000,1.12,7.8683648e-08,3.0533596e-08,9.6555708e-09,10
3.850,0.00476227,3,1000,1.2,1.0600006e-07,3.0535763e-08,9.6562561e-09,10
3.850,0.00476227,3,1000,1.28,1.2704958e-07,3.0614545e-08,9.6811691e-09,10
3.850,0.00476227,3,1000,1.44,1.5009713e-07,3.0879606e-08,9.7649887e-09,10
3.850,0.00476227,3,1000,1.6,1.4181417e-07,3.1173038e-08,9.8577801e-09,10
3.850,0.00476227,3,1000,1.76,1.1227278e-07,3.1299791e-08,9.8978629e-09,10
3.850,0.00476227,3,1000,1.92,7.9052691e-08,3.1169248e-08,9.8565818e-09,10
3.850,0.00476227,3,1000,2.08,5.6817888e-08,3.0847054e-08,9.754695e-09,10
3.850,0.00476227,3,1000,2.24,5.0838374e-08,3.048819e-08,9.6412123e-09,10
3.850,0.00476227,3,1000,2.4,5.6978827e-08,3.0226371e-08,9.5584178e-09,10
3.850,0.00476227,3,1000,2.56,6.5531921e-08,3.0158353e-08,9.5369085e-09,10
3.850,0.00476227,3,1000,2.88,7.0242999e-08,3.0308555e-08,9.5844067e-09,10
3.850,0.00476227,3,1000,3.2,6.1509763e-08,3.0435449e-08,9.6245341e-09,10
3.850,0.00476227,3,1000,3.52,5.5171653e-08,3.0346159e-08,9.596298e-09,10
3.850,0.00476227,3,1000,3.84,4.8352452e-08,3.046089e-08,9.6325791e-09,10
3.850,0.00476227,3,1000,4.16,4.5295151e-08,3.04029e-08,9.6142411e-09,10
3.850,0.00476227,3,1000,4.48,5.7574299e-08,2.9775236e-08,9.4157565e-09,10
3.850,0.00476227,3,1000,4.8,6.9308843e-08,2.9392799e-08,9.294819e-09,10
3.850,0.00476227,3,1000,5.12,5.9441359e-08,2.9989687e-08,9.4835717e-09,10
3.850,0.00476227,3,1000,5.76,6.2379397e-08,3.0477495e-08,9.6378302e-09,10
3.850,0.00476227,3,1000,6.4,7.5122282e-08,3.011227e-08,9.5223358e-09,10
3.850,0.00476227,3,1000,7.04,7.5951353e-08,3.0670696e-08,9.6989257e-09,10
3.850,0.00476227,3,1000,7.68,8.3938338e-08,3.0915764e-08,9.776423e-09,10
3.850,0.00476227,3,1000,8.32,8.466219e-08,3.0824575e-08,9.7475866e-09,10
3.850,0.00476227,3,1000,8.96,8.1387589e-08,3.1489948e-08,9.957996e-09,10
3.850,0.00476227,3,1000,9.6,8.1845953e-08,3.0995945e-08,9.8017783e-09,10
3.850,0.00476227,3,1000,10.24,7.4013403e-08,3.0968046e-08,9.792956e-09,10
3.850,0.00476227,3,1000,11.52,6.3958785e-08,3.0412106e-08,9.6171523e-09,10
3.850,0.00476227,3,1000,12.8,6.026943e-08,2.9743007e-08,9.4055648e-09,10
3.850,0.00476227,3,1000,14.08,6.3465617e-08,2.9949369e-08,9.4708219e-09,10
3.850,0.00476227,3,1000,15.36,6.994729e-08,3.0442944e-08,9.6269041e-09,10
3.850,0.00476227,3,1000,16.64,7.4107023e-08,3.0991423e-08,9.8003485e-09,10
3.850,0.00476227,3,1000,17.92,7.3499995e-08,3.1336813e-08,9.9095702e-09,10
3.850,0.00476227,3,1000,19.2,6.8844608e-08,3.1394622e-08,9.9278513e-09,10
3.850,0.00476227,3,1000,20.48,6.5424001e-08,3.0861957e-08,9.7594077e-09,10
3.850,0.00476227,3,1000,23.04,6.5249507e-08,3.0446743e-08,9.6281055e-09,10
3.850,0.00476227,3,1000,25.6,6.7964564e-08,3.1040081e-08,9.8157354e-09,10
3.850,0.00476227,3,1000,28.16,6.6009261e-08,3.1202752e-08,9.8671766e-09,10
3.850,0.00476227,3,1000,30.72,6.4422574e-08,3.0096015e-08,9.5171955e-09,10
3.850,0.00476227,3,1000,33.28,6.519105e-08,3.0868837e-08,9.7615832e-09,10
3.850,0.00476227,3,1000,35.84,6.4651502e-08,3.12801e-08,9.8916361e-09,10
3.850,0.00476227,3,1000,38.4,6.3476939e-08,3.0819654e-08,9.7460304e-09,10
3.850,0.00476227,3,1000,40.96,6.3225147e-08,3.0571807e-08,9.6676541e-09,10
3.850,0.00476227,3,1000,46.08,6.2269256e-08,3.1245516e-08,9.8806997e-09,10
3.850,0.00476227,3,1000,51.2,6.131377e-08,3.1323465e-08,9.9053493e-09,10
3.850,0.00476227,3,1000,56.32,6.0661678e-08,3.1160115e-08,9.8536936e-09,10
3.850,0.00476227,3,1000,61.44,5.9300638e-08,3.1402217e-08,9.9302528e-09,10
3.850,0.00476227,3,1000,66.56,5.8974957e-08,3.1150639e-08,9.8506969e-09,10
3.850,0.00476227,3,1000,71.68,5.7974363e-08,3.1595947e-08,9.9915157e-09,10
3.850,0.00476227,3,1000,76.8,5.7206882e-08,3.1345198e-08,9.9122219e-09,10
3.850,0.00476227,3,1000,81.92,5.6646388e-08,3.1556611e-08,9.9790767e-09,10
3.850,0.00476227,3,1000,92.16,5.5197031e-08,3.1583058e-08,9.9874398e-09,10
3.850,0.00476227,3,1000,102.4,5.3809416e-08,3.1427161e-08,9.9381408e-09,10
3.850,0.00476227,3,1000,112.64,5.2571363e-08,3.1423484e-08,9.9369781e-09,10
3.850,0.00476227,3,1000,122.88,5.1232312e-08,3.1168125e-08,9.8562266e-09,10
3.850,0.00476227,3,1000,133.12,4.9871588e-08,3.118636e-08,9.861993e-09,10
3.850,0.00476227,3,1000,143.36,4.8693909e-08,3.1365322e-08,9.9185857e-09,10
3.850,0.00476227,3,1000,153.6,4.7790943e-08,3.100748e-08,9.8054263e-09,10
3.850,0.00476227,3,1000,163.84,4.6674445e-08,3.0874163e-08,9.7632676e-09,10
3.850,0.00476227,3,1000,184.32,4.4727677e-08,3.0429896e-08,9.6227779e-09,10
3.850,0.00476227,3,1000,204.8,4.273048e-08,2.9917687e-08,9.4608032e-09,10
3.850,0.00476227,3,1000,225.28,4.0733689e-08,2.9657835e-08,9.3786308e-09,10
3.850,0.00476227,3,1000,245.76,3.8993578e-08,2.9402427e-08,9.2978637e-09,10
3.850,0.00476227,3,1000,266.24,3.737016e-08,2.9369305e-08,9.2873897e-09,10
3.850,0.00476227,3,1000,286.72,3.5683647e-08,2.8832032e-08,9.1174891e-09,10
3.850,0.00476227,3,1000,307.2,3.4337166e-08,2.8519277e-08,9.0185874e-09,10
3.850,0.00476227,3,1000,327.68,3.3178822e-08,2.8066039e-08,8.8752609e-09,10
3.850,0.00476227,3,1000,368.64,3.1035038e-08,2.701266e-08,8.542153e-09,10
3.850,0.00476227,3,1000,409.6,2.9796961e-08,2.6054845e-08,8.2392654e-09,10
3.850,0.00476227,3,1000,450.56,2.7965133e-08,2.5720313e-08,8.133477e-09,10
3.850,0.00476227,3,1000,491.52,2.5895226e-08,2.5324026e-08,8.0081602e-09,10
3.850,0.00476227,3,1000,532.48,2.4034468e-08,2.5096387e-08,7.9361743e-09,10
3.850,0.00476227,3,1000,573.44,2.2475907e-08,2.4675607e-08,7.8031121e-09,10
3.850,0.00476227,3,1000,614.4,2.095059e-08,2.3762119e-08,7.5142417e-09,10
3.850,0.00476227,3,1000,655.36,1.9321152e-08,2.2597762e-08,7.1460399e-09,10
3.850,0.00476227,3,1000,737.28,1.565064e-08,1.983648e-08,6.2728459e-09,10
3.850,0.00476227,3,1000,819.2,1.1775913e-08,1.7820863e-08,5.6354518e-09,10
3.850,0.00476227,3,1000,901.12,8.8682575e-09,1.6031239e-08,5.0695229e-09,10
3.850,0.00476227,3,1000,983.04,6.8393623e-09,1.3962276e-08,4.4152592e-09,10
3.850,0.00476227,3,1000,1064.96,5.5081504e-09,1.1632049e-08,3.6783767e-09,10
3.850,0.00476227,3,1000,1146.88,4.7459898e-09,1.0939362e-08,3.4593299e-09,10
3.850,0.00476227,3,1000,1228.8,4.4674966e-09,1.1139183e-08,3.5225189e-09,10
3.850,0.00476227,3,1000,1310.72,2.7408348e-09,1.1967695e-08,3.7845174e-09,10
3.850,0.00476227,3,1000,1474.56,-1.8371086e-10,1.4607295e-08,4.6192324e-09,10
3.850,0.00476227,3,1000,1638.4,-1.2775307e-09,1.5546953e-08,4.9163783e-09,10
3.850,0.00476227,3,1000,1802.24,-1.1347751e-09,1.4268065e-08,4.5119582e-09,10
3.850,0.00476227,3,1000,1966.08,-5.0605006e-10,1.1873154e-08,3.7546208e-09,10
3.850,0.00476227,3,1000,2129.92,-5.4193383e-10,1.0776882e-08,3.4079493e-09,10
3.850,0.00476227,3,1000,2293.76,4.3614579e-10,8.9915953e-09,2.8433921e-09,10
3.850,0.00476227,3,1000,2457.6,1.0652699e-09,1.1207285e-08,3.5440546e-09,10
3.850,0.00476227,3,1000,2621.44,1.1549364e-09,1.0798811e-08,3.4148839e-09,10
3.850,0.00476227,3,1000,2949.12,4.5751362e-09,1.2366568e-08,3.9106522e-09,10
3.850,0.00476227,3,1000,3276.8,6.8724766e-09,1.498461e-08,4.7385496e-09,10
3.850,0.00476227,3,1000,3604.48,6.5091326e-09,1.2374167e-08,3.9130553e-09,10
3.850,0.00476227,3,1000,3932.16,2.6581375e-09,1.5329958e-08,4.8477584e-09,10
3.850,0.00476227,3,1000,4259.84,-1.099497e-09,2.0787336e-08,6.5735328e-09,10
3.850,0.00476227,3,1000,4587.52,-3.7714973e-09,2.6038642e-08,8.2341416e-09,10
3.850,0.00476227,3,1000,4915.2,-5.7864016e-09,2.41461e-08,7.6356674e-09,10
3.850,0.00476227,3,1000,5242.88,-5.4428246e-09,1.5297078e-08,4.8373609e-09,10
3.850,0.00476227,3,1000,5898.24,-1.016284e-09,1.4775792e-08,4.6725156e-09,10
3.850,0.00476227,3,1000,6553.6,3.5704621e-09,2.7024396e-08,8.5458645e-09,10
3.850,0.00476227,3,1000,7208.96,2.9141861e-09,2.141643e-08,6.7724699e-09,10
3.850,0.00476227,3,1000,7864.32,-6.1055441e-10,1.9384119e-08,6.1297966e-09,10
3.850,0.00476227,3,1000,8519.68,-2.9036137e-09,3.9756581e-08,1.2572135e-08,10
3.850,0.00476227,3,1000,9175.04,-2.0072389e-09,6.8526672e-08,2.1670036e-08,10
3.850,0.00476227,3,1000,9830.4,-1.1521335e-09,5.805333e-08,1.8358075e-08,10
3.850,0.00373261,4,2154.43,0,1.9701111e-07,1.196923e-08,3.7850028e-09,10
3.850,0.00373261,4,2154.43,0.01,1.9691527e-07,1.1968602e-08,3.7848042e-09,10
3.850,0.00373261,4,2154.43,0.02,1.9662878e-07,1.1966761e-08,3.784222e-09,10
3.850,0.00373261,4,2154.43,0.03,1.9615219e-07,1.1963713e-08,3.7832582e-09,10
3.850,0.00373261,4,2154.43,0.04,1.9548637e-07,1.195947e-08,3.7819163e-09,10
3.850,0.00373261,4,2154.43,0.05,1.946326e-07,1.1954046e-08,3.7802012e-09,10
3.850,0.00373261,4,2154.43,0.06,1.9359245e-07,1.1947461e-08,3.778119e-09,10
3.850,0.00373261,4,2154.43,0.07,1.923679e-07,1.193974e-08,3.7756772e-09,10
3.850,0.00373261,4,2154.43,0.08,1.9096121e-07,1.1930908e-08,3.7728844e-09,10
3.850,0.00373261,4,2154.43,0.09,1.8937502e-07,1.1920999e-08,3.7697507e-09,10
3.850,0.00373261,4,2154.43,0.1,1.876123e-07,1.1910046e-08,3.7662874e-09,10
3.850,0.00373261,4,2154.43,0.11,1.8567631e-07,1.189809e-08,3.7625065e-09,10
3.850,0.00373261,4,2154.43,0.12,1.8357066e-07,1.1885172e-08,3.7584214e-09,10
3.850,0.00373261,4,2154.43,0.13,1.8129928e-07,1.1871337e-08,3.7540463e-09,10
3.850,0.00373261,4,2154.43,0.14,1.7886636e-07,1.1856633e-08,3.7493965e-09,10
3.850,0.00373261,4,2154.43,0.15,1.7627642e-07,1.1841111e-08,3.7444881e-09,10
3.850,0.00373261,4,2154.43,0.16,1.7349746e-07,1.1824608e-08,3.7392695e-09,10
3.850,0.00373261,4,2154.43,0.18,1.6757969e-07,1.1789984e-08,3.7283202e-09,10
3.850,0.00373261,4,2154.43,0.2,1.6111735e-07,1.1752986e-08,3.7166205e-09,10
3.850,0.00373261,4,2154.43,0.22,1.5415785e-07,1.1714098e-08,3.7043231e-09,10
3.850,0.00373261,4,2154.43,0.24,1.4675198e-07,1.1673815e-08,3.6915845e-09,10
3.850,0.00373261,4,2154.43,0.26,1.3895355e-07,1.1632632e-08,3.6785612e-09,10
3.850,0.00373261,4,2154.43,0.28,1.308189e-07,1.1591036e-08,3.6654074e-09,10
3.850,0.00373261,4,2154.43,0.3,1.2240643e-07,1.1549498e-08,3.652272e-09,10
3.850,0.00373261,4,2154.43,0.32,1.1373692e-07,1.1508386e-08,3.6392712e-09,10
3.850,0.00373261,4,2154.43,0.36,9.6098865e-08,1.1429582e-08,3.6143512e-09,10
3.850,0.00373261,4,2154.43,0.4,7.8327514e-08,1.1357136e-08,3.5914418e-09,10
3.850,0.00373261,4,2154.43,0.44,6.090928e-08,1.1293041e-08,3.5711733e-09,10
3.850,0.00373261,4,2154.43,0.48,4.4309615e-08,1.1238474e-08,3.5539175e-09,10
3.850,0.00373261,4,2154.43,0.52,2.8958928e-08,1.1193855e-08,3.5398078e-09,10
3.850,0.00373261,4,2154.43,0.56,1.5239973e-08,1.115899e-08,3.5287826e-09,10
3.850,0.00373261,4,2154.43,0.6,3.477082e-09,1.1133272e-08,3.5206496e-09,10
3.850,0.00373261,4,2154.43,0.64,-5.4730831e-09,1.1117568e-08,3.5156837e-09,10
3.850,0.00373261,4,2154.43,0.72,-1.7238978e-08,1.1105076e-08,3.5117333e-09,10
3.850,0.00373261,4,2154.43,0.8,-1.902567e-08,1.1120097e-08,3.5164834e-09,10
3.850,0.00373261,4,2154.43,0.88,-1.1493089e-08,1.1163952e-08,3.5303517e-09,10
3.850,0.00373261,4,2154.43,0.96,3.6443164e-09,1.123949e-08,3.5542387e-09,10
3.850,0.00373261,4,2154.43,1.04,2.388944e-08,1.1345754e-08,3.5878425e-09,10
3.850,0.00373261,4,2154.43,1.12,4.6318643e-08,1.1473661e-08,3.6282901e-09,10
3.850,0.00373261,4,2154.43,1.2,6.797375e-08,1.1605542e-08,3.6699946e-09,10
3.850,0.00373261,4,2154.43,1.28,8.4898577e-08,1.1707666e-08,3.7022891e-09,10
3.850,0.00373261,4,2154.43,1.44,1.0392284e-07,1.1802146e-08,3.7321661e-09,10
3.850,0.00373261,4,2154.43,1.6,9.8068139e-08,1.1700613e-08,3.7000588e-09,10
3.850,0.00373261,4,2154.43,1.76,7.4795712e-08,1.1496278e-08,3.6354425e-09,10
3.850,0.00373261,4,2154.43,1.92,4.8146069e-08,1.1318999e-08,3.5793816e-09,10
3.850,0.00373261,4,2154.43,2.08,3.0501282e-08,1.1216079e-08,3.5468357e-09,10
3.850,0.00373261,4,2154.43,2.24,2.6875152e-08,1.1163117e-08,3.5300876e-09,10
3.850,0.00373261,4,2154.43,2.4,3.4165493e-08,1.1146892e-08,3.5249567e-09,10
3.850,0.00373261,4,2154.43,2.56,4.3659994e-08,1.1171879e-08,3.5328584e-09,10
3.850,0.00373261,4,2154.43,2.88,4.9141147e-08,1.1229825e-08,3.5511826e-09,10
3.850,0.00373261,4,2154.43,3.2,3.7424207e-08,1.1076498e-08,3.5026964e-09,10
3.850,0.00373261,4,2154.43,3.52,2.9313985e-08,1.0981932e-08,3.4727919e-09,10
3.850,0.00373261,4,2154.43,3.84,2.738915e-08,1.0984557e-08,3.4736219e-09,10
3.850,0.00373261,4,2154.43,4.16,2.7175148e-08,1.1096976e-08,3.5091718e-09,10
3.850,0.00373261,4,2154.43,4.48,3.3109595e-08,1.1160805e-08,3.5293565e-09,10
3.850,0.00373261,4,2154.43,4.8,3.9208341e-08,1.1011276e-08,3.4820712e-09,10
3.850,0.00373261,4,2154.43,5.12,3.2378518e-08,1.0837439e-08,3.4270993e-09,10
3.850,0.00373261,4,2154.43,5.76,3.2766358e-08,1.0966327e-08,3.4678569e-09,10
3.850,0.00373261,4,2154.43,6.4,4.084574e-08,1.1123222e-08,3.5174715e-09,10
3.850,0.00373261,4,2154.43,7.04,4.0856109e-08,1.1058649e-08,3.4970518e-09,10
3.850,0.00373261,4,2154.43,7.68,4.9500432e-08,1.1042698e-08,3.4920077e-09,10
3.850,0.00373261,4,2154.43,8.32,4.8694411e-08,1.1645475e-08,3.6826226e-09,10
3.850,0.00373261,4,2154.43,8.96,5.1399633e-08,1.1011775e-08,3.4822289e-09,10
3.850,0.00373261,4,2154.43,9.6,5.1257964e-08,1.1803654e-08,3.7326431e-09,10
3.850,0.00373261,4,2154.43,10.24,4.8913145e-08,1.1380152e-08,3.59872e-09,10
3.850,0.00373261,4,2154.43,11.52,4.2998582e-08,1.1354119e-08,3.5904876e-09,10
3.850,0.00373261,4,2154.43,12.8,3.7498728e-08,1.1246808e-08,3.5565531e-09,10
3.850,0.00373261,4,2154.43,14.08,3.548195e-08,1.1014948e-08,3.4832325e-09,10
3.850,0.00373261,4,2154.43,15.36,3.7497326e-08,1.0821715e-08,3.4221267e-09,10
3.850,0.00373261,4,2154.43,16.64,4.1121004e-08,1.0752295e-08,3.4001744e-09,10
3.850,0.00373261,4,2154.43,17.92,4.4139894e-08,1.0893082e-08,3.4446951e-09,10
3.850,0.00373261,4,2154.43,19.2,4.4428443e-08,1.1329567e-08,3.5827235e-09,10
3.850,0.00373261,4,2154.43,20.48,4.2492485e-08,1.1310492e-08,3.5766916e-09,10
3.850,0.00373261,4,2154.43,23.04,3.864592e-08,1.1058284e-08,3.4969365e-09,10
3.850,0.00373261,4,2154.43,25.6,3.9094173e-08,1.0796209e-08,3.4140612e-09,10
3.850,0.00373261,4,2154.43,28.16,4.0634826e-08,1.0963295e-08,3.4668983e-09,10
3.850,0.00373261,4,2154.43,30.72,3.9949355e-08,1.1267046e-08,3.5629529e-09,10
3.850,0.00373261,4,2154.43,33.28,3.8709493e-08,1.0893966e-08,3.4449744e-09,10
3.850,0.00373261,4,2154.43,35.84,3.8876567e-08,1.0667667e-08,3.3734125e-09,10
3.850,0.00373261,4,2154.43,38.4,3.9116713e-08,1.1134484e-08,3.521033e-09,10
3.850,0.00373261,4,2154.43,40.96,3.853578e-08,1.12407e-08,3.5546214e-09,10
3.850,0.00373261,4,2154.43,46.08,3.8089182e-08,1.0826069e-08,3.4235036e-09,10
3.850,0.00373261,4,2154.43,51.2,3.7649847e-08,1.1222295e-08,3.5488014e-09,10
3.850,0.00373261,4,2154.43,56.32,3.7305327e-08,1.1019188e-08,3.4845731e-09,10
3.850,0.00373261,4,2154.43,61.44,3.6722362e-08,1.1287669e-08,3.5694743e-09,10
3.850,0.00373261,4,2154.43,66.56,3.6431836e-08,1.1030715e-08,3.4882183e-09,10
3.850,0.00373261,4,2154.43,71.68,3.6120855e-08,1.1177365e-08,3.5345932e-09,10
3.850,0.00373261,4,2154.43,76.8,3.5731848e-08,1.1356806e-08,3.5913374e-09,10
3.850,0.00373261,4,2154.43,81.92,3.5374479e-08,1.1207058e-08,3.5439829e-09,10
3.850,0.00373261,4,2154.43,92.16,3.4618925e-08,1.1204473e-08,3.5431654e-09,10
3.850,0.00373261,4,2154.43,102.4,3.3926118e-08,1.1305623e-08,3.5751518e-09,10
3.850,0.00373261,4,2154.43,112.64,3.320518e-08,1.1275634e-08,3.5656686e-09,10
3.850,0.00373261,4,2154.43,122.88,3.2775267e-08,1.1265272e-08,3.5623918e-09,10
3.850,0.00373261,4,2154.43,133.12,3.219867e-08,1.1194237e-08,3.5399286e-09,10
3.850,0.00373261,4,2154.43,143.36,3.1645836e-08,1.1338031e-08,3.5854001e-09,10
3.850,0.00373261,4,2154.43,153.6,3.1057634e-08,1.1235184e-08,3.5528772e-09,10
3.850,0.00373261,4,2154.43,163.84,3.0652246e-08,1.1059586e-08,3.4973483e-09,10
3.850,0.00373261,4,2154.43,184.32,2.9625553e-08,1.0997874e-08,3.4778332e-09,10
3.850,0.00373261,4,2154.43,204.8,2.863029e-08,1.0891987e-08,3.4443487e-09,10
3.850,0.00373261,4,2154.43,225.28,2.7684541e-08,1.0868935e-08,3.437059e-09,10
3.850,0.00373261,4,2154.43,245.76,2.6816596e-08,1.0878898e-08,3.4402095e-09,10
3.850,0.00373261,4,2154.43,266.24,2.6000086e-08,1.0829514e-08,3.4245929e-09,10
3.850,0.00373261,4,2154.43,286.72,2.5001981e-08,1.066295e-08,3.371921e-09,10
3.850,0.00373261,4,2154.43,307.2,2.4213993e-08,1.076615e-08,3.4045557e-09,10
3.850,0.00373261,4,2154.43,327.68,2.3558991e-08,1.0852249e-08,3.4317826e-09,10
3.850,0.00373261,4,2154.43,368.64,2.2224557e-08,1.1203808e-08,3.5429552e-09,10
3.850,0.00373261,4,2154.43,409.6,2.1111664e-08,1.1128448e-08,3.5191242e-09,10
3.850,0.00373261,4,2154.43,450.56,2.016289e-08,1.1100161e-08,3.510179e-09,10
3.850,0.00373261,4,2154.43,491.52,1.9375025e-08,1.1043813e-08,3.4923604e-09,10
3.850,0.00373261,4,2154.43,532.48,1.8489444e-08,1.0773587e-08,3.4069073e-09,10
3.850,0.00373261,4,2154.43,573.44,1.7580557e-08,1.0563207e-08,3.3403794e-09,10
3.850,0.00373261,4,2154.43,614.4,1.7014225e-08,1.0559247e-08,3.3391272e-09,10
3.850,0.00373261,4,2154.43,655.36,1.6496199e-08,1.0103725e-08,3.1950785e-09,10
3.850,0.00373261,4,2154.43,737.28,1.544678e-08,9.5402171e-09,3.0168815e-09,10
3.850,0.00373261,4,2154.43,819.2,1.4201619e-08,9.3518661e-09,2.9573197e-09,10
3.850,0.00373261,4,2154.43,901.12,1.3061479e-08,9.3708815e-09,2.9633329e-09,10
3.850,0.00373261,4,2154.43,983.04,1.2538596e-08,9.6050338e-09,3.0373784e-09,10
3.850,0.00373261,4,2154.43,1064.96,1.1853069e-08,9.542463e-09,3.0175918e-09,10
3.850,0.00373261,4,2154.43,1146.88,1.1071823e-08,9.4018534e-09,2.9731271e-09,10
3.850,0.00373261,4,2154.43,1228.8,1.0586361e-08,9.173735e-09,2.9009897e-09,10
3.850,0.00373261,4,2154.43,1310.72,1.0200521e-08,9.0887833e-09,2.8741256e-09,10
3.850,0.00373261,4,2154.43,1474.56,9.3853199e-09,9.1388371e-09,2.889954e-09,10
3.850,0.00373261,4,2154.43,1638.4,8.6351216e-09,8.6100355e-09,2.7227323e-09,10
3.850,0.00373261,4,2154.43,1802.24,7.9080275e-09,7.855781e-09,2.4842161e-09,10
3.850,0.00373261,4,2154.43,1966.08,7.4215235e-09,7.5909584e-09,2.4004718e-09,10
3.850,0.00373261,4,2154.43,2129.92,6.3381529e-09,7.6318638e-09,2.4134072e-09,10
3.850,0.00373261,4,2154.43,2293.76,4.9972203e-09,8.0743433e-09,2.5533315e-09,10
3.850,0.00373261,4,2154.43,2457.6,3.7825831e-09,8.2964142e-09,2.6235565e-09,10
3.850,0.00373261,4,2154.43,2621.44,3.4849659e-09,8.0353363e-09,2.5409964e-09,10
3.850,0.00373261,4,2154.43,2949.12,3.6195865e-09,8.3475635e-09,2.6397314e-09,10
3.850,0.00373261,4,2154.43,3276.8,3.9332478e-09,1.0323456e-08,3.2645636e-09,10
3.850,0.00373261,4,2154.43,3604.48,4.9905989e-09,1.1285846e-08,3.5688977e-09,10
3.850,0.00373261,4,2154.43,3932.16,6.1703296e-09,1.0601018e-08,3.3523363e-09,10
3.850,0.00373261,4,2154.43,4259.84,6.4894016e-09,1.1911813e-08,3.7668461e-09,10
3.850,0.00373261,4,2154.43,4587.52,4.3068698e-09,1.4605855e-08,4.618777e-09,10
3.850,0.00373261,4,2154.43,4915.2,3.4842032e-09,1.4939788e-08,4.7243757e-09,10
3.850,0.00373261,4,2154.43,5242.88,2.5719784e-09,1.3672613e-08,4.3236599e-09,10
3.850,0.00373261,4,2154.43,5898.24,1.8483032e-09,1.292516e-08,4.0872944e-09,10
3.850,0.00373261,4,2154.43,6553.6,1.8524302e-09,1.4443691e-08,4.5674962e-09,10
3.850,0.00373261,4,2154.43,7208.96,1.2440584e-09,1.2895133e-08,4.0777992e-09,10
3.850,0.00373261,4,2154.43,7864.32,3.7569893e-09,1.182397e-08,3.7390675e-09,10
3.850,0.00373261,4,2154.43,8519.68,6.1018815e-09,1.1558012e-08,3.6549643e-09,10
3.850,0.00373261,4,2154.43,9175.04,3.7429771e-09,9.8367636e-09,3.1106578e-09,10
3.850,0.00373261,4,2154.43,9830.4,1.1695583e-09,9.4375111e-09,2.984403e-09,10
3.850,0.00373261,4,2154.43,10485.76,-7.6605315e-10,1.1839994e-08,3.7441349e-09,10
3.850,0.00373261,4,2154.43,11796.48,-3.7156847e-09,1.5415582e-08,4.874835e-09,10
3.850,0.00373261,4,2154.43,13107.2,3.8666234e-09,1.1264667e-08,3.5622006e-09,10
3.850,0.00373261,4,2154.43,14417.92,3.0479232e-09,1.3097015e-08,4.1416399e-09,10
3.850,0.00373261,4,2154.43,15728.64,-1.0078307e-08,2.3188021e-08,7.3326961e-09,10
3.850,0.0025044372,fill,10000,0,1.153948e-07,3.4090192e-09,1.0780265e-09,10
3.850,0.0025044372,fill,10000,0.01,1.1533491e-07,3.4087522e-09,1.0779421e-09,10
3.850,0.0025044372,fill,10000,0.02,1.1515585e-07,3.4079521e-09,1.0776891e-09,10
3.850,0.0025044372,fill,10000,0.03,1.1485795e-07,3.406621e-09,1.0772681e-09,10
3.850,0.0025044372,fill,10000,0.04,1.1444177e-07,3.4047619e-09,1.0766803e-09,10
3.850,0.0025044372,fill,10000,0.05,1.1390805e-07,3.4023797e-09,1.0759269e-09,10
3.850,0.0025044372,fill,10000,0.06,1.1325779e-07,3.39948e-09,1.07501e-09,10
3.850,0.0025044372,fill,10000,0.07,1.1249218e-07,3.3960702e-09,1.0739317e-09,10
3.850,0.0025044372,fill,10000,0.08,1.1161261e-07,3.3921586e-09,1.0726947e-09,10
3.850,0.0025044372,fill,10000,0.09,1.1062071e-07,3.3877548e-09,1.0713021e-09,10
3.850,0.0025044372,fill,10000,0.1,1.0951827e-07,3.3828696e-09,1.0697573e-09,10
3.850,0.0025044372,fill,10000,0.11,1.0830733e-07,3.3775151e-09,1.0680641e-09,10
3.850,0.0025044372,fill,10000,0.12,1.0699008e-07,3.3717044e-09,1.0662265e-09,10
3.850,0.0025044372,fill,10000,0.13,1.0556893e-07,3.3654516e-09,1.0642492e-09,10
3.850,0.0025044372,fill,10000,0.14,1.0404646e-07,3.3587721e-09,1.062137e-09,10
3.850,0.0025044372,fill,10000,0.15,1.0242545e-07,3.3516822e-09,1.059895e-09,10
3.850,0.0025044372,fill,10000,0.16,1.0068572e-07,3.3440991e-09,1.057497e-09,10
3.850,0.0025044372,fill,10000,0.18,9.697999e-08,3.3280342e-09,1.0524168e-09,10
3.850,0.0025044372,fill,10000,0.2,9.2931451e-08,3.310625e-09,1.0469115e-09,10
3.850,0.0025044372,fill,10000,0.22,8.8569293e-08,3.2920378e-09,1.0410337e-09,10
3.850,0.0025044372,fill,10000,0.24,8.3924853e-08,3.2724485e-09,1.0348391e-09,10
3.850,0.0025044372,fill,10000,0.26,7.9031355e-08,3.2520404e-09,1.0283855e-09,10
3.850,0.0025044372,fill,10000,0.28,7.3923644e-08,3.2310023e-09,1.0217326e-09,10
3.850,0.0025044372,fill,10000,0.3,6.8637902e-08,3.2095263e-09,1.0149413e-09,10
3.850,0.0025044372,fill,10000,0.32,6.3185649e-08,3.1877104e-09,1.0080425e-09,10
3.850,0.0025044372,fill,10000,0.36,5.2081834e-08,3.1443705e-09,9.9433725e-10,10
3.850,0.0025044372,fill,10000,0.4,4.0874618e-08,3.102265e-09,9.8102234e-10,10
3.850,0.0025044372,fill,10000,0.44,2.9868645e-08,3.062726e-09,9.6851899e-10,10
3.850,0.0025044372,fill,10000,0.48,1.935695e-08,3.0269014e-09,9.5719028e-10,10
3.850,0.0025044372,fill,10000,0.52,9.6121917e-09,2.9957169e-09,9.4732886e-10,10
3.850,0.0025044372,fill,10000,0.56,8.7869318e-10,2.9698553e-09,9.3915071e-10,10
3.850,0.0025044372,fill,10000,0.6,-6.6344623e-09,2.9497554e-09,9.3279455e-10,10
3.850,0.0025044372,fill,10000,0.64,-1.2381178e-08,2.9369642e-09,9.2874962e-10,10
3.850,0.0025044372,fill,10000,0.72,-1.9995137e-08,2.9265205e-09,9.2544705e-10,10
3.850,0.0025044372,fill,10000,0.8,-2.1254599e-08,2.9381271e-09,9.2911737e-10,10
3.850,0.0025044372,fill,10000,0.88,-1.651719e-08,2.9686401e-09,9.3876643e-10,10
3.850,0.0025044372,fill,10000,0.96,-6.8211665e-09,3.0139038e-09,9.5308005e-10,10
3.850,0.0025044372,fill,10000,1.04,6.2755067e-09,3.0688509e-09,9.7045585e-10,10
3.850,0.0025044372,fill,10000,1.12,2.0913683e-08,3.1274867e-09,9.8899814e-10,10
3.850,0.0025044372,fill,10000,1.2,3.5179707e-08,3.1831381e-09,1.0065966e-09,10
3.850,0.0025044372,fill,10000,1.28,4.6490178e-08,3.2243883e-09,1.0196411e-09,10
3.850,0.0025044372,fill,10000,1.44,5.9495489e-08,3.2647962e-09,1.0324192e-09,10
3.850,0.0025044372,fill,10000,1.6,5.5979546e-08,3.2267161e-09,1.0203772e-09,10
3.850,0.0025044372,fill,10000,1.76,4.049702e-08,3.1291789e-09,9.8953324e-10,10
3.850,0.0025044372,fill,10000,1.92,2.2468325e-08,3.0218793e-09,9.5560215e-10,10
3.850,0.0025044372,fill,10000,2.08,1.0749334e-08,2.9598287e-09,9.3598e-10,10
3.850,0.0025044372,fill,10000,2.24,9.3843517e-09,2.972211e-09,9.3989564e-10,10
3.850,0.0025044372,fill,10000,2.4,1.6487983e-08,3.0457412e-09,9.6314794e-10,10
3.850,0.0025044372,fill,10000,2.56,2.5432296e-08,3.1347897e-09,9.9130754e-10,10
3.850,0.0025044372,fill,10000,2.88,3.1142662e-08,3.2513773e-09,1.0281758e-09,10
3.850,0.0025044372,fill,10000,3.2,1.9111484e-08,3.2319189e-09,1.0220225e-09,10
3.850,0.0025044372,fill,10000,3.52,1.0569429e-08,3.1120952e-09,9.8413091e-10,10
3.850,0.0025044372,fill,10000,3.84,1.2964359e-08,3.0191858e-09,9.5475039e-10,10
3.850,0.0025044372,fill,10000,4.16,1.6101333e-08,3.0485032e-09,9.6402137e-10,10
3.850,0.0025044372,fill,10000,4.48,1.6506635e-08,3.2248296e-09,1.0197807e-09,10
3.850,0.0025044372,fill,10000,4.8,1.6606307e-08,3.3472326e-09,1.0584879e-09,10
3.850,0.0025044372,fill,10000,5.12,1.4260842e-08,3.2075127e-09,1.0143046e-09,10
3.850,0.0025044372,fill,10000,5.76,1.453166e-08,3.0703901e-09,9.7094259e-10,10
3.850,0.0025044372,fill,10000,6.4,1.6104804e-08,3.2505546e-09,1.0279156e-09,10
3.850,0.0025044372,fill,10000,7.04,1.5480796e-08,3.0052837e-09,9.5035414e-10,10
3.850,0.0025044372,fill,10000,7.68,2.0729354e-08,3.2527959e-09,1.0286244e-09,10
3.850,0.0025044372,fill,10000,8.32,1.9546506e-08,3.0744061e-09,9.7221256e-10,10
3.850,0.0025044372,fill,10000,8.96,2.3576266e-08,3.1166167e-09,9.8556073e-10,10
3.850,0.0025044372,fill,10000,9.6,2.2393865e-08,3.0792368e-09,9.7374017e-10,10
3.850,0.0025044372,fill,10000,10.24,2.3940177e-08,3.0913577e-09,9.7757315e-10,10
3.850,0.0025044372,fill,10000,11.52,2.3716411e-08,3.1150288e-09,9.8505861e-10,10
3.850,0.0025044372,fill,10000,12.8,2.166514e-08,3.0784686e-09,9.7349725e-10,10
3.850,0.0025044372,fill,10000,14.08,1.9422459e-08,3.0709396e-09,9.7111638e-10,10
3.850,0.0025044372,fill,10000,15.36,1.7700028e-08,3.0949471e-09,9.787082e-10,10
3.850,0.0025044372,fill,10000,16.64,1.7260832e-08,3.077381e-09,9.7315332e-10,10
3.850,0.0025044372,fill,10000,17.92,1.789954e-08,3.1157922e-09,9.8530002e-10,10
3.850,0.0025044372,fill,10000,19.2,1.9120286e-08,3.1152602e-09,9.8513177e-10,10
3.850,0.0025044372,fill,10000,20.48,2.0168743e-08,3.1237529e-09,9.8781739e-10,10
3.850,0.0025044372,fill,10000,23.04,2.0638889e-08,3.1157084e-09,9.8527351e-10,10
3.850,0.0025044372,fill,10000,25.6,1.9430907e-08,3.0617174e-09,9.6820004e-10,10
3.850,0.0025044372,fill,10000,28.16,1.8640899e-08,3.0408861e-09,9.6161262e-10,10
3.850,0.0025044372,fill,10000,30.72,1.8953307e-08,3.1031455e-09,9.8130078e-10,10
3.850,0.0025044372,fill,10000,33.28,1.9407859e-08,3.1126868e-09,9.8431798e-10,10
3.850,0.0025044372,fill,10000,35.84,1.930655e-08,3.0900817e-09,9.7716962e-10,10
3.850,0.0025044372,fill,10000,38.4,1.8885277e-08,3.077837e-09,9.7329751e-10,10
3.850,0.0025044372,fill,10000,40.96,1.8788502e-08,3.1140278e-09,9.8474207e-10,10
3.850,0.0025044372,fill,10000,46.08,1.8849544e-08,3.1083116e-09,9.8293444e-10,10
3.850,0.0025044372,fill,10000,51.2,1.8592216e-08,3.1156689e-09,9.8526103e-10,10
3.850,0.0025044372,fill,10000,56.32,1.8497222e-08,3.1385006e-09,9.9248104e-10,10
3.850,0.0025044372,fill,10000,61.44,1.8383045e-08,3.1250863e-09,9.8823907e-10,10
3.850,0.0025044372,fill,10000,66.56,1.8268077e-08,3.1095926e-09,9.8333953e-10,10
3.850,0.0025044372,fill,10000,71.68,1.8193433e-08,3.0919748e-09,9.7776828e-10,10
3.850,0.0025044372,fill,10000,76.8,1.8043685e-08,3.089449e-09,9.7696956e-10,10
3.850,0.0025044372,fill,10000,81.92,1.7926567e-08,3.0963679e-09,9.7915751e-10,10
3.850,0.0025044372,fill,10000,92.16,1.7730895e-08,3.0654407e-09,9.6937748e-10,10
3.850,0.0025044372,fill,10000,102.4,1.7530193e-08,3.0715946e-09,9.7132351e-10,10
3.850,0.0025044372,fill,10000,112.64,1.7333511e-08,3.0693246e-09,9.7060566e-10,10
3.850,0.0025044372,fill,10000,122.88,1.7141118e-08,3.0472035e-09,9.6361036e-10,10
3.850,0.0025044372,fill,10000,133.12,1.6968834e-08,3.0546045e-09,9.6595077e-10,10
3.850,0.0025044372,fill,10000,143.36,1.6788486e-08,3.0704892e-09,9.7097394e-10,10
3.850,0.0025044372,fill,10000,153.6,1.66099e-08,3.0519088e-09,9.6509829e-10,10
3.850,0.0025044372,fill,10000,163.84,1.6462236e-08,3.0781669e-09,9.7340184e-10,10
3.850,0.0025044372,fill,10000,184.32,1.6156636e-08,3.0957935e-09,9.7897587e-10,10
3.850,0.0025044372,fill,10000,204.8,1.5861543e-08,3.095417e-09,9.788568e-10,10
3.850,0.0025044372,fill,10000,225.28,1.5568132e-08,3.0795851e-09,9.7385032e-10,10
3.850,0.0025044372,fill,10000,245.76,1.5288995e-08,3.0624519e-09,9.6843233e-10,10
3.850,0.0025044372,fill,10000,266.24,1.4984102e-08,3.0527183e-09,9.653543e-10,10
3.850,0.0025044372,fill,10000,286.72,1.4743866e-08,3.089978e-09,9.7713684e-10,10
3.850,0.0025044372,fill,10000,307.2,1.4495241e-08,3.0776901e-09,9.7325106e-10,10
3.850,0.0025044372,fill,10000,327.68,1.4268578e-08,3.0961463e-09,9.7908743e-10,10
3.850,0.0025044372,fill,10000,368.64,1.3814545e-08,3.1169158e-09,9.8565533e-10,10
3.850,0.0025044372,fill,10000,409.6,1.3431319e-08,3.0962992e-09,9.7913579e-10,10
3.850,0.0025044372,fill,10000,450.56,1.303998e-08,3.1044238e-09,9.81705e-10,10
3.850,0.0025044372,fill,10000,491.52,1.265485e-08,3.1160378e-09,9.8537767e-10,10
3.850,0.0025044372,fill,10000,532.48,1.2267752e-08,3.0872854e-09,9.7628537e-10,10
3.850,0.0025044372,fill,10000,573.44,1.1919622e-08,3.1110323e-09,9.837948e-10,10
3.850,0.0025044372,fill,10000,614.4,1.1545912e-08,3.1306366e-09,9.8999421e-10,10
3.850,0.0025044372,fill,10000,655.36,1.1232545e-08,3.1116563e-09,9.8399211e-10,10
3.850,0.0025044372,fill,10000,737.28,1.0606553e-08,3.0443834e-09,9.6271855e-10,10
3.850,0.0025044372,fill,10000,819.2,1.0103336e-08,2.9450925e-09,9.3132001e-10,10
3.850,0.0025044372,fill,10000,901.12,9.6369584e-09,2.8554707e-09,9.0297912e-10,10
3.850,0.0025044372,fill,10000,983.04,9.218868e-09,2.7419535e-09,8.6708182e-10,10
3.850,0.0025044372,fill,10000,1064.96,8.818636e-09,2.651897e-09,8.3860346e-10,10
3.850,0.0025044372,fill,10000,1146.88,8.4736479e-09,2.576438e-09,8.1474124e-10,10
3.850,0.0025044372,fill,10000,1228.8,8.1727064e-09,2.4921297e-09,7.8808062e-10,10
3.850,0.0025044372,fill,10000,1310.72,7.8654768e-09,2.4559999e-09,7.7665535e-10,10
3.850,0.0025044372,fill,10000,1474.56,7.2347123e-09,2.3666512e-09,7.4840081e-10,10
3.850,0.0025044372,fill,10000,1638.4,6.6626524e-09,2.2115558e-09,6.9935535e-10,10
3.850,0.0025044372,fill,10000,1802.24,6.1373816e-09,2.0181202e-09,6.3818565e-10,10
3.850,0.0025044372,fill,10000,1966.08,5.6143782e-09,1.969721e-09,6.2288048e-10,10
3.850,0.0025044372,fill,10000,2129.92,5.1390418e-09,1.9045874e-09,6.0228341e-10,10
3.850,0.0025044372,fill,10000,2293.76,4.7244234e-09,1.838198e-09,5.8128924e-10,10
3.850,0.0025044372,fill,10000,2457.6,4.4503488e-09,1.7454251e-09,5.5195189e-10,10
3.850,0.0025044372,fill,10000,2621.44,4.2485568e-09,1.7808859e-09,5.6316557e-10,10
3.850,0.0025044372,fill,10000,2949.12,3.7802689e-09,2.0024257e-09,6.3322261e-10,10
3.850,0.0025044372,fill,10000,3276.8,3.2348131e-09,1.8864564e-09,5.9654991e-10,10
3.850,0.0025044372,fill,10000,3604.48,2.7747537e-09,1.7564602e-09,5.554415e-10,10
3.850,0.0025044372,fill,10000,3932.16,2.4083598e-09,1.7285248e-09,5.4660754e-10,10
3.850,0.0025044372,fill,10000,4259.84,1.9499055e-09,1.802842e-09,5.7010869e-10,10
3.850,0.0025044372,fill,10000,4587.52,1.4948933e-09,2.0504824e-09,6.4841947e-10,10
3.850,0.0025044372,fill,10000,4915.2,9.9879012e-10,2.2133844e-09,6.9993359e-10,10
3.850,0.0025044372,fill,10000,5242.88,6.1607589e-10,2.1952488e-09,6.9419863e-10,10
3.850,0.0025044372,fill,10000,5898.24,-5.048718e-11,2.0097749e-09,6.3554664e-10,10
3.850,0.0025044372,fill,10000,6553.6,-4.1698243e-10,1.5444079e-09,4.8838466e-10,10
3.850,0.0025044372,fill,10000,7208.96,-6.2960181e-10,1.7511149e-09,5.5375114e-10,10
3.850,0.0025044372,fill,10000,7864.32,-5.9519752e-10,1.9831668e-09,6.2713241e-10,10
3.850,0.0025044372,fill,10000,8519.68,-7.2095807e-10,2.2306583e-09,7.0539608e-10,10
3.850,0.0025044372,fill,10000,9175.04,-9.6596165e-10,2.8390773e-09,8.9779508e-10,10
3.850,0.0025044372,fill,10000,9830.4,-1.129096e-09,2.7071847e-09,8.5608698e-10,10
3.850,0.0025044372,fill,10000,10485.76,-1.1368666e-09,2.4145503e-09,7.6354784e-10,10
3.850,0.0025044372,fill,10000,11796.48,-7.1013872e-10,2.2444918e-09,7.0977063e-10,10
3.850,0.0025044372,fill,10000,13107.2,-8.0609807e-11,2.0076415e-09,6.3487197e-10,10
3.850,0.0025044372,fill,10000,14417.92,-2.8165672e-10,2.0212257e-09,6.391677e-10,10
3.850,0.0025044372,fill,10000,15728.64,-1.2277654e-10,2.4256615e-09,7.6706153e-10,10
3.850,0.0025044372,fill,10000,17039.36,3.1309769e-10,2.1716385e-09,6.8673238e-10,10
3.850,0.0025044372,fill,10000,18350.08,5.9016799e-10,2.6450985e-09,8.3645358e-10,10
3.850,0.0025044372,fill,10000,19660.8,7.1746981e-10,2.3713417e-09,7.4988409e-10,10
3.850,0.0025044372,fill,10000,20971.52,1.0188198e-09,1.5092153e-09,4.7725579e-10,10
3.850,0.0025044372,fill,10000,23592.96,5.1956909e-10,1.7956905e-09,5.6784718e-10,10
3.850,0.0025044372,fill,10000,26214.4,3.2604252e-12,2.5476825e-09,8.0564794e-10,10
3.850,0.0025044372,fill,10000,28835.84,2.2813159e-11,2.4680951e-09,7.804802e-10,10
3.850,0.0025044372,fill,10000,31457.28,-6.1877158e-10,1.9746889e-09,6.2445147e-10,10
3.850,0.0025044372,fill,10000,34078.72,-2.0497408e-10,1.6924433e-09,5.3519757e-10,10
3.850,0.0025044372,fill,10000,36700.16,-2.9476264e-10,2.6230823e-09,8.2949146e-10,10
3.850,0.0025044372,fill,10000,39321.6,6.7197321e-12,3.4664123e-09,1.0961758e-09,10
3.850,0.0025044372,fill,10000,41943.04,-1.0844071e-09,3.0191694e-09,9.5474519e-10,10
3.850,0.0025044372,fill,10000,47185.92,-6.8979226e-10,2.6432871e-09,8.3588076e-10,10
3.850,0.0025044372,fill,10000,52428.8,-6.350983e-11,2.0092656e-09,6.3538557e-10,10
3.850,0.0025044372,fill,10000,57671.68,-8.7188454e-10,2.9578386e-09,9.3535071e-10,10
3.850,0.0025044372,fill,10000,62914.56,-6.1629586e-11,3.4198518e-09,1.0814521e-09,10
3.850,0.0025044372,fill,10000,68157.44,1.9383015e-10,3.1058183e-09,9.8214597e-10,10
3.850,0.0025044372,fill,10000,73400.32,8.1874479e-10,2.2917026e-09,7.2469999e-10,10
3.850,0.0025044372,fill,10000,78643.2,1.2558814e-09,5.2163636e-09,1.649559e-09,10
3.850,0.0025044372,fill,10000,83886.08,1.4917318e-09,3.2307362e-09,1.0216485e-09,10
3.850,0.00227471,4,4641.59,0,1.0017575e-07,2.9938601e-09,9.4674171e-10,10
3.850,0.00227471,4,4641.59,0.01,1.0012231e-07,2.9939474e-09,9.467693e-10,10
3.850,0.00227471,4,4641.59,0.02,9.9962517e-08,2.9942255e-09,9.4685724e-10,10
3.850,0.00227471,4,4641.59,0.03,9.9696666e-08,2.9946947e-09,9.4700561e-10,10
3.850,0.00227471,4,4641.59,0.04,9.9325244e-08,2.9953552e-09,9.4721447e-10,10
3.850,0.00227471,4,4641.59,0.05,9.8848929e-08,2.9962074e-09,9.4748398e-10,10
3.850,0.00227471,4,4641.59,0.06,9.8268592e-08,2.997252e-09,9.4781431e-10,10
3.850,0.00227471,4,4641.59,0.07,9.7585293e-08,2.9984896e-09,9.4820567e-10,10
3.850,0.00227471,4,4641.59,0.08,9.6800279e-08,2.9999208e-09,9.4865825e-10,10
3.850,0.00227471,4,4641.59,0.09,9.5914982e-08,3.001546e-09,9.4917217e-10,10
3.850,0.00227471,4,4641.59,0.1,9.4931014e-08,3.003366e-09,9.4974773e-10,10
3.850,0.00227471,4,4641.59,0.11,9.3850165e-08,3.0053817e-09,9.5038515e-10,10
3.850,0.00227471,4,4641.59,0.12,9.26744e-08,3.0075931e-09,9.5108445e-10,10
3.850,0.00227471,4,4641.59,0.13,9.1405854e-08,3.0100006e-09,9.5184578e-10,10
3.850,0.00227471,4,4641.59,0.14,9.0046828e-08,3.0126047e-09,9.5266926e-10,10
3.850,0.00227471,4,4641.59,0.15,8.8599783e-08,3.0154054e-09,9.5355491e-10,10
3.850,0.00227471,4,4641.59,0.16,8.7046681e-08,3.0184422e-09,9.5451522e-10,10
3.850,0.00227471,4,4641.59,0.18,8.3738308e-08,3.0250209e-09,9.565956e-10,10
3.850,0.00227471,4,4641.59,0.2,8.0123551e-08,3.0323741e-09,9.589209e-10,10
3.850,0.00227471,4,4641.59,0.22,7.6228383e-08,3.0404879e-09,9.6148669e-10,10
3.850,0.00227471,4,4641.59,0.24,7.2080688e-08,3.04934e-09,9.6428597e-10,10
3.850,0.00227471,4,4641.59,0.26,6.7710041e-08,3.0589005e-09,9.6730926e-10,10
3.850,0.00227471,4,4641.59,0.28,6.3147466e-08,3.0691302e-09,9.7054417e-10,10
3.850,0.00227471,4,4641.59,0.3,5.8425188e-08,3.0799791e-09,9.7397492e-10,10
3.850,0.00227471,4,4641.59,0.32,5.3553209e-08,3.0914314e-09,9.7759645e-10,10
3.850,0.00227471,4,4641.59,0.36,4.3629005e-08,3.115586e-09,9.8523482e-10,10
3.850,0.00227471,4,4641.59,0.4,3.3608645e-08,3.1409889e-09,9.932679e-10,10
3.850,0.00227471,4,4641.59,0.44,2.3764038e-08,3.1668097e-09,1.0014332e-09,10
3.850,0.00227471,4,4641.59,0.48,1.4357001e-08,3.1921105e-09,1.009434e-09,10
3.850,0.00227471,4,4641.59,0.52,5.6314443e-09,3.2158943e-09,1.0169551e-09,10
3.850,0.00227471,4,4641.59,0.56,-2.1937386e-09,3.2371629e-09,1.0236808e-09,10
3.850,0.00227471,4,4641.59,0.6,-8.9308573e-09,3.2549746e-09,1.0293133e-09,10
3.850,0.00227471,4,4641.59,0.64,-1.4090824e-08,3.2671818e-09,1.0331736e-09,10
3.850,0.00227471,4,4641.59,0.72,-2.0941959e-08,3.2787854e-09,1.036843e-09,10
3.850,0.00227471,4,4641.59,0.8,-2.210314e-08,3.2682499e-09,1.0335114e-09,10
3.850,0.00227471,4,4641.59,0.88,-1.7882852e-08,3.2365796e-09,1.0234963e-09,10
3.850,0.00227471,4,4641.59,0.96,-9.2005657e-09,3.1882294e-09,1.0082066e-09,10
3.850,0.00227471,4,4641.59,1.04,2.5550217e-09,3.1300821e-09,9.8981887e-10,10
3.850,0.00227471,4,4641.59,1.12,1.5719975e-08,3.0699545e-09,9.7080485e-10,10
3.850,0.00227471,4,4641.59,1.2,2.8575283e-08,3.0150415e-09,9.5343983e-10,10
3.850,0.00227471,4,4641.59,1.28,3.879557e-08,2.9732761e-09,9.4023246e-10,10
3.850,0.00227471,4,4641.59,1.44,5.0592232e-08,2.9300599e-09,9.2656629e-10,10
3.850,0.00227471,4,4641.59,1.6,4.7459689e-08,2.9521135e-09,9.3354026e-10,10
3.850,0.00227471,4,4641.59,1.76,3.3429392e-08,3.0410014e-09,9.6164906e-10,10
3.850,0.00227471,4,4641.59,1.92,1.7022345e-08,3.1786454e-09,1.0051759e-09,10
3.850,0.00227471,4,4641.59,2.08,6.3594287e-09,3.3131086e-09,1.0476969e-09,10
3.850,0.00227471,4,4641.59,2.24,5.2449392e-09,3.3797249e-09,1.0687629e-09,10
3.850,0.00227471,4,4641.59,2.4,1.203536e-08,3.3466638e-09,1.058308e-09,10
3.850,0.00227471,4,4641.59,2.56,2.0619574e-08,3.2328045e-09,1.0223025e-09,10
3.850,0.00227471,4,4641.59,2.88,2.6268592e-08,3.0579096e-09,9.6699592e-10,10
3.850,0.00227471,4,4641.59,3.2,1.4666916e-08,3.0855862e-09,9.7574802e-10,10
3.850,0.00227471,4,4641.59,3.52,6.2789469e-09,3.2640594e-09,1.0321862e-09,10
3.850,0.00227471,4,4641.59,3.84,9.0849479e-09,3.3209461e-09,1.0501754e-09,10
3.850,0.00227471,4,4641.59,4.16,1.2589903e-08,3.2577096e-09,1.0301782e-09,10
3.850,0.00227471,4,4641.59,4.48,1.2276026e-08,3.2602126e-09,1.0309698e-09,10
3.850,0.00227471,4,4641.59,4.8,1.1593482e-08,3.3714645e-09,1.0661507e-09,10
3.850,0.00227471,4,4641.59,5.12,1.0140966e-08,3.3230606e-09,1.050844e-09,10
3.850,0.00227471,4,4641.59,5.76,1.0446089e-08,3.2272725e-09,1.0205532e-09,10
3.850,0.00227471,4,4641.59,6.4,1.1179022e-08,3.4190375e-09,1.0811946e-09,10
3.850,0.00227471,4,4641.59,7.04,1.0629257e-08,3.2095815e-09,1.0149588e-09,10
3.850,0.00227471,4,4641.59,7.68,1.4947185e-08,3.3197158e-09,1.0497863e-09,10
3.850,0.00227471,4,4641.59,8.32,1.3857812e-08,3.2245929e-09,1.0197058e-09,10
3.850,0.00227471,4,4641.59,8.96,1.7784087e-08,3.180726e-09,1.0058339e-09,10
3.850,0.00227471,4,4641.59,9.6,1.6274701e-08,3.1116484e-09,9.8398963e-10,10
3.850,0.00227471,4,4641.59,10.24,1.8042576e-08,3.1304369e-09,9.8993107e-10,10
3.850,0.00227471,4,4641.59,11.52,1.8483481e-08,3.0640913e-09,9.6895076e-10,10
3.850,0.00227471,4,4641.59,12.8,1.7109744e-08,3.0423743e-09,9.6208324e-10,10
3.850,0.00227471,4,4641.59,14.08,1.5384742e-08,3.0599596e-09,9.6764419e-10,10
3.850,0.00227471,4,4641.59,15.36,1.3593272e-08,3.1702703e-09,1.0025275e-09,10
3.850,0.00227471,4,4641.59,16.64,1.2908034e-08,3.2417089e-09,1.0251184e-09,10
3.850,0.00227471,4,4641.59,17.92,1.2944997e-08,3.298983e-09,1.04323e-09,10
3.850,0.00227471,4,4641.59,19.2,1.3786474e-08,3.2804375e-09,1.0373654e-09,10
3.850,0.00227471,4,4641.59,20.48,1.4748661e-08,3.1938158e-09,1.0099732e-09,10
3.850,0.00227471,4,4641.59,23.04,1.559783e-08,3.0820112e-09,9.7461751e-10,10
3.850,0.00227471,4,4641.59,25.6,1.4931944e-08,3.140659e-09,9.9316357e-10,10
3.850,0.00227471,4,4641.59,28.16,1.4139517e-08,3.1734414e-09,1.0035303e-09,10
3.850,0.00227471,4,4641.59,30.72,1.4108322e-08,3.1575289e-09,9.9849831e-10,10
3.850,0.00227471,4,4641.59,33.28,1.4452794e-08,3.1121896e-09,9.8416078e-10,10
3.850,0.00227471,4,4641.59,35.84,1.4507731e-08,3.1673975e-09,1.001619e-09,10
3.850,0.00227471,4,4641.59,38.4,1.4366889e-08,3.1675556e-09,1.001669e-09,10
3.850,0.00227471,4,4641.59,40.96,1.4192362e-08,3.1939205e-09,1.0100063e-09,10
3.850,0.00227471,4,4641.59,46.08,1.4131975e-08,3.099236e-09,9.8006447e-10,10
3.850,0.00227471,4,4641.59,51.2,1.4023987e-08,3.1324753e-09,9.9057566e-10,10
3.850,0.00227471,4,4641.59,56.32,1.3946769e-08,3.1669329e-09,1.0014721e-09,10
3.850,0.00227471,4,4641.59,61.44,1.384533e-08,3.1035815e-09,9.8143864e-10,10
3.850,0.00227471,4,4641.59,66.56,1.3824202e-08,3.1697561e-09,1.0023649e-09,10
3.850,0.00227471,4,4641.59,71.68,1.3729742e-08,3.1402301e-09,9.9302794e-10,10
3.850,0.00227471,4,4641.59,76.8,1.3599594e-08,3.052386e-09,9.6524919e-10,10
3.850,0.00227471,4,4641.59,81.92,1.3540247e-08,3.166187e-09,1.0012362e-09,10
3.850,0.00227471,4,4641.59,92.16,1.3380832e-08,3.1645621e-09,1.0007224e-09,10
3.850,0.00227471,4,4641.59,102.4,1.3248234e-08,3.144102e-09,9.9425234e-10,10
3.850,0.00227471,4,4641.59,112.64,1.3071543e-08,3.1712802e-09,1.0028469e-09,10
3.850,0.00227471,4,4641.59,122.88,1.2906225e-08,3.1514119e-09,9.9656393e-10,10
3.850,0.00227471,4,4641.59,133.12,1.2746797e-08,3.1369967e-09,9.9200545e-10,10
3.850,0.00227471,4,4641.59,143.36,1.2655476e-08,3.1265618e-09,9.8870567e-10,10
3.850,0.00227471,4,4641.59,153.6,1.2546034e-08,3.120841e-09,9.8689656e-10,10
3.850,0.00227471,4,4641.59,163.84,1.2424056e-08,3.1203054e-09,9.8672722e-10,10
3.850,0.00227471,4,4641.59,184.32,1.2208599e-08,3.0585959e-09,9.6721296e-10,10
3.850,0.00227471,4,4641.59,204.8,1.1975359e-08,3.0290978e-09,9.5788483e-10,10
3.850,0.00227471,4,4641.59,225.28,1.1817473e-08,3.0240479e-09,9.562879e-10,10
3.850,0.00227471,4,4641.59,245.76,1.1636992e-08,3.0369107e-09,9.6035549e-10,10
3.850,0.00227471,4,4641.59,266.24,1.1427599e-08,3.0229824e-09,9.5595096e-10,10
3.850,0.00227471,4,4641.59,286.72,1.1238003e-08,3.0363814e-09,9.601881e-10,10
3.850,0.00227471,4,4641.59,307.2,1.1087545e-08,3.0576747e-09,9.6692164e-10,10
3.850,0.00227471,4,4641.59,327.68,1.0944154e-08,3.0587739e-09,9.6726925e-10,10
3.850,0.00227471,4,4641.59,368.64,1.0638533e-08,3.0735551e-09,9.7194347e-10,10
3.850,0.00227471,4,4641.59,409.6,1.0393911e-08,3.0729491e-09,9.7175182e-10,10
3.850,0.00227471,4,4641.59,450.56,1.0116249e-08,3.0630663e-09,9.686266e-10,10
3.850,0.00227471,4,4641.59,491.52,9.8805302e-09,3.0190673e-09,9.5471289e-10,10
3.850,0.00227471,4,4641.59,532.48,9.6360462e-09,3.0143867e-09,9.5323276e-10,10
3.850,0.00227471,4,4641.59,573.44,9.3964761e-09,3.0899867e-09,9.7713961e-10,10
3.850,0.00227471,4,4641.59,614.4,9.1002443e-09,3.1123891e-09,9.8422386e-10,10
3.850,0.00227471,4,4641.59,655.36,8.8654811e-09,3.1201067e-09,9.8666437e-10,10
3.850,0.00227471,4,4641.59,737.28,8.4873744e-09,3.1521772e-09,9.9680597e-10,10
3.850,0.00227471,4,4641.59,819.2,8.1776783e-09,3.204277e-09,1.0132814e-09,10
3.850,0.00227471,4,4641.59,901.12,7.8644014e-09,3.2471909e-09,1.0268519e-09,10
3.850,0.00227471,4,4641.59,983.04,7.4321919e-09,3.3243922e-09,1.0512651e-09,10
3.850,0.00227471,4,4641.59,1064.96,7.0885728e-09,3.4037928e-09,1.0763738e-09,10
3.850,0.00227471,4,4641.59,1146.88,6.806223e-09,3.4410866e-09,1.0881671e-09,10
3.850,0.00227471,4,4641.59,1228.8,6.5327953e-09,3.4707273e-09,1.0975403e-09,10
3.850,0.00227471,4,4641.59,1310.72,6.3150282e-09,3.5511982e-09,1.1229875e-09,10
3.850,0.00227471,4,4641.59,1474.56,5.8522569e-09,3.607593e-09,1.1408211e-09,10
3.850,0.00227471,4,4641.59,1638.4,5.4058006e-09,3.5658182e-09,1.1276107e-09,10
3.850,0.00227471,4,4641.59,1802.24,5.0615185e-09,3.5582435e-09,1.1252154e-09,10
3.850,0.00227471,4,4641.59,1966.08,4.7205224e-09,3.5491806e-09,1.1223494e-09,10
3.850,0.00227471,4,4641.59,2129.92,4.4784858e-09,3.5211132e-09,1.1134737e-09,10
3.850,0.00227471,4,4641.59,2293.76,4.1484399e-09,3.4895927e-09,1.1035061e-09,10
3.850,0.00227471,4,4641.59,2457.6,3.9270842e-09,3.3939904e-09,1.073274e-09,10
3.850,0.00227471,4,4641.59,2621.44,3.8312461e-09,3.3844747e-09,1.0702649e-09,10
3.850,0.00227471,4,4641.59,2949.12,3.7105327e-09,3.4065503e-09,1.0772458e-09,10
3.850,0.00227471,4,4641.59,3276.8,3.4493792e-09,3.4238009e-09,1.0827009e-09,10
3.850,0.00227471,4,4641.59,3604.48,2.8624046e-09,3.4483941e-09,1.090478e-09,10
3.850,0.00227471,4,4641.59,3932.16,2.5310871e-09,3.5074375e-09,1.1091491e-09,10
3.850,0.00227471,4,4641.59,4259.84,2.1875779e-09,3.5712947e-09,1.1293425e-09,10
3.850,0.00227471,4,4641.59,4587.52,2.0141413e-09,3.7100517e-09,1.1732214e-09,10
3.850,0.00227471,4,4641.59,4915.2,2.0408755e-09,3.8293836e-09,1.2109574e-09,10
3.850,0.00227471,4,4641.59,5242.88,1.9147798e-09,3.8647315e-09,1.2221354e-09,10
3.850,0.00227471,4,4641.59,5898.24,1.9318737e-09,3.8182472e-09,1.2074358e-09,10
3.850,0.00227471,4,4641.59,6553.6,1.8630431e-09,3.5758997e-09,1.1307988e-09,10
3.850,0.00227471,4,4641.59,7208.96,1.6659311e-09,3.1595218e-09,9.9912851e-10,10
3.850,0.00227471,4,4641.59,7864.32,1.4067052e-09,2.8134092e-09,8.8967811e-10,10
3.850,0.00227471,4,4641.59,8519.68,8.4184491e-10,2.3550099e-09,7.4471951e-10,10
3.850,0.00227471,4,4641.59,9175.04,6.9632409e-10,2.4831297e-09,7.8523455e-10,10
3.850,0.00227471,4,4641.59,9830.4,1.3710129e-09,2.620957e-09,8.2881939e-10,10
3.850,0.00227471,4,4641.59,10485.76,1.5120662e-09,2.7037058e-09,8.5498684e-10,10
3.850,0.00227471,4,4641.59,11796.48,1.4472902e-09,2.7500811e-09,8.6965199e-10,10
3.850,0.00227471,4,4641.59,13107.2,1.3026761e-09,2.8820531e-09,9.1138521e-10,10
3.850,0.00227471,4,4641.59,14417.92,4.5357349e-10,3.0485085e-09,9.6402304e-10,10
3.850,0.00227471,4,4641.59,15728.64,-2.2505889e-10,2.2387388e-09,7.0795137e-10,10
3.850,0.00227471,4,4641.59,17039.36,-2.9737491e-10,2.4632978e-09,7.7896316e-10,10
3.850,0.00227471,4,4641.59,18350.08,-1.41754e-10,3.0337885e-09,9.5936816e-10,10
3.850,0.00227471,4,4641.59,19660.8,1.9272952e-10,2.2383347e-09,7.078236e-10,10
3.850,0.00227471,4,4641.59,20971.52,1.5148185e-10,2.536945e-09,8.0225244e-10,10
3.850,0.00227471,4,4641.59,23592.96,2.5997545e-11,4.4609519e-09,1.4106769e-09,10
3.850,0.00227471,4,4641.59,26214.4,-8.8707152e-10,5.2393559e-09,1.6568298e-09,10
3.850,0.00227471,4,4641.59,28835.84,-9.3839513e-10,7.6811999e-09,2.4290087e-09,10
3.850,0.00227471,4,4641.59,31457.28,-3.3071194e-10,8.3523411e-09,2.6412422e-09,10
3.850,0.00227471,4,4641.59,34078.72,-2.249079e-09,7.9308017e-09,2.5079397e-09,10
3.850,0.00227471,4,4641.59,36700.16,-1.7687203e-09,6.3442245e-09,2.0062199e-09,10
3.850,0.00227471,4,4641.59,39321.6,-3.3397785e-09,4.8391612e-09,1.5302771e-09,10
3.850,0.00163685,4,10000,0,6.6416562e-08,1.393832e-09,4.4076838e-10,10
3.850,0.00163685,4,10000,0.01,6.6379648e-08,1.3937828e-09,4.4075281e-10,10
3.850,0.00163685,4,10000,0.02,6.626929e-08,1.3936289e-09,4.4070416e-10,10
3.850,0.00163685,4,10000,0.03,6.6085686e-08,1.3933715e-09,4.4062277e-10,10
3.850,0.00163685,4,10000,0.04,6.582917e-08,1.3930125e-09,4.4050922e-10,10
3.850,0.00163685,4,10000,0.05,6.5500203e-08,1.3925543e-09,4.4036434e-10,10
3.850,0.00163685,4,10000,0.06,6.5099381e-08,1.3920003e-09,4.4018914e-10,10
3.850,0.00163685,4,10000,0.07,6.4627427e-08,1.3913544e-09,4.399849e-10,10
3.850,0.00163685,4,10000,0.08,6.4085192e-08,1.3906214e-09,4.3975309e-10,10
3.850,0.00163685,4,10000,0.09,6.3473655e-08,1.3898064e-09,4.3949536e-10,10
3.850,0.00163685,4,10000,0.1,6.2793917e-08,1.3889153e-09,4.3921357e-10,10
3.850,0.00163685,4,10000,0.11,6.2047202e-08,1.3879547e-09,4.389098e-10,10
3.850,0.00163685,4,10000,0.12,6.1234853e-08,1.3869315e-09,4.3858625e-10,10
3.850,0.00163685,4,10000,0.13,6.0358329e-08,1.3858533e-09,4.3824528e-10,10
3.850,0.00163685,4,10000,0.14,5.9419204e-08,1.3847278e-09,4.3788939e-10,10
3.850,0.00163685,4,10000,0.15,5.8419162e-08,1.3835635e-09,4.3752119e-10,10
3.850,0.00163685,4,10000,0.16,5.7345686e-08,1.3823539e-09,4.371387e-10,10
3.850,0.00163685,4,10000,0.18,5.5058671e-08,1.3799131e-09,4.3636684e-10,10
3.850,0.00163685,4,10000,0.2,5.2559257e-08,1.3774622e-09,4.355918e-10,10
3.850,0.00163685,4,10000,0.22,4.9865232e-08,1.375077e-09,4.3483752e-10,10
3.850,0.00163685,4,10000,0.24,4.6995711e-08,1.372833e-09,4.3412791e-10,10
3.850,0.00163685,4,10000,0.26,4.3970981e-08,1.3708035e-09,4.3348614e-10,10
3.850,0.00163685,4,10000,0.28,4.0812338e-08,1.3690577e-09,4.3293404e-10,10
3.850,0.00163685,4,10000,0.3,3.7541924e-08,1.3676582e-09,4.324915e-10,10
3.850,0.00163685,4,10000,0.32,3.4166141e-08,1.3666702e-09,4.3217908e-10,10
3.850,0.00163685,4,10000,0.36,2.7285912e-08,1.3660574e-09,4.3198528e-10,10
3.850,0.00163685,4,10000,0.4,2.0332462e-08,1.367443e-09,4.3242345e-10,10
3.850,0.00163685,4,10000,0.44,1.3493764e-08,1.3708608e-09,4.3350425e-10,10
3.850,0.00163685,4,10000,0.48,6.9513357e-09,1.3761503e-09,4.3517692e-10,10
3.850,0.00163685,4,10000,0.52,8.7485068e-10,1.3829789e-09,4.3733634e-10,10
3.850,0.00163685,4,10000,0.56,-4.5827906e-09,1.3908852e-09,4.398365e-10,10
3.850,0.00163685,4,10000,0.6,-9.289796e-09,1.3993321e-09,4.4250766e-10,10
3.850,0.00163685,4,10000,0.64,-1.2904753e-08,1.4075275e-09,4.4509927e-10,10
3.850,0.00163685,4,10000,0.72,-1.7723608e-08,1.4222596e-09,4.4975797e-10,10
3.850,0.00163685,4,10000,0.8,-1.8572808e-08,1.4320775e-09,4.5286267e-10,10
3.850,0.00163685,4,10000,0.88,-1.564663e-08,1.4360838e-09,4.5412957e-10,10
3.850,0.00163685,4,10000,0.96,-9.5689042e-09,1.4352864e-09,4.5387743e-10,10
3.850,0.00163685,4,10000,1.04,-1.2983917e-09,1.4317539e-09,4.5276035e-10,10
3.850,0.00163685,4,10000,1.12,8.0035994e-09,1.4274375e-09,4.5139536e-10,10
3.850,0.00163685,4,10000,1.2,1.7125712e-08,1.4231765e-09,4.5004793e-10,10
3.850,0.00163685,4,10000,1.28,2.4418771e-08,1.4169245e-09,4.4807087e-10,10
3.850,0.00163685,4,10000,1.44,3.2884657e-08,1.3987028e-09,4.4230865e-10,10
3.850,0.00163685,4,10000,1.6,3.0643228e-08,1.3637307e-09,4.3124951e-10,10
3.850,0.00163685,4,10000,1.76,2.0440124e-08,1.323921e-09,4.1866059e-10,10
3.850,0.00163685,4,10000,1.92,8.4210947e-09,1.30302e-09,4.1205109e-10,10
3.850,0.00163685,4,10000,2.08,6.5785925e-10,1.3106216e-09,4.1445495e-10,10
3.850,0.00163685,4,10000,2.24,1.7737679e-10,1.336361e-09,4.2259446e-10,10
3.850,0.00163685,4,10000,2.4,5.9033816e-09,1.3674094e-09,4.3241283e-10,10
3.850,0.00163685,4,10000,2.56,1.316272e-08,1.3892473e-09,4.3931858e-10,10
3.850,0.00163685,4,10000,2.88,1.8232484e-08,1.3839877e-09,4.3765533e-10,10
3.850,0.00163685,4,10000,3.2,8.2476467e-09,1.307593e-09,4.134972e-10,10
3.850,0.00163685,4,10000,3.52,8.3014313e-10,1.3051014e-09,4.1270931e-10,10
3.850,0.00163685,4,10000,3.84,4.5369341e-09,1.3765514e-09,4.3530376e-10,10
3.850,0.00163685,4,10000,4.16,8.8575256e-09,1.4418795e-09,4.5596233e-10,10
3.850,0.00163685,4,10000,4.48,7.1537866e-09,1.3882733e-09,4.3901057e-10,10
3.850,0.00163685,4,10000,4.8,4.6898156e-09,1.2871461e-09,4.0703133e-10,10
3.850,0.00163685,4,10000,5.12,5.1568076e-09,1.3154808e-09,4.1599156e-10,10
3.850,0.00163685,4,10000,5.76,6.2187939e-09,1.4075791e-09,4.4511559e-10,10
3.850,0.00163685,4,10000,6.4,5.2604908e-09,1.349372e-09,4.267089e-10,10
3.850,0.00163685,4,10000,7.04,4.9926256e-09,1.3249019e-09,4.1897078e-10,10
3.850,0.00163685,4,10000,7.68,6.7104459e-09,1.4230094e-09,4.4999508e-10,10
3.850,0.00163685,4,10000,8.32,6.1317955e-09,1.3007539e-09,4.1133449e-10,10
3.850,0.00163685,4,10000,8.96,8.6597133e-09,1.4342878e-09,4.5356162e-10,10
3.850,0.00163685,4,10000,9.6,7.3578932e-09,1.3120932e-09,4.149203e-10,10
3.850,0.00163685,4,10000,10.24,8.8043062e-09,1.3660514e-09,4.3198338e-10,10
3.850,0.00163685,4,10000,11.52,9.6854947e-09,1.3389933e-09,4.2342687e-10,10
3.850,0.00163685,4,10000,12.8,9.6972155e-09,1.3423228e-09,4.2447975e-10,10
3.850,0.00163685,4,10000,14.08,9.2991127e-09,1.3487736e-09,4.2651967e-10,10
3.850,0.00163685,4,10000,15.36,8.6126148e-09,1.3643905e-09,4.3145817e-10,10
3.850,0.00163685,4,10000,16.64,7.8194298e-09,1.3520749e-09,4.2756361e-10,10
3.850,0.00163685,4,10000,17.92,7.3395282e-09,1.3702197e-09,4.3330151e-10,10
3.850,0.00163685,4,10000,19.2,7.1063331e-09,1.3873278e-09,4.3871156e-10,10
3.850,0.00163685,4,10000,20.48,7.2522688e-09,1.3943684e-09,4.4093801e-10,10
3.850,0.00163685,4,10000,23.04,7.8154758e-09,1.3643717e-09,4.314522e-10,10
3.850,0.00163685,4,10000,25.6,8.2292729e-09,1.3374787e-09,4.229479e-10,10
3.850,0.00163685,4,10000,28.16,8.1445575e-09,1.3475473e-09,4.2613187e-10,10
3.850,0.00163685,4,10000,30.72,7.8271606e-09,1.351617e-09,4.2741881e-10,10
3.850,0.00163685,4,10000,33.28,7.6453797e-09,1.3826949e-09,4.3724652e-10,10
3.850,0.00163685,4,10000,35.84,7.689519e-09,1.3703904e-09,4.3335551e-10,10
3.850,0.00163685,4,10000,38.4,7.8209856e-09,1.3432443e-09,4.2477115e-10,10
3.850,0.00163685,4,10000,40.96,7.8258383e-09,1.3347171e-09,4.2207462e-10,10
3.850,0.00163685,4,10000,46.08,7.6883115e-09,1.3609127e-09,4.3035839e-10,10
3.850,0.00163685,4,10000,51.2,7.6686952e-09,1.3604617e-09,4.3021578e-10,10
3.850,0.00163685,4,10000,56.32,7.6581283e-09,1.3628586e-09,4.3097373e-10,10
3.850,0.00163685,4,10000,61.44,7.5758297e-09,1.3870735e-09,4.3863114e-10,10
3.850,0.00163685,4,10000,66.56,7.5637502e-09,1.3510225e-09,4.2723082e-10,10
3.850,0.00163685,4,10000,71.68,7.5428908e-09,1.3777575e-09,4.3568516e-10,10
3.850,0.00163685,4,10000,76.8,7.4890417e-09,1.37181e-09,4.338044e-10,10
3.850,0.00163685,4,10000,81.92,7.4755814e-09,1.3643516e-09,4.3144586e-10,10
3.850,0.00163685,4,10000,92.16,7.4086174e-09,1.3845265e-09,4.3782572e-10,10
3.850,0.00163685,4,10000,102.4,7.356835e-09,1.3837538e-09,4.3758137e-10,10
3.850,0.00163685,4,10000,112.64,7.3046488e-09,1.3691797e-09,4.3297264e-10,10
3.850,0.00163685,4,10000,122.88,7.2461555e-09,1.3787555e-09,4.3600078e-10,10
3.850,0.00163685,4,10000,133.12,7.2081163e-09,1.3674877e-09,4.3243757e-10,10
3.850,0.00163685,4,10000,143.36,7.1691395e-09,1.3746972e-09,4.3471743e-10,10
3.850,0.00163685,4,10000,153.6,7.1288221e-09,1.3593833e-09,4.2987475e-10,10
3.850,0.00163685,4,10000,163.84,7.0768094e-09,1.373538e-09,4.3435086e-10,10
3.850,0.00163685,4,10000,184.32,6.9759795e-09,1.3730201e-09,4.3418708e-10,10
3.850,0.00163685,4,10000,204.8,6.8979795e-09,1.3775809e-09,4.3562933e-10,10
3.850,0.00163685,4,10000,225.28,6.8426253e-09,1.3879245e-09,4.3890027e-10,10
3.850,0.00163685,4,10000,245.76,6.7768384e-09,1.3757561e-09,4.3505228e-10,10
3.850,0.00163685,4,10000,266.24,6.7029046e-09,1.3808277e-09,4.3665605e-10,10
3.850,0.00163685,4,10000,286.72,6.6354302e-09,1.3849222e-09,4.3795085e-10,10
3.850,0.00163685,4,10000,307.2,6.57861e-09,1.3683371e-09,4.327062e-10,10
3.850,0.00163685,4,10000,327.68,6.5105202e-09,1.3650785e-09,4.3167572e-10,10
3.850,0.00163685,4,10000,368.64,6.3983263e-09,1.3580776e-09,4.2946184e-10,10
3.850,0.00163685,4,10000,409.6,6.288748e-09,1.3314569e-09,4.2104363e-10,10
3.850,0.00163685,4,10000,450.56,6.1939648e-09,1.3232545e-09,4.1844981e-10,10
3.850,0.00163685,4,10000,491.52,6.1004041e-09,1.3072601e-09,4.1339194e-10,10
3.850,0.00163685,4,10000,532.48,6.0167445e-09,1.3094317e-09,4.1407866e-10,10
3.850,0.00163685,4,10000,573.44,5.9221587e-09,1.3061673e-09,4.1304638e-10,10
3.850,0.00163685,4,10000,614.4,5.8408015e-09,1.3067378e-09,4.1322676e-10,10
3.850,0.00163685,4,10000,655.36,5.7467164e-09,1.2866278e-09,4.0686745e-10,10
3.850,0.00163685,4,10000,737.28,5.5908525e-09,1.2930994e-09,4.0891393e-10,10
3.850,0.00163685,4,10000,819.2,5.443623e-09,1.2751981e-09,4.0325304e-10,10
3.850,0.00163685,4,10000,901.12,5.307923e-09,1.2575482e-09,3.9767167e-10,10
3.850,0.00163685,4,10000,983.04,5.1846649e-09,1.2607971e-09,3.9869904e-10,10
3.850,0.00163685,4,10000,1064.96,5.0701536e-09,1.2615075e-09,3.9892371e-10,10
3.850,0.00163685,4,10000,1146.88,4.9613053e-09,1.2476846e-09,3.9455252e-10,10
3.850,0.00163685,4,10000,1228.8,4.8437854e-09,1.2562205e-09,3.9725179e-10,10
3.850,0.00163685,4,10000,1310.72,4.7367633e-09,1.2541595e-09,3.9660004e-10,10
3.850,0.00163685,4,10000,1474.56,4.572527e-09,1.2338966e-09,3.9019238e-10,10
3.850,0.00163685,4,10000,1638.4,4.4019289e-09,1.1905615e-09,3.7648862e-10,10
3.850,0.00163685,4,10000,1802.24,4.1926761e-09,1.1594787e-09,3.6665937e-10,10
3.850,0.00163685,4,10000,1966.08,4.0142262e-09,1.1432454e-09,3.6152594e-10,10
3.850,0.00163685,4,10000,2129.92,3.8456668e-09,1.1108084e-09,3.5126845e-10,10
3.850,0.00163685,4,10000,2293.76,3.6794807e-09,1.0762128e-09,3.4032837e-10,10
3.850,0.00163685,4,10000,2457.6,3.5051382e-09,1.0512197e-09,3.3242485e-10,10
3.850,0.00163685,4,10000,2621.44,3.3687055e-09,1.0311855e-09,3.2608948e-10,10
3.850,0.00163685,4,10000,2949.12,3.1139998e-09,9.5380987e-10,3.0162116e-10,10
3.850,0.00163685,4,10000,3276.8,2.8772416e-09,9.0232579e-10,2.8534047e-10,10
3.850,0.00163685,4,10000,3604.48,2.6612503e-09,9.0342199e-10,2.8568712e-10,10
3.850,0.00163685,4,10000,3932.16,2.4288227e-09,9.1458253e-10,2.8921639e-10,10
3.850,0.00163685,4,10000,4259.84,2.2062971e-09,9.3508468e-10,2.9569974e-10,10
3.850,0.00163685,4,10000,4587.52,2.030783e-09,9.5842404e-10,3.0308029e-10,10
3.850,0.00163685,4,10000,4915.2,1.8954211e-09,1.0107299e-09,3.1962086e-10,10
3.850,0.00163685,4,10000,5242.88,1.7506109e-09,1.0503182e-09,3.3213977e-10,10
3.850,0.00163685,4,10000,5898.24,1.3900514e-09,1.053735e-09,3.3322026e-10,10
3.850,0.00163685,4,10000,6553.6,1.1352422e-09,9.8634483e-10,3.1190962e-10,10
3.850,0.00163685,4,10000,7208.96,9.3816352e-10,1.0035726e-09,3.1735752e-10,10
3.850,0.00163685,4,10000,7864.32,7.6208735e-10,1.1105474e-09,3.5118591e-10,10
3.850,0.00163685,4,10000,8519.68,6.7417004e-10,1.2448327e-09,3.9365066e-10,10
3.850,0.00163685,4,10000,9175.04,5.7678029e-10,1.30753e-09,4.134773e-10,10
3.850,0.00163685,4,10000,9830.4,5.1850864e-10,1.3770944e-09,4.3547549e-10,10
3.850,0.00163685,4,10000,10485.76,4.1138626e-10,1.3534487e-09,4.2799806e-10,10
3.850,0.00163685,4,10000,11796.48,1.6169056e-10,1.3257084e-09,4.1922581e-10,10
3.850,0.00163685,4,10000,13107.2,1.9374932e-10,1.1506851e-09,3.6387857e-10,10
3.850,0.00163685,4,10000,14417.92,2.948801e-10,8.7391881e-10,2.7635739e-10,10
3.850,0.00163685,4,10000,15728.64,3.6530026e-10,8.0258105e-10,2.5379841e-10,10
3.850,0.00163685,4,10000,17039.36,4.0593584e-10,7.5524504e-10,2.3882945e-10,10
3.850,0.00163685,4,10000,18350.08,6.2138722e-10,7.545255e-10,2.3860191e-10,10
3.850,0.00163685,4,10000,19660.8,6.3460067e-10,8.2848846e-10,2.6199105e-10,10
3.850,0.00163685,4,10000,20971.52,6.1147537e-10,9.3655933e-10,2.9616607e-10,10
3.850,0.00163685,4,10000,23592.96,4.1479489e-10,1.195643e-09,3.7809552e-10,10
3.850,0.00163685,4,10000,26214.4,4.9434917e-10,1.3532002e-09,4.2791948e-10,10
3.850,0.00163685,4,10000,28835.84,7.7275555e-10,1.7384038e-09,5.4973155e-10,10
3.850,0.00163685,4,10000,31457.28,7.7485887e-10,1.5826121e-09,5.0046589e-10,10
3.850,0.00163685,4,10000,34078.72,3.8126912e-10,1.4577669e-09,4.6098638e-10,10
3.850,0.00163685,4,10000,36700.16,3.993145e-10,1.2865833e-09,4.0685338e-10,10
3.850,0.00163685,4,10000,39321.6,3.8639869e-10,1.4061556e-09,4.4466545e-10,10
3.850,0.00163685,4,10000,41943.04,2.3197171e-10,1.1663713e-09,3.6883899e-10,10
3.850,0.00163685,4,10000,47185.92,5.0855599e-10,1.1447931e-09,3.6201538e-10,10
3.850,0.00163685,4,10000,52428.8,4.8488689e-10,9.9068375e-10,3.1328171e-10,10
3.850,0.00163685,4,10000,57671.68,1.5229297e-10,1.3640977e-09,4.3136557e-10,10
3.850,0.00163685,4,10000,62914.56,3.0521738e-10,1.4173604e-09,4.4820871e-10,10
3.850,0.00163685,4,10000,68157.44,7.6393341e-10,1.8761853e-09,5.933019e-10,10
3.850,0.00163685,4,10000,73400.32,1.1015924e-09,2.3793704e-09,7.5242298e-10,10
3.850,0.00163685,4,10000,78643.2,8.3134388e-10,1.9775604e-09,6.253595e-10,10
3.850,0.00163685,4,10000,83886.08,-2.7198958e-10,1.3686793e-09,4.3281441e-10,10
3.850,0.00163685,4,10000,94371.84,-5.3372514e-10,3.1575167e-09,9.9849444e-10,10
