p0,T,t,Fs_mean,Fs_std,Fs_sem,n_idx
3.75,0.1507937,0.010000000000218279,0.9999150615923502,0.0001,3.1622776601683795e-05,10
3.75,0.1507937,0.011351307054675233,0.9998806595485575,0.0001,3.1622776601683795e-05,10
3.75,0.1507937,0.012885217184670714,0.9998416087323185,0.0001,3.1622776601683795e-05,10
3.75,0.1507937,0.014626405672618265,0.9997972809517333,0.0001,3.1622776601683795e-05,10
3.75,0.1507937,0.016602882189250948,0.9997469631268867,0.0001,3.1622776601683795e-05,10
3.75,0.1507937,0.018846441371867226,0.9996898458188722,0.0001,3.1622776601683795e-05,10
3.75,0.1507937,0.021393174289532996,0.9996014392997695,0.0001,3.1622776601683795e-05,10
3.75,0.1507937,0.024284049022937213,0.9994789321274664,0.0001,3.1622776601683795e-05,10
3.75,0.1507937,0.027565569698412937,0.9993398704745482,0.0001,3.1622776601683795e-05,10
3.75,0.1507937,0.03129052457769065,0.9991602700867144,0.0001,3.1622776601683795e-05,10
3.75,0.1507937,0.035518835237547564,0.9989098328782531,0.0001,3.1622776601683795e-05,10
3.75,0.1507937,0.040318520499702026,0.9986201980070017,0.0001,3.1622776601683795e-05,10
3.75,0.1507937,0.045766790617234585,0.9982058918372443,0.0001,3.1622776601683795e-05,10
3.75,0.1507937,0.051951289319191934,0.9977029995575816,0.0001,3.1622776601683795e-05,10
3.75,0.1507937,0.05897150369355452,0.9970518687757943,0.0001,3.1622776601683795e-05,10
3.75,0.1507937,0.06694036458868406,0.9961984264434776,0.0001,3.1622776601683795e-05,10
3.75,0.1507937,0.0759860632781475,0.9951115829620043,0.0001069852954468259,3.383172097580114e-05,10
3.75,0.1507937,0.08625411361274073,0.9937187577026027,0.0001371442672102518,4.33688252419142e-05,10
3.75,0.1507937,0.09790969283256912,0.9919367545387272,0.00017554754090244704,5.5513006689330305e-05,10
3.75,0.1507937,0.11114029869471674,0.9896427417728015,0.00022664581953750105,7.167170118939935e-05,10
3.75,0.1507937,0.12615876566045128,0.9866819544710685,0.0002902933732681097,9.179882491806638e-05,10
3.75,0.1507937,0.14320668866193417,0.982949218295372,0.0003690263669795123,0.00011669638363124099,10
3.75,0.1507937,0.16255830952494102,0.9781935652660708,0.00046568448629763005,0.00014726236477059833,10
3.75,0.1507937,0.1845249285666265,0.9721360788262217,0.0005853189406682996,0.00018509410101487847,10
3.75,0.1507937,0.209459912335607,0.9644874182686678,0.000726664776118417,0.00022979157879505265,10
3.75,0.1507937,0.23776437805149325,0.9548349850018223,0.0008923441084308107,0.00028218398392736225,10
3.75,0.1507937,0.2698936461867474,0.9428887111056172,0.0010783930637524783,0.0003410178294384997,10
3.75,0.1507937,0.3063645649904774,0.9280347037409264,0.0012853580323800142,0.00040646589911133026,10
3.75,0.1507937,0.3477638247803005,0.910039129941506,0.0015044509893837607,0.0004757491754546482,10
3.75,0.1507937,0.3947573957503299,0.8880589989133012,0.0017361367815621259,0.000549014655933054,10
3.75,0.1507937,0.4481012411168134,0.861942645337286,0.0019854403553105477,0.0006278513681195314,10
3.75,0.1507937,0.5086534779386983,0.8312646500435534,0.002266638401189972,0.000716773997976282,10
3.75,0.1507937,0.5773881812384607,0.7960430116701929,0.002585931876175712,0.0008177434602747757,10
3.75,0.1507937,0.6554110534835178,0.7565539124143006,0.0029619289949026776,0.0009366441891585718,10
3.75,0.1507937,0.7439772114957187,0.7133947579230806,0.0033319022382402985,0.0010536400013852316,10
3.75,0.1507937,0.8445113769184625,0.667730657837361,0.0037698730402666537,0.0011921385296906287,10
3.75,0.1507937,0.9586307950358789,0.6206908877740107,0.004623568646526952,0.001462100784116713,10
3.75,0.1507937,1.088171250628218,0.5739705817785711,0.006029363874333184,0.0019066522684830095,10
3.75,0.1507937,1.2352165993681232,0.5292156287651396,0.007511241416849384,0.002375263093263429,10
3.75,0.1507937,1.402132289815328,0.48745146598241884,0.008455865336686488,0.002673979405159585,10
3.75,0.1507937,1.5916034152621248,0.4512405033526587,0.008466469804588561,0.002677332832354055,10
3.75,0.1507937,1.80667790755158,0.42297995565067953,0.007828077275967836,0.002475455389186483,10
3.75,0.1507937,2.0508155677068496,0.4063617511288511,0.006872574064433031,0.002173298743180917,10
3.75,0.1507937,2.3279437221040404,0.4059895995660202,0.007435679150128092,0.0023513682064629864,10
3.75,0.1507937,2.642520399502972,0.4228277459360795,0.010134946242490757,0.003204951408963598,10
3.75,0.1507937,2.9996060452346534,0.4520145599575744,0.010792535477305267,0.003412899383645712,10
3.75,0.1507937,3.404944926177538,0.48252196915931994,0.008950484474479426,0.0028303917101330203,10
3.75,0.1507937,3.865057536045609,0.5023062771451385,0.008560738688220309,0.002707143270829824,10
3.75,0.1507937,4.3873454874682505,0.5019992660271473,0.01021391631918743,0.003229923939899565,10
3.75,0.1507937,4.980210578210885,0.47999288079549646,0.009787483316979258,0.0030950739842554214,10
3.75,0.1507937,5.653189946897943,0.4539712209369971,0.008364290042164164,0.0026450207543504568,10
3.75,0.1507937,6.417109492424104,0.43556711983578883,0.009867228476904922,0.0031202916180293697,10
3.75,0.1507937,7.284258025038717,0.425861680967202,0.01568305085155563,0.004959416135115904,10
3.75,0.1507937,8.268584950589176,0.4108069518346677,0.013357840266036185,0.004224119986138386,10
3.75,0.1507937,9.385924667975567,0.3950935827800544,0.010387456922251289,0.003284802297119664,10
3.75,0.1507937,10.65425128959158,0.3819117543884677,0.01107219984067706,0.0035013370205092954,10
3.75,0.1507937,12.093967782318368,0.36133044048855745,0.011526078525498792,0.0036448660630531322,10
3.75,0.1507937,13.728234180344895,0.3388271565615984,0.009599285491649082,0.0030355606063820328,10
3.75,0.1507937,15.583340149618108,0.31916155364078336,0.008916270499357674,0.002819572301213713,10
3.75,0.1507937,17.689127897190275,0.2984332625380697,0.010090066714537368,0.0031907592560990075,10
3.75,0.1507937,20.07947222860456,0.27350551186767985,0.011133753569948782,0.0035208020188068974,10
3.75,0.1507937,22.792825475773903,0.24852264182570832,0.0071364253745120525,0.0022567358535278224,10
3.75,0.1507937,25.872836061348632,0.22374927126742583,0.007391799334561706,0.0023374921904131974,10
3.75,0.1507937,29.369050650123167,0.19995018504943574,0.0055253795069359285,0.0017472784178735662,10
3.75,0.1507937,33.33771118265806,0.17377628477756446,0.005149380715856463,0.0016283771601454749,10
3.75,0.1507937,37.842659612617176,0.1486757621936603,0.005764937774019063,0.0018230333935041305,10
3.75,0.1507937,42.95636490189982,0.12882288979689596,0.007648015153435291,0.002418514746433766,10
3.75,0.1507937,48.76108879434957,0.10652129135392033,0.006361341673042552,0.00201163286613606,10
3.75,0.1507937,55.350209121286355,0.08487155272563515,0.007747647511167673,0.0024500212643424678,10
3.75,0.1507937,62.82972192624931,0.06610604338491634,0.005661156629900181,0.0017902149141447452,10
3.75,0.1507937,71.31994657291497,0.05234899387114472,0.005651973434904589,0.0017873109329063922,10
3.75,0.1507937,80.95746126545187,0.03767079463814573,0.006287717602463049,0.001988350890771638,10
3.75,0.1507937,91.89730011710618,0.023639152876252987,0.0040006716782075395,0.001265123467366404,10
3.75,0.1507937,104.31544711021446,0.013881580328471393,0.0036454953823039267,0.0011528068607706693,10
3.75,0.1507937,118.41166706679324,0.00918966462813366,0.004852573708186898,0.0015345185431719858,10
3.75,0.1507937,134.41271917018034,0.006238198640139008,0.005668545356485449,0.0017925514346465137,10
3.75,0.1507937,152.57600473212457,0.004595704610684191,0.0032965988861279973,0.001042476101213853,10
3.75,0.1507937,173.19370788521238,7.95161220094862e-05,0.005164128741808408,0.0016330408954454167,10
3.75,0.1507937,196.59749580998604,0.0007426591457935213,0.0037195958296345464,0.0011762394796908794,10
3.75,0.1507937,223.1638541070668,-0.003251874308544346,0.001963127108480784,0.0006207952999219729,10
3.75,0.1507937,253.32014314187637,-0.002138660270338891,0.004608252481255744,0.001457257387389054,10
3.75,0.1507937,287.5514727874956,-0.0012021951879413943,0.0025956925697569583,0.0008208300626007482,10
3.75,0.1507937,326.40850615637055,-0.00024078506626954045,0.00342421460386374,0.001082831734542062,10
3.75,0.1507937,370.5163178557939,0.0005379843785562867,0.0028714043783880884,0.0009080177919086323,10
3.75,0.1507937,420.58444926569615,0.0007184060661024334,0.0024561966385145376,0.000776717575895519,10
3.75,0.1507937,477.4183225932176,-8.256784342792297e-05,0.0014554748633825016,0.00046026156454111086,10
3.75,0.1507937,541.9321973165318,0.0001763192513170188,0.0032432240153082146,0.0010255974850530757,10
3.75,0.1507937,615.1638774420524,-0.0011020155215006888,0.0023371038068738356,0.0007390571157971605,10
3.75,0.1507937,698.2914061636919,-0.0014854561513874365,0.002373543903075443,0.0007505804860124335,10
3.75,0.1507937,792.652016483199,-0.0004681105304439222,0.0041157649911283695,0.001301519168594835,10
3.75,0.1507937,899.7636426411872,-0.00015126579707884562,0.0024430599211121644,0.0007725633810985721,10
3.75,0.1507937,1021.3493384030259,0.0006701697019840598,0.0025305989490045466,0.0008002456523282657,10
3.75,0.1507937,1159.3649950049091,0.00018519120822432564,0.001650764290578128,0.0005220175038298917,10
3.75,0.1507937,1316.0308046455484,0.00033456513051939867,0.0016543645255802646,0.000523155998101753,10
3.75,0.1507937,1493.8669756616864,-2.717658099376703e-05,0.0008568449243862894,0.0002709581562615427,10
3.75,0.1507937,1695.7342739204687,-0.0008127636139585732,0.0013253180309348179,0.00041910236018435193,10
3.75,0.1507937,1924.8800425987847,-0.00012293605248962514,0.0013508421034904862,0.00042717378062828265,10
3.75,0.1507937,2184.990440647822,-0.00039017521612188415,0.0018622716468427928,0.0005889020025975941,10
3.75,0.1507937,2480.2497402782196,0.00027650548727848907,0.0034570200399156436,0.0010932057242979637,10
3.75,0.1507937,2815.4076373562034,1.5067068279968234e-05,0.0013671840709609331,0.0004323415644937819,10
3.75,0.1507937,3195.8556575010366,0.000586396911865485,0.002196560816863811,0.0006946135200369636,10
3.75,0.1507937,3627.7138869923433,-0.00042563461700257976,0.001020440187838259,0.00032269152095389504,10
3.75,0.1507937,4117.929423686066,-0.0007909658958371362,0.0019135049142109096,0.000605103384283157,10
3.75,0.1507937,4674.388131672206,-6.882944068927992e-05,0.0017082417821240037,0.0005401934825776957,10
3.75,0.1507937,5306.041497418272,-9.915519819632523e-05,0.001585169192350287,0.0005012745124556465,10
3.75,0.1507937,6023.050628072877,-0.0003990685869569411,0.0010930451535890637,0.0003456512270750011,10
3.75,0.1507937,6836.949708361742,-0.0008994844866980773,0.0012750098161786513,0.00040319350581971406,10
3.75,0.1507937,7760.831545529242,3.7651637419400664e-05,0.0013273290296323384,0.00041973829380993164,10
3.75,0.1507937,8809.558187098928,-0.00021619257689181186,0.001241386741750756,0.00039256095610676285,10
3.75,0.1507937,9999.99999956053,0.0005670930505706018,0.0017918936939642944,0.0005666465397819883,10
3.75,0.09518981,0.010000000000218279,0.9999480696404912,0.0001,3.1622776601683795e-05,10
3.75,0.09518981,0.011351307054675233,0.9999270727116729,0.0001,3.1622776601683795e-05,10
3.75,0.09518981,0.012885217184670714,0.9999032384530512,0.0001,3.1622776601683795e-05,10
3.75,0.09518981,0.014626405672618265,0.9998761834542484,0.0001,3.1622776601683795e-05,10
3.75,0.09518981,0.016602882189250948,0.9998454724943715,0.0001,3.1622776601683795e-05,10
3.75,0.09518981,0.018846441371867226,0.9998106115408218,0.0001,3.1622776601683795e-05,10
3.75,0.09518981,0.021393174289532996,0.9997566588408093,0.0001,3.1622776601683795e-05,10
3.75,0.09518981,0.024284049022937213,0.9996818988573946,0.0001,3.1622776601683795e-05,10
3.75,0.09518981,0.027565569698412937,0.9995970365046819,0.0001,3.1622776601683795e-05,10
3.75,0.09518981,0.03129052457769065,0.9994874259062596,0.0001,3.1622776601683795e-05,10
3.75,0.09518981,0.035518835237547564,0.9993345655480687,0.0001,3.1622776601683795e-05,10
3.75,0.09518981,0.040318520499702026,0.9991577846279116,0.0001,3.1622776601683795e-05,10
3.75,0.09518981,0.045766790617234585,0.9989049828300081,0.0001,3.1622776601683795e-05,10
3.75,0.09518981,0.051951289319191934,0.9985980186519431,0.0001,3.1622776601683795e-05,10
3.75,0.09518981,0.05897150369355452,0.9982003194826999,0.0001,3.1622776601683795e-05,10
3.75,0.09518981,0.06694036458868406,0.9976785948774433,0.0001,3.1622776601683795e-05,10
3.75,0.09518981,0.0759860632781475,0.9970145620506615,0.0001,3.1622776601683795e-05,10
3.75,0.09518981,0.08625411361274073,0.9961638130321611,0.0001,3.1622776601683795e-05,10
3.75,0.09518981,0.09790969283256912,0.9950738304047027,0.0001,3.1622776601683795e-05,10
3.75,0.09518981,0.11114029869471674,0.9936698805972544,0.0001,3.1622776601683795e-05,10
3.75,0.09518981,0.12615876566045128,0.9918544491956174,0.00011584592646381432,3.663369852780289e-05,10
3.75,0.09518981,0.14320668866193417,0.9895603913984278,0.00015091685753030497,4.772410071108974e-05,10
3.75,0.09518981,0.16255830952494102,0.9866300176102383,0.0001968873451902941,6.226124532651272e-05,10
3.75,0.09518981,0.1845249285666265,0.9828813365151264,0.00025815914289661446,8.163708903501802e-05,10
3.75,0.09518981,0.209459912335607,0.978120563776552,0.0003389022915785446,0.00010717031456387018,10
3.75,0.09518981,0.23776437805149325,0.9720666819187305,0.000443145007166852,0.00014013475563788924,10
3.75,0.09518981,0.2698936461867474,0.9645073908508819,0.0005765175260518283,0.00018231084933292382,10
3.75,0.09518981,0.3063645649904774,0.9549837496257311,0.0007481400092859238,0.00023658264380430405,10
3.75,0.09518981,0.3477638247803005,0.9432979792924542,0.00096161148427601,0.00030408825144873834,10
3.75,0.09518981,0.3947573957503299,0.9287364739091579,0.0012196089117343244,0.00038567420157197224,10
3.75,0.09518981,0.4481012411168134,0.9110806068097336,0.001509209004663351,0.000477253791997187,10
3.75,0.09518981,0.5086534779386983,0.8897817528169855,0.0018135038571428345,0.0005734802734071973,10
3.75,0.09518981,0.5773881812384607,0.8646128286524,0.0021483565897660313,0.0006793700049892644,10
3.75,0.09518981,0.6554110534835178,0.8354469836929275,0.0025101201806152756,0.0007937696971497503,10
3.75,0.09518981,0.7439772114957187,0.802300715053138,0.0029377183080566117,0.0009289880977435071,10
3.75,0.09518981,0.8445113769184625,0.7654640138075924,0.0034992157000225,0.0011065491636291609,10
3.75,0.09518981,0.9586307950358789,0.7253037691597846,0.004185291516353108,0.0013235053863455673,10
3.75,0.09518981,1.088171250628218,0.6825240361082935,0.00486786462851917,0.0015393539567490019,10
3.75,0.09518981,1.2352165993681232,0.6382273074770982,0.005199924333237214,0.0016443604553561995,10
3.75,0.09518981,1.402132289815328,0.5935581731469982,0.005078806624275888,0.0016060596728262818,10
3.75,0.09518981,1.5916034152621248,0.5509988133056162,0.005464741500780197,0.0017281029966512238,10
3.75,0.09518981,1.80667790755158,0.5129146443900476,0.006703542233842462,0.002119846185007525,10
3.75,0.09518981,2.0508155677068496,0.4830762650630945,0.007829806902253081,0.00247600234504271,10
3.75,0.09518981,2.3279437221040404,0.4668376702826958,0.007875392636114014,0.002490417819823791,10
3.75,0.09518981,2.642520399502972,0.46806247440796955,0.0061482157935665175,0.00194423654538898,10
3.75,0.09518981,2.9996060452346534,0.4864519923196908,0.005787792632925929,0.0018302607344788788,10
3.75,0.09518981,3.404944926177538,0.5185993232346056,0.007946395379000038,0.002512870858587706,10
3.75,0.09518981,3.865057536045609,0.5560352003960501,0.010252318483459318,0.0032420677705174757,10
3.75,0.09518981,4.3873454874682505,0.5826860550272046,0.010458172380073662,0.0033071644883696906,10
3.75,0.09518981,4.980210578210885,0.5832151050799974,0.009419104963340093,0.0029785825204351477,10
3.75,0.09518981,5.653189946897943,0.5558745225330768,0.007158513392397173,0.0022637206980793737,10
3.75,0.09518981,6.417109492424104,0.5213075491638047,0.0067018124044903775,0.002119299164935925,10
3.75,0.09518981,7.284258025038717,0.5066552527366635,0.007934980892333719,0.002509261280968987,10
3.75,0.09518981,8.268584950589176,0.5050443412212364,0.009306604711806473,0.0029430068172163386,10
3.75,0.09518981,9.385924667975567,0.49368421416645536,0.010660770315267682,0.00337123158081572,10
3.75,0.09518981,10.65425128959158,0.47331405403606797,0.010224370798583255,0.003233229936563776,10
3.75,0.09518981,12.093967782318368,0.45758899005013276,0.008808237691708081,0.0027854093277941555,10
3.75,0.09518981,13.728234180344895,0.4393422577195062,0.008913782597719206,0.0028187855576365106,10
3.75,0.09518981,15.583340149618108,0.41985446943622656,0.011099446607925298,0.003509953204847386,10
3.75,0.09518981,17.689127897190275,0.4000487390437475,0.014725926237526932,0.004656746756621881,10
3.75,0.09518981,20.07947222860456,0.3773933327566975,0.01294801003431554,0.004094520287515203,10
3.75,0.09518981,22.792825475773903,0.3557507708143195,0.013427593108859059,0.004246177771797588,10
3.75,0.09518981,25.872836061348632,0.3338953339971512,0.016522757792864867,0.005224954785274957,10
3.75,0.09518981,29.369050650123167,0.3098179667570267,0.012740331407636708,0.004028846539351112,10
3.75,0.09518981,33.33771118265806,0.28399477344462754,0.012677008673832034,0.004008822132701981,10
3.75,0.09518981,37.842659612617176,0.2580427468628558,0.01060073505792795,0.003352246765504931,10
3.75,0.09518981,42.95636490189982,0.22943243550719358,0.011646847947211502,0.0036830567074844878,10
3.75,0.09518981,48.76108879434957,0.20271259650168733,0.01331080051841109,0.004209244711832907,10
3.75,0.09518981,55.350209121286355,0.17614093172679152,0.011404067016397346,0.0036062826361016385,10
3.75,0.09518981,62.82972192624931,0.1521353265108371,0.008002442362916681,0.002530594471103648,10
3.75,0.09518981,71.31994657291497,0.12675496254649754,0.008991478742440476,0.002843355235909839,10
3.75,0.09518981,80.95746126545187,0.10163810695260364,0.0075522630888604225,0.0023882352849617554,10
3.75,0.09518981,91.89730011710618,0.08595226100789684,0.007958937832784398,0.0025168371307283037,10
3.75,0.09518981,104.31544711021446,0.06889682260039703,0.008599290820139762,0.002719334525381899,10
3.75,0.09518981,118.41166706679324,0.05177524298125833,0.0059049556825011935,0.0018673109439057848,10
3.75,0.09518981,134.41271917018034,0.03614984206266171,0.00674650784690299,0.0021334331048411996,10
3.75,0.09518981,152.57600473212457,0.02646896326733052,0.007140928643255958,0.002258159912142481,10
3.75,0.09518981,173.19370788521238,0.017510401687842916,0.006518248605620088,0.002061251194897609,10
3.75,0.09518981,196.59749580998604,0.009561389542980624,0.007493765802954139,0.002369736818921563,10
3.75,0.09518981,223.1638541070668,0.005276781515456532,0.006484443810119152,0.002050561179935692,10
3.75,0.09518981,253.32014314187637,0.004463501682025591,0.0036849379057411337,0.0011652796818432838,10
3.75,0.09518981,287.5514727874956,0.002154982462250038,0.0046876916514638125,0.001482378258718183,10
3.75,0.09518981,326.40850615637055,-0.0011860983159601814,0.004699832777765872,0.0014862176199656116,10
3.75,0.09518981,370.5163178557939,-0.0021446353005634675,0.0031194784504313443,0.0009864657015175712,10
3.75,0.09518981,420.58444926569615,-0.0006569905214974692,0.0027782463469974814,0.0008785586357554542,10
3.75,0.09518981,477.4183225932176,0.0008549268192180074,0.0034313367699959144,0.0010850839612272403,10
3.75,0.09518981,541.9321973165318,-0.001063908689675233,0.0037142171531317956,0.0011745385928362874,10
3.75,0.09518981,615.1638774420524,0.0004924544940241717,0.0031981388156761318,0.001011340293092999,10
3.75,0.09518981,698.2914061636919,-0.0010236760541866101,0.003201355944723918,0.0010123576386247683,10
3.75,0.09518981,792.652016483199,-0.00046706740421636474,0.0017438854311418739,0.000551464994079305,10
3.75,0.09518981,899.7636426411872,-0.0009060785263441558,0.0027864946434151988,0.0008811669761050737,10
3.75,0.09518981,1021.3493384030259,0.001200978262809849,0.0022282162701584233,0.0007046238533145692,10
3.75,0.09518981,1159.3649950049091,0.00010935988119319291,0.0026703121498648555,0.000844426845719383,10
3.75,0.09518981,1316.0308046455484,-0.0006139183722566503,0.001935639797516256,0.0006121030489818502,10
3.75,0.09518981,1493.8669756616864,0.00021316112142481008,0.002592645525522783,0.0008198665026096204,10
3.75,0.09518981,1695.7342739204687,-0.0006420410432082356,0.0022302936970121237,0.0007052807933675783,10
3.75,0.09518981,1924.8800425987847,1.7738762835888856e-05,0.0017318774985006916,0.0005476677523657032,10
3.75,0.09518981,2184.990440647822,0.0012484681113719815,0.0019725424324187057,0.0006237726867771867,10
3.75,0.09518981,2480.2497402782196,-0.0009707395596193592,0.0023720920680250063,0.0007501213754578089,10
3.75,0.09518981,2815.4076373562034,-0.0005458282520286548,0.0026028701938169783,0.000823099826622557,10
3.75,0.09518981,3195.8556575010366,0.001189509562522475,0.0018625556530593157,0.0005889918132489801,10
3.75,0.09518981,3627.7138869923433,-0.0010154507369089024,0.0016886613386097784,0.0005340016026675733,10
3.75,0.09518981,4117.929423686066,-0.0007092527824039587,0.0018573698871292477,0.0005873519300738283,10
3.75,0.09518981,4674.388131672206,-0.000331294583779252,0.0016116650582344845,0.000509653240932888,10
3.75,0.09518981,5306.041497418272,-0.0001153259006894462,0.0019460644198442433,0.0006153996040121987,10
3.75,0.09518981,6023.050628072877,0.0004711394217187115,0.0011722007638418812,0.0003706824288729491,10
3.75,0.09518981,6836.949708361742,0.0006818176471753498,0.0019220471913734734,0.0006078046895069713,10
3.75,0.09518981,7760.831545529242,0.00039406614851422337,0.0014325149603999915,0.0004530010057129883,10
3.75,0.09518981,8809.558187098928,0.0012725881862363756,0.0013746148901603661,0.0004346913958488936,10
3.75,0.09518981,9999.99999956053,0.0006028950926010494,0.0013709146792886587,0.00043352128643114234,10
3.75,0.05939491,0.010000000000218279,0.9999687203445558,0.0001,3.1622776601683795e-05,10
3.75,0.05939491,0.011351307054675233,0.9999560930648389,0.0001,3.1622776601683795e-05,10
3.75,0.05939491,0.012885217184670714,0.9999417594519062,0.0001,3.1622776601683795e-05,10
3.75,0.05939491,0.014626405672618265,0.9999254889277462,0.0001,3.1622776601683795e-05,10
3.75,0.05939491,0.016602882189250948,0.9999070197561789,0.0001,3.1622776601683795e-05,10
3.75,0.05939491,0.018846441371867226,0.9998860548324282,0.0001,3.1622776601683795e-05,10
3.75,0.05939491,0.021393174289532996,0.9998535651226806,0.0001,3.1622776601683795e-05,10
3.75,0.05939491,0.024284049022937213,0.9998085156798039,0.0001,3.1622776601683795e-05,10
3.75,0.05939491,0.027565569698412937,0.9997573786739314,0.0001,3.1622776601683795e-05,10
3.75,0.05939491,0.03129052457769065,0.9996912967078421,0.0001,3.1622776601683795e-05,10
3.75,0.05939491,0.035518835237547564,0.9995990801864669,0.0001,3.1622776601683795e-05,10
3.75,0.05939491,0.040318520499702026,0.9994924341382647,0.0001,3.1622776601683795e-05,10
3.75,0.05939491,0.045766790617234585,0.9993399444892693,0.0001,3.1622776601683795e-05,10
3.75,0.05939491,0.051951289319191934,0.9991547661661407,0.0001,3.1622776601683795e-05,10
3.75,0.05939491,0.05897150369355452,0.9989148098501464,0.0001,3.1622776601683795e-05,10
3.75,0.05939491,0.06694036458868406,0.9985997462896193,0.0001,3.1622776601683795e-05,10
3.75,0.05939491,0.0759860632781475,0.9981981904831481,0.0001,3.1622776601683795e-05,10
3.75,0.05939491,0.08625411361274073,0.9976828134407697,0.0001,3.1622776601683795e-05,10
3.75,0.05939491,0.09790969283256912,0.9970219748032758,0.0001,3.1622776601683795e-05,10
3.75,0.05939491,0.11114029869471674,0.9961687177044067,0.0001,3.1622776601683795e-05,10
3.75,0.05939491,0.12615876566045128,0.9950635457496366,0.00012129641505739388,3.835729435945081e-05,10
3.75,0.05939491,0.14320668866193417,0.9936639723299032,0.0001553018834631891,4.911076766577159e-05,10
3.75,0.05939491,0.16255830952494102,0.9918710386363324,0.00019979126844765692,6.31795464908729e-05,10
3.75,0.05939491,0.1845249285666265,0.9895686909830538,0.00025677292244957555,8.119872763984404e-05,10
3.75,0.05939491,0.209459912335607,0.9866320043357144,0.0003299827205818218,0.00010434969855374794,10
3.75,0.05939491,0.23776437805149325,0.9828749480854594,0.0004251502818651395,0.00013444432385564204,10
3.75,0.05939491,0.2698936461867474,0.9781547112444677,0.0005466071940788934,0.00017285237187230062,10
3.75,0.05939491,0.3063645649904774,0.9721520611219401,0.0007048650664056664,0.000222897905292774,10
3.75,0.05939491,0.3477638247803005,0.9647265128702094,0.0009021415765030513,0.0002852822153684682,10
3.75,0.05939491,0.3947573957503299,0.9553497026392875,0.0011566002954359162,0.0003657491276001145,10
3.75,0.05939491,0.4481012411168134,0.94382220442238,0.0014691388189848322,0.0004645824866961891,10
3.75,0.05939491,0.5086534779386983,0.9296382606658333,0.0018473982657473958,0.0005841986265206796,10
3.75,0.05939491,0.5773881812384607,0.9125089437051846,0.002289494368319924,0.0007240016894019411,10
3.75,0.05939491,0.6554110534835178,0.8921355794372519,0.002786737266610184,0.0008812437002960078,10
3.75,0.05939491,0.7439772114957187,0.8682872698882088,0.003320177502443871,0.0010499323143771896,10
3.75,0.05939491,0.8445113769184625,0.8408244758043981,0.0038449079553682076,0.0012158666532664562,10
3.75,0.05939491,0.9586307950358789,0.8098136996149213,0.004313029434511121,0.0013638996628403176,10
3.75,0.05939491,1.088171250628218,0.7754455008403334,0.004706719828870386,0.001488395496750836,10
3.75,0.05939491,1.2352165993681232,0.7380609942710783,0.005089392804963994,0.0016094073170959322,10
3.75,0.05939491,1.402132289815328,0.6980184812274609,0.005544886837572378,0.0017534471774616825,10
3.75,0.05939491,1.5916034152621248,0.6566301673751772,0.005978869734677797,0.0018906846195028443,10
3.75,0.05939491,1.80667790755158,0.615969201431576,0.006204954120797969,0.0019621787798569145,10
3.75,0.05939491,2.0508155677068496,0.5795961705405056,0.006334833802992454,0.0020032503416082532,10
3.75,0.05939491,2.3279437221040404,0.5517466350391504,0.006346135175014221,0.002006824149235622,10
3.75,0.05939491,2.642520399502972,0.5363128609091822,0.006217629737405051,0.0019661871617794578,10
3.75,0.05939491,2.9996060452346534,0.5364610290257921,0.0060702254526293475,0.0019195738341035273,10
3.75,0.05939491,3.404944926177538,0.5544319982030259,0.006405501786539972,0.0020255975201743997,10
3.75,0.05939491,3.865057536045609,0.5887647457797222,0.006555216312874498,0.0020729414103774356,10
3.75,0.05939491,4.3873454874682505,0.6290673626587642,0.006429709705406426,0.002033252736277455,10
3.75,0.05939491,4.980210578210885,0.6597595880863096,0.005838698675064916,0.0018463586384612498,10
3.75,0.05939491,5.653189946897943,0.6628375351391445,0.006794844173186346,0.002148718393319246,10
3.75,0.05939491,6.417109492424104,0.6355322189980722,0.00824901859797721,0.0026085687230696813,10
3.75,0.05939491,7.284258025038717,0.6015537037226631,0.008740027114710672,0.0027638392494115454,10
3.75,0.05939491,8.268584950589176,0.5880118952489235,0.00853913328951832,0.002700311043864391,10
3.75,0.05939491,9.385924667975567,0.5909567737246773,0.007021395689861953,0.0022203602733252997,10
3.75,0.05939491,10.65425128959158,0.583057754350287,0.006759233127720579,0.0021374571919660825,10
3.75,0.05939491,12.093967782318368,0.5621942765895692,0.009186753279706151,0.002905106466589335,10
3.75,0.05939491,13.728234180344895,0.5526459323708239,0.011404339668856987,0.00360636885637985,10
3.75,0.05939491,15.583340149618108,0.5392484958342381,0.01073263183409051,0.00339395618837564,10
3.75,0.05939491,17.689127897190275,0.521865623036015,0.00653815061904746,0.0020675447641429843,10
3.75,0.05939491,20.07947222860456,0.5081678557150356,0.011947467273234766,0.0037781208853743123,10
3.75,0.05939491,22.792825475773903,0.4867504913435664,0.010660244525119194,0.0033710653113716697,10
3.75,0.05939491,25.872836061348632,0.4684613523685982,0.011888672828500044,0.0037595284494616505,10
3.75,0.05939491,29.369050650123167,0.4531443335017934,0.01052426033083343,0.003328063333399083,10
3.75,0.05939491,33.33771118265806,0.42755107963097627,0.010181025050659692,0.0032195228075315783,10
3.75,0.05939491,37.842659612617176,0.4030498710167218,0.010604458914650342,0.0033534243523972193,10
3.75,0.05939491,42.95636490189982,0.3760903702999709,0.01123962325406672,0.003554280952504421,10
3.75,0.05939491,48.76108879434957,0.34624410744279915,0.009472077745778117,0.0029953339850852198,10
3.75,0.05939491,55.350209121286355,0.3213719928324905,0.009326096217325388,0.0029491705724628897,10
3.75,0.05939491,62.82972192624931,0.29336738701503046,0.00725085130673239,0.002292920510448254,10
3.75,0.05939491,71.31994657291497,0.26289399328307694,0.009786800318729588,0.003094858001244735,10
3.75,0.05939491,80.95746126545187,0.23691304020056153,0.013579427564329649,0.0042941920424554355,10
3.75,0.05939491,91.89730011710618,0.20838710913118424,0.013006719876975957,0.004113085969902908,10
3.75,0.05939491,104.31544711021446,0.17995779233242834,0.012560828275285211,0.003972082664814573,10
3.75,0.05939491,118.41166706679324,0.15332150781012058,0.011411021551141707,0.003608481853087535,10
3.75,0.05939491,134.41271917018034,0.1290897415626054,0.008225768884273343,0.002601216518044577,10
3.75,0.05939491,152.57600473212457,0.10684439325731335,0.007436010952980961,0.0023514731317379072,10
3.75,0.05939491,173.19370788521238,0.0855107992028507,0.00746735945086305,0.0023613863971911437,10
3.75,0.05939491,196.59749580998604,0.06780825368124502,0.00842219462477482,0.0026633317911515615,10
3.75,0.05939491,223.1638541070668,0.051376641553416355,0.006665209893826024,0.002107724434757929,10
3.75,0.05939491,253.32014314187637,0.033784979324697484,0.006450600820885501,0.0020398590870550027,10
3.75,0.05939491,287.5514727874956,0.021460332788040565,0.006153526366838115,0.001945915896110926,10
3.75,0.05939491,326.40850615637055,0.014912663530382966,0.006860186584705883,0.0021693814781402225,10
3.75,0.05939491,370.5163178557939,0.008609099028388712,0.0036831428046637323,0.001164712021039803,10
3.75,0.05939491,420.58444926569615,0.006906246124384219,0.0035360996034592184,0.001118212878014935,10
3.75,0.05939491,477.4183225932176,0.0031120482692868524,0.003614331037653871,0.0011429518296826033,10
3.75,0.05939491,541.9321973165318,0.0013426594467306123,0.0017382594374668481,0.0005496858986678267,10
3.75,0.05939491,615.1638774420524,0.0023483282925083363,0.003539772303360478,0.0011193742876999607,10
3.75,0.05939491,698.2914061636919,-0.0010008638403779361,0.004619731064185731,0.0014608872340260428,10
3.75,0.05939491,792.652016483199,-0.00010472625867231902,0.004198765336264872,0.0013277661823159776,10
3.75,0.05939491,899.7636426411872,-0.000106128377398908,0.004895565815708777,0.0015481138412899852,10
3.75,0.05939491,1021.3493384030259,0.001345162341192828,0.002466311337397928,0.0007799161245273465,10
3.75,0.05939491,1159.3649950049091,-0.000319172105079803,0.003488480314902265,0.0011031543367752584,10
3.75,0.05939491,1316.0308046455484,0.0001242755350191322,0.00252518826793664,0.000798534644741532,10
3.75,0.05939491,1493.8669756616864,0.0005013461012454305,0.0030565984643350784,0.0009665813039871793,10
3.75,0.05939491,1695.7342739204687,0.0007590540417044652,0.0025366986867027797,0.0008021745587538666,10
3.75,0.05939491,1924.8800425987847,-0.00047011313428006464,0.002617825645721959,0.0008278291557682412,10
3.75,0.05939491,2184.990440647822,-0.0008509482215837661,0.0023043782413456008,0.000728708383318529,10
3.75,0.05939491,2480.2497402782196,-0.001146240015655955,0.004084877295714408,0.0012917516216766694,10
3.75,0.05939491,2815.4076373562034,-0.00032264454109848646,0.002767037813516316,0.0008750141862523803,10
3.75,0.05939491,3195.8556575010366,8.878147076120477e-05,0.002093332467296976,0.0006619698496638382,10
3.75,0.05939491,3627.7138869923433,-0.00021976272497304668,0.0023922146778303436,0.0007564847034029792,10
3.75,0.05939491,4117.929423686066,0.0005622155347932345,0.0030367112206673413,0.0009602924053498982,10
3.75,0.05939491,4674.388131672206,-0.0004929645898276183,0.002138505728983652,0.0006762548892907097,10
3.75,0.05939491,5306.041497418272,-0.0008186295617354478,0.0016737938979777673,0.0005293001051301245,10
3.75,0.05939491,6023.050628072877,0.00035184634786158454,0.0017598967924477044,0.0005565282310959363,10
3.75,0.05939491,6836.949708361742,6.939906293729446e-05,0.0013491682142897842,0.00042664445038578493,10
3.75,0.05939491,7760.831545529242,0.0005365689687271977,0.001385167731529844,0.00043802849730029364,10
3.75,0.05939491,8809.558187098928,-0.00036028829909925264,0.002079676760540339,0.0006576515360228058,10
3.75,0.05939491,9999.99999956053,-3.099170433336935e-05,0.001702046141066636,0.0005382342488470821,10
3.75,0.03830322,0.010000000000218279,0.9999801116084914,0.0001,3.1622776601683795e-05,10
3.75,0.03830322,0.011351307054675233,0.9999720624471768,0.0001,3.1622776601683795e-05,10
3.75,0.03830322,0.012885217184670714,0.9999629255970157,0.0001,3.1622776601683795e-05,10
3.75,0.03830322,0.014626405672618265,0.9999525540778469,0.0001,3.1622776601683795e-05,10
3.75,0.03830322,0.016602882189250948,0.9999407810479763,0.0001,3.1622776601683795e-05,10
3.75,0.03830322,0.018846441371867226,0.9999274171202741,0.0001,3.1622776601683795e-05,10
3.75,0.03830322,0.021393174289532996,0.9999067287906691,0.0001,3.1622776601683795e-05,10
3.75,0.03830322,0.024284049022937213,0.9998780579895087,0.0001,3.1622776601683795e-05,10
3.75,0.03830322,0.027565569698412937,0.9998455128827615,0.0001,3.1622776601683795e-05,10
3.75,0.03830322,0.03129052457769065,0.9998034562466371,0.0001,3.1622776601683795e-05,10
3.75,0.03830322,0.035518835237547564,0.9997447665460871,0.0001,3.1622776601683795e-05,10
3.75,0.03830322,0.040318520499702026,0.9996768866909402,0.0001,3.1622776601683795e-05,10
3.75,0.03830322,0.045766790617234585,0.9995797222365566,0.0001,3.1622776601683795e-05,10
3.75,0.03830322,0.051951289319191934,0.9994617164343704,0.0001,3.1622776601683795e-05,10
3.75,0.03830322,0.05897150369355452,0.9993087742131708,0.0001,3.1622776601683795e-05,10
3.75,0.03830322,0.06694036458868406,0.9991079006360991,0.0001,3.1622776601683795e-05,10
3.75,0.03830322,0.0759860632781475,0.9988518658832846,0.0001,3.1622776601683795e-05,10
3.75,0.03830322,0.08625411361274073,0.9985231735236327,0.0001,3.1622776601683795e-05,10
3.75,0.03830322,0.09790969283256912,0.9981016089590622,0.0001,3.1622776601683795e-05,10
3.75,0.03830322,0.11114029869471674,0.9975570717190412,0.0001,3.1622776601683795e-05,10
3.75,0.03830322,0.12615876566045128,0.9968510324056332,0.0001,3.1622776601683795e-05,10
3.75,0.03830322,0.14320668866193417,0.995956290606304,0.0001,3.1622776601683795e-05,10
3.75,0.03830322,0.16255830952494102,0.9948083553917808,0.00011607192620948493,3.670516592249668e-05,10
3.75,0.03830322,0.1845249285666265,0.9933314932939231,0.00015061369201324856,4.7628231356897655e-05,10
3.75,0.03830322,0.209459912335607,0.9914439047593907,0.0001954279812087544,6.179975391482499e-05,10
3.75,0.03830322,0.23776437805149325,0.9890242481711746,0.00025247009600441376,7.983805444553236e-05,10
3.75,0.03830322,0.2698936461867474,0.9859757956368874,0.0003240324183077158,0.0001024680477584825,10
3.75,0.03830322,0.3063645649904774,0.9820838441448098,0.00041677384476086565,0.00013179546186297696,10
3.75,0.03830322,0.3477638247803005,0.9772474033139995,0.000530089896768261,0.0001676291438431234,10
3.75,0.03830322,0.3947573957503299,0.9710981297263679,0.000673967891165471,0.00021312736059033623,10
3.75,0.03830322,0.4481012411168134,0.963479028233966,0.0008504500809241269,0.00026893592919947565,10
3.75,0.03830322,0.5086534779386983,0.9539946675940012,0.0010582699483852342,0.000334654341620617,10
3.75,0.03830322,0.5773881812384607,0.942379474036764,0.0012939276664093574,0.0004091758553360114,10
3.75,0.03830322,0.6554110534835178,0.9283254762948815,0.0015439511232153461,0.0004882402145335766,10
3.75,0.03830322,0.7439772114957187,0.9115401982221009,0.0017930253541315311,0.0005670044021485638,10
3.75,0.03830322,0.8445113769184625,0.8917186723602448,0.0020308196110639886,0.0006422015487899487,10
3.75,0.03830322,0.9586307950358789,0.8686980755247875,0.0022806330705127404,0.0007211995009923655,10
3.75,0.03830322,1.088171250628218,0.8423079345398419,0.002541469482259531,0.0008036832167749012,10
3.75,0.03830322,1.2352165993681232,0.8124696628065348,0.0027633578367173197,0.00087385047541024,10
3.75,0.03830322,1.402132289815328,0.779243543165264,0.0029600175485741116,0.0009360397367562283,10
3.75,0.03830322,1.5916034152621248,0.743133764583954,0.0033184980277401813,0.0010494012178435602,10
3.75,0.03830322,1.80667790755158,0.7053386213961284,0.003991735713345348,0.0012622976671608282,10
3.75,0.03830322,2.0508155677068496,0.6682598559681614,0.004882996107474188,0.0015441389505354778,10
3.75,0.03830322,2.3279437221040404,0.6353473533735479,0.005996506629480545,0.0018962618953457912,10
3.75,0.03830322,2.642520399502972,0.6103843927517243,0.00700093278303819,0.0022138893340142105,10
3.75,0.03830322,2.9996060452346534,0.5965069516254496,0.007816982002611763,0.002471946755679746,10
3.75,0.03830322,3.404944926177538,0.5974060169661182,0.008703522708371004,0.0027522955425449813,10
3.75,0.03830322,3.865057536045609,0.6160712392248403,0.009466408646998528,0.0029935412586428217,10
3.75,0.03830322,4.3873454874682505,0.6515314186662955,0.009442963152396,0.0029861271422615045,10
3.75,0.03830322,4.980210578210885,0.6951530306038125,0.0081699438116645,0.0025835630800457544,10
3.75,0.03830322,5.653189946897943,0.7301421565273638,0.005730230003141259,0.0018120578326560185,10
3.75,0.03830322,6.417109492424104,0.7329717384496648,0.004054762719402399,0.0012822285564849792,10
3.75,0.03830322,7.284258025038717,0.7046705142481036,0.004288559580519142,0.001356161615577676,10
3.75,0.03830322,8.268584950589176,0.6688904222264942,0.00605380600682658,0.0019143815494380837,10
3.75,0.03830322,9.385924667975567,0.6574242208846807,0.008402031659968801,0.0026569557018346784,10
3.75,0.03830322,10.65425128959158,0.6676412617149221,0.010215212908912669,0.0032303339575718176,10
3.75,0.03830322,12.093967782318368,0.6653949969616563,0.007198056862920174,0.002276225441423415,10
3.75,0.03830322,13.728234180344895,0.6436741517747189,0.005390868454135175,0.0017047422881418107,10
3.75,0.03830322,15.583340149618108,0.6388530647231012,0.008687193122382463,0.002747131674047845,10
3.75,0.03830322,17.689127897190275,0.6335672956027657,0.01001973794778462,0.0031685193473020667,10
3.75,0.03830322,20.07947222860456,0.6138308591796213,0.00971186296468661,0.0030711607291845112,10
3.75,0.03830322,22.792825475773903,0.6100267389695135,0.009547184358059839,0.0030190847813001617,10
3.75,0.03830322,25.872836061348632,0.5926916161749689,0.00746267966650207,0.002359906519437231,10
3.75,0.03830322,29.369050650123167,0.5808905507886287,0.007029081488110488,0.0022227907361354903,10
3.75,0.03830322,33.33771118265806,0.562602022977594,0.007838789884545571,0.0024788430134652325,10
3.75,0.03830322,37.842659612617176,0.54816198016947,0.008522330156056773,0.002694997426507763,10
3.75,0.03830322,42.95636490189982,0.5299249471148189,0.0071748559447373066,0.0022688886668969076,10
3.75,0.03830322,48.76108879434957,0.5085616451869617,0.009205990489882427,0.002911189806587775,10
3.75,0.03830322,55.350209121286355,0.48706262459389016,0.012593502542616677,0.00398241517537904,10
3.75,0.03830322,62.82972192624931,0.4644323883561266,0.014092161421450701,0.004456332724654022,10
3.75,0.03830322,71.31994657291497,0.43994650380624023,0.017574918808268496,0.005557677312666054,10
3.75,0.03830322,80.95746126545187,0.41878108760965727,0.01592180618589563,0.005034917201118845,10
3.75,0.03830322,91.89730011710618,0.39116907470877677,0.01901191597854557,0.006012095717595291,10
3.75,0.03830322,104.31544711021446,0.36223863677310997,0.016747431310802172,0.005296002789935414,10
3.75,0.03830322,118.41166706679324,0.3360519272959914,0.014227425552105783,0.004499106998513289,10
3.75,0.03830322,134.41271917018034,0.30747805315817084,0.01262806555408828,0.003993344959283519,10
3.75,0.03830322,152.57600473212457,0.282102919284647,0.011487052033055709,0.003632524802532383,10
3.75,0.03830322,173.19370788521238,0.2564328245074913,0.01402875945047081,0.004436283261009987,10
3.75,0.03830322,196.59749580998604,0.22014891895632585,0.011179687823105935,0.0035353277050664354,10
3.75,0.03830322,223.1638541070668,0.19201111928078604,0.01181031284314105,0.003734748846346464,10
3.75,0.03830322,253.32014314187637,0.164836399846561,0.01149633142789697,0.003635459204833023,10
3.75,0.03830322,287.5514727874956,0.1346715617956336,0.010656662143083832,0.0033699324627036085,10
3.75,0.03830322,326.40850615637055,0.11211602104433256,0.011356035387847933,0.003591093701507307,10
3.75,0.03830322,370.5163178557939,0.08718139668738079,0.010926899302317104,0.0034553889558626826,10
3.75,0.03830322,420.58444926569615,0.0690591794556501,0.00835294981473956,0.0026414346595658514,10
3.75,0.03830322,477.4183225932176,0.0522608371074275,0.006509786625596169,0.002058575281858566,10
3.75,0.03830322,541.9321973165318,0.03755192196679623,0.006703857651232631,0.002119945928744181,10
3.75,0.03830322,615.1638774420524,0.02746763519516071,0.006893822269250292,0.002180018015522148,10
3.75,0.03830322,698.2914061636919,0.017664866245689356,0.005450941010717103,0.001723738898508634,10
3.75,0.03830322,792.652016483199,0.011924387919528167,0.004738155009366164,0.0014983361736533517,10
3.75,0.03830322,899.7636426411872,0.00717453559729537,0.004522480301382637,0.0014301338425613873,10
3.75,0.03830322,1021.3493384030259,0.004656474790736981,0.00449314075129768,0.001420855862182082,10
3.75,0.03830322,1159.3649950049091,0.0025079261220104215,0.004754643115297753,0.0015035501705579473,10
3.75,0.03830322,1316.0308046455484,0.0011498717605812102,0.003427448015800559,0.0010838542291754544,10
3.75,0.03830322,1493.8669756616864,0.0018145590766842675,0.0025905809397351234,0.0008192136232582387,10
3.75,0.03830322,1695.7342739204687,0.0024557768820052837,0.0029832896105060403,0.0009433990089115676,10
3.75,0.03830322,1924.8800425987847,0.0019614972836693406,0.003921994175835237,0.0012402434565554263,10
3.75,0.03830322,2184.990440647822,0.0021862215386239756,0.004649081911792306,0.0014701687869953708,10
3.75,0.03830322,2480.2497402782196,0.0007163407189891556,0.003371557465987522,0.001066180085466625,10
3.75,0.03830322,2815.4076373562034,-0.0012168915970289578,0.004359090877032259,0.00137846556990829,10
3.75,0.03830322,3195.8556575010366,-0.0006886918300496448,0.0032042075713947056,0.0010132594021563853,10
3.75,0.03830322,3627.7138869923433,-0.0007636988454574048,0.0022448536303005515,0.000709885048544732,10
3.75,0.03830322,4117.929423686066,2.606387091085309e-06,0.0014301199871447471,0.00045224364867081234,10
3.75,0.03830322,4674.388131672206,0.00011253871193847285,0.0020004960170465647,0.0006326123863962173,10
3.75,0.03830322,5306.041497418272,-0.00018157268191583396,0.0022116718071376685,0.0006993920347335677,10
3.75,0.03830322,6023.050628072877,-0.0014092289640890395,0.0021273998732637103,0.0006727429093466872,10
3.75,0.03830322,6836.949708361742,-0.0010044753592904029,0.0011522071527264907,0.0003643598938953197,10
3.75,0.03830322,7760.831545529242,-0.00029042461579784274,0.0022642607392981224,0.0007160221152678791,10
3.75,0.03830322,8809.558187098928,-0.0004620448614286924,0.002139090524920246,0.0006764398180033145,10
3.75,0.03830322,9999.99999956053,-0.0011210995583126689,0.0020974276556187292,0.0006632648619182445,10
3.75,0.02871607,0.010000000000218279,0.9999854896935917,0.0001,3.1622776601683795e-05,10
3.75,0.02871607,0.011351307054675233,0.9999796126031187,0.0001,3.1622776601683795e-05,10
3.75,0.02871607,0.012885217184670714,0.9999729413372643,0.0001,3.1622776601683795e-05,10
3.75,0.02871607,0.014626405672618265,0.9999653685785489,0.0001,3.1622776601683795e-05,10
3.75,0.02871607,0.016602882189250948,0.9999567725076058,0.0001,3.1622776601683795e-05,10
3.75,0.02871607,0.018846441371867226,0.9999470148435323,0.0001,3.1622776601683795e-05,10
3.75,0.02871607,0.021393174289532996,0.9999319178887539,0.0001,3.1622776601683795e-05,10
3.75,0.02871607,0.024284049022937213,0.9999110018006128,0.0001,3.1622776601683795e-05,10
3.75,0.02871607,0.027565569698412937,0.999887259306726,0.0001,3.1622776601683795e-05,10
3.75,0.02871607,0.03129052457769065,0.9998565854031343,0.0001,3.1622776601683795e-05,10
3.75,0.02871607,0.035518835237547564,0.9998137943146863,0.0001,3.1622776601683795e-05,10
3.75,0.02871607,0.040318520499702026,0.9997643043718165,0.0001,3.1622776601683795e-05,10
3.75,0.02871607,0.045766790617234585,0.9996934910667366,0.0001,3.1622776601683795e-05,10
3.75,0.02871607,0.051951289319191934,0.9996074959866508,0.0001,3.1622776601683795e-05,10
3.75,0.02871607,0.05897150369355452,0.9994960584362058,0.0001,3.1622776601683795e-05,10
3.75,0.02871607,0.06694036458868406,0.9993496509682455,0.0001,3.1622776601683795e-05,10
3.75,0.02871607,0.0759860632781475,0.9991629816289305,0.0001,3.1622776601683795e-05,10
3.75,0.02871607,0.08625411361274073,0.998923336469173,0.0001,3.1622776601683795e-05,10
3.75,0.02871607,0.09790969283256912,0.9986158312906648,0.0001,3.1622776601683795e-05,10
3.75,0.02871607,0.11114029869471674,0.9982184717464543,0.0001,3.1622776601683795e-05,10
3.75,0.02871607,0.12615876566045128,0.9977028849716387,0.0001,3.1622776601683795e-05,10
3.75,0.02871607,0.14320668866193417,0.9970492919566201,0.0001,3.1622776601683795e-05,10
3.75,0.02871607,0.16255830952494102,0.9962103272541984,0.0001,3.1622776601683795e-05,10
3.75,0.02871607,0.1845249285666265,0.9951300962154981,0.0001,3.1622776601683795e-05,10
3.75,0.02871607,0.209459912335607,0.9937477979356174,0.000117948365884323,3.7298548248936085e-05,10
3.75,0.02871607,0.23776437805149325,0.9919723598831055,0.00015348517952619407,4.853627543826166e-05,10
3.75,0.02871607,0.2698936461867474,0.9897325397513972,0.00019926409333011888,6.301283908115418e-05,10
3.75,0.02871607,0.3063645649904774,0.986866230286858,0.0002590031326004228,8.190398201359454e-05,10
3.75,0.02871607,0.3477638247803005,0.9832958946992308,0.0003351803001332634,0.00010599331752399512,10
3.75,0.02871607,0.3947573957503299,0.978738482826716,0.00043535197655320055,0.00013767038297643342,10
3.75,0.02871607,0.4481012411168134,0.9730722356851167,0.000563475783114409,0.00017818668809885783,10
3.75,0.02871607,0.5086534779386983,0.9659831998278074,0.0007291694214223337,0.0002305836171841748,10
3.75,0.02871607,0.5773881812384607,0.9572476086575523,0.0009368295789365305,0.00029625152488559395,10
3.75,0.02871607,0.6554110534835178,0.9465856421308038,0.0011997910629210524,0.0003794072475144918,10
3.75,0.02871607,0.7439772114957187,0.9337072427153181,0.0015254386749871593,0.0004823860643868747,10
3.75,0.02871607,0.8445113769184625,0.9182568771037598,0.0019055903458998884,0.0006026005780271751,10
3.75,0.02871607,0.9586307950358789,0.8999486090878024,0.002315579439810877,0.0007322505132859146,10
3.75,0.02871607,1.088171250628218,0.8784164326737635,0.002735186583004976,0.0008649419427828919,10
3.75,0.02871607,1.2352165993681232,0.8533351454770639,0.003165504464159974,0.001001020405017636,10
3.75,0.02871607,1.402132289815328,0.824481358717238,0.0036138904749964526,0.0011428125115376575,10
3.75,0.02871607,1.5916034152621248,0.7919750080598111,0.004096605655689191,0.0012954604547505363,10
3.75,0.02871607,1.80667790755158,0.7567298530702862,0.004623470321411291,0.001462069690985044,10
3.75,0.02871607,2.0508155677068496,0.7206585433905266,0.005073342020381069,0.0016043316133444565,10
3.75,0.02871607,2.3279437221040404,0.6865604709563184,0.005247753096233518,0.0016594852382298695,10
3.75,0.02871607,2.642520399502972,0.6573354369675524,0.004860883558781262,0.0015371463486613752,10
3.75,0.02871607,2.9996060452346534,0.635792904394491,0.004137084610682259,0.0013082610242586903,10
3.75,0.02871607,3.404944926177538,0.6263227613427607,0.003795469059685229,0.0012002327017302885,10
3.75,0.02871607,3.865057536045609,0.6335620505521622,0.004083140597105237,0.0012912024293552466,10
3.75,0.02871607,4.3873454874682505,0.6590883462235654,0.0051003336031278336,0.0016128671012577245,10
3.75,0.02871607,4.980210578210885,0.6991268008048668,0.006303380569282845,0.001993303955778258,10
3.75,0.02871607,5.653189946897943,0.7436907796652348,0.006830826260911806,0.0021600969285372903,10
3.75,0.02871607,6.417109492424104,0.7714668426248831,0.007260690647329224,0.002296031983144269,10
3.75,0.02871607,7.284258025038717,0.76615133285456,0.007399341905216281,0.0023398773606813175,10
3.75,0.02871607,8.268584950589176,0.7333709588537278,0.0060336799681010795,0.0019080171371731501,10
3.75,0.02871607,9.385924667975567,0.7041420843202102,0.0051383586342515246,0.00162489167190269,10
3.75,0.02871607,10.65425128959158,0.7028536464637761,0.004835945607722465,0.0015292602761090145,10
3.75,0.02871607,12.093967782318368,0.7163645655361337,0.005485809355892448,0.0017347652374081373,10
3.75,0.02871607,13.728234180344895,0.7088351909505513,0.007289723475312772,0.002305212969478658,10
3.75,0.02871607,15.583340149618108,0.6914348700311977,0.0060458307852708296,0.0019118595629420193,10
3.75,0.02871607,17.689127897190275,0.6936986100967583,0.00905860814248428,0.002864583416119742,10
3.75,0.02871607,20.07947222860456,0.6836824302473683,0.009165211936795785,0.002898294495843787,10
3.75,0.02871607,22.792825475773903,0.6737901193411038,0.006896946725013471,0.0021810060551881567,10
3.75,0.02871607,25.872836061348632,0.6669321566240484,0.00597382261549633,0.0018890885802792681,10
3.75,0.02871607,29.369050650123167,0.6556175733433482,0.006341958194011573,0.00200550327186446,10
3.75,0.02871607,33.33771118265806,0.645475904912198,0.008063567670447816,0.0025499239905513106,10
3.75,0.02871607,37.842659612617176,0.6349925520508856,0.008094366221275484,0.0025596633474761,10
3.75,0.02871607,42.95636490189982,0.621939071436066,0.008322183801806729,0.002631705592026857,10
3.75,0.02871607,48.76108879434957,0.6054680113364528,0.00950440108594944,0.0030055555227377997,10
3.75,0.02871607,55.350209121286355,0.5914512910042375,0.012147510173335154,0.003841380004780587,10
3.75,0.02871607,62.82972192624931,0.5753524985734255,0.014050958235987187,0.004443303133362117,10
3.75,0.02871607,71.31994657291497,0.5567875504323367,0.011354095816625153,0.003590480355232497,10
3.75,0.02871607,80.95746126545187,0.536333944082233,0.01515991500098877,0.004793986053767828,10
3.75,0.02871607,91.89730011710618,0.5181716580300051,0.01670561336269873,0.005282778793627254,10
3.75,0.02871607,104.31544711021446,0.4982992448500572,0.016918690006828746,0.005350159544790855,10
3.75,0.02871607,118.41166706679324,0.47773144210109086,0.01412936474607534,0.004468097448888471,10
3.75,0.02871607,134.41271917018034,0.4571200159698755,0.011873453452635031,0.0037547156602316866,10
3.75,0.02871607,152.57600473212457,0.43256841211722613,0.01048970589531036,0.00331713626144765,10
3.75,0.02871607,173.19370788521238,0.40608004043340706,0.009799863721003969,0.003098989011762542,10
3.75,0.02871607,196.59749580998604,0.37926428401980206,0.011067390711508555,0.0034998162403358526,10
3.75,0.02871607,223.1638541070668,0.3492556667217071,0.0069829654760699324,0.0022082075726703,10
3.75,0.02871607,253.32014314187637,0.31965525523661054,0.009925140424390745,0.003138604983808496,10
3.75,0.02871607,287.5514727874956,0.2911149539783166,0.01079486705773926,0.003413636694117642,10
3.75,0.02871607,326.40850615637055,0.2623141201210607,0.009750444497675755,0.0030833612811711733,10
3.75,0.02871607,370.5163178557939,0.2342272341115728,0.008042539847266737,0.0025432744090025613,10
3.75,0.02871607,420.58444926569615,0.20791559566491408,0.009009982420719513,0.002849206612755113,10
3.75,0.02871607,477.4183225932176,0.17997438867829535,0.00979676877781144,0.003098010304790819,10
3.75,0.02871607,541.9321973165318,0.15253041920044738,0.00813556952821401,0.002572692977181776,10
3.75,0.02871607,615.1638774420524,0.12596641554277882,0.009630896635772854,0.0030455569278695295,10
3.75,0.02871607,698.2914061636919,0.1052065384615268,0.007950344398925353,0.0025141196483366443,10
3.75,0.02871607,792.652016483199,0.08138604783930567,0.011782787048342576,0.003726044425749504,10
3.75,0.02871607,899.7636426411872,0.06346106096247317,0.005845877842804415,0.0018486288906373717,10
3.75,0.02871607,1021.3493384030259,0.0458626502187172,0.007992230800537922,0.0025273652915450712,10
3.75,0.02871607,1159.3649950049091,0.03135498146733053,0.006699754130172603,0.0021186482814465656,10
3.75,0.02871607,1316.0308046455484,0.022058259174503336,0.007406629135774118,0.002342181785321072,10
3.75,0.02871607,1493.8669756616864,0.012625683425933953,0.005492779207499902,0.0017369692980114316,10
3.75,0.02871607,1695.7342739204687,0.007783270665964584,0.0058191613706066805,0.0018401804003184313,10
3.75,0.02871607,1924.8800425987847,0.004144977996530578,0.0033086969508898173,0.0010463018452066101,10
3.75,0.02871607,2184.990440647822,0.0025519898349266623,0.004135813735832809,0.0013078591383441618,10
3.75,0.02871607,2480.2497402782196,0.0007276480034814336,0.004405507539002615,0.0013931438072291341,10
3.75,0.02871607,2815.4076373562034,0.0015461705215994094,0.0035405081412531866,0.0011196069800729223,10
3.75,0.02871607,3195.8556575010366,-0.0005043980585929319,0.005009138458038105,0.001584028664254418,10
3.75,0.02871607,3627.7138869923433,0.0011323510209183345,0.0050949024411565055,0.0016111496170406556,10
3.75,0.02871607,4117.929423686066,6.732163105046687e-05,0.0023677383291261294,0.0007487446023319964,10
3.75,0.02871607,4674.388131672206,-0.00025925259979402143,0.0028222593371759557,0.0008924767653153142,10
3.75,0.02871607,5306.041497418272,-0.00036137559156803847,0.00299358478638692,0.0009466546293811287,10
3.75,0.02871607,6023.050628072877,-0.00040056204200152105,0.002240257163772389,0.00070843151820296,10
3.75,0.02871607,6836.949708361742,-0.0009004629257086848,0.0018769666201922614,0.0005935489611915735,10
3.75,0.02871607,7760.831545529242,0.00018595541100342738,0.001692315573879393,0.0005351571733233835,10
3.75,0.02871607,8809.558187098928,-0.00022953773608756236,0.002807483167051741,0.000887804130046649,10
3.75,0.02871607,9999.99999956053,0.0005616052621920858,0.0032436864971570876,0.0010257437346549681,10
3.75,0.021317,0.010000000000218279,0.9999892787356212,0.0001,3.1622776601683795e-05,10
3.75,0.021317,0.011351307054675233,0.9999849274058297,0.0001,3.1622776601683795e-05,10
3.75,0.021317,0.012885217184670714,0.9999799880777746,0.0001,3.1622776601683795e-05,10
3.75,0.021317,0.014626405672618265,0.9999743812948345,0.0001,3.1622776601683795e-05,10
3.75,0.021317,0.016602882189250948,0.9999680168633607,0.0001,3.1622776601683795e-05,10
3.75,0.021317,0.018846441371867226,0.9999607924017717,0.0001,3.1622776601683795e-05,10
3.75,0.021317,0.021393174289532996,0.9999496119569414,0.0001,3.1622776601683795e-05,10
3.75,0.021317,0.024284049022937213,0.9999341200462768,0.0001,3.1622776601683795e-05,10
3.75,0.021317,0.027565569698412937,0.9999165347027956,0.0001,3.1622776601683795e-05,10
3.75,0.021317,0.03129052457769065,0.9998938115653925,0.0001,3.1622776601683795e-05,10
3.75,0.021317,0.035518835237547564,0.9998621046979134,0.0001,3.1622776601683795e-05,10
3.75,0.021317,0.040318520499702026,0.999825433025365,0.0001,3.1622776601683795e-05,10
3.75,0.021317,0.045766790617234585,0.9997729426897152,0.0001,3.1622776601683795e-05,10
3.75,0.021317,0.051951289319191934,0.9997091994201741,0.0001,3.1622776601683795e-05,10
3.75,0.021317,0.05897150369355452,0.999626598360692,0.0001,3.1622776601683795e-05,10
3.75,0.021317,0.06694036458868406,0.9995180744083143,0.0001,3.1622776601683795e-05,10
3.75,0.021317,0.0759860632781475,0.9993797600347378,0.0001,3.1622776601683795e-05,10
3.75,0.021317,0.08625411361274073,0.9992021972725491,0.0001,3.1622776601683795e-05,10
3.75,0.021317,0.09790969283256912,0.998974390250521,0.0001,3.1622776601683795e-05,10
3.75,0.021317,0.11114029869471674,0.9986800038544986,0.0001,3.1622776601683795e-05,10
3.75,0.021317,0.12615876566045128,0.9982980577623195,0.0001,3.1622776601683795e-05,10
3.75,0.021317,0.14320668866193417,0.9978137159278461,0.0001,3.1622776601683795e-05,10
3.75,0.021317,0.16255830952494102,0.9971921583550302,0.0001,3.1622776601683795e-05,10
3.75,0.021317,0.1845249285666265,0.9963917326701413,0.0001,3.1622776601683795e-05,10
3.75,0.021317,0.209459912335607,0.9953677650939847,0.0001,3.1622776601683795e-05,10
3.75,0.021317,0.23776437805149325,0.994052560355277,0.0001,3.1622776601683795e-05,10
3.75,0.021317,0.2698936461867474,0.9923922668839273,0.0001,3.1622776601683795e-05,10
3.75,0.021317,0.3063645649904774,0.9902670305682089,0.0001275442126125533,4.033302142284433e-05,10
3.75,0.021317,0.3477638247803005,0.9876187420521629,0.0001622668406398979,5.131328051416516e-05,10
3.75,0.021317,0.3947573957503299,0.9842351646532681,0.00020588148777532633,6.510544294341438e-05,10
3.75,0.021317,0.4481012411168134,0.9800214985472169,0.00025835899646731766,8.170028828321198e-05,10
3.75,0.021317,0.5086534779386983,0.9747399824948098,0.0003222438341567495,0.0001019024477880893,10
3.75,0.021317,0.5773881812384607,0.9682112133715547,0.0003946801237234847,0.00012480881381632676,10
3.75,0.021317,0.6554110534835178,0.9602093039899067,0.0004737985584080698,0.0001498282596673822,10
3.75,0.021317,0.7439772114957187,0.9504831080551179,0.0005594886575051432,0.0001769258482746112,10
3.75,0.021317,0.8445113769184625,0.9387024440912686,0.0006634900946769118,0.0002098139904139801,10
3.75,0.021317,0.9586307950358789,0.9245927506489057,0.0008166843023365568,0.0002582582524689092,10
3.75,0.021317,1.088171250628218,0.9077886962387114,0.0010580532010097698,0.0003345858000822839,10
3.75,0.021317,1.2352165993681232,0.8878845707185631,0.00141506471579309,0.00044748275384450046,10
3.75,0.021317,1.402132289815328,0.8645184132329959,0.0018870587392270691,0.0005967403694483268,10
3.75,0.021317,1.5916034152621248,0.837386580670902,0.002436271378536464,0.0007704166554453482,10
3.75,0.021317,1.80667790755158,0.8067902925145581,0.0030375434360139647,0.0009605555749498058,10
3.75,0.021317,2.0508155677068496,0.7738317536181982,0.003672329585396176,0.0011612925808673735,10
3.75,0.021317,2.3279437221040404,0.7405157129658012,0.004293900979940977,0.0013578507143842463,10
3.75,0.021317,2.642520399502972,0.7092512160482354,0.004726352678986035,0.0014946039490834509,10
3.75,0.021317,2.9996060452346534,0.6826993955356411,0.004591457675706478,0.0014519464035495225,10
3.75,0.021317,3.404944926177538,0.6650232443777203,0.004077631788328106,0.0012894603910622406,10
3.75,0.021317,3.865057536045609,0.6612729608482654,0.003570608976927829,0.0011291257000935544,10
3.75,0.021317,4.3873454874682505,0.6752307210617645,0.0030046498898583835,0.0009501537223326546,10
3.75,0.021317,4.980210578210885,0.7064274054219597,0.0026712411866406036,0.0008447206329435253,10
3.75,0.021317,5.653189946897943,0.7501522723051489,0.0025461763517044002,0.0008051716595843851,10
3.75,0.021317,6.417109492424104,0.7915027251299216,0.003097868677551141,0.0009796320913155333,10
3.75,0.021317,7.284258025038717,0.8109158700440233,0.0023265760088491726,0.0007357279337467448,10
3.75,0.021317,8.268584950589176,0.7949510893376276,0.0023413694118562616,0.0007404060185314632,10
3.75,0.021317,9.385924667975567,0.7582015643976142,0.003768457368532212,0.001191690854980633,10
3.75,0.021317,10.65425128959158,0.7359487998023322,0.003097567105277877,0.0009795367257892664,10
3.75,0.021317,12.093967782318368,0.7477217106422414,0.0019282166340583284,0.0006097556385847719,10
3.75,0.021317,13.728234180344895,0.7631853758834025,0.004604897490288071,0.0014561964460903401,10
3.75,0.021317,15.583340149618108,0.7469594714260444,0.004847885048218047,0.0015330358587044236,10
3.75,0.021317,17.689127897190275,0.7335239637268559,0.004060329599087594,0.0012839889584115131,10
3.75,0.021317,20.07947222860456,0.7438267401687935,0.0051168154247418175,0.0016180791108866025,10
3.75,0.021317,22.792825475773903,0.7298501346109317,0.004735741642514156,0.0014975730000451623,10
3.75,0.021317,25.872836061348632,0.7247331550892977,0.005442497450981397,0.0017210688104761821,10
3.75,0.021317,29.369050650123167,0.720893150469843,0.005924277171078995,0.0018734209350748628,10
3.75,0.021317,33.33771118265806,0.7128201571598691,0.007480773230044777,0.0023656282066156246,10
3.75,0.021317,37.842659612617176,0.7074287535064896,0.00667177300741275,0.002109799873505574,10
3.75,0.021317,42.95636490189982,0.7016135506588079,0.007251925872425769,0.002293260317956909,10
3.75,0.021317,48.76108879434957,0.6935831235794331,0.00868834975220434,0.0027474974325125256,10
3.75,0.021317,55.350209121286355,0.6826087417517551,0.009634277331307797,0.0030466259976661275,10
3.75,0.021317,62.82972192624931,0.6713457450811637,0.007965798709536091,0.0025190067304564083,10
3.75,0.021317,71.31994657291497,0.6638355479470868,0.009027722243837244,0.002854816437389167,10
3.75,0.021317,80.95746126545187,0.6524150260618358,0.009134288823909395,0.0028885157489374376,10
3.75,0.021317,91.89730011710618,0.6409861292941839,0.00922059340703787,0.0029158076544571697,10
3.75,0.021317,104.31544711021446,0.6268736921323935,0.008194532501120812,0.002591338706381806,10
3.75,0.021317,118.41166706679324,0.6126851408072804,0.007446647709369809,0.002354836769448418,10
3.75,0.021317,134.41271917018034,0.5976069895924716,0.008132122263965574,0.0025716028565096237,10
3.75,0.021317,152.57600473212457,0.5811350006902496,0.010886226973414284,0.0034425272361550416,10
3.75,0.021317,173.19370788521238,0.5615373944916296,0.009127813549423556,0.002886468087352435,10
3.75,0.021317,196.59749580998604,0.5414515796275072,0.013316722599115626,0.004211117438184274,10
3.75,0.021317,223.1638541070668,0.5228214241974729,0.013519570057227828,0.00427526343670529,10
3.75,0.021317,253.32014314187637,0.5038530886599186,0.014365291827857892,0.004542704142903439,10
3.75,0.021317,287.5514727874956,0.47880087387828796,0.014454064004688669,0.004570776370067088,10
3.75,0.021317,326.40850615637055,0.45567221676566005,0.015170692495666594,0.004797394196833054,10
3.75,0.021317,370.5163178557939,0.4303187821457121,0.01452560873463529,0.004593400800188386,10
3.75,0.021317,420.58444926569615,0.4046569200633942,0.014499193430633437,0.004585047547615224,10
3.75,0.021317,477.4183225932176,0.38138298158113426,0.014139521915254725,0.004471309427807123,10
3.75,0.021317,541.9321973165318,0.35340705300758524,0.015736989056005842,0.004976472893012155,10
3.75,0.021317,615.1638774420524,0.3259281591276911,0.011439369769329398,0.003617446346795586,10
3.75,0.021317,698.2914061636919,0.29599479403480305,0.013840819518929588,0.0043768514363133485,10
3.75,0.021317,792.652016483199,0.2686451026077957,0.011285404123052576,0.0035687581344301276,10
3.75,0.021317,899.7636426411872,0.24069739067406534,0.017856967196913636,0.005646868844515956,10
3.75,0.021317,1021.3493384030259,0.20997528675914695,0.0171918336081166,0.005436535135627906,10
3.75,0.021317,1159.3649950049091,0.18558326493024552,0.015618985577855791,0.004939156916734547,10
3.75,0.021317,1316.0308046455484,0.16213566722793102,0.013899230185587835,0.004395322510942241,10
3.75,0.021317,1493.8669756616864,0.13845758760072494,0.015488932930421532,0.004898030658571836,10
3.75,0.021317,1695.7342739204687,0.11618796309232274,0.013113648253758952,0.004146899691616801,10
3.75,0.021317,1924.8800425987847,0.09684804925186441,0.012835190841308691,0.004058843726146825,10
3.75,0.021317,2184.990440647822,0.07935368767095327,0.012183627561318286,0.0038528013256968565,10
3.75,0.021317,2480.2497402782196,0.05788131108817557,0.009182047011368785,0.002903618213866734,10
3.75,0.021317,2815.4076373562034,0.04386416876153216,0.00923749203634685,0.0029211514702522957,10
3.75,0.021317,3195.8556575010366,0.03179548445516388,0.010712107118425459,0.00338746570339275,10
3.75,0.021317,3627.7138869923433,0.023932270997784007,0.008314305788378138,0.002629214345439683,10
3.75,0.021317,4117.929423686066,0.013722423668690014,0.007218248587227913,0.0022826106252932794,10
3.75,0.021317,4674.388131672206,0.00847954908451325,0.00654407469517841,0.002069418121503588,10
3.75,0.021317,5306.041497418272,0.006333714314863475,0.003048479436837692,0.0009640138420594515,10
3.75,0.021317,6023.050628072877,0.003566264712533064,0.0026930548774545047,0.0008516187276581872,10
3.75,0.021317,6836.949708361742,0.001838766553036282,0.002811290678354011,0.0008890081708398498,10
3.75,0.021317,7760.831545529242,0.0007549812078322235,0.004085590826157911,0.0012919772598148035,10
3.75,0.021317,8809.558187098928,0.0014001908661013251,0.0036379109100008484,0.0011504084400378502,10
3.75,0.021317,9999.99999956053,0.0006890245915867635,0.0027785884766534574,0.0008786668266522516,10
3.75,0.0173726,0.010000000000218279,0.999991245008457,0.0001,3.1622776601683795e-05,10
3.75,0.0173726,0.011348930950786602,0.9999876986037235,0.0001,3.1622776601683795e-05,10
3.75,0.0173726,0.012879823372291061,0.9999836738134791,0.0001,3.1622776601683795e-05,10
3.75,0.0173726,0.014617222610726805,0.9999791061068214,0.0001,3.1622776601683795e-05,10
3.75,0.0173726,0.016588985009779414,0.9999739222480756,0.0001,3.1622776601683795e-05,10
3.75,0.0173726,0.0188267245415511,0.9999680391225791,0.0001,3.1622776601683795e-05,10
3.75,0.0173726,0.021366319684687912,0.9999589769748702,0.0001,3.1622776601683795e-05,10
3.75,0.0173726,0.024248488676866263,0.9999463676940623,0.0001,3.1622776601683795e-05,10
3.75,0.0173726,0.027519442364867905,0.9999320575083402,0.0001,3.1622776601683795e-05,10
3.75,0.0173726,0.03123162511962202,0.9999136611132766,0.0001,3.1622776601683795e-05,10
3.75,0.0173726,0.03544455569557056,0.9998878554391109,0.0001,3.1622776601683795e-05,10
3.75,0.0173726,0.04022578151615598,0.999858175655962,0.0001,3.1622776601683795e-05,10
3.75,0.0173726,0.04565196168583171,0.9998154910366676,0.0001,3.1622776601683795e-05,10
3.75,0.0173726,0.05181009609291505,0.9997638918643783,0.0001,3.1622776601683795e-05,10
3.75,0.0173726,0.058798920309927706,0.9996967267632296,0.0001,3.1622776601683795e-05,10
3.75,0.0173726,0.06673048865636076,0.9996088306888151,0.0001,3.1622776601683795e-05,10
3.75,0.0173726,0.07573197080567556,0.9994967943937232,0.0001,3.1622776601683795e-05,10
3.75,0.0173726,0.08594769074218378,0.9993529578448268,0.0001,3.1622776601683795e-05,10
3.75,0.0173726,0.09754144075913132,0.9991683287741093,0.0001,3.1622776601683795e-05,10
3.75,0.0173726,0.11069910759914599,0.9989308791342337,0.0001,3.1622776601683795e-05,10
3.75,0.0173726,0.1256316528428981,0.9986205279955802,0.0001,3.1622776601683795e-05,10
3.75,0.0173726,0.14257849533161215,0.998230181967217,0.0001,3.1622776601683795e-05,10
3.75,0.0173726,0.16181134985501963,0.9977274915367247,0.0001,3.1622776601683795e-05,10
3.75,0.0173726,0.1836385836518106,0.9970796112165141,0.0001,3.1622776601683795e-05,10
3.75,0.0173726,0.2084101605719156,0.9962499747313652,0.0001,3.1622776601683795e-05,10
3.75,0.0173726,0.23652325217213901,0.9951837037501825,0.0001,3.1622776601683795e-05,10
3.75,0.0173726,0.2684286057098499,0.9938370325214507,0.0001093313279336099,3.4573601588099766e-05,10
3.75,0.0173726,0.30463777113505125,0.9921113708133014,0.00014010865405885534,4.43062466726578e-05,10
3.75,0.0173726,0.34573130295377624,0.9899575703422918,0.0001789506090056834,5.65891513132199e-05,10
3.75,0.0173726,0.3923680684662243,0.9871982012861219,0.00022903674237752358,7.242777737781832e-05,10
3.75,0.0173726,0.44529581162194903,0.9837559989173345,0.0002913931442307799,9.214660303272178e-05,10
3.75,0.0173726,0.5053631418661665,0.9794419681852705,0.00037026147952608685,0.00011708696051262362,10
3.75,0.0173726,0.5735331401986506,0.9740683559937328,0.0004713888161313052,0.0001490662322505246,10
3.75,0.0173726,0.650898800596022,0.9674540830813424,0.0006025030526921043,0.0001905281943711493,10
3.75,0.0173726,0.7387005543752824,0.9593787674638439,0.0007775850482770516,0.0002458939827047471,10
3.75,0.0173726,0.8383461584729869,0.9495546895806575,0.0010101738333944987,0.00031944501462300774,10
3.75,0.0173726,0.9514332665159447,0.9377319557672656,0.0013105297472057464,0.00041442589425748453,10
3.75,0.0173726,1.079775044573511,0.9235623347129153,0.0016917195035773278,0.0005349686793433724,10
3.75,0.0173726,1.2254292422979816,0.9066435362158636,0.00216498331579534,0.0006846278374176867,10
3.75,0.0173726,1.3907311855610969,0.8865452362765296,0.002735146828585692,0.0008649293713316926,10
3.75,0.0173726,1.5783312195693944,0.8628472494182212,0.003403015262473611,0.0010761279141732333,10
3.75,0.0173726,1.7912372027972874,0.8355032094094103,0.004181590715581191,0.0013223350903849907,10
3.75,0.0173726,2.0328627330582822,0.8053618044927087,0.005081694245365397,0.0016069728187925205,10
3.75,0.0173726,2.307081878940219,0.7740942688115039,0.006134838054286029,0.0019400061327819555,10
3.75,0.0173726,2.618291294133204,0.7435438618561969,0.007176038713600147,0.002269262691252118,10
3.75,0.0173726,2.9714807105514813,0.7154773449154723,0.007772922546270301,0.0024580139322289687,10
3.75,0.0173726,3.372312940490693,0.6929875395992626,0.007566688446197446,0.002392796983486437,10
3.75,0.0173726,3.8272146705237597,0.6806751539220455,0.006697983221673722,0.002118088271008144,10
3.75,0.0173726,4.343479502866355,0.6828797078809806,0.005584213677261917,0.0017658834161212076,10
3.75,0.0173726,4.929384896311119,0.7014016065310239,0.004614922301067355,0.0014593665696078146,10
3.75,0.0173726,5.594324881686415,0.7372750291967567,0.005082811868525204,0.0016073262422675947,10
3.75,0.0173726,6.348960679714063,0.7821912725920325,0.005759903790682345,0.0018214415081993945,10
3.75,0.0173726,7.205391636176128,0.8178299169476914,0.004884377563463054,0.0015445758052766874,10
3.75,0.0173726,8.177349215055322,0.8237818311117249,0.003117207048620149,0.0009857474211970904,10
3.75,0.0173726,9.280417160010616,0.7994429668058652,0.0028339612929739527,0.0008961772486553426,10
3.75,0.0173726,10.532281354115659,0.7668088311468605,0.0033237798228804927,0.0010510714681213394,10
3.75,0.0173726,11.953013383950672,0.7558814592251089,0.003195561301006252,0.0010105252113870673,10
3.75,0.0173726,13.56539235453231,0.7742013608613088,0.0037457229309797307,0.0011845015945817626,10
3.75,0.0173726,15.395270114855519,0.7815427404925057,0.005090485072528676,0.0016097527224278043,10
3.75,0.0173726,17.471985749839003,0.7617299051370758,0.0025614077817367807,0.0008099882606767665,10
3.75,0.0173726,19.82883598437221,0.7610828221013305,0.0028277696514657094,0.0008942192796932137,10
3.75,0.0173726,22.50360904162008,0.7686529681383237,0.004398354634323319,0.001390881860161869,10
3.75,0.0173726,25.53919051512684,0.7545114823020402,0.004426224709928971,0.001399695151909365,10
3.75,0.0173726,28.984250968883195,0.7556322841281867,0.003754194393164661,0.0011871805061433992,10
3.75,0.0173726,32.8940262898945,0.7481751672905984,0.0051079549889714365,0.0016152771950769993,10
3.75,0.0173726,37.33120330492232,0.744890710913524,0.005830479194174611,0.0018437594103814904,10
3.75,0.0173726,42.36692486080921,0.7395434338335884,0.005241007049396204,0.0016573519509090607,10
3.75,0.0173726,48.08193048319922,0.7368783141198696,0.008558126944096063,0.002706317364820006,10
3.75,0.0173726,54.56785090224384,0.7304076486459447,0.007350099501486795,0.002324305545356643,10
3.75,0.0173726,61.9286772008866,0.7252111625740255,0.007402111233111866,0.0023407530990551067,10
3.75,0.0173726,70.28242814110733,0.7196589459119709,0.005557166147795446,0.0017573302363017506,10
3.75,0.0173726,79.76304240096376,0.7132208979160178,0.007473328660967082,0.002363274027167227,10
3.75,0.0173726,90.52252606134415,0.7033621271197293,0.005451286285072509,0.0017238480838467068,10
3.75,0.0173726,102.73338977385504,0.6974187632694351,0.006203226800816192,0.0019616325533178807,10
3.75,0.0173726,116.59141468582777,0.6885409795672242,0.005594020690234285,0.0017689846659247577,10
3.75,0.0173726,132.3187914695104,0.6812107139971938,0.0068903772582669465,0.002178928607394981,10
3.75,0.0173726,150.1676827846226,0.6706344633667949,0.008518514449497102,0.0026937907941466223,10
3.75,0.0173726,170.42426629251077,0.6593676698223573,0.009270384366541725,0.002931552938348909,10
3.75,0.0173726,193.4133230449955,0.6474324199967711,0.007219384040519699,0.0022829696871511573,10
3.75,0.0173726,219.5034448151924,0.6376418213869213,0.007831962565291409,0.0024766840255496052,10
3.75,0.0173726,249.11294386130345,0.6243068591296129,0.006989033186249882,0.002210126351105343,10
3.75,0.0173726,282.71655987674006,0.6132083924689502,0.008537272693128607,0.0026997226716246126,10
3.75,0.0173726,320.85307166150136,0.599433815078667,0.007999717227629346,0.00252973270765964,10
3.75,0.0173726,364.1339355554681,0.5833923413086525,0.011789447366100594,0.003728150603155085,10
3.75,0.0173726,413.2530891366981,0.5644829253849414,0.012959484269903647,0.004098148759401982,10
3.75,0.0173726,468.99807737092755,0.5488279178203912,0.012490146264697653,0.003949731050508892,10
3.75,0.0173726,532.2626796018146,0.5309562774390149,0.013486036583640061,0.0042646592212658456,10
3.75,0.0173726,604.0612398349792,0.513480385259215,0.01789963070500803,0.005660360230371087,10
3.75,0.0173726,685.5449300784085,0.49317265333308963,0.02242054075696914,0.007089997516465815,10
3.75,0.0173726,778.0202074951861,0.4769098456704948,0.02280400025757811,0.007211258057701322,10
3.75,0.0173726,882.9697612986797,0.4553214183210129,0.022472710220969798,0.007106494949521039,10
3.75,0.0173726,1002.0762852392492,0.43488463182669107,0.02169261437338674,0.006859806982360837,10
3.75,0.0173726,1137.249456835274,0.4140016803154931,0.02307645130452829,0.007297414643627326,10
3.75,0.0173726,1290.6565559161368,0.386155354015834,0.025229548017085063,0.007978283607057353,10
3.75,0.0173726,1464.7572133952558,0.3602842366108554,0.025668851025272964,0.008117203415941089,10
3.75,0.0173726,1662.3428474126497,0.33696996924494405,0.02856776351539616,0.009033920036571056,10
3.75,0.0173726,1886.581419140835,0.31354782536653314,0.02954558773885032,0.009343135206311115,10
3.75,0.0173726,2141.068225839898,0.28635915990036265,0.0317135310863565,0.010028699087944059,10
3.75,0.0173726,2429.8835455449785,0.2621487709368676,0.03146487905988154,0.009950068413096322,10
3.75,0.0173726,2757.658057624055,0.24155333752692934,0.033690151637519004,0.010653761389101148,10
3.75,0.0173726,3129.6470881172563,0.21951503835119376,0.033382863887028276,0.010556588470239126,10
3.75,0.0173726,3551.8148702597805,0.19648826381112178,0.03461399370627081,0.010945905902654905,10
3.75,0.0173726,4030.9301711675366,0.17114494519646262,0.028662568024819077,0.009063899854794187,10
3.75,0.0173726,4574.6748179024235,0.14922712507064362,0.02767166107788155,0.008750547564633566,10
3.75,0.0173726,5191.766862954362,0.1302704966088514,0.026543858087992343,0.008393904944633794,10
3.75,0.0173726,5892.100363896489,0.10776284560853348,0.027212889161286252,0.008605471146337373,10
3.75,0.0173726,6686.904018350626,0.08501172946933996,0.026246076161626955,0.008299738031299075,10
3.75,0.0173726,7588.921197714221,0.06705573462357457,0.02350033223199856,0.007431457562378395,10
3.75,0.0173726,8612.61426619395,0.05070550607191323,0.019235922893936074,0.006082932924021552,10
3.75,0.0173726,9774.39646106612,0.03637800066189993,0.015111941943956845,0.004778815641113624,10
3.75,0.0173726,11092.895051983096,0.027217368992182023,0.011691367521183337,0.0036971350329056225,10
3.75,0.0173726,12589.249998653047,0.017835398090811957,0.010966684911480052,0.0034679702701679005,10
3.75,0.01513379,0.00999999999839929,0.9999924184157057,0.0001,3.1622776601683795e-05,10
3.75,0.01513379,0.011341252430847252,0.9999893681040886,0.0001,3.1622776601683795e-05,10
3.75,0.01513379,0.012862400672078781,0.9999859086686836,0.0001,3.1622776601683795e-05,10
3.75,0.01513379,0.014587573291209535,0.9999819852356632,0.0001,3.1622776601683795e-05,10
3.75,0.01513379,0.016544135107557503,0.9999775355712346,0.0001,3.1622776601683795e-05,10
3.75,0.01513379,0.01876312125348864,0.9999724890944822,0.0001,3.1622776601683795e-05,10
3.75,0.01513379,0.021279729456047256,0.9999648268842746,0.0001,3.1622776601683795e-05,10
3.75,0.01513379,0.02413387834597993,0.9999540116820977,0.0001,3.1622776601683795e-05,10
3.75,0.01513379,0.02737084065009298,0.9999417458882979,0.0001,3.1622776601683795e-05,10
3.75,0.01513379,0.031041961310688912,0.9999262578216443,0.0001,3.1622776601683795e-05,10
3.75,0.01513379,0.03520547192294711,0.9999041791460523,0.0001,3.1622776601683795e-05,10
3.75,0.01513379,0.0399274144089161,0.9998791391627254,0.0001,3.1622776601683795e-05,10
3.75,0.01513379,0.045282688579504994,0.9998427499435779,0.0001,3.1622776601683795e-05,10
3.75,0.01513379,0.05135624020098169,0.9997993107920328,0.0001,3.1622776601683795e-05,10
3.75,0.01513379,0.05824440841117919,0.9997419795401813,0.0001,3.1622776601683795e-05,10
3.75,0.01513379,0.06605645385822836,0.9996678411205815,0.0001,3.1622776601683795e-05,10
3.75,0.01513379,0.07491629180127019,0.9995733653390049,0.0001,3.1622776601683795e-05,10
3.75,0.01513379,0.08496445766372214,0.9994520789193709,0.0001,3.1622776601683795e-05,10
3.75,0.01513379,0.09636033621685526,0.9992964205489565,0.0001,3.1622776601683795e-05,10
3.75,0.01513379,0.10928468975316025,0.9990975539012744,0.0001,3.1622776601683795e-05,10
3.75,0.01513379,0.12394252535158132,0.9988349692981242,0.0001,3.1622776601683795e-05,10
3.75,0.01513379,0.14056634671539753,0.9985108465129862,0.0001,3.1622776601683795e-05,10
3.75,0.01513379,0.15941984216365065,0.9980881822838599,0.0001,3.1622776601683795e-05,10
3.75,0.01513379,0.18080206727532008,0.9975468152633222,0.0001,3.1622776601683795e-05,10
3.75,0.01513379,0.20505218853166624,0.996850372222787,0.0001,3.1622776601683795e-05,10
3.75,0.01513379,0.2325548632007564,0.9959563066863852,0.0001,3.1622776601683795e-05,10
3.75,0.01513379,0.2637463408003112,0.9948286928635206,0.0001,3.1622776601683795e-05,10
3.75,0.01513379,0.2991213829207405,0.9933832195870785,0.00010512352392488625,3.3242977126584395e-05,10
3.75,0.01513379,0.339241111171127,0.9915758909431744,0.00013262977904809269,4.194121873568517e-05,10
3.75,0.01513379,0.38474190773287287,0.9892567266192185,0.00016819013581597552,5.31863909151545e-05,10
3.75,0.01513379,0.43634550970227187,0.986363721763859,0.00021301652970101215,6.736174131201047e-05,10
3.75,0.01513379,0.4948704573392323,0.9827496577946094,0.00027147409850638427,8.584764770210889e-05,10
3.75,0.01513379,0.5612450778151453,0.9782380556836067,0.00034906160943166514,0.00011038297295281746,10
3.75,0.01513379,0.6365222104090963,0.97263333303455,0.000456796156049897,0.0001444516279527378,10
3.75,0.01513379,0.7218959067245982,0.9657574217255082,0.000602472042909231,0.00019051838821678663,10
3.75,0.01513379,0.8187203708269569,0.9573513521160819,0.0007929097680142397,0.0002507400845920722,10
3.75,0.01513379,0.9285314397311702,0.9471934727047762,0.0010311137618609235,0.00032606680142249767,10
3.75,0.01513379,1.05307094496549,0.9349476230143757,0.0013202734157758609,0.00041750711280222027,10
3.75,0.01513379,1.1943143416356246,0.9202209460200994,0.0016631122460928265,0.0005259222702171801,10
3.75,0.01513379,1.3545020432438934,0.9025797920099207,0.002082674229188103,0.0006585994188369937,10
3.75,0.01513379,1.5361749592986353,0.8815349197006425,0.0026119691501730866,0.0008259771692641338,10
3.75,0.01513379,1.7422147994141117,0.8568730603527139,0.0032225102996551822,0.0010190472330262091,10
3.75,0.01513379,1.9758897832076188,0.8289868873185506,0.003831068860776454,0.0012114903473000103,10
3.75,0.01513379,2.240906481047671,0.7989626549839579,0.004330724884547616,0.0013694954554740208,10
3.75,0.01513379,2.5414686079551454,0.7687355709587946,0.004640120385972777,0.001467334903705359,10
3.75,0.01513379,2.8823437032507084,0.7395472465304225,0.004707248220313614,0.0014885625887965104,10
3.75,0.01513379,3.268938753626201,0.7135668485291079,0.0042220792287316795,0.001335138682447913,10
3.75,0.01513379,3.7073859591788403,0.6948581072966519,0.003136548935916915,0.0009918638630074961,10
3.75,0.01513379,4.204640002835642,0.6884650428032081,0.002599033352458014,0.0008218865108510507,10
3.75,0.01513379,4.768588366063048,0.6975019859663677,0.004142576984911429,0.001309997865491309,10
3.75,0.01513379,5.408176440697948,0.723759410821406,0.006309986757849888,0.0019953930160307,10
3.75,0.01513379,6.13354942143345,0.7641164245104607,0.007524840820795391,0.0023795636023924358,10
3.75,0.01513379,6.956213229668879,0.8090757742786344,0.006786249234928678,0.0021460004351949715,10
3.75,0.01513379,7.8892170213102375,0.8388148175563387,0.004510228161597472,0.0014262593757681985,10
3.75,0.01513379,8.947360173473841,0.8339801304781403,0.003889363639002385,0.0012299247747888434,10
3.75,0.01513379,10.147427033331924,0.7986390821014832,0.0051617034162638195,0.001632273940166588,10
3.75,0.01513379,11.508453152704268,0.7676513619320364,0.004469871814533447,0.0014134975782915417,10
3.75,0.01513379,13.052027231429157,0.7706494966373313,0.004280614880103752,0.0013536492807136441,10
3.75,0.01513379,14.802633558962526,0.7940003802905463,0.004365658172016335,0.001380542330929878,10
3.75,0.01513379,16.78804038603977,0.791432529104542,0.0035689502925382232,0.0011286011780345024,10
3.75,0.01513379,19.03974038678126,0.7733308882355858,0.004061691033536677,0.001284419481785925,10
3.75,0.01513379,21.593450197884852,0.7834137770745597,0.005568501438007791,0.0017609147698027532,10
3.75,0.01513379,24.489676958634192,0.7786841176695971,0.003659681900025795,0.0011572930315774139,10
3.75,0.01513379,27.77436083822328,0.7727753660911653,0.004430033877720112,0.0014008997165303406,10
3.75,0.01513379,31.49960374221504,0.7757661515787604,0.0041583713004583476,0.0013149924666124764,10
3.75,0.01513379,35.72449575693062,0.7715595320251029,0.0046250008160143375,0.0014625536758742664,10
3.75,0.01513379,40.516052440893645,0.76675507194002,0.0043251043011495825,0.0013677180709423494,10
3.75,0.01513379,45.950277830717354,0.765276871811592,0.0037400960078188216,0.0011827222052410399,10
3.75,0.01513379,52.11337002291485,0.7609140968032317,0.004764921286692457,0.0015068004137368325,10
3.75,0.01513379,59.10308845466325,0.755540465392593,0.0052257422111511125,0.0016525247852122072,10
3.75,0.01513379,67.03030457143262,0.7525072382632895,0.006086845531696291,0.00192482956457789,10
3.75,0.01513379,76.02076047828794,0.7499334797936152,0.005732435096918886,0.0018127551445351752,10
3.75,0.01513379,86.21706347072488,0.7477627640928838,0.006026886976090727,0.0019058690044851461,10
3.75,0.01513379,97.78094808243908,0.7414964261002727,0.0039051366494958425,0.0012349126386605497,10
3.75,0.01513379,110.89584153080227,0.7342854314770288,0.005024219069956304,0.001588797572471477,10
3.75,0.01513379,125.76977325333844,0.7286336671059679,0.0053103296363632615,0.0016792736777201615,10
3.75,0.01513379,142.63867468648593,0.7242507644106089,0.007213746148771991,0.0022811868292387347,10
3.75,0.01513379,161.77012162798866,0.7185101056395137,0.007249298957381055,0.0022924296144808034,10
3.75,0.01513379,183.46757854455615,0.7105186463900205,0.009093961060616749,0.0028757629904429486,10
3.75,0.01513379,208.07521214831755,0.7043077458615322,0.009574276676407138,0.003027652124607345,10
3.75,0.01513379,235.98335059539062,0.6977145140526707,0.011670878705767338,0.0036906559005782896,10
3.75,0.01513379,267.634674900786,0.6895278369212394,0.011034501252227278,0.0034894156801018325,10
3.75,0.01513379,303.53124077834207,0.6794767402514211,0.01156741554266115,0.0036579379756441844,10
3.75,0.01513379,344.24244228664884,0.6714540010335945,0.01252295453562802,0.003960105936732077,10
3.75,0.01513379,390.4140436009193,0.660514383549415,0.0146273211976068,0.004625565105129936,10
3.75,0.01513379,442.77842217345926,0.6516209161509102,0.01622319510262795,0.0051302247449593425,10
3.75,0.01513379,502.1661857605281,0.6421857469408412,0.01412210613645883,0.004465802074985053,10
3.75,0.01513379,569.519347585752,0.6330165475253202,0.01622753261016708,0.005131596385278522,10
3.75,0.01513379,645.9062686255376,0.6184872594566022,0.018466340254973405,0.005839569525337045,10
3.75,0.01513379,732.5386040321442,0.6080842833574317,0.01786456814763819,0.005649272476183185,10
3.75,0.01513379,830.7905224998867,0.5945903982702296,0.019790588427727913,0.006258333566659083,10
3.75,0.01513379,942.2205034334926,0.5830449384932272,0.021113913606329058,0.006676805731601955,10
3.75,0.01513379,1068.5960576669736,0.569370242564609,0.02302601759166241,0.0072814661032758144,10
3.75,0.01513379,1211.9217638549296,0.5573336709771384,0.02445166512497445,0.0077322954378624955,10
3.75,0.01513379,1374.4710652516549,0.5428901694341188,0.02496844327630918,0.00789571503818539,10
3.75,0.01513379,1558.8223312409773,0.5242879276528178,0.027139968786835503,0.008582411699227702,10
3.75,0.01513379,1767.8997556275617,0.5091006865429176,0.02899480806110466,0.00916896337925013,10
3.75,0.01513379,2005.0197404214812,0.49099712196628903,0.032489541516589004,0.010274095132702249,10
3.75,0.01513379,2273.9435008591786,0.472275429578353,0.03252766998154031,0.010286152411995451,10
3.75,0.01513379,2578.9367260856666,0.4566101906100089,0.0358994110033729,0.011352390542916901,10
3.75,0.01513379,2924.837241840215,0.4349918736037828,0.03759147532852672,0.011887468264417082,10
3.75,0.01513379,3317.131748416269,0.41513195784395274,0.03790813031236932,0.011987603362555726,10
3.75,0.01513379,3762.042851118857,0.3936275235449559,0.04146179190239561,0.013111369828349583,10
3.75,0.01513379,4266.627763703292,0.3727633567651635,0.04462068387771106,0.014110299180792105,10
3.75,0.01513379,4838.8902504366015,0.3476634258895387,0.04433417000193064,0.014019695537921237,10
3.75,0.01513379,5487.907582415175,0.32376512318837924,0.04622048029321901,0.01461619922734993,10
3.75,0.01513379,6223.974521929398,0.2986707723889671,0.04893579996286392,0.015474858700503318,10
3.75,0.01513379,7058.766618766223,0.2738257879102787,0.04435201602541693,0.01402533894606059,10
3.75,0.01513379,8005.5254086680425,0.24836558439902037,0.04475509005383905,0.014152802145607924,10
3.75,0.01513379,9079.268451579921,0.2280820683026225,0.043174851623666875,0.013653086877060624,10
3.75,0.01513379,10297.027541327803,0.20982978418987544,0.044670939479205835,0.01412619139738263,10
3.75,0.01513379,11678.118865227887,0.19114624132060196,0.04289086007982138,0.01356328086558269,10
3.75,0.01513379,13244.449398918952,0.17128627142875325,0.04181903387730388,0.01322433966000227,10
3.75,0.01513379,15020.864396476712,0.15033563632593405,0.0403693289980236,0.012765902724643756,10
3.75,0.01513379,17035.54148772375,0.13203684288880246,0.03832437510148292,0.01211923152233327,10
3.75,0.01513379,19320.437633937272,0.11535093512303787,0.040971771438104355,0.012956411751624227,10
3.75,0.01513379,21911.796031599835,0.09682829626972939,0.03819080248639242,0.012076992152662175,10
3.75,0.01513379,24850.72100473897,0.08462975620057724,0.03637000173305545,0.011501204398072647,10
3.75,0.01513379,28183.83000484169,0.06664000775819988,0.03037376193119803,0.00960502688103003,10
3.75,0.01508705,0.010000000002037268,0.9999925405681488,0.0001,3.1622776601683795e-05,10
3.75,0.01508705,0.011338235021392827,0.9999895592710715,0.0001,3.1622776601683795e-05,10
3.75,0.01508705,0.01285555733741486,0.9999861790063788,0.0001,3.1622776601683795e-05,10
3.75,0.01508705,0.014575933039290554,0.9999823463828281,0.0001,3.1622776601683795e-05,10
3.75,0.01508705,0.016526535442189197,0.9999780008641721,0.0001,3.1622776601683795e-05,10
3.75,0.01508705,0.018738174289474465,0.9999730738129917,0.0001,3.1622776601683795e-05,10
3.75,0.01508705,0.02124578239225987,0.9999656375806971,0.0001,3.1622776601683795e-05,10
3.75,0.01508705,0.024088967392773625,0.9999550818194628,0.0001,3.1622776601683795e-05,10
3.75,0.01508705,0.027312637366629262,0.9999431134492942,0.0001,3.1622776601683795e-05,10
3.75,0.01508705,0.030967710145382875,0.9999281093090137,0.0001,3.1622776601683795e-05,10
3.75,0.01508705,0.03511191756311897,0.9999065816960279,0.0001,3.1622776601683795e-05,10
3.75,0.01508705,0.03981071733013083,0.9998821731824854,0.0001,3.1622776601683795e-05,10
3.75,0.01508705,0.04513832693673006,0.9998469092341787,0.0001,3.1622776601683795e-05,10
3.75,0.01508705,0.05117889591768469,0.9998048620664999,0.0001,3.1622776601683795e-05,10
3.75,0.01508705,0.05802783499318927,0.9997490188963832,0.0001,3.1622776601683795e-05,10
3.75,0.01508705,0.06579332308013439,0.9996771561422471,0.0001,3.1622776601683795e-05,10
3.75,0.01508705,0.07459801597690165,0.9995856111977448,0.0001,3.1622776601683795e-05,10
3.75,0.01508705,0.08458098371034138,0.9994680738668397,0.0001,3.1622776601683795e-05,10
3.75,0.01508705,0.09589990714530751,0.9993171956473862,0.0001,3.1622776601683795e-05,10
3.75,0.01508705,0.10873356855217264,0.9991244072917411,0.0001,3.1622776601683795e-05,10
3.75,0.01508705,0.12328467547080978,0.9988701396718076,0.0001,3.1622776601683795e-05,10
3.75,0.01508705,0.1397830624739409,0.9985575377168143,0.0001,3.1622776601683795e-05,10
3.75,0.01508705,0.1584893214016693,0.9981470896217784,0.0001,3.1622776601683795e-05,10
3.75,0.01508705,0.17969891740670949,0.9976251216664181,0.0001,3.1622776601683795e-05,10
3.75,0.01508705,0.20374685582320437,0.9969523266987755,0.0001,3.1622776601683795e-05,10
3.75,0.01508705,0.23101297357226958,0.9960880452122647,0.0001,3.1622776601683795e-05,10
3.75,0.01508705,0.2619279386819585,0.9949986372244581,0.0001,3.1622776601683795e-05,10
3.75,0.01508705,0.2969800526839987,0.9936023674307723,0.00010615287239037716,3.3568485692279446e-05,10
3.75,0.01508705,0.3367229633310806,0.9918559164954337,0.00013533666590080664,4.279721151797925e-05,10
3.75,0.01508705,0.3817844094569832,0.9896149748229648,0.00017374735249054758,5.494373712942594e-05,10
3.75,0.01508705,0.4328761361045061,0.9868223773233294,0.000222684598390859,7.041905307549809e-05,10
3.75,0.01508705,0.49080513653054175,0.9833329926945871,0.0002855918816876107,9.031208273861821e-05,10
3.75,0.01508705,0.5564863986556365,0.978984233591833,0.00036745598250253174,0.0001161997844562979,10
3.75,0.01508705,0.6309573572880679,0.9735990500196285,0.0004741337525786107,0.00014993425737111423,10
3.75,0.01508705,0.7153942803951588,0.9669643079642153,0.0006102064169845545,0.00019296421205216473,10
3.75,0.01508705,0.8111308482428019,0.9588432261514932,0.0007825478964059759,0.00024746337308163764,10
3.75,0.01508705,0.919679218860497,0.9490200570488196,0.0009969056910355317,0.00031524925960563823,10
3.75,0.01508705,1.0427539125606917,0.9371605705184365,0.0012542076415991165,0.00039661528062413554,10
3.75,0.01508705,1.1822988927681368,0.9228829378656064,0.0015413239199097537,0.000487409419901377,10
3.75,0.01508705,1.3405182709006658,0.9057723468860066,0.001824936788508248,0.0005770956837519058,10
3.75,0.01508705,1.5199111202846418,0.8853262725871277,0.0020594129474586476,0.0006512435556809997,10
3.75,0.01508705,1.7233109489904885,0.8612155388824669,0.0022262282373331135,0.0007039951821354533,10
3.75,0.01508705,1.9539304550612986,0.8336237148258274,0.0023959461742910416,0.0007576647061926455,10
3.75,0.01508705,2.215412271042865,0.8034217295902364,0.002720992978112188,0.0008604535308159199,10
3.75,0.01508705,2.5118864993244245,0.7721114430224583,0.003327857062357379,0.0010523608044526308,10
3.75,0.01508705,2.848035947060178,0.7417414351143585,0.00420584279876944,0.001330004272472865,10
3.75,0.01508705,3.2291700910564716,0.7144407367872521,0.005095900018517786,0.0016114650787010423,10
3.75,0.01508705,3.6613089408991684,0.6942334097547336,0.005619322530630452,0.0017769858103893522,10
3.75,0.01508705,4.151278124938436,0.6863003810355007,0.005691977778681704,0.0017999614171699987,10
3.75,0.01508705,4.706816701012988,0.6935966305733945,0.005665096037461501,0.001791460664197291,10
3.75,0.01508705,5.336699394782983,0.7179354153471329,0.005072620791093402,0.0016041035406180314,10
3.75,0.01508705,6.050875196424707,0.7571218534662634,0.003814043376347233,0.0012061064163936032,10
3.75,0.01508705,6.860624504820288,0.8020131627737428,0.00293935356850476,0.0009295052125018809,10
3.75,0.01508705,7.778737301333185,0.8346799772650815,0.0028620711348345622,0.0009050663611500097,10
3.75,0.01508705,8.819715167422252,0.8363341672619246,0.0023033871640560305,0.0007283949771612983,10
3.75,0.01508705,10.00000033696038,0.803479410855298,0.004430825704159772,0.0014011501140364275,10
3.75,0.01508705,11.338235401136522,0.769248494384285,0.005215413890543464,0.0016492586834597448,10
3.75,0.01508705,12.855557767977187,0.7685388810929468,0.005222843325862983,0.0016516080771936028,10
3.75,0.01508705,14.57593352747223,0.7924982510208098,0.004102650249151055,0.0012973719230374616,10
3.75,0.01508705,16.526535995701057,0.7962020552761988,0.005057345555129896,0.001599273086873912,10
3.75,0.01508705,18.73817491705922,0.7760537575852007,0.004558651202228135,0.0014415720857305755,10
3.75,0.01508705,21.245783103830213,0.7801402613044484,0.0036997467450276557,0.0011699626480081633,10
3.75,0.01508705,24.088968199568804,0.7819139823770802,0.004175298328886851,0.0013203452629977255,10
3.75,0.01508705,27.312638281392598,0.7733586478198319,0.0058144885706191635,0.0018387027312173352,10
3.75,0.01508705,30.967711182563043,0.77550177458103,0.004669585134562792,0.001476652475328227,10
3.75,0.01508705,35.11191873909822,0.7707046425635509,0.005320600800853784,0.001682521705121391,10
3.75,0.01508705,39.81071866348374,0.7689456630010731,0.005921306415070313,0.001872481499538856,10
3.75,0.01508705,45.13832844851695,0.7677323691032155,0.004455969130406571,0.0014091011635484617,10
3.75,0.01508705,51.178897631784196,0.7606123291320451,0.004208355692424416,0.001330798919219616,10
3.75,0.01508705,58.02783693667558,0.7581106251608846,0.005192226370414833,0.0016419261457699974,10
3.75,0.01508705,65.79332528370486,0.7513766496655332,0.0069401741665880475,0.0021946757724679083,10
3.75,0.01508705,74.59801847536157,0.7474153983282964,0.006984954775553377,0.0022088366444018882,10
3.75,0.01508705,84.58098654315397,0.7441211978759978,0.005300331431542981,0.0016761119677456654,10
3.75,0.01508705,95.899910357217,0.7406309059847047,0.005113369231411931,0.0016169893288686303,10
3.75,0.01508705,108.73357219391116,0.7358752496715476,0.00724115572075374,0.002289854496954001,10
3.75,0.01508705,123.28467959989848,0.7299746707483667,0.007116408579989955,0.002250405987313281,10
3.75,0.01508705,139.78306715559873,0.7246612018124747,0.007662407772014272,0.0024230660920541297,10
3.75,0.01508705,158.48932670984297,0.7194908442786541,0.007860709950600422,0.0024857747469847,10
3.75,0.01508705,179.69892342524165,0.710119175147694,0.0077779519423561505,0.0024596043669176107,10
3.75,0.01508705,203.74686264715757,0.7061800159415877,0.00899087141160841,0.0028431631810375813,10
3.75,0.01508705,231.01298130942808,0.6986358091576121,0.008564506161941085,0.002708334650628072,10
3.75,0.01508705,261.9279474545307,0.6905799415438745,0.008710707003888657,0.002754567416266933,10
3.75,0.01508705,296.9800626305472,0.6828876133005065,0.01142866409795368,0.003614060916252732,10
3.75,0.01508705,336.72297460871107,0.6763452989005823,0.010501416083936727,0.0033208393482366014,10
3.75,0.01508705,381.7844222438258,0.6681170115042833,0.011048279594201873,0.003493772774403875,10
3.75,0.01508705,432.8761506025288,0.659157480583692,0.013613611432911558,0.004305001930850906,10
3.75,0.01508705,490.80515296874063,0.650422914571433,0.01508704193745469,0.004770941567683642,10
3.75,0.01508705,556.4864172936527,0.6380001346629949,0.013879546304019523,0.004389097921047353,10
3.75,0.01508705,630.9573784202887,0.6277980305722795,0.019053740303149762,0.006025321730330037,10
3.75,0.01508705,715.3943043553674,0.6161588613820851,0.015536030454144334,0.0049129242032836225,10
3.75,0.01508705,811.1308754094479,0.6035119101799813,0.017752495498425093,0.005613831992690939,10
3.75,0.01508705,919.679249662679,0.591937349085785,0.01592548866421523,0.005036081703011258,10
3.75,0.01508705,1042.7539474849295,0.5819213247189157,0.017337534939475676,0.005482609942149266,10
3.75,0.01508705,1182.2989323660586,0.5676158255145636,0.019028750632031192,0.0060174193024587165,10
3.75,0.01508705,1340.51831579772,0.5529179329033799,0.019049537199172437,0.006023992592148951,10
3.75,0.01508705,1519.9111711899773,0.5404864857485502,0.02214341270050329,0.0070023619302690306,10
3.75,0.01508705,1723.3110067081543,0.5241764223921459,0.025266993325201242,0.007990124853190743,10
3.75,0.01508705,1953.9305205029443,0.5097733540529112,0.022893242468120942,0.0072394789225756866,10
3.75,0.01508705,2215.4123452421413,0.490529407211253,0.022329979265022656,0.0070613594581804265,10
3.75,0.01508705,2511.8865834533076,0.4720952927098006,0.02409509696820812,0.007619538686215539,10
3.75,0.01508705,2848.0360424474857,0.4523765687584095,0.024794139785874757,0.007840595434796375,10
3.75,0.01508705,3229.1701992088424,0.431015097721741,0.02967209432088782,0.009383140100135258,10
3.75,0.01508705,3661.309063524868,0.40882415448405557,0.02712691110408122,0.008578282497380959,10
3.75,0.01508705,4151.278263974337,0.38835521308204973,0.0291045546943477,0.009203668311908445,10
3.75,0.01508705,4706.81685865516,0.36989859283129095,0.032863881037686955,0.010392471683190867,10
3.75,0.01508705,5336.699573521382,0.3485962793607684,0.03393263529309486,0.010730441453799497,10
3.75,0.01508705,6050.875399082504,0.32635192457273143,0.03312852778499599,0.010476160332876025,10
3.75,0.01508705,6860.624734598462,0.3039512763705888,0.036579547334505996,0.01156746853549801,10
3.75,0.01508705,7778.737561861079,0.2776372635334599,0.03960249340404737,0.012523408017858458,10
3.75,0.01508705,8819.715462814902,0.2545948982541669,0.044140398160333626,0.013958419501336045,10
3.75,0.01508705,10000.000671883508,0.22689933303245913,0.03893369842379648,0.012311916475330444,10
3.75,0.01508705,11338.235780880237,0.2027461946614173,0.03851890715415861,0.012180747958769573,10
3.75,0.01508705,12855.558198539533,0.17932593905744723,0.0333372479166472,0.010542163433830829,10
3.75,0.01508705,14575.934015653955,0.15653912556185529,0.03178473154639016,0.010051214650359875,10
3.75,0.01508705,16526.536549212968,0.13328728710526,0.029683338510379263,0.009386695825058808,10
3.75,0.01508705,18738.175544644033,0.11349919469001941,0.030041596860222997,0.00949998706268677,10
3.75,0.01508705,21245.78381540058,0.0948770566100279,0.031323946131311835,0.009905501507936515,10
3.75,0.01508705,24088.969006364012,0.07970411120566537,0.02923320176799748,0.009244350088613318,10
3.75,0.01508705,27312.639196155964,0.07123565207152034,0.02817041374872513,0.008908267007529364,10
3.75,0.01508705,30967.712219743247,0.059409522033284944,0.02743670345131913,0.008676247439277116,10
3.75,0.01508705,35111.91991507751,0.048348852470482505,0.023102983773916452,0.007305804947148855,10
3.75,0.01508705,39810.719996836684,0.03955959967288601,0.016619835178313322,0.005255653350006077,10
3.75,0.01499281,0.00999999999476131,0.9999926124117033,0.0001,3.1622776601683795e-05,10
3.75,0.01499281,0.011330878056378953,0.9999896629964165,0.0001,3.1622776601683795e-05,10
3.75,0.01499281,0.012838879759578904,0.9999863210499195,0.0001,3.1622776601683795e-05,10
3.75,0.01499281,0.014547578101251088,0.9999825343310949,0.0001,3.1622776601683795e-05,10
3.75,0.01499281,0.016483683356727792,0.9999782436461689,0.0001,3.1622776601683795e-05,10
3.75,0.01499281,0.018677460613289138,0.9999733819233988,0.0001,3.1622776601683795e-05,10
3.75,0.01499281,0.021163202872286763,0.9999661527560899,0.0001,3.1622776601683795e-05,10
3.75,0.01499281,0.02397976711539128,0.9999557450739938,0.0001,3.1622776601683795e-05,10
3.75,0.01499281,0.02717118171472063,0.9999439522563194,0.0001,3.1622776601683795e-05,10
3.75,0.01499281,0.030787334681849847,0.9999294302740461,0.0001,3.1622776601683795e-05,10
3.75,0.01499281,0.034884753514371765,0.9999082544296808,0.0001,3.1622776601683795e-05,10
3.75,0.01499281,0.0395274888305256,0.999884260338644,0.0001,3.1622776601683795e-05,10
3.75,0.01499281,0.044788115604819795,0.999850016135659,0.0001,3.1622776601683795e-05,10
3.75,0.01499281,0.050748867655907436,0.9998093234055426,0.0001,3.1622776601683795e-05,10
3.75,0.01499281,0.05750292312096411,0.9997545249332125,0.0001,3.1622776601683795e-05,10
3.75,0.01499281,0.06515586101103102,0.9996848397017895,0.0001,3.1622776601683795e-05,10
3.75,0.01499281,0.0738273116161127,0.9995961208936901,0.0001,3.1622776601683795e-05,10
3.75,0.01499281,0.08365282655906939,0.9994822370298408,0.0001,3.1622776601683795e-05,10
3.75,0.01499281,0.09478599773087891,0.9993360033078831,0.0001,3.1622776601683795e-05,10
3.75,0.01499281,0.10740085823034413,0.9991490850231077,0.0001,3.1622776601683795e-05,10
3.75,0.01499281,0.12169460283959939,0.998903358021783,0.0001,3.1622776601683795e-05,10
3.75,0.01499281,0.13789067056173357,0.9986014942375874,0.0001,3.1622776601683795e-05,10
3.75,0.01499281,0.15624223740658313,0.9982046119630199,0.0001,3.1622776601683795e-05,10
3.75,0.01499281,0.1770361740237242,0.9977017532090369,0.0001,3.1622776601683795e-05,10
3.75,0.01499281,0.2005975300481571,0.9970608649180894,0.0001,3.1622776601683795e-05,10
3.75,0.01499281,0.22729461525772093,0.9962291554319436,0.0001,3.1622776601683795e-05,10
3.75,0.01499281,0.2575447569706005,0.9951826652502243,0.00010527058687010453,3.3289482513214625e-05,10
3.75,0.01499281,0.2918208236822387,0.9938421082224279,0.0001353805660864505,4.281109397561313e-05,10
3.75,0.01499281,0.33065861691877296,0.9921631982536887,0.00017345896780719604,5.485254188525621e-05,10
3.75,0.01499281,0.3746652468560296,0.9900067318028916,0.00022275441471691774,7.044113093631913e-05,10
3.75,0.01499281,0.42452862263127666,0.9873233500967095,0.00028447381037002644,8.995851754361104e-05,10
3.75,0.01499281,0.48102820569974736,0.9839615162352693,0.0003616945580755101,0.000114377862080666,10
3.75,0.01499281,0.5450471943317944,0.9797657220318563,0.0004572220587482028,0.0001445863102115636,10
3.75,0.01499281,0.617586329718039,0.974571564949456,0.0005757435263939035,0.00018206608915020045,10
3.75,0.01499281,0.6997795394987675,0.9681830001922208,0.000722036068017531,0.00022832785277276545,10
3.75,0.01499281,0.7929116632563379,0.9603892219054361,0.0008997410492273996,0.0002845231019908264,10
3.75,0.01499281,0.8984385370544822,0.9508902535684806,0.00111853899319973,0.0003537130870222737,10
3.75,0.01499281,1.0180097509848882,0.9394077704712022,0.0013924096474841698,0.0004403185922042118,10
3.75,0.01499281,1.1534944354657282,0.9255648017152371,0.0017398569224390244,0.0005501910677718235,10
3.75,0.01499281,1.307010479382087,0.9089550406356117,0.002176253679531029,0.0006881918393640208,10
3.75,0.01499281,1.4809576368046116,0.8891124205753377,0.002708304583398509,0.0008564411081012734,10
3.75,0.01499281,1.6780550398087013,0.865759606031833,0.0033095369600919544,0.0010465674794400356,10
3.75,0.01499281,1.90138370379253,0.8390190167961629,0.003906318310415324,0.0012352863126533068,10
3.75,0.01499281,2.1544346897345754,0.8096193711930535,0.004418870578081508,0.0013973695712242485,10
3.75,0.01499281,2.4411636762603592,0.7789011911314405,0.004820072746706114,0.0015242408367295184,10
3.75,0.01499281,2.76605279458584,0.7483819701307926,0.005010545223361712,0.0015844735225100123,10
3.75,0.01499281,3.134180692937737,0.7197523328357993,0.004938758835537855,0.0015617726734580557,10
3.75,0.01499281,3.551301925693899,0.6967008961171345,0.005063751403519853,0.0016012987939997107,10
3.75,0.01499281,4.023936908250147,0.6851407164665361,0.005728532410736603,0.001811521006802287,10
3.75,0.01499281,4.559473843783067,0.6875684194987002,0.006916518889088342,0.002187195316909668,10
3.75,0.01499281,5.166284215221996,0.7063638183014425,0.007729059544669258,0.002444143233221878,10
3.75,0.01499281,5.85385364779424,0.7414227089624578,0.0074469293457085734,0.0023549258306786547,10
3.75,0.01499281,6.632930187779356,0.7862263492861923,0.005749476737527112,0.0018181441844739763,10
3.75,0.01499281,7.515692315357501,0.8255781175972752,0.004499678525742776,0.0014229232879895766,10
3.75,0.01499281,8.515939317919267,0.8387050598194055,0.004661537484779243,0.0014741075850154897,10
3.75,0.01499281,9.649306999741599,0.8175823058600639,0.00465021564495879,0.0014705273049018671,10
3.75,0.01499281,10.933512099991317,0.781472817131536,0.004684746262301993,0.0014814468448834906,10
3.75,0.01499281,12.388629239784569,0.764303153197306,0.004535148962814737,0.0014341400250644837,10
3.75,0.01499281,14.037404727522723,0.7825021784496666,0.004803294502908804,0.001518935090175809,10
3.75,0.01499281,15.905612127892212,0.8040021700296626,0.003638596305018904,0.001150625180973249,10
3.75,0.01499281,18.0224551527623,0.7832352792390502,0.0060470719572264945,0.0019122520559768019,10
3.75,0.01499281,20.421024171948755,0.7726058670067186,0.005811103632586362,0.001837632319825117,10
3.75,0.01499281,23.13881347999356,0.7873963532490036,0.004622035684227529,0.0014616160188733783,10
3.75,0.01499281,26.21830740484541,0.7785190169018081,0.004308189780226254,0.0013623692297775201,10
3.75,0.01499281,29.707644420459008,0.7774150490336786,0.004745835239461628,0.0015007648756589357,10
3.75,0.01499281,33.66136964468294,0.7756634052071983,0.003988163010010649,0.0012611678791666554,10
3.75,0.01499281,38.141287485440884,0.7736326957668467,0.004383611882541339,0.001386219792700913,10
3.75,0.01499281,43.21742776372264,0.7712225525024718,0.004735656112059331,0.0014975459529405065,10
3.75,0.01499281,48.969140415764144,0.7682353777721902,0.007081684584479808,0.002239425295785929,10
3.75,0.01499281,55.48633588673979,0.7674903818343928,0.005373378917775393,0.0016992116111300866,10
3.75,0.01499281,62.87089060572936,0.7653204446259921,0.005315924274443196,0.0016810428576218518,10
3.75,0.01499281,71.23823951226554,0.7632134747750347,0.005972388539273654,0.0018886350855590733,10
3.75,0.01499281,80.71918052874612,0.7601416694572818,0.008709980249588805,0.0027543375963782484,10
3.75,0.01499281,91.46191918612011,0.7557173371356467,0.006721972983113014,0.002125674499675368,10
3.75,0.01499281,103.6343853643223,0.7523075457847404,0.00798060541938587,0.0025236890232342634,10
3.75,0.01499281,117.42685836260836,0.7463819150898278,0.00789265353337576,0.0024958761948043187,10
3.75,0.01499281,133.05494133474332,0.7419059993651896,0.008897458076154975,0.0028136232906509602,10
3.75,0.01499281,150.76293158524305,0.7368060816693853,0.01025286944394368,0.003242241999520609,10
3.75,0.01499281,170.82763941095064,0.7330053891830572,0.011576915353737087,0.00366094207967831,10
3.75,0.01499281,193.5627151838574,0.7284380809147216,0.011297046503353843,0.003572439778343916,10
3.75,0.01499281,219.32355231588687,0.7259748029246703,0.010626997418809648,0.0033605516532168775,10
3.75,0.01499281,248.5128427485048,0.719878213268576,0.01419866899655561,0.004490013377193318,10
3.75,0.01499281,281.58687181025294,0.7143371375078934,0.015912650168489945,0.005032021814189035,10
3.75,0.01499281,319.06265084306614,0.7089451039958409,0.01491969793169823,0.004718022746586968,10
3.75,0.01499281,361.5259990941724,0.7027346992766007,0.018447198427986453,0.00583351634815148,10
3.75,0.01499281,409.6407012092619,0.6964857411990689,0.019707727316930688,0.006232130582702003,10
3.75,0.01499281,464.1588834763302,0.6897678274594593,0.020441635170119977,0.006464212623578265,10
3.75,0.01499281,525.9327710210498,0.6833238372700701,0.021349239226320427,0.006751222226698354,10
3.75,0.01499281,595.9280097414877,0.6793935952098443,0.020759284658212012,0.006564662211574001,10
3.75,0.01499281,675.2387612298779,0.6735824754555286,0.021920547611636684,0.006931885801093601,10
3.75,0.01499281,765.1048066444284,0.6638561610762592,0.024222403791026987,0.00765979663839425,10
3.75,0.01499281,866.9309268979006,0.6532490972226128,0.029633348474597556,0.009370887587720457,10
3.75,0.01499281,982.3088621129689,0.6433803594453498,0.032218648725731165,0.010188431310619209,10
3.75,0.01499281,1113.042193613331,0.6352582744296741,0.03445872868422048,0.010896806791591374,10
3.75,0.01499281,1261.17453740441,0.6242142019138753,0.03652615691919893,0.011550585003738744,10
3.75,0.01499281,1429.021489862572,0.6152691997215616,0.040814556995076516,0.012906696179519951,10
3.75,0.01499281,1619.2068250060279,0.6059775649874568,0.0427954900486146,0.013533122213669212,10
3.75,0.01499281,1834.7035091811297,0.5922250076842189,0.044491200706144256,0.01406935300671076,10
3.75,0.01499281,2078.880174303255,0.58189016304579,0.04819173837066583,0.015239565765423584,10
3.75,0.01499281,2355.553776119404,0.5726932651470916,0.04965081168634032,0.01570096526049411,10
3.75,0.01499281,2669.0492606434286,0.5585000480030707,0.05286949030495484,0.01671880080958474,10
3.75,0.01499281,3024.2671714662256,0.541664121152279,0.05348878245170917,0.016914638181664634,10
3.75,0.01499281,3426.7602547745664,0.5248204811666974,0.054105157573745795,0.01710955310953463,10
3.75,0.01499281,3882.8202595637613,0.5072642612273819,0.057028598131913306,0.018034026186326962,10
3.75,0.01499281,4399.576289900271,0.4849592865038506,0.05892593694705864,0.018634017401217402,10
3.75,0.01499281,4985.106246671158,0.4685831705381337,0.057611415745698995,0.018218329298329672,10
3.75,0.01499281,5648.563100871487,0.4460417631533244,0.055290502050298014,0.017484391945315137,10
3.75,0.01499281,6400.317972326593,0.43110157614207567,0.06027623870554403,0.019061020309751847,10
3.75,0.01499281,7252.122250447491,0.4127166892624986,0.0648698526064315,0.02051364857157338,10
3.75,0.01499281,8217.291291282094,0.3925747219900605,0.06636019783982772,0.020984937115324113,10
3.75,0.01499281,9310.912562403922,0.3714453029151889,0.06918636582568065,0.02187864990387869,10
3.75,0.01499281,10550.081489347433,0.3510692711335993,0.07371168881220097,0.023309682682410657,10
3.75,0.01499281,11954.16869032809,0.32913155260130317,0.07638768312454923,0.024155906385678313,10
3.75,0.01499281,13545.12277664497,0.30541655153917957,0.08009706972217626,0.025328917422738705,10
3.75,0.01499281,15347.813452124781,0.2801203359503996,0.08331869317107107,0.026347684208930175,10
3.75,0.01499281,17390.420274918157,0.25361638968234956,0.08224308485257892,0.026007546993264272,10
3.75,0.01499281,19704.873158750488,0.22993577456065833,0.08219042931146105,0.02599089584912816,10
3.75,0.01499281,22327.35149951828,0.2085652300244743,0.0781253388994488,0.02470540138948106,10
3.75,0.01499281,25298.849729548445,0.18130903639385199,0.07590240246135141,0.024002447165664097,10
3.75,0.01499281,28665.818140234067,0.15766586055135387,0.06915752286001865,0.021869528957282097,10
3.75,0.01499281,32480.888990348554,0.13651295059680169,0.06096210120708749,0.019277909076409656,10
3.75,0.01499281,36803.69925052246,0.11660848880832315,0.05731304969023,0.018123977667153457,10
3.75,0.01499281,41701.82284497788,0.09776931411200691,0.05297756832332989,0.01675297807989101,10
3.75,0.01499281,47251.82696327005,0.07794165911046343,0.049578029972098175,0.01567794966159244,10
3.75,0.01499281,53540.468954241434,0.058764510190772154,0.044178755846271976,0.013970549266669905,10
3.75,0.01499281,60666.0525119664,0.04511046416813184,0.04086365522936844,0.012922222404465458,10
3.75,0.01499281,68739.96435350785,0.03383232181777038,0.03380634388811058,0.010690504604934191,10
3.75,0.01499281,77888.41540974675,0.023650429931155858,0.025336593938270292,0.008012134499574972,10
3.75,0.01499281,88254.41374747662,0.015953192635700733,0.017893182659416335,0.00565832117931845,10
3.75,0.01499281,100000.00006337416,0.009103390970313725,0.013464017771570613,0.0042576962615147795,10
3.775,0.12396405,0.010000000000218279,0.999930998332287,0.0001,3.1622776601683795e-05,10
3.775,0.12396405,0.011351307054675233,0.9999031110080698,0.0001,3.1622776601683795e-05,10
3.775,0.12396405,0.012885217184670714,0.9998714552500576,0.0001,3.1622776601683795e-05,10
3.775,0.12396405,0.014626405672618265,0.9998355218271342,0.0001,3.1622776601683795e-05,10
3.775,0.12396405,0.016602882189250948,0.9997947326954225,0.0001,3.1622776601683795e-05,10
3.775,0.12396405,0.018846441371867226,0.9997484316995677,0.0001,3.1622776601683795e-05,10
3.775,0.12396405,0.021393174289532996,0.9996767595136948,0.0001,3.1622776601683795e-05,10
3.775,0.12396405,0.024284049022937213,0.9995774365570849,0.0001,3.1622776601683795e-05,10
3.775,0.12396405,0.027565569698412937,0.9994646920192818,0.0001,3.1622776601683795e-05,10
3.775,0.12396405,0.03129052457769065,0.9993190480226056,0.0001,3.1622776601683795e-05,10
3.775,0.12396405,0.035518835237547564,0.9991158987276745,0.0001,3.1622776601683795e-05,10
3.775,0.12396405,0.040318520499702026,0.998880964016231,0.0001,3.1622776601683795e-05,10
3.775,0.12396405,0.045766790617234585,0.9985450739586931,0.0001,3.1622776601683795e-05,10
3.775,0.12396405,0.051951289319191934,0.9981374012526404,0.0001,3.1622776601683795e-05,10
3.775,0.12396405,0.05897150369355452,0.9976096425843066,0.0001,3.1622776601683795e-05,10
3.775,0.12396405,0.06694036458868406,0.9969170914070616,0.0001,3.1622776601683795e-05,10
3.775,0.12396405,0.0759860632781475,0.9960356100827805,0.0001,3.1622776601683795e-05,10
3.775,0.12396405,0.08625411361274073,0.9949063878897608,0.00010163734700680142,3.214055118783896e-05,10
3.775,0.12396405,0.09790969283256912,0.9934607935529257,0.00013265712760985305,4.194986711027442e-05,10
3.775,0.12396405,0.11114029869471674,0.9915987046622847,0.0001731988694366717,5.477029155860068e-05,10
3.775,0.12396405,0.12615876566045128,0.9891934723927516,0.00022689268787344022,7.17497678117737e-05,10
3.775,0.12396405,0.14320668866193417,0.9861586974956168,0.00029561673280126857,9.348221901094165e-05,10
3.775,0.12396405,0.16255830952494102,0.982288882574041,0.0003857134028596509,0.00012197328770906002,10
3.775,0.12396405,0.1845249285666265,0.9773492779684576,0.0005048018280824544,0.00015963235437573044,10
3.775,0.12396405,0.209459912335607,0.9710950172514743,0.0006601023737661592,0.00020874269899848427,10
3.775,0.12396405,0.23776437805149325,0.963168928015989,0.0008610363466106104,0.00027228360034797306,10
3.775,0.12396405,0.2698936461867474,0.953314656203635,0.0011139940500973166,0.0003522758498183238,10
3.775,0.12396405,0.3063645649904774,0.9409795073637646,0.0014356399495200419,0.0004539892140412488,10
3.775,0.12396405,0.3477638247803005,0.9259344776209095,0.001829581992572951,0.0005785646262559792,10
3.775,0.12396405,0.3947573957503299,0.9073758223326294,0.0023198216930326913,0.0007335920315451267,10
3.775,0.12396405,0.4481012411168134,0.8851051992342478,0.002890713183545055,0.0009141237722278743,10
3.775,0.12396405,0.5086534779386983,0.8586132981857494,0.003525731380322659,0.0011149341579748968,10
3.775,0.12396405,0.5773881812384607,0.8278076210991065,0.004180368987921427,0.0013219487461764625,10
3.775,0.12396405,0.6554110534835178,0.7926783450382536,0.004806825123391366,0.001520051570403663,10
3.775,0.12396405,0.7439772114957187,0.7534650470579233,0.005346611849516268,0.0016907471209316835,10
3.775,0.12396405,0.8445113769184625,0.7108369403184223,0.005820676920261927,0.0018406596592001974,10
3.775,0.12396405,0.9586307950358789,0.6655481955480789,0.006241887339193828,0.001973858089002049,10
3.775,0.12396405,1.088171250628218,0.6188596897416988,0.006548509178113239,0.002070820428135509,10
3.775,0.12396405,1.2352165993681232,0.5724460120898736,0.006853975273163668,0.002167417288967193,10
3.775,0.12396405,1.402132289815328,0.5275535214965503,0.007014816379736248,0.0022182797127823163,10
3.775,0.12396405,1.5916034152621248,0.48654665424732624,0.007271325119981137,0.002299394898673751,10
3.775,0.12396405,1.80667790755158,0.4521654447473754,0.007782103724316029,0.002460917275651772,10
3.775,0.12396405,2.0508155677068496,0.4279951499181892,0.008162864588328326,0.0025813244330650216,10
3.775,0.12396405,2.3279437221040404,0.41928329373599055,0.008494631285906204,0.002686238274678858,10
3.775,0.12396405,2.642520399502972,0.4284345784575496,0.00843320690419219,0.00266681417967047,10
3.775,0.12396405,2.9996060452346534,0.45195366152428507,0.008574621611298306,0.0027115334365805624,10
3.775,0.12396405,3.404944926177538,0.48354260580887765,0.008565491734545023,0.002708646316050863,10
3.775,0.12396405,3.865057536045609,0.5134424824749655,0.009319785138151649,0.002947174833994623,10
3.775,0.12396405,4.3873454874682505,0.5277925489093833,0.010860070041937814,0.0034342556881483822,10
3.775,0.12396405,4.980210578210885,0.5174399307663224,0.013085388535759678,0.004137963184125625,10
3.775,0.12396405,5.653189946897943,0.4876851424864185,0.010633916821859712,0.00336273976058557,10
3.775,0.12396405,6.417109492424104,0.45900126009105024,0.00680094653083641,0.0021506481282463617,10
3.775,0.12396405,7.284258025038717,0.4426732521564481,0.006602248417881821,0.002087814267874971,10
3.775,0.12396405,8.268584950589176,0.43500121315775786,0.007154511096645871,0.002262455061035001,10
3.775,0.12396405,9.385924667975567,0.4223463567261591,0.005803706005598497,0.0018352929847689184,10
3.775,0.12396405,10.65425128959158,0.40421847746964784,0.006980633614920098,0.002207470173428226,10
3.775,0.12396405,12.093967782318368,0.3881947632351591,0.009763873564437371,0.0030876079249528903,10
3.775,0.12396405,13.728234180344895,0.36599133573148956,0.007896346177131941,0.002497043911290032,10
3.775,0.12396405,15.583340149618108,0.34206356856173925,0.009394547614711578,0.0029708168049390558,10
3.775,0.12396405,17.689127897190275,0.32268040038702706,0.011910695715974702,0.003766492697969002,10
3.775,0.12396405,20.07947222860456,0.2997412416120725,0.00847980441598706,0.0026815496067273048,10
3.775,0.12396405,22.792825475773903,0.27501979412348365,0.007776501464242968,0.0024591456854642225,10
3.775,0.12396405,25.872836061348632,0.2503987398869956,0.00900363271703308,0.0028471986601434833,10
3.775,0.12396405,29.369050650123167,0.22465524489797462,0.008646491409221543,0.0027342606622219093,10
3.775,0.12396405,33.33771118265806,0.20120279355361953,0.008777531104099802,0.002775699052192789,10
3.775,0.12396405,37.842659612617176,0.17647728412382097,0.010145045584468304,0.0032081451013153974,10
3.775,0.12396405,42.95636490189982,0.15181625890884137,0.010740126691929615,0.0033963262705267137,10
3.775,0.12396405,48.76108879434957,0.13225219243704997,0.009047775418263465,0.0028611578079395165,10
3.775,0.12396405,55.350209121286355,0.10876608115544309,0.00880986916675673,0.0027859252455041017,10
3.775,0.12396405,62.82972192624931,0.09011609528673979,0.009292702630202427,0.002938610593007707,10
3.775,0.12396405,71.31994657291497,0.07109418684343696,0.008027857560010182,0.0025386314621034032,10
3.775,0.12396405,80.95746126545187,0.056167900556094406,0.0075229002422758495,0.0023789499375824205,10
3.775,0.12396405,91.89730011710618,0.03927312031959658,0.008204741262555819,0.0025945670002041968,10
3.775,0.12396405,104.31544711021446,0.028666992755712245,0.004530965803189756,0.0014328171938413842,10
3.775,0.12396405,118.41166706679324,0.019560297810803356,0.004904741523992781,0.0015510154550222581,10
3.775,0.12396405,134.41271917018034,0.012452708198769551,0.00388591845488501,0.0012288353119118893,10
3.775,0.12396405,152.57600473212457,0.008741029951653328,0.004061306439190145,0.0012842978623748983,10
3.775,0.12396405,173.19370788521238,0.004928237469224976,0.0037778812774580104,0.0011946709566473845,10
3.775,0.12396405,196.59749580998604,0.0045346571336441375,0.005896811624023573,0.0018647355664870966,10
3.775,0.12396405,223.1638541070668,0.002571146324502444,0.0038746846177753823,0.0012252828606989145,10
3.775,0.12396405,253.32014314187637,0.002065527240349912,0.004911235383925366,0.0015530689938415658,10
3.775,0.12396405,287.5514727874956,0.0003007524012777475,0.002579016472048787,0.0008155566174766147,10
3.775,0.12396405,326.40850615637055,0.00015446581312602005,0.0034074422168983453,0.0010775278400812255,10
3.775,0.12396405,370.5163178557939,-0.00011594699529880039,0.0027742466424661373,0.0008772938181267799,10
3.775,0.12396405,420.58444926569615,-0.0009264032301544648,0.0024048552614408434,0.0007604820069192766,10
3.775,0.12396405,477.4183225932176,-0.0004545186264161945,0.0015761032329863237,0.000498407604379181,10
3.775,0.12396405,541.9321973165318,-0.0006396230820583979,0.003060443614886315,0.0009677972473559952,10
3.775,0.12396405,615.1638774420524,-0.0005807989972049327,0.0027933116946777417,0.0008833227169966498,10
3.775,0.12396405,698.2914061636919,-0.0008736147170111998,0.0032217371431889955,0.0010188027394841255,10
3.775,0.12396405,792.652016483199,0.000611782890388862,0.0023123395801761958,0.0007312259797114313,10
3.775,0.12396405,899.7636426411872,0.0002626010410283979,0.003145012569013542,0.0009945402987940287,10
3.775,0.12396405,1021.3493384030259,-0.00022409116437367544,0.002988369464459765,0.0009450053997790459,10
3.775,0.12396405,1159.3649950049091,0.0001602589241880029,0.0026957143884908186,0.0008524597388918979,10
3.775,0.12396405,1316.0308046455484,0.0009976694266756584,0.0017900652156150262,0.000566068324158389,10
3.775,0.12396405,1493.8669756616864,0.0004048102216290139,0.0015564296392001457,0.0004921862677666551,10
3.775,0.12396405,1695.7342739204687,-0.0004699043201148438,0.0016202320211719933,0.0005123623524841655,10
3.775,0.12396405,1924.8800425987847,0.00046005513487528023,0.0023031554324183,0.0007283216971831832,10
3.775,0.12396405,2184.990440647822,0.0015818839885791414,0.0018274980642416924,0.0005779056302552461,10
3.775,0.12396405,2480.2497402782196,-0.00046393837909163883,0.0021182793569058406,0.0006698587488339181,10
3.775,0.12396405,2815.4076373562034,0.0004967454299917368,0.0022695412668727135,0.0007176919647061824,10
3.775,0.12396405,3195.8556575010366,-0.00023742963660642455,0.0020068226608600586,0.0006346130468357427,10
3.775,0.12396405,3627.7138869923433,-0.0004579054457677263,0.002098689515598364,0.0006636638970806303,10
3.775,0.12396405,4117.929423686066,0.00025239018258621884,0.0016366141307554544,0.0005175428304003864,10
3.775,0.12396405,4674.388131672206,8.82754291093218e-05,0.0009173043134445598,0.0002900770937981824,10
3.775,0.12396405,5306.041497418272,0.0007701291213351913,0.0010916282353616046,0.00034520315818930316,10
3.775,0.12396405,6023.050628072877,0.00010031635502739539,0.0009631283181977335,0.0003045679164512235,10
3.775,0.12396405,6836.949708361742,-0.0001830528359151102,0.0006823003813040991,0.00021576232533223195,10
3.775,0.12396405,7760.831545529242,-0.0007863936077479528,0.0008466187074181298,0.0002677243425148981,10
3.775,0.12396405,8809.558187098928,-0.00015634295709386048,0.0012358083926380563,0.00039079692722879185,10
3.775,0.12396405,9999.99999956053,0.0006058190337467484,0.0024039849474325,0.0007602067894646851,10
3.775,0.07946596,0.010000000000218279,0.9999563549367902,0.0001,3.1622776601683795e-05,10
3.775,0.07946596,0.011351307054675233,0.999938721065309,0.0001,3.1622776601683795e-05,10
3.775,0.07946596,0.012885217184670714,0.9999187043163349,0.0001,3.1622776601683795e-05,10
3.775,0.07946596,0.014626405672618265,0.9998959826899512,0.0001,3.1622776601683795e-05,10
3.775,0.07946596,0.016602882189250948,0.9998701906741653,0.0001,3.1622776601683795e-05,10
3.775,0.07946596,0.018846441371867226,0.9998409133650915,0.0001,3.1622776601683795e-05,10
3.775,0.07946596,0.021393174289532996,0.9997956365566463,0.0001,3.1622776601683795e-05,10
3.775,0.07946596,0.024284049022937213,0.9997329220642541,0.0001,3.1622776601683795e-05,10
3.775,0.07946596,0.027565569698412937,0.9996617329182635,0.0001,3.1622776601683795e-05,10
3.775,0.07946596,0.03129052457769065,0.9995697342664588,0.0001,3.1622776601683795e-05,10
3.775,0.07946596,0.035518835237547564,0.9994413433714943,0.0001,3.1622776601683795e-05,10
3.775,0.07946596,0.040318520499702026,0.9992928617898655,0.0001,3.1622776601683795e-05,10
3.775,0.07946596,0.045766790617234585,0.99908054042646,0.0001,3.1622776601683795e-05,10
3.775,0.07946596,0.051951289319191934,0.9988227615402515,0.0001,3.1622776601683795e-05,10
3.775,0.07946596,0.05897150369355452,0.9984888598986614,0.0001,3.1622776601683795e-05,10
3.775,0.07946596,0.06694036458868406,0.9980506410308602,0.0001,3.1622776601683795e-05,10
3.775,0.07946596,0.0759860632781475,0.9974926435508309,0.0001,3.1622776601683795e-05,10
3.775,0.07946596,0.08625411361274073,0.9967767939293838,0.0001,3.1622776601683795e-05,10
3.775,0.07946596,0.09790969283256912,0.9958595718840906,0.00010530249458353693,3.329957261815206e-05,10
3.775,0.07946596,0.11114029869471674,0.9946763927430361,0.00013484854718525584,4.264285482700961e-05,10
3.775,0.07946596,0.12615876566045128,0.9931442983635096,0.0001732875471003275,5.479833389807414e-05,10
3.775,0.07946596,0.14320668866193417,0.9912073030180306,0.00022111053603795022,6.992129085406654e-05,10
3.775,0.07946596,0.16255830952494102,0.9887281611975665,0.0002822716592479304,8.926213621383913e-05,10
3.775,0.07946596,0.1845249285666265,0.9855502882044604,0.0003591905686218193,0.00011358603108959563,10
3.775,0.07946596,0.209459912335607,0.9815075596323087,0.0004554102723933936,0.0001440133730600825,10
3.775,0.07946596,0.23776437805149325,0.9763542554534785,0.0005715764182839975,0.00018074833386185423,10
3.775,0.07946596,0.2698936461867474,0.9699056369698977,0.0007125627059952168,0.0002253321126637803,10
3.775,0.07946596,0.3063645649904774,0.9617521573869808,0.0008824056096934225,0.0002790411546740768,10
3.775,0.07946596,0.3477638247803005,0.9517148077518417,0.0010829981314819462,0.00034247407971894553,10
3.775,0.07946596,0.3947573957503299,0.9391404145519884,0.0013202636161844924,0.00041750401389933396,10
3.775,0.07946596,0.4481012411168134,0.9238036415129057,0.001597095946264112,0.0005050460832016479,10
3.775,0.07946596,0.5086534779386983,0.9051295419024921,0.0019014883757796249,0.0006013034211797764,10
3.775,0.07946596,0.5773881812384607,0.8828345480022088,0.0022709643274572244,0.0007181419759757289,10
3.775,0.07946596,0.6554110534835178,0.8566736147374112,0.002721111235132808,0.0008604909269693665,10
3.775,0.07946596,0.7439772114957187,0.826532043279653,0.0032868624996702125,0.001039397185475231,10
3.775,0.07946596,0.8445113769184625,0.7925398274470942,0.004030991734371255,0.001274711510992561,10
3.775,0.07946596,0.9586307950358789,0.7550446794218948,0.004977202614728105,0.0015739296638686332,10
3.775,0.07946596,1.088171250628218,0.7146335093398238,0.006010358991807185,0.0019006423969384005,10
3.775,0.07946596,1.2352165993681232,0.6720138308037493,0.0066885740578057976,0.002115112832138104,10
3.775,0.07946596,1.402132289815328,0.6279552718601491,0.006701236285161895,0.00211911698000772,10
3.775,0.07946596,1.5916034152621248,0.5842033853381061,0.00621912487131517,0.0019666599646357506,10
3.775,0.07946596,1.80667790755158,0.5429216058437871,0.005971600859637859,0.001888385999387509,10
3.775,0.07946596,2.0508155677068496,0.5078875320442744,0.006028285689606962,0.0019063113165356828,10
3.775,0.07946596,2.3279437221040404,0.4843583591217457,0.005799621072151299,0.0018340012153905837,10
3.775,0.07946596,2.642520399502972,0.4768355407944284,0.005740891057057002,0.001815429153919179,10
3.775,0.07946596,2.9996060452346534,0.4866107273492569,0.0056569571653234275,0.0017888869268431716,10
3.775,0.07946596,3.404944926177538,0.5120920964740339,0.005371295710248986,0.0016985528430678617,10
3.775,0.07946596,3.865057536045609,0.549398139423978,0.006785851568590138,0.0021458746820571147,10
3.775,0.07946596,4.3873454874682505,0.5871638402564007,0.008636679005282194,0.002731157707644914,10
3.775,0.07946596,4.980210578210885,0.6059942409091559,0.008597190693842923,0.0027186704071346965,10
3.775,0.07946596,5.653189946897943,0.5929660896948897,0.007924450825239819,0.0025059313813758756,10
3.775,0.07946596,6.417109492424104,0.5592276563986829,0.005259138225535531,0.001663085532234858,10
3.775,0.07946596,7.284258025038717,0.5287283695830005,0.006357412514668593,0.002010390357161137,10
3.775,0.07946596,8.268584950589176,0.5193577054722021,0.00882912416860305,0.002792014211722614,10
3.775,0.07946596,9.385924667975567,0.5204561373355151,0.00731391163401094,0.00231286193686784,10
3.775,0.07946596,10.65425128959158,0.5080307187463285,0.0071479045902520955,0.0022603659002769214,10
3.775,0.07946596,12.093967782318368,0.4868934574810745,0.006488354320229043,0.002051797791811729,10
3.775,0.07946596,13.728234180344895,0.4719563714224436,0.007096266019942506,0.0022440363505476166,10
3.775,0.07946596,15.583340149618108,0.4543904262895362,0.008893789135580761,0.002812463069769528,10
3.775,0.07946596,17.689127897190275,0.43477241546655393,0.008963216103682265,0.002834417804793589,10
3.775,0.07946596,20.07947222860456,0.4165409741588249,0.011544950077599436,0.003650833771815189,10
3.775,0.07946596,22.792825475773903,0.3929901628838674,0.008267354981229304,0.0026143671965823197,10
3.775,0.07946596,25.872836061348632,0.37121553875482294,0.010147142520400656,0.003208808210680766,10
3.775,0.07946596,29.369050650123167,0.34538980131236013,0.012566902830319115,0.003974003607782491,10
3.775,0.07946596,33.33771118265806,0.3201650689709538,0.01150718553548987,0.0036388915750292326,10
3.775,0.07946596,37.842659612617176,0.2934100492596394,0.009162206078840246,0.0028973439600975433,10
3.775,0.07946596,42.95636490189982,0.2645087906913008,0.009748481897653523,0.0030827406525505583,10
3.775,0.07946596,48.76108879434957,0.2390003817610879,0.008067633303666317,0.0025512096566614414,10
3.775,0.07946596,55.350209121286355,0.20910523191873706,0.0061796366718552985,0.001954172699536528,10
3.775,0.07946596,62.82972192624931,0.17935936271054304,0.005588793736108839,0.0017673317578985953,10
3.775,0.07946596,71.31994657291497,0.15676583922442924,0.00762965274918302,0.0024127080443583724,10
3.775,0.07946596,80.95746126545187,0.13015332917564892,0.00858642793213209,0.002715266923042708,10
3.775,0.07946596,91.89730011710618,0.10865748734619626,0.007659736808796134,0.0024222214593225444,10
3.775,0.07946596,104.31544711021446,0.08413297714546647,0.005799813138279432,0.0018340619520332106,10
3.775,0.07946596,118.41166706679324,0.06974266548311514,0.006524748441040834,0.002063306623332189,10
3.775,0.07946596,134.41271917018034,0.05276994287259594,0.004780042142083867,0.0015115820480575218,10
3.775,0.07946596,152.57600473212457,0.035718462494472976,0.0056989867288991455,0.0018021778418393834,10
3.775,0.07946596,173.19370788521238,0.024559038524298384,0.005379082420576767,0.0017010152170794362,10
3.775,0.07946596,196.59749580998604,0.015397748773014164,0.005391256713816617,0.0017048650666335076,10
3.775,0.07946596,223.1638541070668,0.00781877726646356,0.005506602503055219,0.0017413406078838798,10
3.775,0.07946596,253.32014314187637,0.006753787115939487,0.005490585848047144,0.0017362756968516138,10
3.775,0.07946596,287.5514727874956,0.004953248379127488,0.006458813393263655,0.0020424561304713982,10
3.775,0.07946596,326.40850615637055,0.0022737280910675632,0.005017646400821292,0.0015867191119941443,10
3.775,0.07946596,370.5163178557939,0.00019700765666417867,0.00393295385949246,0.0012437092128346012,10
3.775,0.07946596,420.58444926569615,-0.0006865355036272932,0.0030777954069892365,0.0009732843658090907,10
3.775,0.07946596,477.4183225932176,-0.00157378812193693,0.0034461992688583896,0.0010897838960399488,10
3.775,0.07946596,541.9321973165318,-0.000581681370945784,0.002366369557636436,0.000748311758781623,10
3.775,0.07946596,615.1638774420524,-0.0017835068029321052,0.002833859489271132,0.0008961450554978274,10
3.775,0.07946596,698.2914061636919,-0.0002015878920290798,0.0028128142304067153,0.0008894899603018868,10
3.775,0.07946596,792.652016483199,0.0012451081691161202,0.0030750573027502628,0.0009724185012224788,10
3.775,0.07946596,899.7636426411872,-0.0007333280020797057,0.003052020271918505,0.000965133552426891,10
3.775,0.07946596,1021.3493384030259,0.0017046782193624991,0.002256183934075199,0.0007134680051956809,10
3.775,0.07946596,1159.3649950049091,0.0010618163476863996,0.002790557681848495,0.0008824518216720756,10
3.775,0.07946596,1316.0308046455484,8.640955660980162e-06,0.002405131022133273,0.0007605692101069989,10
3.775,0.07946596,1493.8669756616864,0.0004925819293534068,0.00388774070661911,0.0012294115585068839,10
3.775,0.07946596,1695.7342739204687,0.001104398967060446,0.0020687460666728467,0.0006541949471200747,10
3.775,0.07946596,1924.8800425987847,0.000446727051256996,0.001075577703338559,0.0003401275343042737,10
3.775,0.07946596,2184.990440647822,0.00047355209789719233,0.0018934813324815922,0.0005987713717652394,10
3.775,0.07946596,2480.2497402782196,0.001017877459044417,0.0026057907833728394,0.000824023398133259,10
3.775,0.07946596,2815.4076373562034,0.001716727392758429,0.00329713756750172,0.00104264644722126,10
3.775,0.07946596,3195.8556575010366,-0.0008078555536624642,0.0013803238370121366,0.00043649672335813785,10
3.775,0.07946596,3627.7138869923433,-0.0006661378105439859,0.0025827576767811266,0.000816739690291334,10
3.775,0.07946596,4117.929423686066,-0.0004511758459814012,0.0018037456306723573,0.0005703944512501519,10
3.775,0.07946596,4674.388131672206,0.00040213588059728094,0.0021181731795916945,0.000669825172619064,10
3.775,0.07946596,5306.041497418272,0.00029936201960188626,0.0019764924760743473,0.0006250218002580793,10
3.775,0.07946596,6023.050628072877,-2.0598361852482296e-05,0.0008683030990472655,0.0002745815492372139,10
3.775,0.07946596,6836.949708361742,-0.0003645364053479675,0.0014959587041394867,0.00047306367906347366,10
3.775,0.07946596,7760.831545529242,0.0005067898185436447,0.0020085593897274856,0.000635162248725666,10
3.775,0.07946596,8809.558187098928,-9.477130069096787e-05,0.0014304041743560755,0.00045233351655778127,10
3.775,0.07946596,9999.99999956053,0.00010521976320365068,0.001270264569582997,0.0004016929270895713,10
3.775,0.05356109,0.010000000000218279,0.9999716131067903,0.0001,3.1622776601683795e-05,10
3.775,0.05356109,0.011351307054675233,0.9999601186629091,0.0001,3.1622776601683795e-05,10
3.775,0.05356109,0.012885217184670714,0.9999470709667175,0.0001,3.1622776601683795e-05,10
3.775,0.05356109,0.014626405672618265,0.9999322601261355,0.0001,3.1622776601683795e-05,10
3.775,0.05356109,0.016602882189250948,0.9999154478862172,0.0001,3.1622776601683795e-05,10
3.775,0.05356109,0.018846441371867226,0.9998963637964584,0.0001,3.1622776601683795e-05,10
3.775,0.05356109,0.021393174289532996,0.9998668164138944,0.0001,3.1622776601683795e-05,10
3.775,0.05356109,0.024284049022937213,0.9998258657081769,0.0001,3.1622776601683795e-05,10
3.775,0.05356109,0.027565569698412937,0.9997793813047074,0.0001,3.1622776601683795e-05,10
3.775,0.05356109,0.03129052457769065,0.9997193323475979,0.0001,3.1622776601683795e-05,10
3.775,0.05356109,0.035518835237547564,0.9996355736868813,0.0001,3.1622776601683795e-05,10
3.775,0.05356109,0.040318520499702026,0.9995387017204482,0.0001,3.1622776601683795e-05,10
3.775,0.05356109,0.045766790617234585,0.9994000745684142,0.0001,3.1622776601683795e-05,10
3.775,0.05356109,0.051951289319191934,0.9992317447624097,0.0001,3.1622776601683795e-05,10
3.775,0.05356109,0.05897150369355452,0.9990136540263282,0.0001,3.1622776601683795e-05,10
3.775,0.05356109,0.06694036458868406,0.9987274033106898,0.0001,3.1622776601683795e-05,10
3.775,0.05356109,0.0759860632781475,0.9983627312637211,0.0001,3.1622776601683795e-05,10
3.775,0.05356109,0.08625411361274073,0.9978948168393297,0.0001,3.1622776601683795e-05,10
3.775,0.05356109,0.09790969283256912,0.9972945523051744,0.0001,3.1622776601683795e-05,10
3.775,0.05356109,0.11114029869471674,0.996520134926468,0.0001,3.1622776601683795e-05,10
3.775,0.05356109,0.12615876566045128,0.9955167148431625,0.00011089771831484979,3.506893771906952e-05,10
3.775,0.05356109,0.14320668866193417,0.9942469458550898,0.00014253215885495963,4.507262618026095e-05,10
3.775,0.05356109,0.16255830952494102,0.9926202228097605,0.0001831881831468202,5.7929189917202306e-05,10
3.775,0.05356109,0.1845249285666265,0.9905314195727237,0.0002355074777262412,7.447400356162947e-05,10
3.775,0.05356109,0.209459912335607,0.9878675278408501,0.00030126549323732614,9.526851390440044e-05,10
3.775,0.05356109,0.23776437805149325,0.9844608843169264,0.00038376668756407996,0.00012135768228007082,10
3.775,0.05356109,0.2698936461867474,0.9801824942379934,0.000484958876598384,0.00015335746215674236,10
3.775,0.05356109,0.3063645649904774,0.9747458813013334,0.000607602476155563,0.0001921407736609727,10
3.775,0.05356109,0.3477638247803005,0.9680182890819253,0.000753301119769068,0.0002382147302425548,10
3.775,0.05356109,0.3947573957503299,0.9595238121212457,0.0009309334754839827,0.0002943870132625906,10
3.775,0.05356109,0.4481012411168134,0.9490664201933356,0.0011425781503491164,0.00036131493598455186,10
3.775,0.05356109,0.5086534779386983,0.9361690032485648,0.001386792588661662,0.00043854232224118495,10
3.775,0.05356109,0.5773881812384607,0.9205290642808773,0.0016628565844323399,0.0005258414229014283,10
3.775,0.05356109,0.6554110534835178,0.901823727958001,0.001965033745997171,0.0006213982316443839,10
3.775,0.05356109,0.7439772114957187,0.8797791319667162,0.002270282002635315,0.0007179262059215986,10
3.775,0.05356109,0.8445113769184625,0.8541480628735615,0.0025301840931428233,0.000800114463385894,10
3.775,0.05356109,0.9586307950358789,0.8248549765943205,0.002748624719470832,0.000869191454656919,10
3.775,0.05356109,1.088171250628218,0.7918637226732393,0.0029332314120938878,0.000927569216656865,10
3.775,0.05356109,1.2352165993681232,0.7552711078118586,0.0030830924957982414,0.0009749594523695551,10
3.775,0.05356109,1.402132289815328,0.7153223294495936,0.003145332101255167,0.000994641343760968,10
3.775,0.05356109,1.5916034152621248,0.6729714074390246,0.003231034251277534,0.001021742743205381,10
3.775,0.05356109,1.80667790755158,0.6302198909569919,0.003511996388093419,0.0011105907720659854,10
3.775,0.05356109,2.0508155677068496,0.5904870368936048,0.0038141715029060353,0.0012061469335690608,10
3.775,0.05356109,2.3279437221040404,0.558244810794297,0.004199727762672138,0.0013280705282687029,10
3.775,0.05356109,2.642520399502972,0.5372817535050466,0.005215921642681022,0.0016494192487838952,10
3.775,0.05356109,2.9996060452346534,0.5303652583336135,0.006845158525316755,0.00216462918849203,10
3.775,0.05356109,3.404944926177538,0.5405925015707537,0.008204643031392565,0.0025945359367828876,10
3.775,0.05356109,3.865057536045609,0.5688636209763898,0.009134980487415937,0.0028887344721429467,10
3.775,0.05356109,4.3873454874682505,0.610073120012236,0.009358780979241022,0.002959506401706263,10
3.775,0.05356109,4.980210578210885,0.6498457880303045,0.008222441581358987,0.0026001643324771086,10
3.775,0.05356109,5.653189946897943,0.6677469946897774,0.006287138765871911,0.001988167846569534,10
3.775,0.05356109,6.417109492424104,0.650713784720137,0.005621555548691485,0.0017776919527022679,10
3.775,0.05356109,7.284258025038717,0.6149195443225217,0.005152563572801972,0.0016293836678869045,10
3.775,0.05356109,8.268584950589176,0.5892468742494765,0.006089228438881736,0.001925583105993769,10
3.775,0.05356109,9.385924667975567,0.5867500902291694,0.00871046919998517,0.0027544922160697835,10
3.775,0.05356109,10.65425128959158,0.5851772169252049,0.0089818884125158,0.002840322507302394,10
3.775,0.05356109,12.093967782318368,0.5685983078153082,0.0071735567423691065,0.0022684778230344076,10
3.775,0.05356109,13.728234180344895,0.5552156433073131,0.006701439898118839,0.0021191813680782262,10
3.775,0.05356109,15.583340149618108,0.5429193819805711,0.011224209308484563,0.0035494066349274706,10
3.775,0.05356109,17.689127897190275,0.5206750548074337,0.009418890759160685,0.0029785147831260217,10
3.775,0.05356109,20.07947222860456,0.5128895031785291,0.012083935151517256,0.0038212758176566415,10
3.775,0.05356109,22.792825475773903,0.4935737764343301,0.014125097103268397,0.004466747901737474,10
3.775,0.05356109,25.872836061348632,0.47038505739847125,0.013054592861049649,0.004128224736709091,10
3.775,0.05356109,29.369050650123167,0.4548062172308692,0.012968646898452297,0.004101046236958764,10
3.775,0.05356109,33.33771118265806,0.43345938293616254,0.013483845471737085,0.004263966330843675,10
3.775,0.05356109,37.842659612617176,0.41072253363386,0.012974477813418825,0.004102890134172463,10
3.775,0.05356109,42.95636490189982,0.3846756993158787,0.010965484441647343,0.0034675906482745326,10
3.775,0.05356109,48.76108879434957,0.3577357273632574,0.010100924853120433,0.003194192901006231,10
3.775,0.05356109,55.350209121286355,0.33020553854443385,0.012807171346252777,0.004049983183820374,10
3.775,0.05356109,62.82972192624931,0.3028635662214526,0.011318045898529855,0.003579080370168131,10
3.775,0.05356109,71.31994657291497,0.2813637513708421,0.012222318080081777,0.003865036342011468,10
3.775,0.05356109,80.95746126545187,0.2487968603386697,0.009801074394179623,0.003099371860236255,10
3.775,0.05356109,91.89730011710618,0.22122307740669295,0.008257296153848213,0.0026111863160708485,10
3.775,0.05356109,104.31544711021446,0.18966210314672055,0.008404967388051484,0.002657884060567898,10
3.775,0.05356109,118.41166706679324,0.16359197607080164,0.008994723214937455,0.0028443812281994615,10
3.775,0.05356109,134.41271917018034,0.13753876299673257,0.00590071127253731,0.0018659687436248463,10
3.775,0.05356109,152.57600473212457,0.11316345092892503,0.007104806682827988,0.0022467371452921953,10
3.775,0.05356109,173.19370788521238,0.09111689541448241,0.009346938901235674,0.002955761607833635,10
3.775,0.05356109,196.59749580998604,0.06837659493314878,0.010934878095987272,0.0034579120719605092,10
3.775,0.05356109,223.1638541070668,0.05099867952164723,0.011163713425444081,0.003530276156980363,10
3.775,0.05356109,253.32014314187637,0.03884660990689716,0.0067318394399537235,0.0021287945472806074,10
3.775,0.05356109,287.5514727874956,0.027110348227549715,0.004028004847820655,0.0012737669745313189,10
3.775,0.05356109,326.40850615637055,0.016240574263579704,0.004922133467736217,0.0015565152705389355,10
3.775,0.05356109,370.5163178557939,0.011239848844089007,0.004860600034804666,0.001537056690507644,10
3.775,0.05356109,420.58444926569615,0.007138734948610045,0.003322374161324532,0.0010506269589077224,10
3.775,0.05356109,477.4183225932176,0.004314879198876412,0.003003581953869504,0.0009498160113206424,10
3.775,0.05356109,541.9321973165318,0.0030503465622771374,0.003225968720235556,0.0010201408816402876,10
3.775,0.05356109,615.1638774420524,0.0015692205202103506,0.0029916586108960524,0.0009460455192086952,10
3.775,0.05356109,698.2914061636919,0.0013456938883770607,0.004249454680982648,0.0013437955605569373,10
3.775,0.05356109,792.652016483199,0.0008835796697756807,0.0030725590177513072,0.0009716284741383858,10
3.775,0.05356109,899.7636426411872,-8.720007773400148e-06,0.003190332108812492,0.0010088715956215618,10
3.775,0.05356109,1021.3493384030259,-0.0001965224865697628,0.004523786561897843,0.0014305469184059465,10
3.775,0.05356109,1159.3649950049091,-0.00045560984174238087,0.0030696520781833673,0.0009707092191328701,10
3.775,0.05356109,1316.0308046455484,-0.0016917922042019016,0.003408664768415193,0.0010779144448162387,10
3.775,0.05356109,1493.8669756616864,-0.0023342828446251125,0.0022220932508373796,0.0007026875845933976,10
3.775,0.05356109,1695.7342739204687,-0.0012082510037223933,0.002662020999398674,0.0008418049537297529,10
3.775,0.05356109,1924.8800425987847,-0.0007944746865180281,0.002341119885697376,0.0007403271114316762,10
3.775,0.05356109,2184.990440647822,-0.0007982223059781784,0.0017506834789240528,0.0005536147255427392,10
3.775,0.05356109,2480.2497402782196,0.0007137219262045686,0.0027491645668925075,0.0008693621694010654,10
3.775,0.05356109,2815.4076373562034,0.00018272096640022207,0.003972767191818117,0.0012562992939736297,10
3.775,0.05356109,3195.8556575010366,0.0003415959803090651,0.002489280895998423,0.000787179736729974,10
3.775,0.05356109,3627.7138869923433,0.0002415824983706275,0.001636612033200852,0.0005175421670953804,10
3.775,0.05356109,4117.929423686066,-5.0277482021718865e-05,0.002518726521238461,0.0007964912610186002,10
3.775,0.05356109,4674.388131672206,-0.00041003333034750724,0.0013060035729880021,0.00041299459229600426,10
3.775,0.05356109,5306.041497418272,4.991266595619809e-05,0.0017054446522756252,0.0005393089524544839,10
3.775,0.05356109,6023.050628072877,0.00020751750910010823,0.0017130289850427769,0.0005417073290621686,10
3.775,0.05356109,6836.949708361742,0.000552530847733737,0.0014331237592634378,0.00045319352481752956,10
3.775,0.05356109,7760.831545529242,-0.0004639992582739697,0.0018501450491602899,0.0005850672357030712,10
3.775,0.05356109,8809.558187098928,0.000395393533262665,0.0020931405558221794,0.0006619091619268902,10
3.775,0.05356109,9999.99999956053,0.00012392411920742434,0.001481128319838264,0.0004683738997667268,10
3.775,0.03610087,0.010000000000218279,0.9999815332787794,0.0001,3.1622776601683795e-05,10
3.775,0.03610087,0.011351307054675233,0.9999740492684964,0.0001,3.1622776601683795e-05,10
3.775,0.03610087,0.012885217184670714,0.9999655539386237,0.0001,3.1622776601683795e-05,10
3.775,0.03610087,0.014626405672618265,0.999955910628833,0.0001,3.1622776601683795e-05,10
3.775,0.03610087,0.016602882189250948,0.9999449642117872,0.0001,3.1622776601683795e-05,10
3.775,0.03610087,0.018846441371867226,0.9999325385976838,0.0001,3.1622776601683795e-05,10
3.775,0.03610087,0.021393174289532996,0.9999132754433523,0.0001,3.1622776601683795e-05,10
3.775,0.03610087,0.024284049022937213,0.9998865608278791,0.0001,3.1622776601683795e-05,10
3.775,0.03610087,0.027565569698412937,0.9998562362475717,0.0001,3.1622776601683795e-05,10
3.775,0.03610087,0.03129052457769065,0.9998170661275319,0.0001,3.1622776601683795e-05,10
3.775,0.03610087,0.035518835237547564,0.9997624365613313,0.0001,3.1622776601683795e-05,10
3.775,0.03610087,0.040318520499702026,0.9996992563051228,0.0001,3.1622776601683795e-05,10
3.775,0.03610087,0.045766790617234585,0.9996088768192063,0.0001,3.1622776601683795e-05,10
3.775,0.03610087,0.051951289319191934,0.9994990893358228,0.0001,3.1622776601683795e-05,10
3.775,0.03610087,0.05897150369355452,0.9993567478959442,0.0001,3.1622776601683795e-05,10
3.775,0.03610087,0.06694036458868406,0.9991698798588919,0.0001,3.1622776601683795e-05,10
3.775,0.03610087,0.0759860632781475,0.9989318422900274,0.0001,3.1622776601683795e-05,10
3.775,0.03610087,0.08625411361274073,0.998626391478228,0.0001,3.1622776601683795e-05,10
3.775,0.03610087,0.09790969283256912,0.9982345496598459,0.0001,3.1622776601683795e-05,10
3.775,0.03610087,0.11114029869471674,0.9977284214536045,0.0001,3.1622776601683795e-05,10
3.775,0.03610087,0.12615876566045128,0.9970723719518881,0.0001,3.1622776601683795e-05,10
3.775,0.03610087,0.14320668866193417,0.9962408728357781,0.0001,3.1622776601683795e-05,10
3.775,0.03610087,0.16255830952494102,0.9951744765032039,0.0001,3.1622776601683795e-05,10
3.775,0.03610087,0.1845249285666265,0.9938023768057935,0.0001,3.1622776601683795e-05,10
3.775,0.03610087,0.209459912335607,0.9920487023754754,0.00010466860555654479,3.309911930724375e-05,10
3.775,0.03610087,0.23776437805149325,0.9898001386970133,0.00013547651193822788,4.284143471797928e-05,10
3.775,0.03610087,0.2698936461867474,0.9869649896047623,0.00017609947093966233,5.568754229199649e-05,10
3.775,0.03610087,0.3063645649904774,0.9833419281837756,0.00023020164648730396,7.279615240207799e-05,10
3.775,0.03610087,0.3477638247803005,0.9788362744091396,0.00030192298454477826,9.547643091173151e-05,10
3.775,0.03610087,0.3947573957503299,0.9730954409747291,0.0003984920408178973,0.00012601424784333427,10
3.775,0.03610087,0.4481012411168134,0.9659690344056638,0.0005257822733676594,0.0001662669537183093,10
3.775,0.03610087,0.5086534779386983,0.9570784456491432,0.0006961086407164874,0.00022012888035879247,10
3.775,0.03610087,0.5773881812384607,0.9461607132249549,0.0009183626406052299,0.00029041176623191605,10
3.775,0.03610087,0.6554110534835178,0.9329016108337184,0.001204035173278268,0.00038074935305148306,10
3.775,0.03610087,0.7439772114957187,0.9169860090607582,0.0015737013458678726,0.0004976480609814886,10
3.775,0.03610087,0.8445113769184625,0.8980664246532468,0.0020554994007653754,0.0006500059835529837,10
3.775,0.03610087,0.9586307950358789,0.8759252209461537,0.002702397531628943,0.0008545731343164378,10
3.775,0.03610087,1.088171250628218,0.850297754093436,0.0035520621690608586,0.001123260684475039,10
3.775,0.03610087,1.2352165993681232,0.8209876023997923,0.004603629770057987,0.0014557955577540463,10
3.775,0.03610087,1.402132289815328,0.7878575085238372,0.005752829317572327,0.001819204363372067,10
3.775,0.03610087,1.5916034152621248,0.7511573914276718,0.0067305877944148365,0.002128398742208,10
3.775,0.03610087,1.80667790755158,0.7120490543436437,0.007169064304484676,0.002267057189438245,10
3.775,0.03610087,2.0508155677068496,0.6728621040772494,0.0068445809948323956,0.0021644465573171547,10
3.775,0.03610087,2.3279437221040404,0.6370687932099848,0.0059815664870367085,0.0018915374074768034,10
3.775,0.03610087,2.642520399502972,0.6080968835212843,0.00499886911362505,0.0015807812124122203,10
3.775,0.03610087,2.9996060452346534,0.5887269122879746,0.004721030923398131,0.0014929210622026004,10
3.775,0.03610087,3.404944926177538,0.582944948171723,0.0057733112642639065,0.0018256813236180213,10
3.775,0.03610087,3.865057536045609,0.5942868239708889,0.007192928479648484,0.0022746037042381305,10
3.775,0.03610087,4.3873454874682505,0.6235025975921256,0.007926647673195114,0.002506626085697057,10
3.775,0.03610087,4.980210578210885,0.6653978142613364,0.007986784040857538,0.002525642874899313,10
3.775,0.03610087,5.653189946897943,0.7064889426848595,0.008446808028706827,0.0026711152328910506,10
3.775,0.03610087,6.417109492424104,0.721860790728525,0.009173252153240125,0.002900837035528273,10
3.775,0.03610087,7.284258025038717,0.7063682544859915,0.009136518530304196,0.002889220844009539,10
3.775,0.03610087,8.268584950589176,0.6730228558365668,0.007681278207518648,0.002429033447717443,10
3.775,0.03610087,9.385924667975567,0.6494248111580376,0.0035548370392533145,0.001124138175476986,10
3.775,0.03610087,10.65425128959158,0.650256785791423,0.005639911675435741,0.0017834966696553258,10
3.775,0.03610087,12.093967782318368,0.6539218213608613,0.006533540343910104,0.002066086867135575,10
3.775,0.03610087,13.728234180344895,0.63829474719708,0.005962462908585781,0.0018854963255403392,10
3.775,0.03610087,15.583340149618108,0.6251924924691626,0.006378578287859065,0.002017083562333179,10
3.775,0.03610087,17.689127897190275,0.6213612235928421,0.008363684324735533,0.002644829209681163,10
3.775,0.03610087,20.07947222860456,0.6016434241970677,0.006643148986168698,0.002100748163213149,10
3.775,0.03610087,22.792825475773903,0.5942306608570515,0.008154390189891472,0.002578644592978999,10
3.775,0.03610087,25.872836061348632,0.5790484885314094,0.0058767586495440454,0.0018583942591654428,10
3.775,0.03610087,29.369050650123167,0.5616957775952017,0.00652761424496941,0.0020642128701063647,10
3.775,0.03610087,33.33771118265806,0.5468679468829324,0.007352251415242938,0.002324986040236409,10
3.775,0.03610087,37.842659612617176,0.5293651667989395,0.006463677052228112,0.002043994154480396,10
3.775,0.03610087,42.95636490189982,0.50952098727666,0.007609544341556702,0.002406349207536546,10
3.775,0.03610087,48.76108879434957,0.48684818451237016,0.0074202609633095265,0.0023464925476893213,10
3.775,0.03610087,55.350209121286355,0.4639429129548402,0.0085499051946722,0.0027037174193669474,10
3.775,0.03610087,62.82972192624931,0.44550498576111774,0.008887197198337724,0.0028103785161814393,10
3.775,0.03610087,71.31994657291497,0.4192626862617971,0.009980678353868368,0.0031561676191764055,10
3.775,0.03610087,80.95746126545187,0.39094173013567685,0.012276021406867047,0.003882018825068446,10
3.775,0.03610087,91.89730011710618,0.3631945155763163,0.013444377107092266,0.004251485338063706,10
3.775,0.03610087,104.31544711021446,0.33282048403039766,0.012741730923813656,0.004029289105225252,10
3.775,0.03610087,118.41166706679324,0.3075064983409443,0.012217694651463887,0.0038635742855082944,10
3.775,0.03610087,134.41271917018034,0.279957234547913,0.014745987630921905,0.0046630907262383585,10
3.775,0.03610087,152.57600473212457,0.25095957495927573,0.013313748044214641,0.004210176801333041,10
3.775,0.03610087,173.19370788521238,0.2211207210358231,0.013299821908211985,0.004205772970455674,10
3.775,0.03610087,196.59749580998604,0.19478549351861688,0.011730279360185432,0.0037094400368248618,10
3.775,0.03610087,223.1638541070668,0.16511272699095236,0.012752959779904984,0.004032839981301938,10
3.775,0.03610087,253.32014314187637,0.1384983370482612,0.01161795787639933,0.0036739208649314865,10
3.775,0.03610087,287.5514727874956,0.11828331851982028,0.008917743846441123,0.0028200382144704795,10
3.775,0.03610087,326.40850615637055,0.09260350957873767,0.010280790851538154,0.003251071523868255,10
3.775,0.03610087,370.5163178557939,0.07307166093853798,0.006172928829543417,0.0019520514935474488,10
3.775,0.03610087,420.58444926569615,0.05394576627852001,0.006658089742674485,0.0021054728452655756,10
3.775,0.03610087,477.4183225932176,0.039434841432870446,0.005355779105520716,0.0016936460618184744,10
3.775,0.03610087,541.9321973165318,0.025476555398358015,0.0048316754883469225,0.0015279099457982616,10
3.775,0.03610087,615.1638774420524,0.015354187242350454,0.007936790776142065,0.00250983361648245,10
3.775,0.03610087,698.2914061636919,0.007674318372014115,0.007137310217890926,0.002257015665572798,10
3.775,0.03610087,792.652016483199,0.005613134599749528,0.005395683473143257,0.0017062649308460652,10
3.775,0.03610087,899.7636426411872,-0.0004874472914165182,0.0035134120737694546,0.0011110384511847005,10
3.775,0.03610087,1021.3493384030259,-0.0003619314393259055,0.006762985371542247,0.0021386437556473593,10
3.775,0.03610087,1159.3649950049091,-0.0017363458242542792,0.004369127603628394,0.0013816394615379075,10
3.775,0.03610087,1316.0308046455484,-0.00018459734872834513,0.0027512616422027216,0.0008700253228415835,10
3.775,0.03610087,1493.8669756616864,-4.90798293780468e-05,0.0028442844701120442,0.0008994417238999173,10
3.775,0.03610087,1695.7342739204687,0.0013093330791639044,0.0023633153225313622,0.0007473459248374555,10
3.775,0.03610087,1924.8800425987847,0.0008691399752686147,0.0036491863326403237,0.0011539740417500271,10
3.775,0.03610087,2184.990440647822,2.7724808126846885e-05,0.0034766109628107315,0.0010994009180792855,10
3.775,0.03610087,2480.2497402782196,0.00022249531739163632,0.003931350316556824,0.0012432021280343532,10
3.775,0.03610087,2815.4076373562034,-0.0007086556231503873,0.0013281327021564752,0.0004199924373768485,10
3.775,0.03610087,3195.8556575010366,0.00019963542786168194,0.0013735563617465552,0.00043435665977332885,10
3.775,0.03610087,3627.7138869923433,0.0005676670622611084,0.0027698276160583756,0.000875896399277884,10
3.775,0.03610087,4117.929423686066,0.00036418021149736674,0.0025875399099715016,0.0008182519652096978,10
3.775,0.03610087,4674.388131672206,0.001180866405157777,0.001959638644354173,0.0006196921507043849,10
3.775,0.03610087,5306.041497418272,4.513213682129926e-05,0.0020092248351926438,0.0006353726810585191,10
3.775,0.03610087,6023.050628072877,0.0005363333760360297,0.0020482611429656983,0.0006477170454591379,10
3.775,0.03610087,6836.949708361742,7.07092849506939e-05,0.001521221678942021,0.00048105253314821876,10
3.775,0.03610087,7760.831545529242,0.0013024909644934735,0.0013209044846903884,0.000417706674315264,10
3.775,0.03610087,8809.558187098928,0.00036674605759776086,0.0021773201722278443,0.000688529093967008,10
3.775,0.03610087,9999.99999956053,-0.000998732958130953,0.0018906373022507955,0.0005978720104388702,10
3.775,0.02445457,0.010000000000218279,0.9999876231504595,0.0001,3.1622776601683795e-05,10
3.775,0.02445457,0.011351307054675233,0.9999826430533135,0.0001,3.1622776601683795e-05,10
3.775,0.02445457,0.012885217184670714,0.9999769899921269,0.0001,3.1622776601683795e-05,10
3.775,0.02445457,0.014626405672618265,0.9999705730287942,0.0001,3.1622776601683795e-05,10
3.775,0.02445457,0.016602882189250948,0.9999632889366795,0.0001,3.1622776601683795e-05,10
3.775,0.02445457,0.018846441371867226,0.9999550205400588,0.0001,3.1622776601683795e-05,10
3.775,0.02445457,0.021393174289532996,0.9999422145028788,0.0001,3.1622776601683795e-05,10
3.775,0.02445457,0.024284049022937213,0.9999244632237044,0.0001,3.1622776601683795e-05,10
3.775,0.02445457,0.027565569698412937,0.999904313201653,0.0001,3.1622776601683795e-05,10
3.775,0.02445457,0.03129052457769065,0.9998782767934944,0.0001,3.1622776601683795e-05,10
3.775,0.02445457,0.035518835237547564,0.9998419480748886,0.0001,3.1622776601683795e-05,10
3.775,0.02445457,0.040318520499702026,0.9997999306346026,0.0001,3.1622776601683795e-05,10
3.775,0.02445457,0.045766790617234585,0.9997397853531771,0.0001,3.1622776601683795e-05,10
3.775,0.02445457,0.051951289319191934,0.9996667400391328,0.0001,3.1622776601683795e-05,10
3.775,0.02445457,0.05897150369355452,0.9995720711560253,0.0001,3.1622776601683795e-05,10
3.775,0.02445457,0.06694036458868406,0.9994477305528843,0.0001,3.1622776601683795e-05,10
3.775,0.02445457,0.0759860632781475,0.9992891299639647,0.0001,3.1622776601683795e-05,10
3.775,0.02445457,0.08625411361274073,0.9990856124432845,0.0001,3.1622776601683795e-05,10
3.775,0.02445457,0.09790969283256912,0.9988245436199887,0.0001,3.1622776601683795e-05,10
3.775,0.02445457,0.11114029869471674,0.9984871546700577,0.0001,3.1622776601683795e-05,10
3.775,0.02445457,0.12615876566045128,0.9980492578310333,0.0001,3.1622776601683795e-05,10
3.775,0.02445457,0.14320668866193417,0.9974942648387277,0.0001,3.1622776601683795e-05,10
3.775,0.02445457,0.16255830952494102,0.9967818339094661,0.0001,3.1622776601683795e-05,10
3.775,0.02445457,0.1845249285666265,0.9958642148718025,0.0001,3.1622776601683795e-05,10
3.775,0.02445457,0.209459912335607,0.9946899323018542,0.00010599843952800351,3.3519649733211435e-05,10
3.775,0.02445457,0.23776437805149325,0.99318113880038,0.00013519525210027518,4.2752492547753235e-05,10
3.775,0.02445457,0.2698936461867474,0.9912762319719365,0.0001709770322381795,5.406768494486838e-05,10
3.775,0.02445457,0.3063645649904774,0.9888360887238147,0.00021548941575201696,6.814373654353393e-05,10
3.775,0.02445457,0.3477638247803005,0.9857942328412019,0.0002699142946001292,8.53543943974095e-05,10
3.775,0.02445457,0.3947573957503299,0.981905489667407,0.00033703429053295034,0.0001065796007663048,10
3.775,0.02445457,0.4481012411168134,0.9770581669001208,0.00041422813670595184,0.00013099043829184047,10
3.775,0.02445457,0.5086534779386983,0.9709772918568025,0.0005013999099335799,0.00015855657339933972,10
3.775,0.02445457,0.5773881812384607,0.963459419179969,0.0006009455391682656,0.0001900356653489648,10
3.775,0.02445457,0.6554110534835178,0.9542531144538182,0.0007135003220481519,0.00022562861289358147,10
3.775,0.02445457,0.7439772114957187,0.9430919595656846,0.0008420533364694481,0.0002662806454587583,10
3.775,0.02445457,0.8445113769184625,0.9296406166446844,0.000994544239623369,0.00031450250310101276,10
3.775,0.02445457,0.9586307950358789,0.9136250586565214,0.0011823825368526527,0.0003739021882062359,10
3.775,0.02445457,1.088171250628218,0.8946578078564535,0.001418017017962576,0.0004484163537641637,10
3.775,0.02445457,1.2352165993681232,0.8722973248660205,0.0017156951612845304,0.0005425504480189054,10
3.775,0.02445457,1.402132289815328,0.8461637545862419,0.002085311889578708,0.0006594335202898257,10
3.775,0.02445457,1.5916034152621248,0.8160328967605116,0.0025325990894133465,0.0008008781522614605,10
3.775,0.02445457,1.80667790755158,0.782305576715568,0.0030026564581279373,0.0009495233438698286,10
3.775,0.02445457,2.0508155677068496,0.7464423449212576,0.003454648213685389,0.0010924556869877902,10
3.775,0.02445457,2.3279437221040404,0.7108668149975235,0.004040771064806557,0.001277804006809257,10
3.775,0.02445457,2.642520399502972,0.6780908727558274,0.004881132645258747,0.0015435496720420322,10
3.775,0.02445457,2.9996060452346534,0.6504384835013508,0.005719181756951099,0.0018085640704449003,10
3.775,0.02445457,3.404944926177538,0.6316626241044544,0.006159723783940437,0.001947875691476268,10
3.775,0.02445457,3.865057536045609,0.6272077821934244,0.006225363925428181,0.0019686329267799667,10
3.775,0.02445457,4.3873454874682505,0.6410193708112673,0.006140953503202136,0.0019419400075308864,10
3.775,0.02445457,4.980210578210885,0.6726064002124548,0.007046595441414142,0.0022283291344628283,10
3.775,0.02445457,5.653189946897943,0.7173574071318221,0.008079615143645481,0.0025549986471508235,10
3.775,0.02445457,6.417109492424104,0.7578718761972822,0.007749653604057417,0.0024506556466154135,10
3.775,0.02445457,7.284258025038717,0.774509641205459,0.0065672075249547275,0.002076733364585401,10
3.775,0.02445457,8.268584950589176,0.7573371489883707,0.00688914140196774,0.0021785377953183653,10
3.775,0.02445457,9.385924667975567,0.7205074305863645,0.006902326410649508,0.002182707261158713,10
3.775,0.02445457,10.65425128959158,0.698132075674269,0.006973678936114516,0.0022052709108861725,10
3.775,0.02445457,12.093967782318368,0.7062262436423767,0.007411648429288945,0.002343769025296249,10
3.775,0.02445457,13.728234180344895,0.7163688887473827,0.008706935791682635,0.0027533748542558478,10
3.775,0.02445457,15.583340149618108,0.7008406913199623,0.005754071102939357,0.0018195970503845555,10
3.775,0.02445457,17.689127897190275,0.6868662551745524,0.008980557482940662,0.0028399016304161222,10
3.775,0.02445457,20.07947222860456,0.6911399507433377,0.0065699128566815155,0.0020775888655936974,10
3.775,0.02445457,22.792825475773903,0.6792005670042007,0.00468364837396935,0.001481099662108723,10
3.775,0.02445457,25.872836061348632,0.6700805168193948,0.007462332339822878,0.0023597966850973915,10
3.775,0.02445457,29.369050650123167,0.6598869126095107,0.006918896540694122,0.0021879471963653302,10
3.775,0.02445457,33.33771118265806,0.6495602325454858,0.007520314991525413,0.0023781324095130166,10
3.775,0.02445457,37.842659612617176,0.6365944438629073,0.0060864087196506635,0.001924691432480532,10
3.775,0.02445457,42.95636490189982,0.6209067080904181,0.0055823935981925785,0.0017653078565831367,10
3.775,0.02445457,48.76108879434957,0.6069922989405159,0.0048405403948201696,0.0015307132753682449,10
3.775,0.02445457,55.350209121286355,0.5941286185027453,0.006095875072285069,0.0019276849560264377,10
3.775,0.02445457,62.82972192624931,0.5777920164701401,0.006458905578400408,0.0020424852819712533,10
3.775,0.02445457,71.31994657291497,0.5609649714398011,0.006847035660985691,0.0021652227909111283,10
3.775,0.02445457,80.95746126545187,0.5391835213734323,0.00865436219629061,0.002736749623633554,10
3.775,0.02445457,91.89730011710618,0.5204379201230802,0.005589917523229025,0.0017676871305890903,10
3.775,0.02445457,104.31544711021446,0.49834902766588607,0.011440204571485424,0.003617710334416452,10
3.775,0.02445457,118.41166706679324,0.47695273799127735,0.012217548230367936,0.003863527983092224,10
3.775,0.02445457,134.41271917018034,0.4555468448167452,0.014155942219933184,0.004476501984072908,10
3.775,0.02445457,152.57600473212457,0.43309040100344676,0.016777984822016482,0.005305664658530686,10
3.775,0.02445457,173.19370788521238,0.40896035568026284,0.013757659803794642,0.004350554025373628,10
3.775,0.02445457,196.59749580998604,0.38119673519535346,0.013667832941710532,0.0043221482774484675,10
3.775,0.02445457,223.1638541070668,0.35646649437709976,0.01868243179007323,0.0059079036687368115,10
3.775,0.02445457,253.32014314187637,0.3288515934137385,0.018455097515765125,0.0058360142590333005,10
3.775,0.02445457,287.5514727874956,0.29945046024074035,0.019794516850014675,0.006259575842862796,10
3.775,0.02445457,326.40850615637055,0.27039771104365196,0.019972101342921225,0.006315732990333867,10
3.775,0.02445457,370.5163178557939,0.24454852777077724,0.019905044592570035,0.0062945277839739616,10
3.775,0.02445457,420.58444926569615,0.21464123417688255,0.019198963164850154,0.006071245231460124,10
3.775,0.02445457,477.4183225932176,0.18359850581248086,0.016115552518181617,0.0050961851709516,10
3.775,0.02445457,541.9321973165318,0.15691733314400574,0.014568510576183375,0.004606967553699145,10
3.775,0.02445457,615.1638774420524,0.1329376214335347,0.011566781611784016,0.003657737509099099,10
3.775,0.02445457,698.2914061636919,0.10792924844747172,0.011126311716244747,0.0035184486980350464,10
3.775,0.02445457,792.652016483199,0.08846942784748536,0.011662715752912684,0.003688074548232962,10
3.775,0.02445457,899.7636426411872,0.06838148186365993,0.008668216928715448,0.002741130874717022,10
3.775,0.02445457,1021.3493384030259,0.05060500154642879,0.00806770975546779,0.002551233832843829,10
3.775,0.02445457,1159.3649950049091,0.039700245636041485,0.006841938306304879,0.0021636108658278194,10
3.775,0.02445457,1316.0308046455484,0.029079996273470254,0.00852758451652507,0.0026966590011805,10
3.775,0.02445457,1493.8669756616864,0.018025590406077426,0.006668453172819086,0.0021087500496284745,10
3.775,0.02445457,1695.7342739204687,0.012518611500425648,0.005383329878163584,0.0017023583811033663,10
3.775,0.02445457,1924.8800425987847,0.005206271777158079,0.005130018957299268,0.0016222544344907757,10
3.775,0.02445457,2184.990440647822,0.0034537210363742438,0.0040566292115143095,0.0012828187931158168,10
3.775,0.02445457,2480.2497402782196,0.003288574246321964,0.004352138317172756,0.001376266977435821,10
3.775,0.02445457,2815.4076373562034,0.0005896673759006257,0.002479256590482871,0.0007840097729909206,10
3.775,0.02445457,3195.8556575010366,0.0009185574209815807,0.004873158682734542,0.0015410280836867009,10
3.775,0.02445457,3627.7138869923433,-0.0016586945010393123,0.004206823675289394,0.0013303144528635086,10
3.775,0.02445457,4117.929423686066,-0.0010923151981989867,0.0028238046514251335,0.0008929654365881257,10
3.775,0.02445457,4674.388131672206,-0.0007373568293968435,0.0026801419061631745,0.0008475352875940903,10
3.775,0.02445457,5306.041497418272,-0.0002464772114622512,0.003420655796895054,0.0010817063409646695,10
3.775,0.02445457,6023.050628072877,-4.448471858133143e-05,0.0027821593566096123,0.0008797960380435008,10
3.775,0.02445457,6836.949708361742,2.0722263095932382e-05,0.001715291291487565,0.0005424227331752494,10
3.775,0.02445457,7760.831545529242,0.00040956853247643265,0.0022092048634062534,0.0006986119186284931,10
3.775,0.02445457,8809.558187098928,-0.0008353893506425292,0.002585637695329222,0.0008176504321228853,10
3.775,0.02445457,9999.99999956053,0.000436751451760201,0.0020392863001225765,0.0006448789509565053,10
3.775,0.0182283,0.010000000000218279,0.9999906981486548,0.0001,3.1622776601683795e-05,10
3.775,0.0182283,0.011351307054675233,0.9999869276737297,0.0001,3.1622776601683795e-05,10
3.775,0.0182283,0.012885217184670714,0.9999826476918683,0.0001,3.1622776601683795e-05,10
3.775,0.0182283,0.014626405672618265,0.9999777893530387,0.0001,3.1622776601683795e-05,10
3.775,0.0182283,0.016602882189250948,0.9999722745034558,0.0001,3.1622776601683795e-05,10
3.775,0.0182283,0.018846441371867226,0.9999660144283583,0.0001,3.1622776601683795e-05,10
3.775,0.0182283,0.021393174289532996,0.9999563217168841,0.0001,3.1622776601683795e-05,10
3.775,0.0182283,0.024284049022937213,0.999942887984326,0.0001,3.1622776601683795e-05,10
3.775,0.0182283,0.027565569698412937,0.9999276389420105,0.0001,3.1622776601683795e-05,10
3.775,0.0182283,0.03129052457769065,0.9999079441150036,0.0001,3.1622776601683795e-05,10
3.775,0.0182283,0.035518835237547564,0.9998804805526177,0.0001,3.1622776601683795e-05,10
3.775,0.0182283,0.040318520499702026,0.9998487161334143,0.0001,3.1622776601683795e-05,10
3.775,0.0182283,0.045766790617234585,0.9998032421959839,0.0001,3.1622776601683795e-05,10
3.775,0.0182283,0.051951289319191934,0.9997480137349312,0.0001,3.1622776601683795e-05,10
3.775,0.0182283,0.05897150369355452,0.9996764332143835,0.0001,3.1622776601683795e-05,10
3.775,0.0182283,0.06694036458868406,0.9995823797504053,0.0001,3.1622776601683795e-05,10
3.775,0.0182283,0.0759860632781475,0.9994624575673541,0.0001,3.1622776601683795e-05,10
3.775,0.0182283,0.08625411361274073,0.9993084191116965,0.0001,3.1622776601683795e-05,10
3.775,0.0182283,0.09790969283256912,0.9991108277990097,0.0001,3.1622776601683795e-05,10
3.775,0.0182283,0.11114029869471674,0.9988554576495074,0.0001,3.1622776601683795e-05,10
3.775,0.0182283,0.12615876566045128,0.9985239345822965,0.0001,3.1622776601683795e-05,10
3.775,0.0182283,0.14320668866193417,0.9981035281014462,0.0001,3.1622776601683795e-05,10
3.775,0.0182283,0.16255830952494102,0.9975635697773095,0.0001,3.1622776601683795e-05,10
3.775,0.0182283,0.1845249285666265,0.9968673503764149,0.0001,3.1622776601683795e-05,10
3.775,0.0182283,0.209459912335607,0.9959760524078257,0.0001,3.1622776601683795e-05,10
3.775,0.0182283,0.23776437805149325,0.9948293689002291,0.0001,3.1622776601683795e-05,10
3.775,0.0182283,0.2698936461867474,0.9933796678664439,0.00010014858618418826,3.166976367877061e-05,10
3.775,0.0182283,0.3063645649904774,0.9915195151099807,0.00012879392108159518,4.072821394018177e-05,10
3.775,0.0182283,0.3477638247803005,0.9891965094139158,0.00016422093931405608,5.1931220772470666e-05,10
3.775,0.0182283,0.3947573957503299,0.9862190193098229,0.00020901510735257478,6.609638046187427e-05,10
3.775,0.0182283,0.4481012411168134,0.9824983557847835,0.0002639256048920723,8.346060442966264e-05,10
3.775,0.0182283,0.5086534779386983,0.9778128362101942,0.0003306303324175744,0.00010455449139781406,10
3.775,0.0182283,0.5773881812384607,0.9719939447551619,0.0004111449393551746,0.00013001544568141518,10
3.775,0.0182283,0.6554110534835178,0.9648299040098081,0.0005059356745035231,0.0001599909080964712,10
3.775,0.0182283,0.7439772114957187,0.9560830666581263,0.0006193982072864005,0.0001958709113650127,10
3.775,0.0182283,0.8445113769184625,0.9454386414604086,0.0007529944010742446,0.0002381177372748952,10
3.775,0.0182283,0.9586307950358789,0.9326348484065093,0.0009093763011926259,0.00028757003619479923,10
3.775,0.0182283,1.088171250628218,0.9172879387805922,0.0010833748059800505,0.00034259319465399657,10
3.775,0.0182283,1.2352165993681232,0.8989291121541688,0.001265266670563445,0.0004001124526478406,10
3.775,0.0182283,1.402132289815328,0.8770853951715394,0.001438043599101608,0.0004547493147787147,10
3.775,0.0182283,1.5916034152621248,0.8513302432796277,0.0016355858967603259,0.0005172176742611643,10
3.775,0.0182283,1.80667790755158,0.8217897563726965,0.0018861861674562925,0.0005964644380265648,10
3.775,0.0182283,2.0508155677068496,0.7893415976415914,0.002252837510479954,0.0007124097731380105,10
3.775,0.0182283,2.3279437221040404,0.75579163592939,0.0028186889861504085,0.0008913477211866095,10
3.775,0.0182283,2.642520399502972,0.7230723966769748,0.0035563066947016313,0.0011246029213362217,10
3.775,0.0182283,2.9996060452346534,0.6929564821688411,0.0043550525360537455,0.0013771885343622403,10
3.775,0.0182283,3.404944926177538,0.6685670162405517,0.005044833928396509,0.0015953165631027765,10
3.775,0.0182283,3.865057536045609,0.6544444340762637,0.005553085384775679,0.0017560397857283659,10
3.775,0.0182283,4.3873454874682505,0.655182030038261,0.006044028640739304,0.0019112896748027756,10
3.775,0.0182283,4.980210578210885,0.6729439330075623,0.006133383770192505,0.0019395462477719068,10
3.775,0.0182283,5.653189946897943,0.7095706286364623,0.0054641087854667555,0.0017279029145011295,10
3.775,0.0182283,6.417109492424104,0.7563462668547785,0.005252596795585556,0.0016610169504552217,10
3.775,0.0182283,7.284258025038717,0.7951419900441038,0.005482014384542962,0.0017335651620961916,10
3.775,0.0182283,8.268584950589176,0.8040024576714562,0.005818339299125999,0.001839920438490589,10
3.775,0.0182283,9.385924667975567,0.7791909037388958,0.005381191506942879,0.001701682168749328,10
3.775,0.0182283,10.65425128959158,0.7430454308957654,0.005509997123847941,0.0017424140812336364,10
3.775,0.0182283,12.093967782318368,0.7283018661027744,0.006088307628139468,0.001925291920069817,10
3.775,0.0182283,13.728234180344895,0.7457457748871755,0.007231203267045304,0.002286707254751396,10
3.775,0.0182283,15.583340149618108,0.7561565452535522,0.006075150684929564,0.0019211313293109387,10
3.775,0.0182283,17.689127897190275,0.7339628419861127,0.0060985563891584535,0.0019285328628712913,10
3.775,0.0182283,20.07947222860456,0.7297587792841738,0.007318147361072424,0.0023142013913739503,10
3.775,0.0182283,22.792825475773903,0.7358814863706417,0.006868100713063381,0.0021718841452706846,10
3.775,0.0182283,25.872836061348632,0.7219878778968838,0.007808932636914085,0.0024694013227473163,10
3.775,0.0182283,29.369050650123167,0.7193491361305587,0.006316960341816902,0.00199759825690972,10
3.775,0.0182283,33.33771118265806,0.7119384968941587,0.006162569463190351,0.0019487755742682688,10
3.775,0.0182283,37.842659612617176,0.703512686714288,0.005783768752012503,0.0018289882716069085,10
3.775,0.0182283,42.95636490189982,0.6958800196155176,0.006307142824841923,0.00199449368544889,10
3.775,0.0182283,48.76108879434957,0.6883481255948153,0.005500679812254125,0.0017394676886030413,10
3.775,0.0182283,55.350209121286355,0.676710890476713,0.007873413441001608,0.002489791943374883,10
3.775,0.0182283,62.82972192624931,0.6639534361637269,0.008209372850998863,0.00259603163707065,10
3.775,0.0182283,71.31994657291497,0.6564149621342971,0.007764027707102223,0.002455201137109768,10
3.775,0.0182283,80.95746126545187,0.6429098800471983,0.008925613952211704,0.0028225269604366266,10
3.775,0.0182283,91.89730011710618,0.6310958483493533,0.008570987773078078,0.002710384316038113,10
3.775,0.0182283,104.31544711021446,0.6183578061374739,0.010521415817920477,0.003327163819435214,10
3.775,0.0182283,118.41166706679324,0.6041793017925371,0.010653346468391172,0.0033688839543027102,10
3.775,0.0182283,134.41271917018034,0.5871160583624524,0.011356388984278295,0.0035912055185165523,10
3.775,0.0182283,152.57600473212457,0.567952167544054,0.010390003784852981,0.0032856076857905488,10
3.775,0.0182283,173.19370788521238,0.5511290844541518,0.012389131375256256,0.0039177873376864,10
3.775,0.0182283,196.59749580998604,0.5315893629906373,0.01654483326322605,0.005231935661951044,10
3.775,0.0182283,223.1638541070668,0.5090045826281158,0.017339691415836127,0.005483291879851199,10
3.775,0.0182283,253.32014314187637,0.4887291017299892,0.01697212125510319,0.005367055989068173,10
3.775,0.0182283,287.5514727874956,0.467601402303439,0.014411458915625952,0.004557303457931836,10
3.775,0.0182283,326.40850615637055,0.4463100316579035,0.01971144980816043,0.006233307737787601,10
3.775,0.0182283,370.5163178557939,0.4207915826412595,0.020194128353457696,0.006385944095871212,10
3.775,0.0182283,420.58444926569615,0.3978888009821987,0.017087612158089738,0.005403577419314877,10
3.775,0.0182283,477.4183225932176,0.3742249357218215,0.017998924181646777,0.005691759584668603,10
3.775,0.0182283,541.9321973165318,0.3462303982293418,0.020673997830661938,0.006537692148627178,10
3.775,0.0182283,615.1638774420524,0.319485525931603,0.02070339179252752,0.006546987335522315,10
3.775,0.0182283,698.2914061636919,0.29114300034192947,0.018078925187355738,0.0057170581239830475,10
3.775,0.0182283,792.652016483199,0.265951740362942,0.017947526166834635,0.005675506105266859,10
3.775,0.0182283,899.7636426411872,0.23485824012622641,0.015118680326544887,0.004780946504786008,10
3.775,0.0182283,1021.3493384030259,0.20623914899876988,0.016410948997423645,0.005189597739671545,10
3.775,0.0182283,1159.3649950049091,0.18043086232608108,0.015014251474300286,0.004747923202132995,10
3.775,0.0182283,1316.0308046455484,0.15857461402520462,0.013343545729821266,0.004219599656884896,10
3.775,0.0182283,1493.8669756616864,0.13723645595402095,0.012010075294178149,0.0037979192799719734,10
3.775,0.0182283,1695.7342739204687,0.11505974127683313,0.009666153431214188,0.0030567061055288554,10
3.775,0.0182283,1924.8800425987847,0.09483079295169697,0.012569301636459874,0.003974762176889491,10
3.775,0.0182283,2184.990440647822,0.07421417004541166,0.016318934936554827,0.0051605003387608615,10
3.775,0.0182283,2480.2497402782196,0.053687472822799585,0.010711406173773363,0.0033872440452313163,10
3.775,0.0182283,2815.4076373562034,0.038798123716911506,0.012155186894132036,0.0038438075970485203,10
3.775,0.0182283,3195.8556575010366,0.02783870867127377,0.012085293120410609,0.003821705245126107,10
3.775,0.0182283,3627.7138869923433,0.016079455229833204,0.008454465514641712,0.0026735367425615446,10
3.775,0.0182283,4117.929423686066,0.01117826384757748,0.0072969792785062566,0.002307507455913191,10
3.775,0.0182283,4674.388131672206,0.0071876798929992715,0.0038730953243514906,0.001224780281989932,10
3.775,0.0182283,5306.041497418272,0.0031504564880288806,0.002937311694532909,0.0009288595152572743,10
3.775,0.0182283,6023.050628072877,0.002666809203541328,0.0015549302673387665,0.0004917121247525027,10
3.775,0.0182283,6836.949708361742,0.002432992244524765,0.002061240042007541,0.0006518213337084978,10
3.775,0.0182283,7760.831545529242,0.0020848014854259536,0.003696780483540529,0.0011690246337646673,10
3.775,0.0182283,8809.558187098928,-0.0011177435589948288,0.00325740830679022,0.0010300829518609619,10
3.775,0.0182283,9999.99999956053,0.0015187429866059682,0.005084905576482398,0.00160798833085759,10
3.775,0.01531428,0.010000000000218279,0.9999922057112995,0.0001,3.1622776601683795e-05,10
3.775,0.01531428,0.011351307054675233,0.9999890875133911,0.0001,3.1622776601683795e-05,10
3.775,0.01531428,0.012885217184670714,0.9999855479511993,0.0001,3.1622776601683795e-05,10
3.775,0.01531428,0.014626405672618265,0.9999815300854719,0.0001,3.1622776601683795e-05,10
3.775,0.01531428,0.016602882189250948,0.9999769692827142,0.0001,3.1622776601683795e-05,10
3.775,0.01531428,0.018846441371867226,0.9999717921754625,0.0001,3.1622776601683795e-05,10
3.775,0.01531428,0.021393174289532996,0.9999637739341342,0.0001,3.1622776601683795e-05,10
3.775,0.01531428,0.024284049022937213,0.999952659348524,0.0001,3.1622776601683795e-05,10
3.775,0.01531428,0.027565569698412937,0.9999400428411193,0.0001,3.1622776601683795e-05,10
3.775,0.01531428,0.03129052457769065,0.9999237449723026,0.0001,3.1622776601683795e-05,10
3.775,0.01531428,0.035518835237547564,0.9999010125217259,0.0001,3.1622776601683795e-05,10
3.775,0.01531428,0.040318520499702026,0.9998747194693347,0.0001,3.1622776601683795e-05,10
3.775,0.01531428,0.045766790617234585,0.999837068184209,0.0001,3.1622776601683795e-05,10
3.775,0.01531428,0.051951289319191934,0.9997913447400121,0.0001,3.1622776601683795e-05,10
3.775,0.01531428,0.05897150369355452,0.999732093480679,0.0001,3.1622776601683795e-05,10
3.775,0.01531428,0.06694036458868406,0.9996542186169775,0.0001,3.1622776601683795e-05,10
3.775,0.01531428,0.0759860632781475,0.9995549487799085,0.0001,3.1622776601683795e-05,10
3.775,0.01531428,0.08625411361274073,0.9994274572898465,0.0001,3.1622776601683795e-05,10
3.775,0.01531428,0.09790969283256912,0.9992639056163005,0.0001,3.1622776601683795e-05,10
3.775,0.01531428,0.11114029869471674,0.99905250410577,0.0001,3.1622776601683795e-05,10
3.775,0.01531428,0.12615876566045128,0.998778130922552,0.0001,3.1622776601683795e-05,10
3.775,0.01531428,0.14320668866193417,0.9984300527762461,0.0001,3.1622776601683795e-05,10
3.775,0.01531428,0.16255830952494102,0.997982952280144,0.0001,3.1622776601683795e-05,10
3.775,0.01531428,0.1845249285666265,0.9974067678347293,0.0001,3.1622776601683795e-05,10
3.775,0.01531428,0.209459912335607,0.9966687302283145,0.0001,3.1622776601683795e-05,10
3.775,0.01531428,0.23776437805149325,0.9957193704443734,0.0001,3.1622776601683795e-05,10
3.775,0.01531428,0.2698936461867474,0.9945190225698088,0.0001283997623369956,4.060357000092104e-05,10
3.775,0.01531428,0.3063645649904774,0.9929788467764421,0.00016534841316784353,5.228775931049626e-05,10
3.775,0.01531428,0.3477638247803005,0.9910547108110673,0.0002119763242125964,6.70327994542103e-05,10
3.775,0.01531428,0.3947573957503299,0.9885864877048295,0.00027274637379939647,8.624997647577656e-05,10
3.775,0.01531428,0.4481012411168134,0.985500291277796,0.00035098729905597853,0.0001109919294807559,10
3.775,0.01531428,0.5086534779386983,0.9816077270866927,0.0004518808603107585,0.00014289727496183795,10
3.775,0.01531428,0.5773881812384607,0.9767625586937164,0.0005805675741206837,0.00018359158698599875,10
3.775,0.01531428,0.6554110534835178,0.9707785478258701,0.0007462654592724831,0.00023598985904126687,10
3.775,0.01531428,0.7439772114957187,0.9634464489183587,0.0009587814943691352,0.00030319333006263705,10
3.775,0.01531428,0.8445113769184625,0.954482002674459,0.0012329175089096083,0.00038988274952553027,10
3.775,0.01531428,0.9586307950358789,0.9436255161170308,0.0015773635799788072,0.0004988061610930201,10
3.775,0.01531428,1.088171250628218,0.9305087719850469,0.002009294473996478,0.0006353947027818836,10
3.775,0.01531428,1.2352165993681232,0.9146878470517887,0.002546501169302781,0.000805274375927884,10
3.775,0.01531428,1.402132289815328,0.8957065422823399,0.003171796793246795,0.0010030102141878044,10
3.775,0.01531428,1.5916034152621248,0.8730128987999832,0.003860980657092352,0.0012209492878265374,10
3.775,0.01531428,1.80667790755158,0.846489424643458,0.004606102626219787,0.0014565775435337735,10
3.775,0.01531428,2.0508155677068496,0.8167001894236513,0.005334708662824763,0.0016869830027957473,10
3.775,0.01531428,2.3279437221040404,0.7849249943692425,0.005898970196845167,0.0018654181671482538,10
3.775,0.01531428,2.642520399502972,0.7526836910092563,0.006125553469457751,0.0019370700892633154,10
3.775,0.01531428,2.9996060452346534,0.7215480326118818,0.005822035969387542,0.0018410894282690979,10
3.775,0.01531428,3.404944926177538,0.6942882005040885,0.004994990351647119,0.001579554640177028,10
3.775,0.01531428,3.865057536045609,0.6753797430084963,0.004052997003563581,0.0012816701881098493,10
3.775,0.01531428,4.3873454874682505,0.6692831038430563,0.004146272604599982,0.0013111665230494684,10
3.775,0.01531428,4.980210578210885,0.6785961166823955,0.00510338691505668,0.0016138326432679363,10
3.775,0.01531428,5.653189946897943,0.7062994438558732,0.005559259244338167,0.001757992131545513,10
3.775,0.01531428,6.417109492424104,0.7481902910667978,0.005395406650045923,0.0017061773916964133,10
3.775,0.01531428,7.284258025038717,0.7916688379438823,0.005061428959289445,0.0016005643726490302,10
3.775,0.01531428,8.268584950589176,0.8162127773735612,0.00407216238190935,0.0012877308128889993,10
3.775,0.01531428,9.385924667975567,0.8073393862151523,0.004220617625189962,0.0013346764828251134,10
3.775,0.01531428,10.65425128959158,0.7738028253471924,0.004836672616236509,0.0015294901763872862,10
3.775,0.01531428,12.093967782318368,0.7480322664395478,0.004584311253496886,0.00144968650641917,10
3.775,0.01531428,13.728234180344895,0.7534938804602181,0.004360633830277007,0.001378953494565945,10
3.775,0.01531428,15.583340149618108,0.7734078105409433,0.0064052077458605205,0.0020255045363472184,10
3.775,0.01531428,17.689127897190275,0.7615037508496103,0.005967633616421915,0.0018871314469280857,10
3.775,0.01531428,20.07947222860456,0.7425885191654628,0.005632431843298045,0.0017811313390482413,10
3.775,0.01531428,22.792825475773903,0.7539885890697804,0.00525956697209128,0.00166322111380037,10
3.775,0.01531428,25.872836061348632,0.7483195228361531,0.004513211359111996,0.0014272027456538033,10
3.775,0.01531428,29.369050650123167,0.7407289433788413,0.004415881256777135,0.00139642426482626,10
3.775,0.01531428,33.33771118265806,0.737959739949695,0.0057097927850140884,0.0018055950168240644,10
3.775,0.01531428,37.842659612617176,0.7315131029604764,0.006085712972997271,0.0019244714180706162,10
3.775,0.01531428,42.95636490189982,0.7257123838601711,0.006647520313374816,0.0021021304982500686,10
3.775,0.01531428,48.76108879434957,0.7190732996278378,0.0033247433773319454,0.0010513761707929578,10
3.775,0.01531428,55.350209121286355,0.7138731046857528,0.007871850306221707,0.002489297636755452,10
3.775,0.01531428,62.82972192624931,0.7064521223346689,0.00617775829106072,0.00195357870337413,10
3.775,0.01531428,71.31994657291497,0.698139290927017,0.006914588152491839,0.002186584764388989,10
3.775,0.01531428,80.95746126545187,0.6890551581935639,0.006996665143317738,0.0022125397878392473,10
3.775,0.01531428,91.89730011710618,0.6823108147007289,0.007738984824919738,0.0024472818824225785,10
3.775,0.01531428,104.31544711021446,0.6709684779151728,0.00796668581248028,0.002519287257038676,10
3.775,0.01531428,118.41166706679324,0.6604743919190634,0.008207519794506764,0.0025954456491558506,10
3.775,0.01531428,134.41271917018034,0.6497937460255981,0.005703321833269396,0.0018035487222098376,10
3.775,0.01531428,152.57600473212457,0.6387287998194879,0.007353911207434867,0.002325510912613315,10
3.775,0.01531428,173.19370788521238,0.624187985910798,0.008295221323465931,0.002623179307734869,10
3.775,0.01531428,196.59749580998604,0.6100155720156094,0.01021329762831648,0.0032297282926675897,10
3.775,0.01531428,223.1638541070668,0.5958507916789635,0.009015802198034184,0.002851046987934047,10
3.775,0.01531428,253.32014314187637,0.5798821283069763,0.012748251153340119,0.0040313509828423235,10
3.775,0.01531428,287.5514727874956,0.5618766814214281,0.01242029284678695,0.003927641460214349,10
3.775,0.01531428,326.40850615637055,0.5455906221036664,0.014341535278635457,0.00453519166241456,10
3.775,0.01531428,370.5163178557939,0.5268605297690528,0.016005620657726344,0.005061421664305754,10
3.775,0.01531428,420.58444926569615,0.5075172261742662,0.017119324597622866,0.005413605773223381,10
3.775,0.01531428,477.4183225932176,0.4862750666700209,0.016030683178576557,0.0050693471292849665,10
3.775,0.01531428,541.9321973165318,0.4675616128956923,0.01606435838121842,0.005079996163386567,10
3.775,0.01531428,615.1638774420524,0.4490451121546545,0.016865165436189804,0.005333233589390691,10
3.775,0.01531428,698.2914061636919,0.4237940246970234,0.020560711262227402,0.006501867790171411,10
3.775,0.01531428,792.652016483199,0.39534129854657474,0.021740568012087035,0.00687497125439941,10
3.775,0.01531428,899.7636426411872,0.37178389956028607,0.02199320389899951,0.006954861736533424,10
3.775,0.01531428,1021.3493384030259,0.34604941331297895,0.02141668404492212,0.006772550151014178,10
3.775,0.01531428,1159.3649950049091,0.3203500485313436,0.021472148873614857,0.006790089669884189,10
3.775,0.01531428,1316.0308046455484,0.2914907245706511,0.02157459038982501,0.006822484521702703,10
3.775,0.01531428,1493.8669756616864,0.261761915640648,0.021438166266429266,0.006779343425930461,10
3.775,0.01531428,1695.7342739204687,0.2312387589200803,0.0210089861376467,0.0066436247525867315,10
3.775,0.01531428,1924.8800425987847,0.2041919773608417,0.020300959407382486,0.006419727041395073,10
3.775,0.01531428,2184.990440647822,0.1798036845610055,0.019559722251958546,0.006185327271646685,10
3.775,0.01531428,2480.2497402782196,0.15672840671911697,0.020510047225832516,0.006485846415124861,10
3.775,0.01531428,2815.4076373562034,0.131813333174526,0.025516564492411534,0.008069046185859869,10
3.775,0.01531428,3195.8556575010366,0.1110102702668708,0.02570687999585592,0.008129229232352457,10
3.775,0.01531428,3627.7138869923433,0.08813230973762576,0.022413307856379835,0.007087710272470638,10
3.775,0.01531428,4117.929423686066,0.06728968363990631,0.01667075555966729,0.005271755788446368,10
3.775,0.01531428,4674.388131672206,0.05245182374685483,0.01483295569596975,0.004690592443163245,10
3.775,0.01531428,5306.041497418272,0.04116281297626491,0.013398251543759777,0.004236899154214804,10
3.775,0.01531428,6023.050628072877,0.03179297749644601,0.014414836606424135,0.004558371577547241,10
3.775,0.01531428,6836.949708361742,0.024127647705219957,0.013007697287137679,0.004113395054134831,10
3.775,0.01531428,7760.831545529242,0.015512161946288511,0.009423150949296046,0.0029798619735353343,10
3.775,0.01531428,8809.558187098928,0.0104058658603314,0.008947235549416064,0.0028293643098182774,10
3.775,0.01531428,9999.99999956053,0.0059320153993839995,0.008637349285931047,0.002731369668997105,10
3.775,0.01305204,0.00999999999839929,0.9999935003903493,0.0001,3.1622776601683795e-05,10
3.775,0.01305204,0.011341252430848697,0.999990887723078,0.0001,3.1622776601683795e-05,10
3.775,0.01305204,0.01286240067208205,0.9999879246311736,0.0001,3.1622776601683795e-05,10
3.775,0.01305204,0.014587573291215107,0.9999845641138465,0.0001,3.1622776601683795e-05,10
3.775,0.01305204,0.01654413510756593,0.9999807528663155,0.0001,3.1622776601683795e-05,10
3.775,0.01305204,0.018763121253500575,0.9999764304342822,0.0001,3.1622776601683795e-05,10
3.775,0.01305204,0.0212797294560635,0.9999698674834157,0.0001,3.1622776601683795e-05,10
3.775,0.01305204,0.024133878346001423,0.9999606038204482,0.0001,3.1622776601683795e-05,10
3.775,0.01305204,0.02737084065012084,0.9999500976664315,0.0001,3.1622776601683795e-05,10
3.775,0.01305204,0.031041961310724463,0.9999368314614209,0.0001,3.1622776601683795e-05,10
3.775,0.01305204,0.03520547192299189,0.9999179200029538,0.0001,3.1622776601683795e-05,10
3.775,0.01305204,0.03992741440897199,0.9998964720405189,0.0001,3.1622776601683795e-05,10
3.775,0.01305204,0.045282688579574126,0.9998653072674168,0.0001,3.1622776601683795e-05,10
3.775,0.01305204,0.051356240201066654,0.9998280988584387,0.0001,3.1622776601683795e-05,10
3.775,0.01305204,0.05824440841128294,0.9997789686985911,0.0001,3.1622776601683795e-05,10
3.775,0.01305204,0.06605645385835444,0.9997154512842338,0.0001,3.1622776601683795e-05,10
3.775,0.01305204,0.0749162918014227,0.9996345232972971,0.0001,3.1622776601683795e-05,10
3.775,0.01305204,0.0849644576639059,0.9995306075545883,0.0001,3.1622776601683795e-05,10
3.775,0.01305204,0.09636033621707599,0.9993972192412217,0.0001,3.1622776601683795e-05,10
3.775,0.01305204,0.10928468975342442,0.9992267959429528,0.0001,3.1622776601683795e-05,10
3.775,0.01305204,0.1239425253518967,0.9990016910599767,0.0001,3.1622776601683795e-05,10
3.775,0.01305204,0.1405663467157732,0.9987237836826232,0.0001,3.1622776601683795e-05,10
3.775,0.01305204,0.1594198421640969,0.9983613790090523,0.0001,3.1622776601683795e-05,10
3.775,0.01305204,0.18080206727584922,0.9978967338299952,0.0001,3.1622776601683795e-05,10
3.775,0.01305204,0.20505218853229243,0.9972986108595137,0.0001,3.1622776601683795e-05,10
3.775,0.01305204,0.23255486320149607,0.9965301477493489,0.0001,3.1622776601683795e-05,10
3.775,0.01305204,0.26374634080118375,0.9955598422157264,0.0001,3.1622776601683795e-05,10
3.775,0.01305204,0.2991213829217682,0.9943143170937704,0.0001,3.1622776601683795e-05,10
3.775,0.01305204,0.3392411111723355,0.9927547482691722,0.0001,3.1622776601683795e-05,10
3.775,0.01305204,0.3847419077342925,0.9907498061065209,0.00011433426674968208,3.6155669753425194e-05,10
3.775,0.01305204,0.4363455097039377,0.9882447626212851,0.00014584251567488092,4.611945292214326e-05,10
3.775,0.01305204,0.4948704573411843,0.9851093067801717,0.0001853789359035448,5.862196676735656e-05,10
3.775,0.01305204,0.5612450778174306,0.9811841476808029,0.00023526026103707566,7.439582678029257e-05,10
3.775,0.01305204,0.636522210411769,0.9762951168381262,0.00029481001555633563,9.322711261876924e-05,10
3.775,0.01305204,0.7218959067277211,0.9702772954029916,0.0003669593991111899,0.00011604275099981279,10
3.775,0.01305204,0.8187203708306032,0.9628867693071681,0.0004509684369803768,0.0001426087413704097,10
3.775,0.01305204,0.9285314397354238,0.9539037535347095,0.0005440720930752231,0.00017205070254528292,10
3.775,0.01305204,1.0530709449704487,0.9429824283148583,0.0006397915757556922,0.00020231986071761506,10
3.775,0.01305204,1.1943143416413986,0.9297055590451719,0.000738155829217375,0.00023342536884571704,10
3.775,0.01305204,1.354502043250615,0.9136229242714193,0.0008549233325019231,0.00027035049555275344,10
3.775,0.01305204,1.5361749593064533,0.8942294792294122,0.0010246306112068606,0.00032401664917441274,10
3.775,0.01305204,1.742214799423201,0.871189750452696,0.001285608760548121,0.0004065451863198082,10
3.775,0.01305204,1.9758897832181799,0.84464241640971,0.0016629388755152806,0.0005258674456267497,10
3.775,0.01305204,2.2409064810599326,0.8153162237325983,0.0022133262710640348,0.0006999152221649579,10
3.775,0.01305204,2.5414686079693736,0.7846803640660118,0.002928607749314621,0.0009261070861053622,10
3.775,0.01305204,2.882343703267211,0.7537176120663414,0.003728038320514762,0.0011789092297215475,10
3.775,0.01305204,3.268938753645334,0.7241556043276919,0.004547238964063473,0.0014379632191505122,10
3.775,0.01305204,3.707385959201014,0.6993701777666693,0.00515872689505147,0.0016313326815131052,10
3.775,0.01305204,4.204640002861323,0.6840399081847178,0.005561572737492725,0.001758723722317474,10
3.775,0.01305204,4.768588366092783,0.6811644117089481,0.005921732126852875,0.001872616121424823,10
3.775,0.01305204,5.40817644073235,0.6947758355068545,0.0060856842264476445,0.001924462327613447,10
3.775,0.01305204,6.133549421473251,0.7256861039609135,0.005772142819537614,0.0018253118289525117,10
3.775,0.01305204,6.9562132297149075,0.7690952913246558,0.005585412402342702,0.0017662624862755725,10
3.775,0.01305204,7.88921702136344,0.812007952990732,0.005144544634620125,0.0016268478569798318,10
3.775,0.01305204,8.947360173535325,0.8334724984182911,0.00389744210807261,0.0012324794110157569,10
3.775,0.01305204,10.14742703340295,0.8189280745390188,0.003920950351351981,0.0012399133702709726,10
3.775,0.01305204,11.508453152786267,0.7824581521683492,0.0053259172548239374,0.0016842029154835038,10
3.775,0.01305204,13.052027231523823,0.7592100273180657,0.0057167358116980704,0.0018077905946417355,10
3.775,0.01305204,14.802633559071767,0.7703735404557969,0.004562145642138533,0.001442677124656921,10
3.775,0.01305204,16.78804038616581,0.78928686689447,0.0049039355836703324,0.0015507605943145474,10
3.775,0.01305204,19.03974038692664,0.7767794525502281,0.005427066283535699,0.001716189046867797,10
3.775,0.01305204,21.593450198052466,0.7630142314434728,0.005757512283385586,0.0018206852471895274,10
3.775,0.01305204,24.489676958827392,0.7740868987315206,0.0023344977842737007,0.0007382330190921304,10
3.775,0.01305204,27.774360838445915,0.7632061776081094,0.0050898664330236995,0.0016095570914391759,10
3.775,0.01305204,31.49960374247156,0.7648623176284971,0.007048133762763823,0.0022288155943866535,10
3.775,0.01305204,35.724495757226116,0.7614796084545896,0.004358053864214655,0.0013781376376616483,10
3.775,0.01305204,40.51605244123391,0.7578060068693603,0.006508881093772749,0.002058288927552989,10
3.775,0.01305204,45.950277831109084,0.7507980893149624,0.003886936007595028,0.0012291570903321827,10
3.775,0.01305204,52.113370023365725,0.7498866868820644,0.004934883461875637,0.001560547172702372,10
3.775,0.01305204,59.10308845518216,0.7445362781530647,0.004268188354758337,0.001349719668364312,10
3.775,0.01305204,67.03030457202969,0.7399398864353198,0.0047190674290775916,0.0014923001507800295,10
3.775,0.01305204,76.02076047897474,0.7341372465215972,0.0033524684096132634,0.0010601435958140237,10
3.775,0.01305204,86.2170634715148,0.7269263782394584,0.0035354557231344168,0.0011180092651782408,10
3.775,0.01305204,97.78094808334725,0.720653051237483,0.0035332733547276717,0.0011173191396923502,10
3.775,0.01305204,110.89584153184666,0.7138960597441262,0.004743358306464741,0.0014999816006707567,10
3.775,0.01305204,125.76977325453886,0.7055724963171314,0.005486615041778675,0.0017350200176560503,10
3.775,0.01305204,142.63867468786512,0.6991336864719753,0.005932419513549621,0.001875995769844493,10
3.775,0.01305204,161.77012162957337,0.6909781282363495,0.007659962239228475,0.002422292746684556,10
3.775,0.01305204,183.46757854637704,0.6839083753801105,0.005991795317735566,0.0018947720477576675,10
3.775,0.01305204,208.07521215040907,0.6737625798485005,0.005889223911591331,0.0018623361211354704,10
3.775,0.01305204,235.9833505977926,0.6650303875437957,0.008152535517555804,0.0025780580940895975,10
3.775,0.01305204,267.63467490354464,0.6535081870682374,0.010951881526032218,0.003463289028658246,10
3.775,0.01305204,303.53124078150915,0.6432550686674648,0.011849404339190787,0.003747110662812528,10
3.775,0.01305204,344.2424422902844,0.6352996011421891,0.01081859072849451,0.003421138777522294,10
3.775,0.01305204,390.41404360509273,0.6222355004851452,0.012289392932073623,0.0038862472726127594,10
3.775,0.01305204,442.7784221782486,0.6095803937142805,0.015258824698682083,0.0048252640465067855,10
3.775,0.01305204,502.1661857660235,0.5930930884366628,0.01797519154517471,0.005684254666055351,10
3.775,0.01305204,569.5193475920579,0.5844490179423448,0.016438891395295786,0.005198433901727806,10
3.775,0.01305204,645.9062686327698,0.5663152431113646,0.02194956458276057,0.0069410617730486825,10
3.775,0.01305204,732.5386040404393,0.551170591476861,0.02189045340063307,0.006922369175977888,10
3.775,0.01305204,830.7905225093997,0.5371206424876284,0.0220037176696933,0.0069581864827523345,10
3.775,0.01305204,942.2205034444029,0.5152904563778941,0.022052942074188144,0.006973752606219249,10
3.775,0.01305204,1068.5960576794828,0.4987301919446593,0.022507137668928,0.0071173818644785225,10
3.775,0.01305204,1211.9217638692703,0.481933563067839,0.02486031943347522,0.00786152327691285,10
3.775,0.01305204,1374.471065268096,0.4639300737182376,0.029522063404895812,0.009335696158737646,10
3.775,0.01305204,1558.822331259821,0.4485174380629654,0.03363758244573806,0.010637137551022949,10
3.775,0.01305204,1767.8997556491572,0.42937310983921007,0.03361221615185135,0.010629116024575029,10
3.775,0.01305204,2005.0197404462317,0.4099487834717781,0.03357238244521054,0.010616519500511835,10
3.775,0.01305204,2273.943500887537,0.38923232542611796,0.03359099727317975,0.010622406025975325,10
3.775,0.01305204,2578.93672611815,0.3634558032303408,0.03378443757862849,0.010683577221624998,10
3.775,0.01305204,2924.8372418774265,0.3439351092129267,0.03196880702457738,0.010109424427605498,10
3.775,0.01305204,3317.1317484588994,0.32132439726112016,0.031809654673323605,0.010059096035112191,10
3.775,0.01305204,3762.0428511676814,0.29849313264694094,0.03531438779124816,0.011167389959478701,10
3.775,0.01305204,4266.627763759206,0.27904784944580385,0.036288242407926864,0.011475349829336191,10
3.775,0.01305204,4838.890250500639,0.26124327888457355,0.037129816741431204,0.011741479000757378,10
3.775,0.01305204,5487.907582488498,0.2395132700280052,0.03611461954339112,0.011420445458754609,10
3.775,0.01305204,6223.974522013344,0.21694622524181098,0.03565439708557121,0.011274910339047439,10
3.775,0.01305204,7058.766618862337,0.1957380602381806,0.04175696733490823,0.013204712495956105,10
3.775,0.01305204,8005.525408778063,0.170756098986239,0.04371311392238242,0.013823300361314527,10
3.775,0.01305204,9079.26845170585,0.1486572740686438,0.04410742721947854,0.013947993174365967,10
3.775,0.01305204,10297.02754147197,0.12808253088113059,0.044942868822588425,0.014212183006154932,10
3.775,0.01305204,11678.118865392824,0.10666575362366562,0.043942521357582,0.013895845362055343,10
3.775,0.01305204,13244.449399107689,0.08456420106617318,0.04173667639861887,0.013198295938502929,10
3.775,0.01305204,15020.864396692668,0.06742997629831417,0.03913103057326463,0.012374318380120057,10
3.775,0.01305204,17035.541487970833,0.053634800130871144,0.03392435333709469,0.010727822469355315,10
3.775,0.01305204,19320.437634219943,0.04143170308358246,0.0271202101153048,0.008576163458670088,10
3.775,0.01305204,21911.796031923197,0.02573221022914999,0.017188987360772564,0.0054356350731887704,10
3.775,0.01305204,24850.721005108957,0.019298944583744697,0.017063749871672817,0.0053960315017891995,10
3.775,0.01305204,28183.830005264823,0.012273244935387272,0.011582589122327803,0.0036627362828446485,10
3.775,0.01235791,0.010000000002037268,0.9999938384994989,0.0001,3.1622776601683795e-05,10
3.775,0.01235791,0.011334438225563579,0.999991372163748,0.0001,3.1622776601683795e-05,10
3.775,0.01235791,0.012846948986294415,0.9999885767107276,0.0001,3.1622776601683795e-05,10
3.775,0.01235791,0.01456129496424554,0.999985408221771,0.0001,3.1622776601683795e-05,10
3.775,0.01235791,0.016504409822282715,0.9999818169175368,0.0001,3.1622776601683795e-05,10
3.775,0.01235791,0.01870682135419374,0.9999777463759385,0.0001,3.1622776601683795e-05,10
3.775,0.01235791,0.021203131099256606,0.9999716511440591,0.0001,3.1622776601683795e-05,10
3.775,0.01235791,0.024032557958408918,0.9999629376637097,0.0001,3.1622776601683795e-05,10
3.775,0.01235791,0.027239554352636794,0.9999530614232366,0.0001,3.1622776601683795e-05,10
3.775,0.01235791,0.030874504603894355,0.9999407868344964,0.0001,3.1622776601683795e-05,10
3.775,0.01235791,0.03499451651064258,0.9999230087239003,0.0001,3.1622776601683795e-05,10
3.775,0.01235791,0.03966431855425361,0.9999028582342726,0.0001,3.1622776601683795e-05,10
3.775,0.01235791,0.04495727683206728,0.9998739548797762,0.0001,3.1622776601683795e-05,10
3.775,0.01235791,0.050956547693881506,0.9998395561632737,0.0001,3.1622776601683795e-05,10
3.775,0.01235791,0.05775638419066188,0.9997935582813968,0.0001,3.1622776601683795e-05,10
3.775,0.01235791,0.0654636168607607,0.9997347260122572,0.0001,3.1622776601683795e-05,10
3.775,0.01235791,0.07419933211790905,0.9996598131008503,0.0001,3.1622776601683795e-05,10
3.775,0.01235791,0.08410077460971797,0.9995636520774962,0.0001,3.1622776601683795e-05,10
3.775,0.01235791,0.09532350343416945,0.9994401972225095,0.0001,3.1622776601683795e-05,10
3.775,0.01235791,0.1080438360898777,0.9992824345206076,0.0001,3.1622776601683795e-05,10
3.775,0.01235791,0.12246161855641483,0.9990747088347807,0.0001,3.1622776601683795e-05,10
3.775,0.01235791,0.13880336502474344,0.9988195146291938,0.0001,3.1622776601683795e-05,10
3.775,0.01235791,0.15732581660527917,0.998484198049414,0.0001,3.1622776601683795e-05,10
3.775,0.01235791,0.17831997492355958,0.9980585769649764,0.0001,3.1622776601683795e-05,10
3.775,0.01235791,0.20211567397433683,0.9975132394381223,0.0001,3.1622776601683795e-05,10
3.775,0.01235791,0.22908676206135578,0.9968091455141275,0.0001,3.1622776601683795e-05,10
3.775,0.01235791,0.2596569752349828,0.9959225062338524,0.0001,3.1622776601683795e-05,10
3.775,0.01235791,0.29430659450380225,0.994786412199675,0.00011428341275466792,3.6139588308188834e-05,10
3.775,0.01235791,0.3335799914099744,0.9933645198096259,0.00014313593844930662,4.526355805254785e-05,10
3.775,0.01235791,0.3780941805150104,0.99153828676059,0.00017905994606529527,5.662372672732381e-05,10
3.775,0.01235791,0.42854851316194015,0.9892628605790351,0.0002227499783971783,7.04397280488386e-05,10
3.775,0.01235791,0.4857356648101557,0.9864128561254318,0.0002765509316260973,8.745308329799604e-05,10
3.775,0.01235791,0.5505540885622139,0.9828518444661286,0.0003432223078839813,0.00010853642366929473,10
3.775,0.01235791,0.6240221305368572,0.9784358050637089,0.0004235791951707476,0.0001339475026200557,10
3.775,0.01235791,0.7072940288513632,0.9729911597995196,0.0005225631772987058,0.0001652489861598305,10
3.775,0.01235791,0.8016780475692525,0.9662876329251079,0.000642031871644184,0.0002030283044816495,10
3.775,0.01235791,0.9086570305112934,0.9581166736242432,0.0007878011380252089,0.00024912459394323437,10
3.775,0.01235791,1.0299116978456093,0.9481728311758572,0.0009664623883529219,0.0003056222420081421,10
3.775,0.01235791,1.167347051463816,0.9360766313304433,0.0011812546786953398,0.000373545528140765,10
3.775,0.01235791,1.3231223039914854,0.9214079264490966,0.001428727275120001,0.0004518032344585221,10
3.775,0.01235791,1.4996848016401583,0.9036536472075994,0.0016943997751676194,0.0005358162556406887,10
3.775,0.01235791,1.6998084738543977,0.8824458167427782,0.0019514233421211698,0.0006170942440320891,10
3.775,0.01235791,1.9266374138267095,0.8577728104092583,0.002202712191461798,0.0006965587554840178,10
3.775,0.01235791,2.1837352745629555,0.8301083992024297,0.0024711730120816518,0.0007814535210516812,10
3.775,0.01235791,2.475141256547541,0.8003740365861244,0.0027748717853145494,0.0008774915056531746,10
3.775,0.01235791,2.8054335666166494,0.7695714172141709,0.0030954569762555945,0.0009788694444025428,10
3.775,0.01235791,3.1798013450260805,0.7389328137313462,0.0033442760417107735,0.0010575529416138314,10
3.775,0.01235791,3.6041261907419515,0.7111678927627347,0.0033524089509829663,0.0010601247933441946,10
3.775,0.01235791,4.085074565777803,0.6906744660613579,0.003210624836517711,0.0010152887195701713,10
3.775,0.01235791,4.630202530319649,0.6810117320579899,0.003355703856851493,0.0010611667340662346,10
3.775,0.01235791,5.24807445410645,0.6866170834398975,0.004049940316231854,0.0012807035787035254,10
3.775,0.01235791,5.948397569110937,0.7107396514510236,0.005306285825087062,0.001677994912314095,10
3.775,0.01235791,6.742174477444485,0.7506640298982407,0.006294444062543205,0.0019904779842159874,10
3.775,0.01235791,7.641876010499736,0.7964761543618809,0.006160064654734523,0.0019479834842859823,10
3.775,0.01235791,8.661637155077942,0.8299385740075451,0.0053492379668351,0.0016915775721447156,10
3.775,0.01235791,9.817479124647635,0.8334761652698951,0.005527411523682853,0.0017479209979899546,10
3.775,0.01235791,11.127561064640878,0.8037063476058398,0.005621582914547279,0.0017777006065457107,10
3.775,0.01235791,12.612465346266353,0.7647030762534177,0.004842540819656721,0.0015313458652453922,10
3.775,0.01235791,14.295520931019349,0.7597638803268763,0.003928744995865977,0.001242378253292529,10
3.775,0.01235791,16.203169886187972,0.7865761857793048,0.005515583442722039,0.0017441806303714503,10
3.775,0.01235791,18.36538280958944,0.7935310704441735,0.004575618893600735,0.001446937740867796,10
3.775,0.01235791,20.81612969017107,0.7723750026395828,0.0037531049152586073,0.0011868359829790432,10
3.775,0.01235791,23.59391360204968,0.770933986444082,0.005615466175785941,0.001775766323911904,10
3.775,0.01235791,26.742375616723493,0.7759586596442902,0.004522645369327895,0.0014301860416289572,10
3.775,0.01235791,30.31098043708185,0.7683585274781304,0.004141007768274098,0.0013095016356196897,10
3.775,0.01235791,34.35579352503783,0.7694612105328027,0.004932882066980682,0.001559914276065823,10
3.775,0.01235791,38.94036193204265,0.7629198868483998,0.004138883668571409,0.0013088299363159112,10
3.775,0.01235791,44.13671267099067,0.7641127499051831,0.004924973203567385,0.0015574132738569036,10
3.775,0.01235791,50.02648431468756,0.7571286013400982,0.005264283126408431,0.0016647124927442734,10
3.775,0.01235791,56.70220959914337,0.7530507165904499,0.006670389039507621,0.002109362224426696,10
3.775,0.01235791,64.26876918235159,0.7512883860162934,0.00606804532982242,0.0019188844187386501,10
3.775,0.01235791,72.84503939819635,0.747511444519796,0.006243315738076474,0.001974309788389689,10
3.775,0.01235791,82.5657598929393,0.7418124742488821,0.004974946907017119,0.001573216346458401,10
3.775,0.01235791,93.58365048625802,0.7376723570393146,0.005167046479461159,0.0016339635651051695,10
3.775,0.01235791,106.07181051431293,0.7331036591938291,0.006563461595089859,0.0020755487975525778,10
3.775,0.01235791,120.22643835032316,0.7278405509382978,0.008062933029189078,0.002549723299363838,10
3.775,0.01235791,136.26991382836474,0.7211384652242269,0.0069518816991093624,0.002198378019322693,10
3.775,0.01235791,154.45429199758073,0.7139706091396305,0.006224067953369424,0.0019682231044310054,10
3.775,0.01235791,175.06526309630826,0.7061331161807017,0.007327452031135714,0.002317143786401588,10
3.775,0.01235791,198.42664096028926,0.696755058434882,0.008617079712104918,0.002724959866947955,10
3.775,0.01235791,224.90545038122895,0.6919288322386581,0.01028746870625798,0.0032531832469480907,10
3.775,0.01235791,254.91769334192583,0.6829407806278771,0.012896115875241759,0.00407810991352198,10
3.775,0.01235791,288.934884719858,0.6731661176536555,0.013320989141143198,0.00421246663723827,10
3.775,0.01235791,327.49146014003765,0.6643488092474963,0.013757924446552291,0.004350637712761672,10
3.775,0.01235791,371.1931723600653,0.6568717318242967,0.011051712426625986,0.0034948583313324623,10
3.775,0.01235791,420.7266081009001,0.6456588594557068,0.012323656618353896,0.003897082401580672,10
3.775,0.01235791,476.86997483990365,0.6342005495371926,0.014921957099250295,0.004718737158095016,10
3.775,0.01235791,540.5053270347792,0.6248172292486249,0.0174718129782764,0.005525072386384342,10
3.775,0.01235791,612.6324238615647,0.6101000277497862,0.017028011017754908,0.005384729883854737,10
3.775,0.01235791,694.3844361821539,0.5962585229105616,0.020326448962912795,0.006427787546597185,10
3.775,0.01235791,787.0457495095994,0.5822765716687921,0.024916437957924937,0.007879269512531746,10
3.775,0.01235791,892.072142669155,0.5720416055123827,0.023722276210977083,0.007501642411031661,10
3.775,0.01235791,1011.1136591769766,0.5585158074393779,0.022035156580500398,0.006968128339282866,10
3.775,0.01235791,1146.0405306630194,0.5440440711449335,0.02179192021713939,0.006891210247483155,10
3.775,0.01235791,1298.972559614574,0.5276885029907294,0.026081209143894023,0.008247602502591532,10
3.775,0.01235791,1472.3124230654093,0.5141100033259568,0.028183230290969297,0.008912319954051298,10
3.775,0.01235791,1668.7834204564952,0.49565929736384484,0.02945363159661423,0.009314056120880269,10
3.775,0.01235791,1891.4722587155397,0.4785915179038892,0.03163517653076759,0.010003921201872936,10
3.775,0.01235791,2143.877546741084,0.46205338288119585,0.03248709596534865,0.010273321781496831,10
3.775,0.01235791,2429.964761175912,0.4431494658771789,0.03473329555383073,0.01098363245939046,10
3.775,0.01235791,2754.2285470233624,0.41977233747332593,0.03654372002752369,0.011556138946248596,10
3.775,0.01235791,3121.763331896016,0.39887330032918433,0.03590667143083672,0.011354686491674114,10
3.775,0.01235791,3538.3433632996366,0.38096149208855945,0.03897561647210451,0.01232517212610268,10
3.775,0.01235791,4010.5134263982104,0.35910219973984037,0.036332613314294895,0.011489381141933095,10
3.775,0.01235791,4545.691667504304,0.33824779260823445,0.03698785916968873,0.011696588074976082,10
3.775,0.01235791,5152.286138729004,0.31711133753794696,0.03709692066392147,0.011731076347655758,10
3.775,0.01235791,5839.826894795409,0.2927993842727111,0.035456716923044716,0.011212398382865842,10
3.775,0.01235791,6619.115717355842,0.27313777274394435,0.03709862840100794,0.011731616381539555,10
3.775,0.01235791,7502.395819094235,0.25278476138091033,0.03823371405642851,0.012090561982590961,10
3.775,0.01235791,8503.544193792606,0.2329235107880306,0.04148484057826177,0.013118658459628384,10
3.775,0.01235791,9638.289634325634,0.2104522808395619,0.04741239124686185,0.014993114565511403,10
3.775,0.01235791,10924.459843809762,0.1866936677016424,0.04974847165808588,0.015731848055188475,10
3.775,0.01235791,12382.261522208568,0.1663242267260684,0.05427318706343726,0.017162688699684712,10
3.775,0.01235791,14034.59782876536,0.1412303256407178,0.04979094361341004,0.015745278866739,10
3.775,0.01235791,15907.4282078362,0.12321758277903463,0.0439810128790847,0.013908017449910732,10
3.775,0.01235791,18030.17623125746,0.10210070766609074,0.039344368418439364,0.01244178173030651,10
3.775,0.01235791,20436.191864757842,0.08168489777242105,0.03443796523672872,0.010890240812976248,10
3.775,0.01235791,23163.27542096729,0.06767358529336737,0.0292932736388434,0.009263346482131377,10
3.775,0.01235791,26254.271430718192,0.05625567798558716,0.025792050778107242,0.0081561625985537,10
3.775,0.01235791,29757.74176280295,0.04370785152673244,0.022474621297343955,0.007107099284933527,10
3.775,0.01235791,33728.7285674049,0.03353497147686562,0.019855552990193086,0.0062788771651177055,10
3.775,0.01235791,38229.619029616835,0.025620828479198287,0.01605251374293806,0.005076250559883892,10
3.775,0.01235791,43331.12551897447,0.017297425832850554,0.012209169472540495,0.0038608783872224562,10
3.775,0.01235791,49113.396533890045,0.013205237124950605,0.008912475224133881,0.002818372129808274,10
3.775,0.01235791,55667.275894757586,0.004826617392915468,0.003936490100106093,0.0012448274703039483,10
3.775,0.01235791,63095.7299685992,0.0021823761388451582,0.0029066081878655193,0.0009191502139349627,10
3.775,0.01135263,0.010000000009313226,0.9999944014894717,0.0001,3.1622776601683795e-05,10
3.775,0.01135263,0.011326728169739368,0.99999217347042,0.0001,3.1622776601683795e-05,10
3.775,0.01135263,0.012829477091168351,0.9999896498538066,0.0001,3.1622776601683795e-05,10
3.775,0.01135263,0.01453159994362263,0.999986791421871,0.0001,3.1622776601683795e-05,10
3.775,0.01135263,0.016459548227952196,0.9999835537537212,0.0001,3.1622776601683795e-05,10
3.775,0.01135263,0.018643282840110076,0.9999798865350208,0.0001,3.1622776601683795e-05,10
3.775,0.01135263,0.02111673967248284,0.999974482938707,0.0001,3.1622776601683795e-05,10
3.775,0.01135263,0.02391835698786072,0.9999666425630324,0.0001,3.1622776601683795e-05,10
3.775,0.01135263,0.027091672761597362,0.9999577619826387,0.0001,3.1622776601683795e-05,10
3.775,0.01135263,0.030686001274835974,0.9999469364767603,0.0001,3.1622776601683795e-05,10
3.775,0.01135263,0.03475719947326412,0.9999309929546281,0.0001,3.1622776601683795e-05,10
3.775,0.01135263,0.039368535000842295,0.9999129341605191,0.0001,3.1622776601683795e-05,10
3.775,0.01135263,0.04459166939801184,0.999887352974939,0.0001,3.1622776601683795e-05,10
3.775,0.01135263,0.05050777174357751,0.9998570125912298,0.0001,3.1622776601683795e-05,10
3.775,0.01135263,0.057208780046594715,0.999815809834691,0.0001,3.1622776601683795e-05,10
3.775,0.01135263,0.06479882999067017,0.9997638080731169,0.0001,3.1622776601683795e-05,10
3.775,0.01135263,0.07339587323379237,0.9996976245266621,0.0001,3.1622776601683795e-05,10
3.775,0.01135263,0.08313351041255745,0.9996126518539109,0.0001,3.1622776601683795e-05,10
3.775,0.01135263,0.09416306733622737,0.9995035288643491,0.0001,3.1622776601683795e-05,10
3.775,0.01135263,0.10665594663530001,0.9993640203546297,0.0001,3.1622776601683795e-05,10
3.775,0.01135263,0.12080629140991751,0.9991809835221288,0.0001,3.1622776601683795e-05,10
3.775,0.01135263,0.13683400227200898,0.9989562817854372,0.0001,3.1622776601683795e-05,10
3.775,0.01135263,0.15498815466691052,0.998660471521244,0.0001,3.1622776601683795e-05,10
3.775,0.01135263,0.17555086958066726,0.9982861379028257,0.0001,3.1622776601683795e-05,10
3.775,0.01135263,0.19884169778497282,0.9978101667006355,0.0001,3.1622776601683795e-05,10
3.775,0.01135263,0.22522258575223036,0.9971942193637686,0.0001,3.1622776601683795e-05,10
3.775,0.01135263,0.25510350041254914,0.9964167832297631,0.0001,3.1622776601683795e-05,10
3.775,0.01135263,0.2889488001630894,0.9954207230574139,0.0001,3.1622776601683795e-05,10
3.775,0.01135263,0.3272844511371582,0.9941718180976575,0.00011748053145998066,3.715060601406053e-05,10
3.775,0.01135263,0.37070620087604667,0.9925654034255871,0.00015099420767700564,4.774856097518197e-05,10
3.775,0.01135263,0.4198888364249257,0.9905666401096866,0.00019354919506437999,6.120562956956607e-05,10
3.775,0.01135263,0.4755966707263952,0.9880561320882008,0.0002482484805877333,7.850306243333326e-05,10
3.775,0.01135263,0.5386954202733928,0.9849145117694411,0.0003184947851907629,0.00010071689440888763,10
3.775,0.01135263,0.6101656586037615,0.9810164787055795,0.00040768493897682084,0.00012892129749135094,10
3.775,0.01135263,0.6911180547078262,0.976206239279003,0.0005188447798348844,0.00016407312563668358,10
3.775,0.01135263,0.7828106331584112,0.9703242992220595,0.0006558072720697279,0.00020738446858420667,10
3.775,0.01135263,0.8866683241909145,0.9631213885921728,0.0008226654990186612,0.0002601496729337984,10
3.775,0.01135263,1.0043051075475513,0.9543353422029262,0.0010183233607902746,0.00032202212146546696,10
3.775,0.01135263,1.1375490942077713,0.9435914219508599,0.0012326230265316779,0.000389789626021026,10
3.775,0.01135263,1.2884709357824844,0.9304911020066593,0.0014619932104943183,0.00046232284688640295,10
3.775,0.01135263,1.459416003062604,0.9145040923508905,0.0017117829548690938,0.0005413132997239552,10
3.775,0.01135263,1.653040833786249,0.8952024206518857,0.001989644035949288,0.0006291806886569685,10
3.775,0.01135263,1.87235441603385,0.8724209838517162,0.0022697345897126123,0.0007177530987559636,10
3.775,0.01135263,2.120764948807535,0.8464301158293436,0.002502149991276394,0.0007912493019803845,10
3.775,0.01135263,2.402132806468257,0.8179825882178035,0.0027274405193233693,0.0008624924223694333,10
3.775,0.01135263,2.7208305301139384,0.7878834555746587,0.003112809310351978,0.00098435673424902,10
3.775,0.01135263,3.0818107781826845,0.7569324430229043,0.0036635176170552787,0.0011585059918047202,10
3.775,0.01135263,3.4906832922538693,0.726929669558826,0.004206749390757727,0.0013302909620320099,10
3.775,0.01135263,3.953802074118781,0.7013607107597479,0.00483058151770921,0.00152756400190741,10
3.775,0.01135263,4.478364128878708,0.6845071884618378,0.005348246831227507,0.0016912641475457068,10
3.775,0.01135263,5.072521308567923,0.6805104636308008,0.005241989146052405,0.001657662517140664,10
3.775,0.01135263,5.745506994385029,0.6930084144793096,0.00506023653201357,0.0016001872940354428,10
3.775,0.01135263,6.507779586212705,0.7223250554628811,0.005492097104248725,0.0017367535980241187,10
3.775,0.01135263,7.371185029296075,0.7654025419284919,0.0059523508270881926,0.0018822986045985766,10
3.775,0.01135263,8.349140903793153,0.8094181812294604,0.005892115883803404,0.001863250643047477,10
3.775,0.01135263,9.456844938004338,0.8348084148610246,0.005838422723681551,0.001846271374971759,10
3.775,0.01135263,10.711511185639216,0.8262005868228457,0.00395442899479752,0.0012505002468970296,10
3.775,0.01135263,12.132637537386406,0.791078987522764,0.0031213629046007918,0.0009870616182497368,10
3.775,0.01135263,13.742308723996665,0.7626319249773752,0.004261623173418667,0.0013476435757357726,10
3.775,0.01135263,15.565539519638255,0.7721493220005078,0.005194977946198883,0.0016427962704332136,10
3.775,0.01135263,17.630663479007968,0.8004692040913977,0.005524754012112041,0.001747080619042753,10
3.775,0.01135263,19.96977324928916,0.7924405206321985,0.003621433961721685,0.0011451979714927553,10
3.775,0.01135263,22.619219299537335,0.7655280877466522,0.004128376934067434,0.0013055074151355872,10
3.775,0.01135263,25.620174817897542,0.7823088395381793,0.003096056065708166,0.0009790588931217737,10
3.775,0.01135263,29.01927555532642,0.7832470907249027,0.004999839093428013,0.0015810879469583925,10
3.775,0.01135263,32.86934455918252,0.7733678314684339,0.003046472544794311,0.0009633792070719361,10
3.775,0.01135263,37.230213059262866,0.7784442180962643,0.0043356470062204345,0.0013710519670146794,10
3.775,0.01135263,42.16965026310157,0.7743251765258586,0.0035411971894030747,0.0011198248762300396,10
3.775,0.01135263,47.7644165098289,0.7731088283673092,0.002646364290196343,0.0008368538675555245,10
3.775,0.01135263,54.10145614891841,0.7704135511026076,0.005428867773849703,0.0017167587281252954,10
3.775,0.01135263,61.27924868151651,0.7692101883124974,0.005804045022858123,0.0018354001914395713,10
3.775,0.01135263,69.40933916149723,0.7675281025647961,0.007683533516986177,0.0024297466391920365,10
3.775,0.01135263,78.61807163913367,0.7639346034846277,0.004469438538294332,0.001413360564314378,10
3.775,0.01135263,89.04855258562338,0.7608327823904824,0.005289586994714913,0.0016727142784904163,10
3.775,0.01135263,100.86287481067406,0.759364545425357,0.004863167129124128,0.001537868477009442,10
3.775,0.01135263,114.24463643349699,0.7566863466669724,0.006627959461553118,0.0020959448137771062,10
3.775,0.01135263,129.40179405277735,0.752771908984751,0.006468472482796205,0.002045510602776033,10
3.775,0.01135263,146.56989445473684,0.751843106198234,0.008677519993258569,0.0027440727620346036,10
3.775,0.01135263,166.015735081005,0.7495249564520158,0.008310442579679075,0.0026279926915831215,10
3.775,0.01135263,188.04151014107364,0.746028342791549,0.008145286846474854,0.0025757658630270776,10
3.775,0.01135263,212.98950680116084,0.7409502063060716,0.009166506524271015,0.002898703880348993,10
3.775,0.01135263,241.2474244296814,0.7355390392728001,0.009734853646912444,0.0030784310212639897,10
3.775,0.01135263,273.2543995619859,0.7322622282259077,0.008928667394228186,0.0028234925435841607,10
3.775,0.01135263,309.5078302141449,0.7291332003987898,0.008413150522632036,0.0026604717949353213,10
3.775,0.01135263,350.57110559765135,0.7232665891353771,0.00535204378874043,0.0016924648509376793,10
3.775,0.01135263,397.0823613571479,0.7178659998349791,0.011314007877643535,0.003577803435844121,10
3.775,0.01135263,449.7643963901872,0.7147223027132333,0.010377998984232152,0.0032818114345087466,10
3.775,0.01135263,509.435905359406,0.7087474592590581,0.011051375874858632,0.003494751904318923,10
3.775,0.01135263,577.0242014537112,0.7037747623516981,0.013139345949198519,0.0041550260164374365,10
3.775,0.01135263,653.5796271140173,0.700042760262626,0.014760481761092433,0.004667674172642542,10
3.775,0.01135263,740.2918766705594,0.69568485481634,0.01615764360482343,0.005109495541249561,10
3.775,0.01135263,838.508484550442,0.6891084144676359,0.017011039205085923,0.005379362925449167,10
3.775,0.01135263,949.7557663677679,0.6809829574349155,0.016195046242153757,0.005121323293695668,10
3.775,0.01135263,1075.7625383271368,0.6718987691561448,0.015690736990147214,0.004961846705552017,10
3.775,0.01135263,1218.4869835472275,0.6683541602648816,0.014333847214403981,0.004532760483037646,10
3.775,0.01135263,1380.1470828151496,0.6605906377460804,0.016409206184160526,0.005189046613726765,10
3.775,0.01135263,1563.2550826747038,0.6514305201673963,0.019314792513362506,0.006107873687579372,10
3.775,0.01135263,1770.6565364929268,0.6475720030005068,0.022215684760943943,0.007025216362487613,10
3.775,0.01135263,2005.5745252149188,0.6416388705171443,0.026058557176848324,0.008240439321656783,10
3.775,0.01135263,2271.6597450107024,0.6311616228498924,0.026533344745067123,0.008390580333687182,10
3.775,0.01135263,2573.0472401912275,0.6186064104513619,0.02777850401246543,0.008784334267151712,10
3.775,0.01135263,2914.420663040149,0.6081800830878524,0.028059605579349667,0.008873226387671346,10
3.775,0.01135263,3301.0850591783556,0.5972078543478215,0.029672633942747047,0.009383310743550297,10
3.775,0.01135263,3739.0493095678657,0.5861743313217834,0.03162755696622791,0.010001511684000533,10
3.775,0.01135263,4235.119510328422,0.5738823529723373,0.03401864217826877,0.01075763921896011,10
3.775,0.01135263,4797.004741517419,0.5596039916323848,0.036380183827560704,0.011504424259071416,10
3.775,0.01135263,5433.436868551578,0.542687928012477,0.039096541520123894,0.012363411983893327,10
3.775,0.01135263,6154.306238020712,0.5282935369681873,0.043000461612900324,0.013597939913540264,10
3.775,0.01135263,6970.8153766471205,0.5061080676864513,0.046533849647837515,0.014715295318299078,10
3.775,0.01135263,7895.65308191872,0.48147859492095363,0.04728489052598949,0.014952795297384401,10
3.775,0.01135263,8943.191609816837,0.4636794947430466,0.05505373844171161,0.017409520718297773,10
3.775,0.01135263,10129.710023994874,0.43846617839135343,0.06096608933050288,0.019279170231767905,10
3.775,0.01135263,11473.647177321744,0.41769378864156403,0.0643922417059095,0.02036261474347602,10
3.775,0.01135263,12995.888257198701,0.3932520969288131,0.06813354327073584,0.021545718179316355,10
3.775,0.01135263,14720.089347650623,0.36863670210213295,0.0651611670969307,0.020605770302112282,10
3.775,0.01135263,16673.04505198347,0.3424820471472697,0.06100829305411726,0.01929251622100407,10
3.775,0.01135263,18885.10488897537,0.3129051486931539,0.05959874669042383,0.01884677852331614,10
3.775,0.01135263,21390.644933522388,0.2865395359919633,0.05688436172084213,0.017988414628275638,10
3.775,0.01135263,24228.602031177405,0.26052955071461614,0.053090628064389446,0.016788730709232712,10
3.775,0.01135263,27443.078888435826,0.2335419533143736,0.048988904949850955,0.01549165197190258,10
3.775,0.01135263,31084.029442053292,0.2110122473414982,0.0459399378081252,0.014527483904015901,10
3.775,0.01135263,35208.03515824129,0.1875523858234843,0.04465575869153381,0.01412139081081073,10
3.775,0.01135263,39879.18432566214,0.16317108814265102,0.046742971754719025,0.014781425534982951,10
3.775,0.01135263,45170.06800670274,0.13979613377097333,0.04731969398610643,0.014963801117826836,10
3.775,0.01135263,51162.90812440708,0.11591857635725615,0.04495018988611534,0.014214498129718917,10
3.775,0.01135263,57950.83521588002,0.09468651648148582,0.04453918183598802,0.014084525972212216,10
3.775,0.01135263,65639.33570883177,0.07587853724566188,0.038497246626074545,0.012173898298362804,10
3.775,0.01135263,74347.89121237861,0.05973906711225281,0.031702659936053146,0.010025261328369596,10
3.775,0.01135263,84211.83529716822,0.04353345347310805,0.02126908792959972,0.006725876161193012,10
3.775,0.01135263,95384.45661975493,0.030872104484534306,0.018746968650623964,0.005928312015974511,10
3.775,0.01135263,108039.38107440669,0.024239663024188934,0.016032769158375922,0.005070006774016877,10
3.775,0.01135263,122373.26999169975,0.017948954488267662,0.011773941944283498,0.0037232473582527155,10
3.775,0.01135263,138608.87631472124,0.011998634663803442,0.008947874378541679,0.002829566325325537,10
3.775,0.01135263,156998.50624677088,0.005113468978977764,0.005384703676877305,0.0017027928144015634,10
3.775,0.01135263,177827.94016561517,0.002442915273914302,0.004538588332782858,0.0014352276493460082,10
3.8,0.11665069,0.010000000000218279,0.9999349179244804,0.0001,3.1622776601683795e-05,10
3.8,0.11665069,0.011351307054675233,0.9999086930144448,0.0001,3.1622776601683795e-05,10
3.8,0.11665069,0.012885217184670714,0.9998789243138161,0.0001,3.1622776601683795e-05,10
3.8,0.11665069,0.014626405672618265,0.9998451329476714,0.0001,3.1622776601683795e-05,10
3.8,0.11665069,0.016602882189250948,0.9998067753303816,0.0001,3.1622776601683795e-05,10
3.8,0.11665069,0.018846441371867226,0.9997632344212082,0.0001,3.1622776601683795e-05,10
3.8,0.11665069,0.021393174289532996,0.9996958122188492,0.0001,3.1622776601683795e-05,10
3.8,0.11665069,0.024284049022937213,0.9996023633424771,0.0001,3.1622776601683795e-05,10
3.8,0.11665069,0.027565569698412937,0.9994962866535182,0.0001,3.1622776601683795e-05,10
3.8,0.11665069,0.03129052457769065,0.9993593100013985,0.0001,3.1622776601683795e-05,10
3.8,0.11665069,0.035518835237547564,0.9991683514145004,0.0001,3.1622776601683795e-05,10
3.8,0.11665069,0.040318520499702026,0.9989474904755691,0.0001,3.1622776601683795e-05,10
3.8,0.11665069,0.045766790617234585,0.9986313404777842,0.0001,3.1622776601683795e-05,10
3.8,0.11665069,0.051951289319191934,0.9982476335337029,0.0001,3.1622776601683795e-05,10
3.8,0.11665069,0.05897150369355452,0.9977509163962065,0.0001,3.1622776601683795e-05,10
3.8,0.11665069,0.06694036458868406,0.9970992045753455,0.0001,3.1622776601683795e-05,10
3.8,0.11665069,0.0759860632781475,0.9962693861003856,0.0001,3.1622776601683795e-05,10
3.8,0.11665069,0.08625411361274073,0.9952057920109262,0.0001,3.1622776601683795e-05,10
3.8,0.11665069,0.09790969283256912,0.9938439093334616,0.0001,3.1622776601683795e-05,10
3.8,0.11665069,0.11114029869471674,0.9920895927726961,0.00011643714657620882,3.682065874316962e-05,10
3.8,0.11665069,0.12615876566045128,0.9898214790403859,0.00015118357770914018,4.780844503739441e-05,10
3.8,0.11665069,0.14320668866193417,0.9869597325892874,0.00019458898581127556,6.153444027458184e-05,10
3.8,0.11665069,0.16255830952494102,0.9833087300466422,0.0002509502618956811,7.935744070061163e-05,10
3.8,0.11665069,0.1845249285666265,0.9786462510571685,0.0003207267316544293,0.00010142269785296203,10
3.8,0.11665069,0.209459912335607,0.972738373089473,0.0004143933709854242,0.00013104268995890744,10
3.8,0.11665069,0.23776437805149325,0.9652473079945842,0.0005339597195434024,0.00016885288925418745,10
3.8,0.11665069,0.2698936461867474,0.9559253851652288,0.0006783924312014884,0.00021452652300157807,10
3.8,0.11665069,0.3063645649904774,0.944230715356656,0.0008578433678789512,0.0002712738918167212,10
3.8,0.11665069,0.3477638247803005,0.9299537996529903,0.0010811563663273903,0.0003418916624385927,10
3.8,0.11665069,0.3947573957503299,0.9123040824576716,0.0013640273205716175,0.0004313433123702958,10
3.8,0.11665069,0.4481012411168134,0.891072880865209,0.0017085412396941036,0.0005402881793761052,10
3.8,0.11665069,0.5086534779386983,0.8656994965795274,0.0021346961930251793,0.0006750502082450011,10
3.8,0.11665069,0.5773881812384607,0.8360174193873803,0.0026726984002629853,0.0008451814443519403,10
3.8,0.11665069,0.6554110534835178,0.8019713541445592,0.003353049904794322,0.0010603274807360794,10
3.8,0.11665069,0.7439772114957187,0.7636934425566908,0.004210816094890731,0.001331576966795041,10
3.8,0.11665069,0.8445113769184625,0.7217073130435726,0.005266762660395647,0.0016654965902378135,10
3.8,0.11665069,0.9586307950358789,0.676740116399263,0.006453509718082896,0.0020407789611173077,10
3.8,0.11665069,1.088171250628218,0.629966870010264,0.007557624444450766,0.0023899306944629114,10
3.8,0.11665069,1.2352165993681232,0.5829883059212406,0.008435961569822261,0.002667685281428791,10
3.8,0.11665069,1.402132289815328,0.5371796901368872,0.008970903631699691,0.0028368488146047316,10
3.8,0.11665069,1.5916034152621248,0.49490089615218824,0.00917226643572655,0.0029005253242810314,10
3.8,0.11665069,1.80667790755158,0.4585422681845933,0.009382612373944138,0.002967042550414295,10
3.8,0.11665069,2.0508155677068496,0.4315782453245232,0.009211499929208727,0.0029129320442779364,10
3.8,0.11665069,2.3279437221040404,0.4182301796162157,0.007849277057696703,0.002482159348802647,10
3.8,0.11665069,2.642520399502972,0.42184657994933544,0.0057454024806024625,0.0018168557913085157,10
3.8,0.11665069,2.9996060452346534,0.44170593436907674,0.005742361009400609,0.001815893993664949,10
3.8,0.11665069,3.404944926177538,0.47202091784981814,0.00644379745359731,0.002037707673416066,10
3.8,0.11665069,3.865057536045609,0.5032399954210464,0.008579638367979349,0.002713119874338459,10
3.8,0.11665069,4.3873454874682505,0.5222963157870966,0.008235667813679324,0.0026043468343765882,10
3.8,0.11665069,4.980210578210885,0.5186989298040935,0.0078055294478986135,0.002468325139887621,10
3.8,0.11665069,5.653189946897943,0.49413784342428657,0.007097079030416636,0.002244293447033599,10
3.8,0.11665069,6.417109492424104,0.46534981127836134,0.006131326151970164,0.0019388955717581403,10
3.8,0.11665069,7.284258025038717,0.4484405960326612,0.006837999792912563,0.00216236539853634,10
3.8,0.11665069,8.268584950589176,0.439379840875657,0.008812610543057712,0.0027867921448075732,10
3.8,0.11665069,9.385924667975567,0.42539310812461306,0.010609488554952638,0.0033550148643138825,10
3.8,0.11665069,10.65425128959158,0.4050744302973219,0.009084012074370203,0.002872616844748071,10
3.8,0.11665069,12.093967782318368,0.3855278239994348,0.01192014833460243,0.0037694818784406573,10
3.8,0.11665069,13.728234180344895,0.36876145292946017,0.014576307412189607,0.004609433129731395,10
3.8,0.11665069,15.583340149618108,0.34894240153201694,0.014927898836643026,0.004720616100436978,10
3.8,0.11665069,17.689127897190275,0.3308678004619144,0.011302722081550882,0.0035742345537580194,10
3.8,0.11665069,20.07947222860456,0.3010168523861772,0.012371288330067256,0.003912144871367346,10
3.8,0.11665069,22.792825475773903,0.28377238817412903,0.012649110429558335,0.0039999999332395175,10
3.8,0.11665069,25.872836061348632,0.2557059970005691,0.012194386176604408,0.0038562034985742213,10
3.8,0.11665069,29.369050650123167,0.23022411897157177,0.009508634576917927,0.0030068942701292167,10
3.8,0.11665069,33.33771118265806,0.2053471368376792,0.008013516565736255,0.002534096441521699,10
3.8,0.11665069,37.842659612617176,0.17803064991808226,0.008735334442419272,0.002762355296136187,10
3.8,0.11665069,42.95636490189982,0.15662129304829892,0.0075192212094361815,0.00237778652524643,10
3.8,0.11665069,48.76108879434957,0.13153403773989938,0.006642330778722703,0.0021004894233003636,10
3.8,0.11665069,55.350209121286355,0.1093211873385268,0.008283368262590587,0.0026194310407737973,10
3.8,0.11665069,62.82972192624931,0.08912660092432032,0.006994011883008464,0.0022117007532589843,10
3.8,0.11665069,71.31994657291497,0.0708998005836686,0.004424325098393341,0.0013990944419971529,10
3.8,0.11665069,80.95746126545187,0.05078586091797147,0.006197704635428447,0.001959886291293739,10
3.8,0.11665069,91.89730011710618,0.03622139220453681,0.007957765797438423,0.0025164665006091533,10
3.8,0.11665069,104.31544711021446,0.02627125389914973,0.009378913250506465,0.0029658727848733794,10
3.8,0.11665069,118.41166706679324,0.01743593218934901,0.006357297727819852,0.0020103540583723913,10
3.8,0.11665069,134.41271917018034,0.01031027892774129,0.005583470573180308,0.0017656484259775623,10
3.8,0.11665069,152.57600473212457,0.00602087454651744,0.006340707021819295,0.002005107616477193,10
3.8,0.11665069,173.19370788521238,0.0028638177697136807,0.004063859737484904,0.0012851052861906247,10
3.8,0.11665069,196.59749580998604,0.0010788220389452096,0.003092945267590175,0.000978075172382392,10
3.8,0.11665069,223.1638541070668,-0.0004009648468919394,0.004069253122047866,0.0012868108241422397,10
3.8,0.11665069,253.32014314187637,0.0003390582270570286,0.005092814880612082,0.0016104894724332677,10
3.8,0.11665069,287.5514727874956,-0.0007654168001163646,0.0033605939332513055,0.0010627131120017987,10
3.8,0.11665069,326.40850615637055,-0.00017028604127449108,0.0024280104008908543,0.0007678043049393619,10
3.8,0.11665069,370.5163178557939,0.0003820933182803136,0.0029249796482126176,0.0009249597797989925,10
3.8,0.11665069,420.58444926569615,0.000451521753195275,0.0033893489248684448,0.0010718062387627197,10
3.8,0.11665069,477.4183225932176,-0.00027147727690999786,0.003410691587228003,0.0010785553812015345,10
3.8,0.11665069,541.9321973165318,-0.0002760684413974265,0.0027375933255362117,0.0008657030215969223,10
3.8,0.11665069,615.1638774420524,-0.00039354158510591654,0.002774239502736793,0.0008772915603461194,10
3.8,0.11665069,698.2914061636919,-0.0009964694420514597,0.0027666282005808936,0.0008748846552688801,10
3.8,0.11665069,792.652016483199,-0.0004943967458861573,0.003757549344048492,0.0011882414347664893,10
3.8,0.11665069,899.7636426411872,-0.0004498788948607264,0.0023301983407420235,0.0007368734156689926,10
3.8,0.11665069,1021.3493384030259,-0.00044943732549237726,0.0027694979494433864,0.0008757921495406956,10
3.8,0.11665069,1159.3649950049091,-6.550934347131037e-05,0.0019335343483304261,0.0006114372474893532,10
3.8,0.11665069,1316.0308046455484,-0.0005986893862373251,0.0017402461878972847,0.0005503141643180767,10
3.8,0.11665069,1493.8669756616864,-0.0002934065110426847,0.001746421997917265,0.0005522671269240395,10
3.8,0.11665069,1695.7342739204687,0.00018940092381721562,0.001992206716230783,0.0006299910793174011,10
3.8,0.11665069,1924.8800425987847,-0.0007340576774400026,0.0020426091757941925,0.0006459297365068921,10
3.8,0.11665069,2184.990440647822,-0.0007545232570520781,0.0012807556513720379,0.0004050104984468196,10
3.8,0.11665069,2480.2497402782196,-0.00025482503595497736,0.0022952017363215187,0.0007258065176349213,10
3.8,0.11665069,2815.4076373562034,0.0005248805324392508,0.002230353958801514,0.0007052998498186133,10
3.8,0.11665069,3195.8556575010366,-0.00043446376720742243,0.001787495420946389,0.0005652556837312039,10
3.8,0.11665069,3627.7138869923433,9.500665780153845e-05,0.0008983806832903225,0.00028409291650957906,10
3.8,0.11665069,4117.929423686066,-0.00033037853235931856,0.001478471274551663,0.0004675336682715394,10
3.8,0.11665069,4674.388131672206,0.0002875981890835719,0.0009376056599233357,0.0002964969432422995,10
3.8,0.11665069,5306.041497418272,0.0007606476418248323,0.00129092711862863,0.0004082269988144852,10
3.8,0.11665069,6023.050628072877,0.0002671823530719991,0.0011594539295199787,0.00036665152593154713,10
3.8,0.11665069,6836.949708361742,0.0006024032249992142,0.0012577162947721469,0.0003977248141787708,10
3.8,0.11665069,7760.831545529242,2.8467322115528468e-05,0.0005706983474151155,0.0001804706634725832,10
3.8,0.11665069,8809.558187098928,-0.0006882765102866584,0.0012137238056091615,0.00038381316760924,10
3.8,0.11665069,9999.99999956053,0.0008176955464861843,0.001305872579250279,0.00041295316843896186,10
3.8,0.08400365,0.010000000000218279,0.9999546279444266,0.0001,3.1622776601683795e-05,10
3.8,0.08400365,0.011351307054675233,0.9999362804039391,0.0001,3.1622776601683795e-05,10
3.8,0.08400365,0.012885217184670714,0.9999154535473626,0.0001,3.1622776601683795e-05,10
3.8,0.08400365,0.014626405672618265,0.9998918123429649,0.0001,3.1622776601683795e-05,10
3.8,0.08400365,0.016602882189250948,0.9998649764859392,0.0001,3.1622776601683795e-05,10
3.8,0.08400365,0.018846441371867226,0.9998345142806226,0.0001,3.1622776601683795e-05,10
3.8,0.08400365,0.021393174289532996,0.9997873461245741,0.0001,3.1622776601683795e-05,10
3.8,0.08400365,0.024284049022937213,0.999721971206552,0.0001,3.1622776601683795e-05,10
3.8,0.08400365,0.027565569698412937,0.9996477621297395,0.0001,3.1622776601683795e-05,10
3.8,0.08400365,0.03129052457769065,0.9995519025139499,0.0001,3.1622776601683795e-05,10
3.8,0.08400365,0.035518835237547564,0.9994182018503681,0.0001,3.1622776601683795e-05,10
3.8,0.08400365,0.040318520499702026,0.9992635726932834,0.0001,3.1622776601683795e-05,10
3.8,0.08400365,0.045766790617234585,0.9990423519564958,0.0001,3.1622776601683795e-05,10
3.8,0.08400365,0.051951289319191934,0.9987738239489001,0.0001,3.1622776601683795e-05,10
3.8,0.08400365,0.05897150369355452,0.998426126929906,0.0001,3.1622776601683795e-05,10
3.8,0.08400365,0.06694036458868406,0.9979695616115842,0.0001,3.1622776601683795e-05,10
3.8,0.08400365,0.0759860632781475,0.9973877266408271,0.0001,3.1622776601683795e-05,10
3.8,0.08400365,0.08625411361274073,0.9966420624111088,0.0001,3.1622776601683795e-05,10
3.8,0.08400365,0.09790969283256912,0.9956874614961235,0.0001,3.1622776601683795e-05,10
3.8,0.08400365,0.11114029869471674,0.9944557550632878,0.00011069037860127136,3.500337114463804e-05,10
3.8,0.08400365,0.12615876566045128,0.9928631915768381,0.00014330703164336112,4.531766247108439e-05,10
3.8,0.08400365,0.14320668866193417,0.9908499037028079,0.00018458114936457148,5.836968451237872e-05,10
3.8,0.08400365,0.16255830952494102,0.9882748826185945,0.00023512377072923557,7.435266475516135e-05,10
3.8,0.08400365,0.1845249285666265,0.9849764634911693,0.00029919799557506484,9.46147137374185e-05,10
3.8,0.08400365,0.209459912335607,0.9807828565972827,0.000379722784620023,0.00012007888788608277,10
3.8,0.08400365,0.23776437805149325,0.975440940786369,0.0004787044238132403,0.00015137963052483857,10
3.8,0.08400365,0.2698936461867474,0.968760956262931,0.0005976816105232005,0.00018900352048509752,10
3.8,0.08400365,0.3063645649904774,0.9603212336725557,0.0007396895620094687,0.00023391037774022757,10
3.8,0.08400365,0.3477638247803005,0.9499418789142371,0.0009028406320174869,0.0002855032761321199,10
3.8,0.08400365,0.3947573957503299,0.9369626498511842,0.001087031647911778,0.00034374958960874347,10
3.8,0.08400365,0.4481012411168134,0.9211672532662811,0.0012974040512198223,0.00041027518473843954,10
3.8,0.08400365,0.5086534779386983,0.9020133194331885,0.0015515186083225904,0.0004906332634434061,10
3.8,0.08400365,0.5773881812384607,0.8792191880023239,0.0018731176017889681,0.0005923317947005424,10
3.8,0.08400365,0.6554110534835178,0.852517829195093,0.0022821677732060195,0.0007216848165965611,10
3.8,0.08400365,0.7439772114957187,0.8217758382178832,0.0027872741457769185,0.0008814134763955252,10
3.8,0.08400365,0.8445113769184625,0.7870785818068732,0.0034086350176294727,0.0010779050367917332,10
3.8,0.08400365,0.9586307950358789,0.7486975258494679,0.004100593207768303,0.0012967214294363897,10
3.8,0.08400365,1.088171250628218,0.7071272767266799,0.004822258544503979,0.0015249320466841016,10
3.8,0.08400365,1.2352165993681232,0.6631125629251773,0.005516991996403483,0.0017446260541554481,10
3.8,0.08400365,1.402132289815328,0.6174501440549003,0.005953411846944802,0.0018826341285375317,10
3.8,0.08400365,1.5916034152621248,0.5722053445604927,0.005964679722055697,0.0018861973435116068,10
3.8,0.08400365,1.80667790755158,0.5299554849656289,0.005817732293087257,0.001839728486326999,10
3.8,0.08400365,2.0508155677068496,0.494557550694806,0.005729480537871374,0.0018118208309280154,10
3.8,0.08400365,2.3279437221040404,0.47041779646539644,0.005141331724356949,0.001625831845544895,10
3.8,0.08400365,2.642520399502972,0.4608958734797365,0.00540365102746216,0.0017087844927489498,10
3.8,0.08400365,2.9996060452346534,0.46678958733129294,0.006536920130922507,0.00206715564963212,10
3.8,0.08400365,3.404944926177538,0.48836099954595646,0.007427656879919361,0.002348831341876496,10
3.8,0.08400365,3.865057536045609,0.5218878817439184,0.007876010916560185,0.002490613337268055,10
3.8,0.08400365,4.3873454874682505,0.5564648877570413,0.008788695691269497,0.002779229604651962,10
3.8,0.08400365,4.980210578210885,0.5763392263841579,0.009399815845427092,0.002972482765769084,10
3.8,0.08400365,5.653189946897943,0.5654463041832067,0.011054441085373347,0.0034957212089923627,10
3.8,0.08400365,6.417109492424104,0.5312706251038679,0.009711473833616781,0.0030710376751356115,10
3.8,0.08400365,7.284258025038717,0.5032443868331182,0.009071949770854574,0.0028688024094543066,10
3.8,0.08400365,8.268584950589176,0.4934547546159368,0.008565505414778194,0.0027086506421204366,10
3.8,0.08400365,9.385924667975567,0.48863219485860493,0.009486345236672236,0.0029998457618573325,10
3.8,0.08400365,10.65425128959158,0.4723441154071515,0.009493000467045029,0.0030019503304904486,10
3.8,0.08400365,12.093967782318368,0.45381573868211644,0.005826362164082405,0.0018424574911528081,10
3.8,0.08400365,13.728234180344895,0.43760553188548784,0.007707058335194225,0.0024371858398999197,10
3.8,0.08400365,15.583340149618108,0.41900079437087384,0.012100509405417677,0.0038265170569409678,10
3.8,0.08400365,17.689127897190275,0.3983109397516483,0.009511965456930976,0.0030079475868746135,10
3.8,0.08400365,20.07947222860456,0.37294757493026154,0.011954595512518615,0.003780375032558677,10
3.8,0.08400365,22.792825475773903,0.35603875679580554,0.009625763311311597,0.0030439336281429066,10
3.8,0.08400365,25.872836061348632,0.3304302327294395,0.007882006015090783,0.002492509153883437,10
3.8,0.08400365,29.369050650123167,0.3056282501282316,0.009645134805894996,0.0030500594325994224,10
3.8,0.08400365,33.33771118265806,0.27901138405784176,0.008123790578762436,0.0025689681463106798,10
3.8,0.08400365,37.842659612617176,0.2537299789524216,0.007316238847720245,0.0023135978664601776,10
3.8,0.08400365,42.95636490189982,0.23263931510303734,0.00672839738305411,0.0021277060733167394,10
3.8,0.08400365,48.76108879434957,0.20280390755297276,0.0070432414416591975,0.002227268506613101,10
3.8,0.08400365,55.350209121286355,0.1765736054521825,0.008838285546755734,0.0027949112938694728,10
3.8,0.08400365,62.82972192624931,0.1520572249954178,0.008313427459655388,0.0026289365935098594,10
3.8,0.08400365,71.31994657291497,0.12707633997097742,0.008862668591458922,0.0028026218896246504,10
3.8,0.08400365,80.95746126545187,0.10293452898776452,0.009866343371975964,0.003120011723274995,10
3.8,0.08400365,91.89730011710618,0.08401529509729705,0.007736086712019753,0.0024463654186545514,10
3.8,0.08400365,104.31544711021446,0.06429569033722,0.007146990241458733,0.0022600767578006362,10
3.8,0.08400365,118.41166706679324,0.051065556532461934,0.007652420175685747,0.0024199077367792823,10
3.8,0.08400365,134.41271917018034,0.036032856408328116,0.007012029900611558,0.002217398550713663,10
3.8,0.08400365,152.57600473212457,0.024462029148146554,0.005309749051490686,0.0016790900806629237,10
3.8,0.08400365,173.19370788521238,0.01686956662235965,0.004421744882371606,0.0013982785060487589,10
3.8,0.08400365,196.59749580998604,0.010432334139509803,0.005833833423173446,0.001844820110724501,10
3.8,0.08400365,223.1638541070668,0.006294477383345799,0.004969297233735101,0.0015714297628977034,10
3.8,0.08400365,253.32014314187637,0.004093146431477128,0.0035393458074679273,0.001119239417856644,10
3.8,0.08400365,287.5514727874956,0.0025517287899637616,0.003742673236692165,0.0011835371965701715,10
3.8,0.08400365,326.40850615637055,0.0019043133969009578,0.005130256402306395,0.0016223295211949314,10
3.8,0.08400365,370.5163178557939,0.0013444119372940631,0.004791896376125102,0.0015153306860062222,10
3.8,0.08400365,420.58444926569615,-0.0009121247784023749,0.0031592100600077015,0.000999029939654156,10
3.8,0.08400365,477.4183225932176,-0.001253188751545563,0.0037723248418909346,0.0011929138574409916,10
3.8,0.08400365,541.9321973165318,-0.00019173467590723227,0.002632570358157096,0.0008324918432421653,10
3.8,0.08400365,615.1638774420524,-0.0013639722610695709,0.0032190137472771115,0.001017941526078931,10
3.8,0.08400365,698.2914061636919,0.001679100146146601,0.0020909667242679565,0.0006612217360308013,10
3.8,0.08400365,792.652016483199,-0.0004531083585272731,0.002483036892835607,0.0007852052095587947,10
3.8,0.08400365,899.7636426411872,-0.0009622414351806599,0.0036045897868650758,0.0011398713757074528,10
3.8,0.08400365,1021.3493384030259,-0.0007664983070290571,0.002828419892794971,0.0008944249040561379,10
3.8,0.08400365,1159.3649950049091,0.000344778069697987,0.002274932933610096,0.0007193969594336521,10
3.8,0.08400365,1316.0308046455484,0.00018411850791088467,0.0020193375993963095,0.0006385706178908993,10
3.8,0.08400365,1493.8669756616864,-0.000753299737365623,0.002312296746008312,0.0007312124343582122,10
3.8,0.08400365,1695.7342739204687,-0.0012108137782143404,0.0020623712187583755,0.0006521790432053844,10
3.8,0.08400365,1924.8800425987847,0.0004512331158424788,0.0014917597426839745,0.0004717358508628062,10
3.8,0.08400365,2184.990440647822,-0.00027266746923675143,0.001971990802096567,0.0006235982459527497,10
3.8,0.08400365,2480.2497402782196,0.00010421070780140416,0.002381312834781933,0.000753037237930314,10
3.8,0.08400365,2815.4076373562034,0.00029992050423702823,0.0021016612963122047,0.0006646036566568601,10
3.8,0.08400365,3195.8556575010366,-0.0007541907978654172,0.002169480874009481,0.0006860500902042753,10
3.8,0.08400365,3627.7138869923433,-0.0006635363025169069,0.002221886924599821,0.0007026223385082238,10
3.8,0.08400365,4117.929423686066,0.0001419365933419395,0.0014269020512610673,0.00045122604799513087,10
3.8,0.08400365,4674.388131672206,0.0006602317943511664,0.0016994872886934244,0.0005374250686775345,10
3.8,0.08400365,5306.041497418272,0.0004548841816542597,0.0007459437313863114,0.0002358881197505575,10
3.8,0.08400365,6023.050628072877,-0.000448306697882701,0.0013941959561410788,0.0004408834726002027,10
3.8,0.08400365,6836.949708361742,-0.0008082909376781498,0.0015861990947858746,0.0005016001962020677,10
3.8,0.08400365,7760.831545529242,-2.0380287920967414e-06,0.001559820446918777,0.0004932585353165105,10
3.8,0.08400365,8809.558187098928,-0.0002079729264278518,0.0015667186056706993,0.0004954399246482605,10
3.8,0.08400365,9999.99999956053,-7.584285683582486e-05,0.0018977247043187383,0.0006001132437616789,10
3.8,0.04493352,0.010000000000218279,0.9999763662066412,0.0001,3.1622776601683795e-05,10
3.8,0.04493352,0.011351307054675233,0.9999668099754466,0.0001,3.1622776601683795e-05,10
3.8,0.04493352,0.012885217184670714,0.9999559624039897,0.0001,3.1622776601683795e-05,10
3.8,0.04493352,0.014626405672618265,0.9999436489925493,0.0001,3.1622776601683795e-05,10
3.8,0.04493352,0.016602882189250948,0.9999296716611343,0.0001,3.1622776601683795e-05,10
3.8,0.04493352,0.018846441371867226,0.9999138055630654,0.0001,3.1622776601683795e-05,10
3.8,0.04493352,0.021393174289532996,0.9998892299696633,0.0001,3.1622776601683795e-05,10
3.8,0.04493352,0.024284049022937213,0.9998551625692521,0.0001,3.1622776601683795e-05,10
3.8,0.04493352,0.027565569698412937,0.9998164916169902,0.0001,3.1622776601683795e-05,10
3.8,0.04493352,0.03129052457769065,0.9997665021787974,0.0001,3.1622776601683795e-05,10
3.8,0.04493352,0.035518835237547564,0.9996967110241266,0.0001,3.1622776601683795e-05,10
3.8,0.04493352,0.040318520499702026,0.9996159996824634,0.0001,3.1622776601683795e-05,10
3.8,0.04493352,0.045766790617234585,0.9995005985958528,0.0001,3.1622776601683795e-05,10
3.8,0.04493352,0.051951289319191934,0.9993604496469928,0.0001,3.1622776601683795e-05,10
3.8,0.04493352,0.05897150369355452,0.9991788205334997,0.0001,3.1622776601683795e-05,10
3.8,0.04493352,0.06694036458868406,0.9989402343630454,0.0001,3.1622776601683795e-05,10
3.8,0.04493352,0.0759860632781475,0.9986360390966663,0.0001,3.1622776601683795e-05,10
3.8,0.04493352,0.08625411361274073,0.9982456916788701,0.0001,3.1622776601683795e-05,10
3.8,0.04493352,0.09790969283256912,0.9977450713576219,0.0001,3.1622776601683795e-05,10
3.8,0.04493352,0.11114029869471674,0.9970980283902309,0.0001,3.1622776601683795e-05,10
3.8,0.04493352,0.12615876566045128,0.9962591156598336,0.0001,3.1622776601683795e-05,10
3.8,0.04493352,0.14320668866193417,0.9951963817318505,0.000122893719777143,3.8862406462625224e-05,10
3.8,0.04493352,0.16255830952494102,0.993834324649576,0.00015826079403842309,5.004645734682143e-05,10
3.8,0.04493352,0.1845249285666265,0.9920828748533348,0.00020405409548851259,6.452757076291886e-05,10
3.8,0.04493352,0.209459912335607,0.9898461165817946,0.0002622988460764423,8.294617812354779e-05,10
3.8,0.04493352,0.23776437805149325,0.9869805592137253,0.00033688828102729196,0.00010653342850651322,10
3.8,0.04493352,0.2698936461867474,0.9833732537241753,0.000430696334906456,0.00013619813981910844,10
3.8,0.04493352,0.3063645649904774,0.9787748688456215,0.0005487729277998708,0.00017353723700867262,10
3.8,0.04493352,0.3477638247803005,0.9730672035223401,0.000695071508174126,0.00021980091025185813,10
3.8,0.04493352,0.3947573957503299,0.9658293381642521,0.0008819185969688503,0.0002788871477281636,10
3.8,0.04493352,0.4481012411168134,0.956884854181572,0.0011101040037320093,0.00035104570914652077,10
3.8,0.04493352,0.5086534779386983,0.9458069849364881,0.0013916268354680155,0.0004400710453091322,10
3.8,0.04493352,0.5773881812384607,0.9323206963322793,0.0017333396328669268,0.0005481301198499543,10
3.8,0.04493352,0.6554110534835178,0.9161146072866027,0.002141894325839989,0.0006773264577045209,10
3.8,0.04493352,0.7439772114957187,0.8969155343884232,0.0026267663267813255,0.0008306564473663138,10
3.8,0.04493352,0.8445113769184625,0.8744454855476451,0.0032021252458992056,0.0010126009130168236,10
3.8,0.04493352,0.9586307950358789,0.8484860137053815,0.003883068700547887,0.0012279341404641641,10
3.8,0.04493352,1.088171250628218,0.8187933416910909,0.0046657100474027016,0.0014754270651724712,10
3.8,0.04493352,1.2352165993681232,0.7851296743079865,0.00553030457488441,0.0017488358611083953,10
3.8,0.04493352,1.402132289815328,0.747415858767148,0.006458927868178549,0.002042492330618,10
3.8,0.04493352,1.5916034152621248,0.7061458023336475,0.007313753382419425,0.002312811893320587,10
3.8,0.04493352,1.80667790755158,0.6629470840614378,0.007873448133308166,0.002489802914045484,10
3.8,0.04493352,2.0508155677068496,0.6211475214391868,0.00794810769351178,0.0025134123399804726,10
3.8,0.04493352,2.3279437221040404,0.5844670074116565,0.007513391129369075,0.0023759428920511094,10
3.8,0.04493352,2.642520399502972,0.5562652597269347,0.007019602975520508,0.0022197933672739984,10
3.8,0.04493352,2.9996060452346534,0.5395255799250123,0.00696732857144761,0.0022032627492541645,10
3.8,0.04493352,3.404944926177538,0.5379090320991435,0.006950383750191353,0.0021979043262827435,10
3.8,0.04493352,3.865057536045609,0.5548101976459903,0.006593166016310277,0.0020849421603159335,10
3.8,0.04493352,4.3873454874682505,0.5883522908581019,0.006891694769655868,0.0021793452410782013,10
3.8,0.04493352,4.980210578210885,0.6304159524638026,0.00764712537937485,0.002418233375170373,10
3.8,0.04493352,5.653189946897943,0.6658255964409971,0.00613755301538232,0.0019408646788642583,10
3.8,0.04493352,6.417109492424104,0.6711459718729749,0.004143867630723206,0.0013104060035330864,10
3.8,0.04493352,7.284258025038717,0.6451342944198499,0.007534771114030765,0.00238270383683815,10
3.8,0.04493352,8.268584950589176,0.6085957847803556,0.010505279378396466,0.00332206102921307,10
3.8,0.04493352,9.385924667975567,0.5906436196422343,0.009563639972408444,0.0030242885034640556,10
3.8,0.04493352,10.65425128959158,0.5956735337698374,0.008947942013932926,0.002829587713514215,10
3.8,0.04493352,12.093967782318368,0.5936086891467071,0.009780130912438791,0.0030927489497927373,10
3.8,0.04493352,13.728234180344895,0.5722314511961577,0.010876123916275264,0.003439332368966029,10
3.8,0.04493352,15.583340149618108,0.5604786617921664,0.011210445651645624,0.0035450541844730702,10
3.8,0.04493352,17.689127897190275,0.5498485128762749,0.01136437214450841,0.003593730015441876,10
3.8,0.04493352,20.07947222860456,0.5276429986904534,0.008336077501406811,0.0026360991656131,10
3.8,0.04493352,22.792825475773903,0.5158666010460367,0.009706326252829502,0.003069409867162859,10
3.8,0.04493352,25.872836061348632,0.4937816017261172,0.010953638870560308,0.0034638447497924857,10
3.8,0.04493352,29.369050650123167,0.4731998393168775,0.008866279965475775,0.0028037639063622512,10
3.8,0.04493352,33.33771118265806,0.4522013309344294,0.008812401170390649,0.0027867259353568027,10
3.8,0.04493352,37.842659612617176,0.43193525153552,0.008732878207193697,0.0027615785663579915,10
3.8,0.04493352,42.95636490189982,0.40655094028866745,0.007784367202356386,0.0024616330502559027,10
3.8,0.04493352,48.76108879434957,0.38005161118876946,0.009260491375924258,0.0029284245000267216,10
3.8,0.04493352,55.350209121286355,0.3532317581180456,0.010357868530796191,0.0032754456261897867,10
3.8,0.04493352,62.82972192624931,0.3261513622669418,0.010816016712986074,0.0034203248023483685,10
3.8,0.04493352,71.31994657291497,0.3021201477083497,0.011049864156080986,0.003494273856867022,10
3.8,0.04493352,80.95746126545187,0.27420023116978587,0.015300250966297444,0.004838364182569207,10
3.8,0.04493352,91.89730011710618,0.2430429920421243,0.012246355375678888,0.0038726376022992287,10
3.8,0.04493352,104.31544711021446,0.21567871528361363,0.012124277793772696,0.003834033281292296,10
3.8,0.04493352,118.41166706679324,0.18686119957923317,0.011088187185576541,0.003506392662871399,10
3.8,0.04493352,134.41271917018034,0.15749035992912433,0.00929592165648137,0.0029396285384966467,10
3.8,0.04493352,152.57600473212457,0.1321207633107792,0.012015959198073198,0.0037997799337561628,10
3.8,0.04493352,173.19370788521238,0.1087075518827361,0.010439232569625345,0.003301175194422837,10
3.8,0.04493352,196.59749580998604,0.08594607840049014,0.010424448972392706,0.003296500210496267,10
3.8,0.04493352,223.1638541070668,0.0663152571614045,0.006360227076815629,0.0020112803998612095,10
3.8,0.04493352,253.32014314187637,0.049924611002274695,0.00988096470582608,0.0031246353950146037,10
3.8,0.04493352,287.5514727874956,0.034647547324185124,0.0053882563827484155,0.0017039162786424995,10
3.8,0.04493352,326.40850615637055,0.02461154069804105,0.0047936892726738855,0.0015158976496765435,10
3.8,0.04493352,370.5163178557939,0.01693090769444829,0.003980615684023425,0.001258781205130315,10
3.8,0.04493352,420.58444926569615,0.008613230646468979,0.006025224531617638,0.0019053432933832943,10
3.8,0.04493352,477.4183225932176,0.003336165185170343,0.0037171139255307603,0.0011754546327006712,10
3.8,0.04493352,541.9321973165318,0.002002493559241789,0.003993621187263703,0.0012628939063659126,10
3.8,0.04493352,615.1638774420524,0.0023794010122064496,0.005176784834811898,0.0016370431034624117,10
3.8,0.04493352,698.2914061636919,0.001955964929817215,0.003086679729509729,0.0009760938352723191,10
3.8,0.04493352,792.652016483199,-0.0019166703175639657,0.004015217926853413,0.0012697233950796142,10
3.8,0.04493352,899.7636426411872,0.0004163204334531287,0.003704588936166415,0.0011714938832945996,10
3.8,0.04493352,1021.3493384030259,0.0015697450599172994,0.004069772725209143,0.0012869751370891457,10
3.8,0.04493352,1159.3649950049091,0.00013770804829300168,0.004423547398769995,0.00139884851178263,10
3.8,0.04493352,1316.0308046455484,-0.0018294416552953213,0.002840097162738945,0.0008981175810436963,10
3.8,0.04493352,1493.8669756616864,-0.001140307833972677,0.0013496265617546936,0.0004267893925806727,10
3.8,0.04493352,1695.7342739204687,-0.0020652362232144506,0.00218997954746173,0.0006925323399163885,10
3.8,0.04493352,1924.8800425987847,-0.0016012784171485193,0.0027047864461541677,0.0008553285754199547,10
3.8,0.04493352,2184.990440647822,-0.00018089706703407717,0.002339672370352418,0.000739869366887865,10
3.8,0.04493352,2480.2497402782196,-0.0011900859627850939,0.0027605883655847123,0.0008729746917409274,10
3.8,0.04493352,2815.4076373562034,-0.0005963609002271846,0.003566134970926729,0.0011277108951706807,10
3.8,0.04493352,3195.8556575010366,0.0005645386571612091,0.00363892593229207,0.0011507294182694604,10
3.8,0.04493352,3627.7138869923433,0.000442875038307952,0.00198537398190195,0.0006278303790048076,10
3.8,0.04493352,4117.929423686066,-0.0005822367366966266,0.0025212758995597135,0.0007972974452298616,10
3.8,0.04493352,4674.388131672206,-0.0015380757426539766,0.0008996050774145035,0.00028448010392819297,10
3.8,0.04493352,5306.041497418272,-0.0015443862220559817,0.0017950373750407135,0.0005676406590258536,10
3.8,0.04493352,6023.050628072877,-0.0004255014198713382,0.0018922433613616087,0.0005983798909235736,10
3.8,0.04493352,6836.949708361742,0.0006046876998108897,0.0023393498222133977,0.0007397673682104297,10
3.8,0.04493352,7760.831545529242,-0.0007313024219829988,0.001696995935979573,0.0005366372337744733,10
3.8,0.04493352,8809.558187098928,-0.000594401396337292,0.001163293934387648,0.0003678658420923439,10
3.8,0.04493352,9999.99999956053,-0.0011925882456583108,0.001118790791224822,0.00035379271254923594,10
3.8,0.03119342,0.010000000000218279,0.999983712292952,0.0001,3.1622776601683795e-05,10
3.8,0.03119342,0.011351307054675233,0.9999771066375448,0.0001,3.1622776601683795e-05,10
3.8,0.03119342,0.012885217184670714,0.9999696083552629,0.0001,3.1622776601683795e-05,10
3.8,0.03119342,0.014626405672618265,0.9999610968248067,0.0001,3.1622776601683795e-05,10
3.8,0.03119342,0.016602882189250948,0.9999514351252353,0.0001,3.1622776601683795e-05,10
3.8,0.03119342,0.018846441371867226,0.9999404678333852,0.0001,3.1622776601683795e-05,10
3.8,0.03119342,0.021393174289532996,0.9999235009002756,0.0001,3.1622776601683795e-05,10
3.8,0.03119342,0.024284049022937213,0.9998999951145386,0.0001,3.1622776601683795e-05,10
3.8,0.03119342,0.027565569698412937,0.999873312975393,0.0001,3.1622776601683795e-05,10
3.8,0.03119342,0.03129052457769065,0.9998388355068706,0.0001,3.1622776601683795e-05,10
3.8,0.03119342,0.035518835237547564,0.999790727567391,0.0001,3.1622776601683795e-05,10
3.8,0.03119342,0.040318520499702026,0.9997350859174039,0.0001,3.1622776601683795e-05,10
3.8,0.03119342,0.045766790617234585,0.9996554309558165,0.0001,3.1622776601683795e-05,10
3.8,0.03119342,0.051951289319191934,0.9995587059713744,0.0001,3.1622776601683795e-05,10
3.8,0.03119342,0.05897150369355452,0.9994333808410187,0.0001,3.1622776601683795e-05,10
3.8,0.03119342,0.06694036458868406,0.9992686471616257,0.0001,3.1622776601683795e-05,10
3.8,0.03119342,0.0759860632781475,0.9990586948291652,0.0001,3.1622776601683795e-05,10
3.8,0.03119342,0.08625411361274073,0.9987892358581213,0.0001,3.1622776601683795e-05,10
3.8,0.03119342,0.09790969283256912,0.9984434083398067,0.0001,3.1622776601683795e-05,10
3.8,0.03119342,0.11114029869471674,0.9979966118864361,0.0001,3.1622776601683795e-05,10
3.8,0.03119342,0.12615876566045128,0.9974173107701774,0.0001,3.1622776601683795e-05,10
3.8,0.03119342,0.14320668866193417,0.9966829848953379,0.0001,3.1622776601683795e-05,10
3.8,0.03119342,0.16255830952494102,0.9957404696516713,0.0001,3.1622776601683795e-05,10
3.8,0.03119342,0.1845249285666265,0.9945272818946791,0.0001,3.1622776601683795e-05,10
3.8,0.03119342,0.209459912335607,0.9929757225942843,0.00012733433808686555,4.026665327044225e-05,10
3.8,0.03119342,0.23776437805149325,0.9909841645281589,0.00016264955869823333,5.1434306590766876e-05,10
3.8,0.03119342,0.2698936461867474,0.9884726939851689,0.0002049499237488791,6.481085653242932e-05,10
3.8,0.03119342,0.3063645649904774,0.9852632595171229,0.0002551613852404694,8.06891148283554e-05,10
3.8,0.03119342,0.3477638247803005,0.981269373530926,0.0003163808240881668,0.00010004840121196716,10
3.8,0.03119342,0.3947573957503299,0.9761752098163194,0.00039209091527218903,0.00012399003421202163,10
3.8,0.03119342,0.4481012411168134,0.9698444021822539,0.0004846693465902356,0.00015326590472907074,10
3.8,0.03119342,0.5086534779386983,0.9619316940157956,0.0005995566843716317,0.0001895964708993035,10
3.8,0.03119342,0.5773881812384607,0.9521991636394146,0.0007370254290017821,0.00023306790491083514,10
3.8,0.03119342,0.6554110534835178,0.9403580609611261,0.0009064986743014122,0.00028666005067156075,10
3.8,0.03119342,0.7439772114957187,0.9261096540205627,0.001121411789572968,0.000354621545001604,10
3.8,0.03119342,0.8445113769184625,0.9091054356758906,0.0013952893862885262,0.0004412292455730254,10
3.8,0.03119342,0.9586307950358789,0.8890904314082807,0.001731402201528235,0.0005475174502659087,10
3.8,0.03119342,1.088171250628218,0.8657559133344831,0.002174104686256873,0.0006875122680217493,10
3.8,0.03119342,1.2352165993681232,0.8387886161513374,0.0027430838587766213,0.0008674392806577783,10
3.8,0.03119342,1.402132289815328,0.8079132743233369,0.0034648511279032667,0.001095682131757771,10
3.8,0.03119342,1.5916034152621248,0.7731110509764705,0.004252806123702263,0.0013448553798010947,10
3.8,0.03119342,1.80667790755158,0.7350063678363217,0.004990502784606533,0.0015781355468769329,10
3.8,0.03119342,2.0508155677068496,0.6954406042104914,0.005747588534503608,0.001817547082250067,10
3.8,0.03119342,2.3279437221040404,0.6571928451659307,0.006796388473701205,0.002149206744021119,10
3.8,0.03119342,2.642520399502972,0.6231487745415397,0.007629355328032998,0.0024126139915325345,10
3.8,0.03119342,2.9996060452346534,0.5962830960975987,0.007593340486631687,0.002401225098692747,10
3.8,0.03119342,3.404944926177538,0.580793792754229,0.006816036600066217,0.002155420027127943,10
3.8,0.03119342,3.865057536045609,0.5812414245984142,0.00656382731250868,0.002075664447554925,10
3.8,0.03119342,4.3873454874682505,0.6005598335277537,0.007258523285754579,0.0022953466032353685,10
3.8,0.03119342,4.980210578210885,0.6370628635206061,0.00804034662208976,0.002542580850304474,10
3.8,0.03119342,5.653189946897943,0.6823745010563118,0.008056570422630655,0.0025477112665058237,10
3.8,0.03119342,6.417109492424104,0.7168599133240451,0.00796901954991063,0.002520025249612746,10
3.8,0.03119342,7.284258025038717,0.7217634568029176,0.00742919116386201,0.0023493165250601153,10
3.8,0.03119342,8.268584950589176,0.6946126654500182,0.00811026983582436,0.0025646925119764837,10
3.8,0.03119342,9.385924667975567,0.6572879517905497,0.0075556790875718005,0.002389315518602971,10
3.8,0.03119342,10.65425128959158,0.6416346034751192,0.005769350779273723,0.0018244289082972325,10
3.8,0.03119342,12.093967782318368,0.6522433500235439,0.005756024041076471,0.0018202146236488243,10
3.8,0.03119342,13.728234180344895,0.6513906688842118,0.008432362446841734,0.002666547138809039,10
3.8,0.03119342,15.583340149618108,0.6290221958523236,0.008202243590719617,0.0025937771670191917,10
3.8,0.03119342,17.689127897190275,0.6190874055605047,0.00892648642106141,0.0028228028593118887,10
3.8,0.03119342,20.07947222860456,0.6144477477642674,0.00783728368080152,0.0024783667100200853,10
3.8,0.03119342,22.792825475773903,0.5972366310789973,0.008439358763658951,0.002668759568446493,10
3.8,0.03119342,25.872836061348632,0.5876887035734455,0.00856567544767758,0.0027087044112443595,10
3.8,0.03119342,29.369050650123167,0.5698367736303279,0.006601629279613591,0.002087618479163553,10
3.8,0.03119342,33.33771118265806,0.5518624292440475,0.009732744200725143,0.0030777639558086465,10
3.8,0.03119342,37.842659612617176,0.5371047873103043,0.011006305849493296,0.0034804995108833206,10
3.8,0.03119342,42.95636490189982,0.5206147294029646,0.009233947028994594,0.002920030440496778,10
3.8,0.03119342,48.76108879434957,0.5004355336065767,0.009105202042801162,0.0028793177011269605,10
3.8,0.03119342,55.350209121286355,0.47824415987255514,0.008872743934673662,0.0028058079929013007,10
3.8,0.03119342,62.82972192624931,0.4542396044263839,0.008952812027793258,0.0028311277471177385,10
3.8,0.03119342,71.31994657291497,0.4292381899189694,0.013149401958188853,0.004158206005695495,10
3.8,0.03119342,80.95746126545187,0.4035260541738984,0.013411434666842784,0.004241068023776468,10
3.8,0.03119342,91.89730011710618,0.37704041316024994,0.015041868112569539,0.004756656349957775,10
3.8,0.03119342,104.31544711021446,0.3482051161344584,0.016508039709710747,0.005220300518719079,10
3.8,0.03119342,118.41166706679324,0.32214916914702674,0.013182010505629385,0.004168517733805668,10
3.8,0.03119342,134.41271917018034,0.29293479827972735,0.010430613434502762,0.0032984495845780255,10
3.8,0.03119342,152.57600473212457,0.26415822209788853,0.007867802056919266,0.0024880174679222616,10
3.8,0.03119342,173.19370788521238,0.23444084261114795,0.006044135856445075,0.0019113235793858936,10
3.8,0.03119342,196.59749580998604,0.20459939250710635,0.010209810238568092,0.003228625483198227,10
3.8,0.03119342,223.1638541070668,0.1730793238556599,0.012163599413458143,0.0038464678692415885,10
3.8,0.03119342,253.32014314187637,0.14840234791216525,0.012305185021762389,0.003891241169855775,10
3.8,0.03119342,287.5514727874956,0.1254668775146089,0.010213976890405254,0.0032299430942004624,10
3.8,0.03119342,326.40850615637055,0.10255020942296507,0.009591727193369747,0.00303317046260227,10
3.8,0.03119342,370.5163178557939,0.07861757148371148,0.009904491576319226,0.0031320752447120182,10
3.8,0.03119342,420.58444926569615,0.057720051631242074,0.00555780498773548,0.00175753225522883,10
3.8,0.03119342,477.4183225932176,0.043059160648475064,0.006807694079601678,0.002152781890518492,10
3.8,0.03119342,541.9321973165318,0.03178211369971269,0.006650466483072609,0.0021030621589119077,10
3.8,0.03119342,615.1638774420524,0.02227192664372448,0.004583599565721577,0.0014494614509838828,10
3.8,0.03119342,698.2914061636919,0.01311483144953805,0.006023561693922432,0.0019048174579336906,10
3.8,0.03119342,792.652016483199,0.008631661533962918,0.006889089691713892,0.002178521443100311,10
3.8,0.03119342,899.7636426411872,0.0022768148444304364,0.003957413781949358,0.0012514441194700911,10
3.8,0.03119342,1021.3493384030259,0.003205866721999013,0.004312419003094752,0.0013637066274772127,10
3.8,0.03119342,1159.3649950049091,0.001842995341345596,0.003381482284607205,0.0010693185886868498,10
3.8,0.03119342,1316.0308046455484,0.0017539108130945613,0.0036120011960469414,0.0011422150690760708,10
3.8,0.03119342,1493.8669756616864,-0.00013456121440052574,0.0023451026682033025,0.0007415865778460562,10
3.8,0.03119342,1695.7342739204687,8.856956378090355e-05,0.003366570991232412,0.0010646032236945172,10
3.8,0.03119342,1924.8800425987847,0.0001422675312642765,0.0032401065134738233,0.0010246116444124326,10
3.8,0.03119342,2184.990440647822,0.0016783979855546929,0.0030274921692376782,0.0009573770853115016,10
3.8,0.03119342,2480.2497402782196,-0.0009929446438398648,0.0025911344227866717,0.000819388649967158,10
3.8,0.03119342,2815.4076373562034,-0.0005141870276139176,0.0030714607982208937,0.000971281186629687,10
3.8,0.03119342,3195.8556575010366,0.0004351401521535185,0.002906029237301668,0.0009189671336915219,10
3.8,0.03119342,3627.7138869923433,-0.0014803299108244107,0.0031568243942710953,0.000998275525907806,10
3.8,0.03119342,4117.929423686066,-0.0014358463443257332,0.002406556448881391,0.0007610199696231769,10
3.8,0.03119342,4674.388131672206,0.0004526703110029716,0.00225942380828252,0.0007144925433784376,10
3.8,0.03119342,5306.041497418272,0.0005146707380311238,0.0016375348656781244,0.000517833992348076,10
3.8,0.03119342,6023.050628072877,0.0001997010736976042,0.0020984955316248484,0.0006636025539620425,10
3.8,0.03119342,6836.949708361742,-0.0010937591980036384,0.0020131953319906058,0.0006366282623909156,10
3.8,0.03119342,7760.831545529242,-0.0005045731391742341,0.00124631293368452,0.0003941187547769472,10
3.8,0.03119342,8809.558187098928,0.000829480749173795,0.002984201018655634,0.0009436872214746432,10
3.8,0.03119342,9999.99999956053,0.002425399271992663,0.0027085572324490473,0.0008565210027461113,10
3.8,0.01973598,0.010000000000218279,0.9999899785176645,0.0001,3.1622776601683795e-05,10
3.8,0.01973598,0.011351307054675233,0.9999859162261314,0.0001,3.1622776601683795e-05,10
3.8,0.01973598,0.012885217184670714,0.9999813049942778,0.0001,3.1622776601683795e-05,10
3.8,0.01973598,0.014626405672618265,0.9999760706434111,0.0001,3.1622776601683795e-05,10
3.8,0.01973598,0.016602882189250948,0.9999701289710192,0.0001,3.1622776601683795e-05,10
3.8,0.01973598,0.018846441371867226,0.9999633843962453,0.0001,3.1622776601683795e-05,10
3.8,0.01973598,0.021393174289532996,0.9999529348421543,0.0001,3.1622776601683795e-05,10
3.8,0.01973598,0.024284049022937213,0.9999384475558584,0.0001,3.1622776601683795e-05,10
3.8,0.01973598,0.027565569698412937,0.999922002592346,0.0001,3.1622776601683795e-05,10
3.8,0.01973598,0.03129052457769065,0.999900750119308,0.0001,3.1622776601683795e-05,10
3.8,0.01973598,0.035518835237547564,0.9998710899105022,0.0001,3.1622776601683795e-05,10
3.8,0.01973598,0.040318520499702026,0.9998367848958637,0.0001,3.1622776601683795e-05,10
3.8,0.01973598,0.045766790617234585,0.9997876746393789,0.0001,3.1622776601683795e-05,10
3.8,0.01973598,0.051951289319191934,0.9997280490382225,0.0001,3.1622776601683795e-05,10
3.8,0.01973598,0.05897150369355452,0.9996508136592359,0.0001,3.1622776601683795e-05,10
3.8,0.01973598,0.06694036458868406,0.9995493097083402,0.0001,3.1622776601683795e-05,10
3.8,0.01973598,0.0759860632781475,0.9994199050672998,0.0001,3.1622776601683795e-05,10
3.8,0.01973598,0.08625411361274073,0.9992537407520834,0.0001,3.1622776601683795e-05,10
3.8,0.01973598,0.09790969283256912,0.9990405029504605,0.0001,3.1622776601683795e-05,10
3.8,0.01973598,0.11114029869471674,0.9987649412504169,0.0001,3.1622776601683795e-05,10
3.8,0.01973598,0.12615876566045128,0.9984072803448469,0.0001,3.1622776601683795e-05,10
3.8,0.01973598,0.14320668866193417,0.9979537052172291,0.0001,3.1622776601683795e-05,10
3.8,0.01973598,0.16255830952494102,0.9973713366270445,0.0001,3.1622776601683795e-05,10
3.8,0.01973598,0.1845249285666265,0.9966206040219922,0.0001,3.1622776601683795e-05,10
3.8,0.01973598,0.209459912335607,0.995659985489844,0.0001,3.1622776601683795e-05,10
3.8,0.01973598,0.23776437805149325,0.9944250269788071,0.0001,3.1622776601683795e-05,10
3.8,0.01973598,0.2698936461867474,0.9928641897225635,0.00010624069665015957,3.3596258161752516e-05,10
3.8,0.01973598,0.3063645649904774,0.9908630305975107,0.00013578133637322983,4.293782866808729e-05,10
3.8,0.01973598,0.3477638247803005,0.9883656279598739,0.00017338096506318428,5.482787525177419e-05,10
3.8,0.01973598,0.3947573957503299,0.9851680426539942,0.0002206709027675229,6.978226660709262e-05,10
3.8,0.01973598,0.4481012411168134,0.9811774677173244,0.0002788719123306791,8.818704184117412e-05,10
3.8,0.01973598,0.5086534779386983,0.976161979787148,0.0003509609012953135,0.00011098358177587294,10
3.8,0.01973598,0.5773881812384607,0.9699432609388996,0.0004372480459042956,0.0001382699727515432,10
3.8,0.01973598,0.6554110534835178,0.9622974046949222,0.000544148855435829,0.00017207497693509148,10
3.8,0.01973598,0.7439772114957187,0.9529750191913113,0.0006757831683950282,0.00021370140165334034,10
3.8,0.01973598,0.8445113769184625,0.9416484225231919,0.0008417481703119171,0.00026618414344649837,10
3.8,0.01973598,0.9586307950358789,0.9280308826022148,0.001050164832780212,0.00033209127901953254,10
3.8,0.01973598,1.088171250628218,0.9117058930581756,0.0013003625246141275,0.00041121073617074097,10
3.8,0.01973598,1.2352165993681232,0.892157172056328,0.0015846298921117503,0.0005011039707460017,10
3.8,0.01973598,1.402132289815328,0.8688791152779916,0.0018846092506529274,0.0005959657731486422,10
3.8,0.01973598,1.5916034152621248,0.841405055174959,0.002158708829245003,0.0006826436705529709,10
3.8,0.01973598,1.80667790755158,0.8099012405717584,0.00237344265413181,0.0007505484682851767,10
3.8,0.01973598,2.0508155677068496,0.775336040099144,0.002542185955685661,0.0008039097855658567,10
3.8,0.01973598,2.3279437221040404,0.7394468015287234,0.0029076189392477146,0.0009194698415865527,10
3.8,0.01973598,2.642520399502972,0.7040953033298969,0.003749148344170196,0.0011855848053426681,10
3.8,0.01973598,2.9996060452346534,0.6710422591895508,0.004939957490808664,0.0015621517215365678,10
3.8,0.01973598,3.404944926177538,0.6435156733776586,0.006217230204312598,0.0019660608183221817,10
3.8,0.01973598,3.865057536045609,0.6265590772134633,0.007032576359504162,0.002223895911508828,10
3.8,0.01973598,4.3873454874682505,0.6242064503845435,0.006669503511416558,0.002109082195856714,10
3.8,0.01973598,4.980210578210885,0.6386036729905038,0.00618725478841852,0.001956581759518572,10
3.8,0.01973598,5.653189946897943,0.6729132621780828,0.005718189572844612,0.0018082503142814283,10
3.8,0.01973598,6.417109492424104,0.7183102843053072,0.0052658051176487,0.0016651937886340807,10
3.8,0.01973598,7.284258025038717,0.7568539519105519,0.0038524287194414363,0.0012182449276880731,10
3.8,0.01973598,8.268584950589176,0.7694370990279931,0.003840480390931414,0.0012144665344557134,10
3.8,0.01973598,9.385924667975567,0.7480875511080555,0.004580277563720102,0.0014484109417122527,10
3.8,0.01973598,10.65425128959158,0.7108714829950146,0.005854951517654447,0.0018514982385647604,10
3.8,0.01973598,12.093967782318368,0.6914676468721032,0.006231282412087668,0.0019705045165944964,10
3.8,0.01973598,13.728234180344895,0.7034268862840178,0.0047181295544817935,0.0014920035687917964,10
3.8,0.01973598,15.583340149618108,0.714368154646783,0.005577272074985586,0.0017636882887407859,10
3.8,0.01973598,17.689127897190275,0.6915431918778334,0.008708807163876599,0.002753966634104131,10
3.8,0.01973598,20.07947222860456,0.6816994695603005,0.005295090867266937,0.0016744547558119843,10
3.8,0.01973598,22.792825475773903,0.683497761149136,0.006895205377174843,0.002180455392651289,10
3.8,0.01973598,25.872836061348632,0.6709323583039515,0.006330197115534673,0.002001784092291761,10
3.8,0.01973598,29.369050650123167,0.6634954326343927,0.00814146971575904,0.002574558780308222,10
3.8,0.01973598,33.33771118265806,0.655765034445041,0.007955923027194192,0.002515883765491538,10
3.8,0.01973598,37.842659612617176,0.6438807216839363,0.008158499269333309,0.0025799439979912768,10
3.8,0.01973598,42.95636490189982,0.6317188839383396,0.006557357699790222,0.002073618576377973,10
3.8,0.01973598,48.76108879434957,0.619635153874982,0.007341023843569353,0.0023214355703282774,10
3.8,0.01973598,55.350209121286355,0.6056449633753991,0.006678200440005429,0.002111832406155581,10
3.8,0.01973598,62.82972192624931,0.588242769843407,0.011764984511514719,0.0037204147692989986,10
3.8,0.01973598,71.31994657291497,0.5760334022311518,0.008435632107249577,0.002667581096215445,10
3.8,0.01973598,80.95746126545187,0.5568273996875894,0.011467520835576575,0.0036263484955859227,10
3.8,0.01973598,91.89730011710618,0.540683469580289,0.012662648383136871,0.004004281010056098,10
3.8,0.01973598,104.31544711021446,0.525300933103327,0.01388321546680878,0.004390258212199352,10
3.8,0.01973598,118.41166706679324,0.504246282458518,0.015458640381026453,0.0048884513133496755,10
3.8,0.01973598,134.41271917018034,0.48480932055668874,0.012952302367798998,0.0040958776425436775,10
3.8,0.01973598,152.57600473212457,0.46137438316446533,0.012731853053103715,0.004026165448237645,10
3.8,0.01973598,173.19370788521238,0.4354537739064309,0.014714328445102983,0.004653079212632929,10
3.8,0.01973598,196.59749580998604,0.41420748456946715,0.01565197652884051,0.004949589571463216,10
3.8,0.01973598,223.1638541070668,0.39032067354798433,0.012099187248689637,0.0038260989542725356,10
3.8,0.01973598,253.32014314187637,0.36162744471438085,0.015354999485177512,0.004855677184387381,10
3.8,0.01973598,287.5514727874956,0.3331071926036189,0.019785079013976678,0.0062565913370564675,10
3.8,0.01973598,326.40850615637055,0.30176622301015954,0.014265435529352348,0.00451112680870432,10
3.8,0.01973598,370.5163178557939,0.2732548096762814,0.011300382251568855,0.003573494634549944,10
3.8,0.01973598,420.58444926569615,0.2427461844233294,0.011019361395425009,0.003484628037007436,10
3.8,0.01973598,477.4183225932176,0.2127846665889032,0.012376443749248175,0.003913775158057808,10
3.8,0.01973598,541.9321973165318,0.18542641313212627,0.011281887985566489,0.0035676462341278944,10
3.8,0.01973598,615.1638774420524,0.15812795629178786,0.008813398356304649,0.0027870412732306903,10
3.8,0.01973598,698.2914061636919,0.1337788008947924,0.007539135443119713,0.0023840839588761104,10
3.8,0.01973598,792.652016483199,0.1102740123103432,0.009791603473948913,0.003096376892289574,10
3.8,0.01973598,899.7636426411872,0.08816772303927087,0.00982973631775967,0.0031084355562997186,10
3.8,0.01973598,1021.3493384030259,0.06660123824107565,0.004726907615740159,0.0014947794354934882,10
3.8,0.01973598,1159.3649950049091,0.05271040470610381,0.00694681964403527,0.0021967772569551586,10
3.8,0.01973598,1316.0308046455484,0.0379821709269018,0.006038435889168893,0.0019095210914677773,10
3.8,0.01973598,1493.8669756616864,0.02564475443901939,0.0050132242450618035,0.001585320703557343,10
3.8,0.01973598,1695.7342739204687,0.014914883355737419,0.003984029063751879,0.001259860610576411,10
3.8,0.01973598,1924.8800425987847,0.007695316161031106,0.004736281885009832,0.0014977438397226772,10
3.8,0.01973598,2184.990440647822,0.0030207900822000946,0.0033802928801477125,0.0010689424659717339,10
3.8,0.01973598,2480.2497402782196,0.0022481812659456172,0.0036591390156574086,0.0011571213564663936,10
3.8,0.01973598,2815.4076373562034,-0.0005862171078911928,0.004210674179107038,0.0013315320890838016,10
3.8,0.01973598,3195.8556575010366,0.0015881008160156967,0.004813656159403823,0.0015222117336614628,10
3.8,0.01973598,3627.7138869923433,-0.0005627360510585915,0.002849458639408363,0.0009010779398974852,10
3.8,0.01973598,4117.929423686066,-0.00020353339794277128,0.003206644389685916,0.001014029991760804,10
3.8,0.01973598,4674.388131672206,-0.0011952094042448522,0.003334940990357624,0.0010546009391787725,10
3.8,0.01973598,5306.041497418272,-0.0007998204188982965,0.0026554362464546455,0.00083972267201649,10
3.8,0.01973598,6023.050628072877,-6.921587142672075e-05,0.0018941583630111215,0.0005989854676171177,10
3.8,0.01973598,6836.949708361742,-0.00032827825399489054,0.002158943810739697,0.0006827179782260933,10
3.8,0.01973598,7760.831545529242,-0.00015936243624510658,0.0016876862998407695,0.0005336932683358698,10
3.8,0.01973598,8809.558187098928,0.0007114877609057442,0.0021089659947898546,0.0006669136051378739,10
3.8,0.01973598,9999.99999956053,-0.0006605563724748295,0.0032626457048303475,0.0010317391625429323,10
3.8,0.01365467,0.010000000000218279,0.9999931711942814,0.0001,3.1622776601683795e-05,10
3.8,0.01365467,0.011351307054675233,0.9999904023520425,0.0001,3.1622776601683795e-05,10
3.8,0.01365467,0.012885217184670714,0.9999872593541985,0.0001,3.1622776601683795e-05,10
3.8,0.01365467,0.014626405672618265,0.9999836916408388,0.0001,3.1622776601683795e-05,10
3.8,0.01365467,0.016602882189250948,0.9999796418198559,0.0001,3.1622776601683795e-05,10
3.8,0.01365467,0.018846441371867226,0.9999750447437064,0.0001,3.1622776601683795e-05,10
3.8,0.01365467,0.021393174289532996,0.9999679363784834,0.0001,3.1622776601683795e-05,10
3.8,0.01365467,0.024284049022937213,0.9999580909722754,0.0001,3.1622776601683795e-05,10
3.8,0.01365467,0.027565569698412937,0.999946915149381,0.0001,3.1622776601683795e-05,10
3.8,0.01365467,0.03129052457769065,0.9999324785350486,0.0001,3.1622776601683795e-05,10
3.8,0.01365467,0.035518835237547564,0.999912342547612,0.0001,3.1622776601683795e-05,10
3.8,0.01365467,0.040318520499702026,0.999889053101831,0.0001,3.1622776601683795e-05,10
3.8,0.01365467,0.045766790617234585,0.9998557101081202,0.0001,3.1622776601683795e-05,10
3.8,0.01365467,0.051951289319191934,0.9998152165737478,0.0001,3.1622776601683795e-05,10
3.8,0.01365467,0.05897150369355452,0.9997627378407712,0.0001,3.1622776601683795e-05,10
3.8,0.01365467,0.06694036458868406,0.9996937469020615,0.0001,3.1622776601683795e-05,10
3.8,0.01365467,0.0759860632781475,0.999605793001989,0.0001,3.1622776601683795e-05,10
3.8,0.01365467,0.08625411361274073,0.9994928616220505,0.0001,3.1622776601683795e-05,10
3.8,0.01365467,0.09790969283256912,0.9993479228437805,0.0001,3.1622776601683795e-05,10
3.8,0.01365467,0.11114029869471674,0.9991605158178585,0.0001,3.1622776601683795e-05,10
3.8,0.01365467,0.12615876566045128,0.9989172166177809,0.0001,3.1622776601683795e-05,10
3.8,0.01365467,0.14320668866193417,0.9986085558905936,0.0001,3.1622776601683795e-05,10
3.8,0.01365467,0.16255830952494102,0.9982119753314492,0.0001,3.1622776601683795e-05,10
3.8,0.01365467,0.1845249285666265,0.9977005295131557,0.0001,3.1622776601683795e-05,10
3.8,0.01365467,0.209459912335607,0.9970455209115354,0.0001,3.1622776601683795e-05,10
3.8,0.01365467,0.23776437805149325,0.9962024336513602,0.0001,3.1622776601683795e-05,10
3.8,0.01365467,0.2698936461867474,0.995136000819785,0.0001,3.1622776601683795e-05,10
3.8,0.01365467,0.3063645649904774,0.9937669438969647,0.0001,3.1622776601683795e-05,10
3.8,0.01365467,0.3477638247803005,0.9920559217667121,0.00011640540959928691,3.681062262985748e-05,10
3.8,0.01365467,0.3947573957503299,0.9898597702069472,0.00014360503142950547,4.541189827773031e-05,10
3.8,0.01365467,0.4481012411168134,0.987113039528533,0.00017500865648425985,5.5342596473625686e-05,10
3.8,0.01365467,0.5086534779386983,0.9836457000186293,0.0002109916678720113,6.672142377933277e-05,10
3.8,0.01365467,0.5773881812384607,0.9793295828938271,0.00025287342042501265,7.996559682603838e-05,10
3.8,0.01365467,0.6554110534835178,0.9739948473489107,0.0003026175443383574,9.569607000362016e-05,10
3.8,0.01365467,0.7439772114957187,0.9674471091735516,0.0003655406692518143,0.00011559410922580107,10
3.8,0.01365467,0.8445113769184625,0.9594152743188689,0.0004540519001658616,0.0001435838180451507,10
3.8,0.01365467,0.9586307950358789,0.9496410223924545,0.0005822099702358166,0.00018411095824040198,10
3.8,0.01365467,1.088171250628218,0.9377579959617911,0.0007510624825125974,0.00023750681098401907,10
3.8,0.01365467,1.2352165993681232,0.923306867538404,0.0009705450436795786,0.0003069132909815075,10
3.8,0.01365467,1.402132289815328,0.9058037549338606,0.0012734896150064345,0.00040271277599912775,10
3.8,0.01365467,1.5916034152621248,0.884669345899205,0.001713698237192243,0.0005419189651742962,10
3.8,0.01365467,1.80667790755158,0.8597311276995907,0.0022861842872424765,0.0007229549498574852,10
3.8,0.01365467,2.0508155677068496,0.8314478496912214,0.002921562252648168,0.0009238791044340508,10
3.8,0.01365467,2.3279437221040404,0.8007224200627003,0.0036026920286853304,0.0011392712518778318,10
3.8,0.01365467,2.642520399502972,0.7682831337937525,0.0043290525921529455,0.0013689666301859272,10
3.8,0.01365467,2.9996060452346534,0.7349717641386692,0.005053272962805226,0.0015979852201011844,10
3.8,0.01365467,3.404944926177538,0.7031000176895487,0.005685679757793269,0.0017979698080941215,10
3.8,0.01365467,3.865057536045609,0.6766435918854208,0.005959552728185443,0.0018845760456936344,10
3.8,0.01365467,4.3873454874682505,0.6602978315531309,0.005346237837190164,0.0016906288478493368,10
3.8,0.01365467,4.980210578210885,0.6583885660835366,0.004578680597868157,0.001447905936768487,10
3.8,0.01365467,5.653189946897943,0.6754132628298496,0.004746122559717841,0.0015008557343016893,10
3.8,0.01365467,6.417109492424104,0.709937554861043,0.0054032552461582735,0.0017086593357113905,10
3.8,0.01365467,7.284258025038717,0.7546467144028467,0.0054089272449386995,0.0017104529792145748,10
3.8,0.01365467,8.268584950589176,0.7927359229844865,0.005233851476422239,0.0016550891600529334,10
3.8,0.01365467,9.385924667975567,0.8054813976365894,0.005257086414971345,0.0016624366927638556,10
3.8,0.01365467,10.65425128959158,0.7860597763966546,0.005221498174311849,0.0016511827029236335,10
3.8,0.01365467,12.093967782318368,0.7503773981403532,0.004418816362560203,0.0013973524267710626,10
3.8,0.01365467,13.728234180344895,0.7311438891877458,0.004411921845678996,0.001395172189099953,10
3.8,0.01365467,15.583340149618108,0.7458632344620655,0.0046388279812660345,0.001466926209452156,10
3.8,0.01365467,17.689127897190275,0.7597719845204363,0.005598849838601708,0.0017705117767247518,10
3.8,0.01365467,20.07947222860456,0.7419450211313396,0.004905338858741785,0.0015512043488554999,10
3.8,0.01365467,22.792825475773903,0.7317402954953254,0.005894285919615434,0.0018639368686244918,10
3.8,0.01365467,25.872836061348632,0.7394154517106484,0.0055603909418099635,0.001758350005708826,10
3.8,0.01365467,29.369050650123167,0.726912874534593,0.005588847700018242,0.0017673488227851115,10
3.8,0.01365467,33.33771118265806,0.7231328425548517,0.006153705985979906,0.0019459726966708686,10
3.8,0.01365467,37.842659612617176,0.7172042968326435,0.004787844233500578,0.0015140492859964873,10
3.8,0.01365467,42.95636490189982,0.7090313662861665,0.006954274639514792,0.0021991347335213133,10
3.8,0.01365467,48.76108879434957,0.7030369510643991,0.007473571617346431,0.002363350856720308,10
3.8,0.01365467,55.350209121286355,0.6940431777196989,0.004841016574060964,0.0015308638564657847,10
3.8,0.01365467,62.82972192624931,0.686344556978383,0.006392117640915994,0.002021365081703685,10
3.8,0.01365467,71.31994657291497,0.6745849876366159,0.00811287121210067,0.0025655151393849107,10
3.8,0.01365467,80.95746126545187,0.6653795623972738,0.006613774666697026,0.0020914591877883573,10
3.8,0.01365467,91.89730011710618,0.6561916584071209,0.006049784407947434,0.0019131098082087155,10
3.8,0.01365467,104.31544711021446,0.643074779994311,0.007885153327293535,0.002493504421390271,10
3.8,0.01365467,118.41166706679324,0.6289910636562313,0.008992719542500716,0.002843747611340962,10
3.8,0.01365467,134.41271917018034,0.6173755030409998,0.011015650809416295,0.003483454646683287,10
3.8,0.01365467,152.57600473212457,0.6029379047331687,0.009585737094517788,0.0030312762270240947,10
3.8,0.01365467,173.19370788521238,0.5882575215357418,0.010661535547896507,0.0033714735686204166,10
3.8,0.01365467,196.59749580998604,0.5668283854965107,0.010249781793797683,0.003241265598812699,10
3.8,0.01365467,223.1638541070668,0.5480624702312176,0.009242349433859563,0.0029226875142163962,10
3.8,0.01365467,253.32014314187637,0.5292626246512601,0.010706952000898124,0.0033858355120935267,10
3.8,0.01365467,287.5514727874956,0.5097806051773428,0.012856472353662468,0.004065573531255921,10
3.8,0.01365467,326.40850615637055,0.4865050622971195,0.009931662510846661,0.003140667448638219,10
3.8,0.01365467,370.5163178557939,0.4651326751369962,0.008890523188110875,0.0028114302864971977,10
3.8,0.01365467,420.58444926569615,0.44262721237486663,0.011589724647723596,0.0036649927340999164,10
3.8,0.01365467,477.4183225932176,0.41634293273291867,0.012465920829348257,0.0039420702952075665,10
3.8,0.01365467,541.9321973165318,0.3898704499575074,0.011976383439610102,0.003787264980068956,10
3.8,0.01365467,615.1638774420524,0.36661301864820833,0.013320636259355666,0.004212355046218931,10
3.8,0.01365467,698.2914061636919,0.34265230281345904,0.015165971371893234,0.004795901246409116,10
3.8,0.01365467,792.652016483199,0.3153618761333533,0.016916036724251234,0.005349320503168757,10
3.8,0.01365467,899.7636426411872,0.29254052655266244,0.016726638573107196,0.005289427548944758,10
3.8,0.01365467,1021.3493384030259,0.2680187515977033,0.016295226304542155,0.005153003011024179,10
3.8,0.01365467,1159.3649950049091,0.2370326995563429,0.014620864449396496,0.004623523302067659,10
3.8,0.01365467,1316.0308046455484,0.2083988913410611,0.01521621262383243,0.004811788925271737,10
3.8,0.01365467,1493.8669756616864,0.1805837872686213,0.015671540703212753,0.004955776306618914,10
3.8,0.01365467,1695.7342739204687,0.15192046191285352,0.016524369814678763,0.005225464551331935,10
3.8,0.01365467,1924.8800425987847,0.12520534934294542,0.014042108782632706,0.00444050469049736,10
3.8,0.01365467,2184.990440647822,0.0995010929264297,0.009113025001227747,0.0028817915377938423,10
3.8,0.01365467,2480.2497402782196,0.08126876923220905,0.009711208892174066,0.0030709538932950564,10
3.8,0.01365467,2815.4076373562034,0.06116717561684272,0.007749198117529236,0.002450511609128156,10
3.8,0.01365467,3195.8556575010366,0.04471674757647479,0.006747615341856738,0.002133783325496298,10
3.8,0.01365467,3627.7138869923433,0.03292154684134874,0.0067971390188269224,0.002149444087229519,10
3.8,0.01365467,4117.929423686066,0.022539873077003954,0.0063072696593761595,0.0019945337940503053,10
3.8,0.01365467,4674.388131672206,0.015102522766796378,0.0034331611783189496,0.0010856608897955363,10
3.8,0.01365467,5306.041497418272,0.009762956580027626,0.003229217756524208,0.0010211683171275554,10
3.8,0.01365467,6023.050628072877,0.003952702569782682,0.0029837445076800065,0.0009435428600286583,10
3.8,0.01365467,6836.949708361742,0.001852229853633695,0.00323590579012867,0.00102328325905334,10
3.8,0.01365467,7760.831545529242,0.0001720193930274678,0.0027100955094242546,0.0008570074486374963,10
3.8,0.01365467,8809.558187098928,-0.00010660016530495638,0.0035770427712208367,0.0011311602444898441,10
3.8,0.01365467,9999.99999956053,0.001773837249621895,0.0031706360180742583,0.0010026431448481453,10
3.8,0.01157466,0.010000000000218279,0.9999942659181809,0.0001,3.1622776601683795e-05,10
3.8,0.01157466,0.011351307054675233,0.9999919373502681,0.0001,3.1622776601683795e-05,10
3.8,0.01157466,0.012885217184670714,0.9999892941213311,0.0001,3.1622776601683795e-05,10
3.8,0.01157466,0.014626405672618265,0.9999862937110031,0.0001,3.1622776601683795e-05,10
3.8,0.01157466,0.016602882189250948,0.9999828878531105,0.0001,3.1622776601683795e-05,10
3.8,0.01157466,0.018846441371867226,0.9999790217592386,0.0001,3.1622776601683795e-05,10
3.8,0.01157466,0.021393174289532996,0.9999730355823987,0.0001,3.1622776601683795e-05,10
3.8,0.01157466,0.024284049022937213,0.9999647388587309,0.0001,3.1622776601683795e-05,10
3.8,0.01157466,0.027565569698412937,0.9999553209929415,0.0001,3.1622776601683795e-05,10
3.8,0.01157466,0.03129052457769065,0.9999431566027741,0.0001,3.1622776601683795e-05,10
3.8,0.01157466,0.035518835237547564,0.9999261924116777,0.0001,3.1622776601683795e-05,10
3.8,0.01157466,0.040318520499702026,0.9999065727107809,0.0001,3.1622776601683795e-05,10
3.8,0.01157466,0.045766790617234585,0.9998785027263175,0.0001,3.1622776601683795e-05,10
3.8,0.01157466,0.051951289319191934,0.9998444141467655,0.0001,3.1622776601683795e-05,10
3.8,0.01157466,0.05897150369355452,0.9998002386895797,0.0001,3.1622776601683795e-05,10
3.8,0.01157466,0.06694036458868406,0.9997421951018317,0.0001,3.1622776601683795e-05,10
3.8,0.01157466,0.0759860632781475,0.9996681636668144,0.0001,3.1622776601683795e-05,10
3.8,0.01157466,0.08625411361274073,0.9995730948225118,0.0001,3.1622776601683795e-05,10
3.8,0.01157466,0.09790969283256912,0.9994511190885884,0.0001,3.1622776601683795e-05,10
3.8,0.01157466,0.11114029869471674,0.9992934062717834,0.0001,3.1622776601683795e-05,10
3.8,0.01157466,0.12615876566045128,0.9990887177620923,0.0001,3.1622776601683795e-05,10
3.8,0.01157466,0.14320668866193417,0.9988290377179035,0.0001,3.1622776601683795e-05,10
3.8,0.01157466,0.16255830952494102,0.9984953893186915,0.0001,3.1622776601683795e-05,10
3.8,0.01157466,0.1845249285666265,0.9980652377316381,0.0001,3.1622776601683795e-05,10
3.8,0.01157466,0.209459912335607,0.9975140153817253,0.0001,3.1622776601683795e-05,10
3.8,0.01157466,0.23776437805149325,0.9968042829269684,0.0001,3.1622776601683795e-05,10
3.8,0.01157466,0.2698936461867474,0.9959061631752064,0.0001,3.1622776601683795e-05,10
3.8,0.01157466,0.3063645649904774,0.9947523695245275,0.0001,3.1622776601683795e-05,10
3.8,0.01157466,0.3477638247803005,0.9933091768368527,0.0001,3.1622776601683795e-05,10
3.8,0.01157466,0.3947573957503299,0.9914543660631484,0.0001,3.1622776601683795e-05,10
3.8,0.01157466,0.4481012411168134,0.9891299811054972,0.0001197989019214511,3.788373912589076e-05,10
3.8,0.01157466,0.5086534779386983,0.986191366350089,0.0001526139552899638,4.8260770144338834e-05,10
3.8,0.01157466,0.5773881812384607,0.9825243951662008,0.00019416139460423624,6.139922406241135e-05,10
3.8,0.01157466,0.6554110534835178,0.9779822192983876,0.0002466234206504282,7.79891733597158e-05,10
3.8,0.01157466,0.7439772114957187,0.9723968606675738,0.00031234459224266327,9.877203263233757e-05,10
3.8,0.01157466,0.8445113769184625,0.965533437826579,0.0003978770075326766,0.00012581975724152293,10
3.8,0.01157466,0.9586307950358789,0.957165546989805,0.0005145747547450303,0.0001627228251416832,10
3.8,0.01157466,1.088171250628218,0.946945226365056,0.0006726849692728167,0.00021272166506624808,10
3.8,0.01157466,1.2352165993681232,0.934403525462133,0.0008806464810891757,0.0002784848693654195,10
3.8,0.01157466,1.402132289815328,0.9190104084445595,0.00115075660929849,0.00036390119178757266,10
3.8,0.01157466,1.5916034152621248,0.9001079177790313,0.0014897206665778014,0.00047109103838101276,10
3.8,0.01157466,1.80667790755158,0.8773991099656447,0.0018856912140434593,0.0005963079200145421,10
3.8,0.01157466,2.0508155677068496,0.8510862137944486,0.0022629353976057263,0.0007156030054252837,10
3.8,0.01157466,2.3279437221040404,0.8218064407310426,0.0025611625367806057,0.0008099107074121484,10
3.8,0.01157466,2.642520399502972,0.7902177771046028,0.0027834378215531056,0.0008802003241565125,10
3.8,0.01157466,2.9996060452346534,0.7570085295718909,0.0029808051397311186,0.00094261335026868,10
3.8,0.01157466,3.404944926177538,0.7240840790485329,0.0032064172451996237,0.0010139581623673406,10
3.8,0.01157466,3.865057536045609,0.6947288381148875,0.0035855412564152526,0.0011338477014774014,10
3.8,0.01157466,4.3873454874682505,0.6730876218370457,0.004026225165007828,0.0012732041894112,10
3.8,0.01157466,4.980210578210885,0.6632705686670325,0.004150388808016591,0.0013124681808603733,10
3.8,0.01157466,5.653189946897943,0.6710524975113045,0.004459787589212088,0.0014103086662461577,10
3.8,0.01157466,6.417109492424104,0.6978067636423251,0.005262953379877086,0.0016642919899692975,10
3.8,0.01157466,7.284258025038717,0.740063664360688,0.005638462254470365,0.001783038322501427,10
3.8,0.01157466,8.268584950589176,0.7858147262332297,0.004381316610861515,0.0013854939640652003,10
3.8,0.01157466,9.385924667975567,0.8154224471297681,0.0029829302137865496,0.0009432853576898493,10
3.8,0.01157466,10.65425128959158,0.811706220919203,0.00351438554998621,0.0011113462913939953,10
3.8,0.01157466,12.093967782318368,0.778143378706381,0.004762890927222502,0.0015061583576974377,10
3.8,0.01157466,13.728234180344895,0.7474817085794784,0.005280565602832328,0.0016698614638890241,10
3.8,0.01157466,15.583340149618108,0.7487827005543218,0.004275028710739908,0.0013518827788551238,10
3.8,0.01157466,17.689127897190275,0.7699069621876099,0.0057131448604295886,0.0018066550361442281,10
3.8,0.01157466,20.07947222860456,0.7658520231352315,0.005215369171314621,0.0016492445419979099,10
3.8,0.01157466,22.792825475773903,0.7448365317433537,0.004976775234524125,0.0015737945143814887,10
3.8,0.01157466,25.872836061348632,0.7505074482430137,0.0051914131334021285,0.0016416689776462276,10
3.8,0.01157466,29.369050650123167,0.748413590221539,0.005293362647750524,0.0016739082448151222,10
3.8,0.01157466,33.33771118265806,0.7402866537827483,0.005098264069325778,0.001612212657206804,10
3.8,0.01157466,37.842659612617176,0.738594741290665,0.005214548957856227,0.001648985167728305,10
3.8,0.01157466,42.95636490189982,0.7333886129808038,0.0066297786360039685,0.0020965200872496937,10
3.8,0.01157466,48.76108879434957,0.7285324098386112,0.006445997308897459,0.0020384033287431927,10
3.8,0.01157466,55.350209121286355,0.7207496503989991,0.007041983163873888,0.002226870604240024,10
3.8,0.01157466,62.82972192624931,0.7118482518986942,0.008786237315657409,0.0027784521980241212,10
3.8,0.01157466,71.31994657291497,0.7052949750336309,0.007247039999307066,0.00229171526921554,10
3.8,0.01157466,80.95746126545187,0.6973222712124346,0.00812735813813538,0.0025700963076413182,10
3.8,0.01157466,91.89730011710618,0.6886332062897751,0.009456346104265979,0.0029903592032340586,10
3.8,0.01157466,104.31544711021446,0.6802200728557483,0.01022181023236614,0.0032324202144291994,10
3.8,0.01157466,118.41166706679324,0.6694558723604385,0.010256941432867211,0.0032435296754811426,10
3.8,0.01157466,134.41271917018034,0.6555314010119704,0.009747195175404434,0.0030823337552482446,10
3.8,0.01157466,152.57600473212457,0.6447442101918573,0.00821724632181276,0.0025985214471569273,10
3.8,0.01157466,173.19370788521238,0.6333252884386433,0.010480683201984555,0.0033142830352937756,10
3.8,0.01157466,196.59749580998604,0.6218548858290156,0.009332697450991256,0.0029512580658380026,10
3.8,0.01157466,223.1638541070668,0.6072629473980861,0.011867194439175029,0.003752736386387761,10
3.8,0.01157466,253.32014314187637,0.5969033751143342,0.01203251748814733,0.003805016124835364,10
3.8,0.01157466,287.5514727874956,0.5822196009108305,0.01073683782365123,0.003395286239058316,10
3.8,0.01157466,326.40850615637055,0.563499703764703,0.009698372765416874,0.0030668947536063207,10
3.8,0.01157466,370.5163178557939,0.5444150955151844,0.009364970216155061,0.002961463610268939,10
3.8,0.01157466,420.58444926569615,0.5275054125547067,0.008327312068114937,0.002633327292225041,10
3.8,0.01157466,477.4183225932176,0.5070013355322766,0.008417093836145995,0.0026617187801585445,10
3.8,0.01157466,541.9321973165318,0.4844583096655598,0.012960771198720316,0.0040985557220267,10
3.8,0.01157466,615.1638774420524,0.4597856846333267,0.013045531369070745,0.004125359241343823,10
3.8,0.01157466,698.2914061636919,0.4403892714206562,0.012852657870225145,0.0040643672856800275,10
3.8,0.01157466,792.652016483199,0.4175885007806784,0.016246315032043088,0.005137535908588758,10
3.8,0.01157466,899.7636426411872,0.39656285322808205,0.016625970329952503,0.00525759345530311,10
3.8,0.01157466,1021.3493384030259,0.3724914902305926,0.020096637907615317,0.006355114909974492,10
3.8,0.01157466,1159.3649950049091,0.34688051890392513,0.018445205867092758,0.005832886245071414,10
3.8,0.01157466,1316.0308046455484,0.324359187658961,0.0198315968689819,0.006271301574424664,10
3.8,0.01157466,1493.8669756616864,0.30320039907528357,0.024348810601473713,0.007699769981671132,10
3.8,0.01157466,1695.7342739204687,0.2790304744604678,0.02459141234499761,0.007776487389057484,10
3.8,0.01157466,1924.8800425987847,0.25409901400107543,0.018984241750485777,0.006003344358279702,10
3.8,0.01157466,2184.990440647822,0.22785492393430212,0.016529206147428834,0.005226993934033204,10
3.8,0.01157466,2480.2497402782196,0.2002710702858376,0.0156736351332942,0.004956438623564648,10
3.8,0.01157466,2815.4076373562034,0.17510537208934024,0.017231737171703888,0.005449153750397225,10
3.8,0.01157466,3195.8556575010366,0.1530690383065265,0.01670764150946463,0.005283420149948189,10
3.8,0.01157466,3627.7138869923433,0.12752922364245683,0.013322710268720455,0.004213010905567056,10
3.8,0.01157466,4117.929423686066,0.10271146632070287,0.013535237671186423,0.00428021797126623,10
3.8,0.01157466,4674.388131672206,0.08156105824938703,0.010474848401123667,0.003312437909252384,10
3.8,0.01157466,5306.041497418272,0.062193644859751984,0.01064377249235594,0.00336585639724919,10
3.8,0.01157466,6023.050628072877,0.0460436507589208,0.012485617899712136,0.003948299055765813,10
3.8,0.01157466,6836.949708361742,0.03172695926323709,0.008279482620524924,0.0026182022928638317,10
3.8,0.01157466,7760.831545529242,0.0235889423675893,0.006234078148455716,0.0019713886060605365,10
3.8,0.01157466,8809.558187098928,0.01645966490231981,0.006475082039735692,0.0020476007282013682,10
3.8,0.01157466,9999.99999956053,0.00812537492903324,0.005430132124463387,0.001717158550895323,10
3.8,0.00961925,0.00999999999839929,0.9999952226304003,0.0001,3.1622776601683795e-05,10
3.8,0.00961925,0.011343351215290327,0.9999932936032044,0.0001,3.1622776601683795e-05,10
3.8,0.00961925,0.012867161681402521,0.9999911054399051,0.0001,3.1622776601683795e-05,10
3.8,0.00961925,0.014595673411943802,0.9999886233294228,0.0001,3.1622776601683795e-05,10
3.8,0.00961925,0.01655638497618555,0.9999858077843269,0.0001,3.1622776601683795e-05,10
3.8,0.00961925,0.01878048896704911,0.9999826140126377,0.0001,3.1622776601683795e-05,10
3.8,0.00961925,0.021303368238222372,0.9999777503803354,0.0001,3.1622776601683795e-05,10
3.8,0.00961925,0.02416515880334988,0.9999709164377807,0.0001,3.1622776601683795e-05,10
3.8,0.00961925,0.027411388352354044,0.9999631644567215,0.0001,3.1622776601683795e-05,10
3.8,0.00961925,0.031093700542924253,0.9999533275999644,0.0001,3.1622776601683795e-05,10
3.8,0.00961925,0.03527067658979116,0.9999393676993021,0.0001,3.1622776601683795e-05,10
3.8,0.00961925,0.04000876722229624,0.9999235241382323,0.0001,3.1622776601683795e-05,10
3.8,0.00961925,0.04538334983659476,0.999900439556936,0.0001,3.1622776601683795e-05,10
3.8,0.00961925,0.05147992766052883,0.9998728455698231,0.0001,3.1622776601683795e-05,10
3.8,0.00961925,0.058395490008459235,0.9998365612456273,0.0001,3.1622776601683795e-05,10
3.8,0.00961925,0.0662400552660962,0.999789475291727,0.0001,3.1622776601683795e-05,10
3.8,0.00961925,0.07513842115238462,0.9997294648272492,0.0001,3.1622776601683795e-05,10
3.8,0.00961925,0.08523215010303307,0.9996523856020726,0.0001,3.1622776601683795e-05,10
3.8,0.00961925,0.0966818213607808,0.9995534454748352,0.0001,3.1622776601683795e-05,10
3.8,0.00961925,0.1096695856004845,0.9994270495793692,0.0001,3.1622776601683795e-05,10
3.8,0.00961925,0.12440206273007748,0.9992599341280437,0.0001,3.1622776601683795e-05,10
3.8,0.00961925,0.14111362896797314,0.9990527851262516,0.0001,3.1622776601683795e-05,10
3.8,0.00961925,0.16007014549041132,0.998784164756985,0.0001,3.1622776601683795e-05,10
3.8,0.00961925,0.18157318796710037,0.9984375818418277,0.0001,3.1622776601683795e-05,10
3.8,0.00961925,0.2059648442720438,0.9979928665101514,0.0001,3.1622776601683795e-05,10
3.8,0.00961925,0.23363315669543513,0.9974210610968868,0.0001,3.1622776601683795e-05,10
3.8,0.00961925,0.26501829523575,0.99669871704849,0.0001,3.1622776601683795e-05,10
3.8,0.00961925,0.30061956018178215,0.9957711098548732,0.0001132906513239242,3.582564957875707e-05,10
3.8,0.00961925,0.3410033253873912,0.9946096149957814,0.00014577583659193552,4.6098367144703384e-05,10
3.8,0.00961925,0.3868120486070283,0.9931155581693663,0.00018737672658942128,5.925372365292052e-05,10
3.8,0.00961925,0.4387744922357831,0.9912462738988426,0.00023948170850277207,7.573076568172719e-05,10
3.8,0.00961925,0.49771731705378697,0.9889060111124678,0.0003042534487533597,9.621338840219342e-05,10
3.8,0.00961925,0.5645782334176844,0.9859600743434896,0.00038569266118667375,0.000121966728616151,10
3.8,0.00961925,0.6404209191190089,0.9822932684502874,0.00048632134273835686,0.00015378831178045955,10
3.8,0.00961925,0.7264519412348801,0.977766673063792,0.0006108936230716705,0.0001931815256978866,10
3.8,0.00961925,0.8240399511775752,0.9721780763769482,0.000765769318142186,0.0002421575207603407,10
3.8,0.00961925,0.9347374583134178,0.9653396153511554,0.0009553960614294019,0.0003021227621671054,10
3.8,0.00961925,1.0603055285434146,0.9569493673976641,0.001184442051232198,0.00037455346383755904,10
3.8,0.00961925,1.2027418007707245,0.9466265165101369,0.0014442547065325253,0.0004567134394060843,10
3.8,0.00961925,1.364312266963695,0.9339357041744606,0.0017239669776750756,0.0005451662260369891,10
3.8,0.00961925,1.5475873213975377,0.9183277639486965,0.0020210136651066506,0.000639100636406178,10
3.8,0.00961925,1.755482652575269,0.8993367680914556,0.002348470323540614,0.000742651523970089,10
3.8,0.00961925,1.9913056283698298,0.8768074925387117,0.002688379803150991,0.0008501403393552244,10
3.8,0.00961925,2.2588079123199085,0.8510158916280697,0.002971582971114183,0.0009396970444891158,10
3.8,0.00961925,2.5622451481422868,0.8225263875491595,0.0032924343453733557,0.0010411591577945264,10
3.8,0.00961925,2.9064446619703945,0.7916686794097523,0.003903540131600131,0.001234407775372983,10
3.8,0.00961925,3.296882259381333,0.7593117374271937,0.004732197216983939,0.0014964521542779287,10
3.8,0.00961925,3.739769338960867,0.7277715689166905,0.005556820038015273,0.0017572207867791701,10
3.8,0.00961925,4.242151708279773,0.7003935894181562,0.006287094771673367,0.0019881539343824103,10
3.8,0.00961925,4.812021674326398,0.6805590444688715,0.006865050353295038,0.002170919536815594,10
3.8,0.00961925,5.4584451916211165,0.6733125124171916,0.007642028645141216,0.002416621646289689,10
3.8,0.00961925,6.191706090788226,0.6826297045678715,0.008213614328498486,0.0025973729100249665,10
3.8,0.00961925,7.023469682090571,0.7108773127889354,0.007474062650500183,0.0023635061350375593,10
3.8,0.00961925,7.96696833666497,0.7555278973886697,0.0053809223785938895,0.0017015970628927555,10
3.8,0.00961925,9.037211997835415,0.8017054996086894,0.0036097401560843136,0.0011415000654598144,10
3.8,0.00961925,10.251226971489197,0.8286836632730943,0.0043245925401502235,0.0013675562379047877,10
3.8,0.00961925,11.628326794387261,0.8222517287184129,0.003919940834624994,0.001239594133051641,10
3.8,0.00961925,13.190419489601993,0.788102156740045,0.0036808422669259103,0.001163984527130334,10
3.8,0.00961925,14.962356097151646,0.7577331956152353,0.0042599634768517355,0.001347118733598146,10
3.8,0.00961925,16.972326024539964,0.7600761588284871,0.004229866837809597,0.0013376013406692356,10
3.8,0.00961925,19.25230550675867,0.7822134322096427,0.004470815829939821,0.0014137961021745847,10
3.8,0.00961925,21.838566310218894,0.7784896903546967,0.0039952392927982625,0.001263405596264286,10
3.8,0.00961925,24.772252773487324,0.759972778618513,0.004776933280887925,0.0015105989398266726,10
3.8,0.00961925,28.100036364859676,0.769255034556876,0.005507117348886723,0.0017415034164310194,10
3.8,0.00961925,31.8748581700056,0.7641088518132695,0.004060174450155556,0.0012839398960113346,10
3.8,0.00961925,36.15677112178165,0.7597406068169921,0.0053097166420497935,0.0016790798318978323,10
3.8,0.00961925,41.01389537108877,0.758984488924859,0.006267554574117106,0.0019819747813616664,10
3.8,0.00961925,46.5235019975901,0.7523574538548518,0.005536918611619134,0.0017509274031693705,10
3.8,0.00961925,52.77324230084006,0.7521218548067538,0.005652107820447566,0.0017873534293464325,10
3.8,0.00961925,59.86254222838685,0.7436105344006398,0.006446007354774894,0.0020384065055285712,10
3.8,0.00961925,67.90418412454358,0.7393572214509752,0.005701359269158771,0.00180292810494547,10
3.8,0.00961925,77.02610096357364,0.7361120715695365,0.0069282660631491385,0.0021909100995199243,10
3.8,0.00961925,87.37341161140886,0.7285450632310083,0.00835109688612118,0.0026408487120882724,10
3.8,0.00961925,99.11072949449846,0.7213403234618879,0.007496496697976917,0.0023706004037538425,10
3.8,0.00961925,112.424781403969,0.7177351001490083,0.00832758499553705,0.00263341359945402,10
3.8,0.00961925,127.52737809715963,0.709426041500417,0.00952685728435587,0.003012656796193096,10
3.8,0.00961925,144.65878395527622,0.7021989273732384,0.007991400318238058,0.0025271026699826686,10
3.8,0.00961925,164.09153930441676,0.6975943712889399,0.007216050056741213,0.0022819153889089504,10
3.8,0.00961925,186.1347962085565,0.690484341351056,0.007093531681968177,0.0022431716769584593,10
3.8,0.00961925,211.13923671181206,0.6798618255319341,0.00897338045839892,0.0028376320559786398,10
3.8,0.00961925,239.5026517733781,0.6698887949706862,0.011161499815720202,0.003529576152122547,10
3.8,0.00961925,271.6762696493681,0.6583878382422053,0.010729570852583935,0.0033929882210319965,10
3.8,0.00961925,308.1719343985998,0.6486930851863013,0.010841903659464795,0.003428510973602332,10
3.8,0.00961925,349.57024871382976,0.6369603476554182,0.013859864425555497,0.004382873964589659,10
3.8,0.00961925,396.52981062120944,0.6262977021923793,0.015250844211608822,0.004822740394907881,10
3.8,0.00961925,449.7976909928937,0.613107004483967,0.01811064445886557,0.005727088638352283,10
3.8,0.00961925,510.2213185575743,0.597780057977745,0.02068992054367286,0.00654272735259155,10
3.8,0.00961925,578.7619614853527,0.5869214012694981,0.02134101128222508,0.006748620322318171,10
3.8,0.00961925,656.5100200229575,0.5696713302247894,0.020524763478221787,0.006490500102742059,10
3.8,0.00961925,744.7023734669749,0.5545831076297125,0.02437313230331935,0.007707461179111506,10
3.8,0.00961925,844.7420574448392,0.5398300146002292,0.02164682505894973,0.006845327129748978,10
3.8,0.00961925,958.2205845457607,0.5219500335293381,0.019529835286040464,0.006175876183181389,10
3.8,0.00961925,1086.943263396325,0.5062510126585578,0.018652183299408244,0.005898338256108442,10
3.8,0.00961925,1232.957918977195,0.48741600623936004,0.022087840728351123,0.006984788529662202,10
3.8,0.00961925,1398.587471087054,0.46415233705392084,0.016172581508705264,0.005114219321223088,10
3.8,0.00961925,1586.466889238464,0.4429179327270786,0.019610426995358962,0.006201361519378655,10
3.8,0.00961925,1799.585111894162,0.4295038679664477,0.016614594756370903,0.00525399618308224,10
3.8,0.00961925,2041.3325969290615,0.4097628227020621,0.018392187891550504,0.005816120489106952,10
3.8,0.00961925,2315.5552597893575,0.38586650202657974,0.020624306768771132,0.006521978455134444,10
3.8,0.00961925,2626.6156574407983,0.3633376243699418,0.02162137127463133,0.006837277936397297,10
3.8,0.00961925,2979.4623914700956,0.338917758048619,0.02542153101408375,0.008038993961311464,10
3.8,0.00961925,3379.7088344604153,0.31574654573710514,0.023138042189326594,0.007316891391534094,10
3.8,0.00961925,3833.7224320840705,0.29127123075372857,0.021343946025179007,0.006749548369526325,10
3.8,0.00961925,4348.72600160277,0.2676601607513014,0.023513427060101524,0.00743559851061577,10
3.8,0.00961925,4932.912638314162,0.24169192279226173,0.023719604763318983,0.0075007976251067095,10
3.8,0.00961925,5595.576057969889,0.2176631940193813,0.019519447784887522,0.006172591366897296,10
3.8,0.00961925,6347.258448758235,0.19340340423280997,0.01709983893861275,0.005407443866805246,10
3.8,0.00961925,7199.9181850008545,0.17122964595425377,0.02082523891509255,0.006585518778886634,10
3.8,0.00961925,8167.120070689361,0.14963715742402045,0.022012797505675967,0.006961057779000933,10
3.8,0.00961925,9264.251139410562,0.1299401530065048,0.023943651373355843,0.007571647384082311,10
3.8,0.00961925,10508.765443780925,0.11022561199436165,0.024247169898670793,0.007667628369287383,10
3.8,0.00961925,11920.461728699436,0.09258975263751645,0.026164700236318374,0.00827400470423119,10
3.8,0.00961925,13521.798405870943,0.07424281652427957,0.02515805707388793,0.007955676185799686,10
3.8,0.00961925,15338.250840469882,0.057520944388049146,0.020463523557025635,0.006471134339271153,10
3.8,0.00961925,17398.716633952266,0.045770347817593884,0.018240214021621685,0.005768062131726428,10
3.8,0.00961925,19735.975350582576,0.03611646996221191,0.01721267749200918,0.005443126550466371,10
3.8,0.00961925,22387.210001380623,0.026152380680785892,0.016307104499451153,0.005156759226064564,10
3.8,0.00876128,0.010000000002037268,0.9999956483112019,0.0001,3.1622776601683795e-05,10
3.8,0.00876128,0.011339223971490585,0.9999939008795602,0.0001,3.1622776601683795e-05,10
3.8,0.00876128,0.012857800024943184,0.9999919194276844,0.0001,3.1622776601683795e-05,10
3.8,0.00876128,0.014579747423376511,0.999989672615024,0.0001,3.1622776601683795e-05,10
3.8,0.00876128,0.016532302144774826,0.9999871249038266,0.0001,3.1622776601683795e-05,10
3.8,0.00876128,0.018746347674576447,0.999984235997039,0.0001,3.1622776601683795e-05,10
3.8,0.00876128,0.021256903488614802,0.9999798668118893,0.0001,3.1622776601683795e-05,10
3.8,0.00876128,0.02410367895486571,0.9999736758836321,0.0001,3.1622776601683795e-05,10
3.8,0.00876128,0.027331701415044436,0.9999666558514232,0.0001,3.1622776601683795e-05,10
3.8,0.00876128,0.03099202838039559,0.999957832828563,0.0001,3.1622776601683795e-05,10
3.8,0.00876128,0.03514255510645032,0.9999451965468505,0.0001,3.1622776601683795e-05,10
3.8,0.00876128,0.03984893032013073,0.9999308679840031,0.0001,3.1622776601683795e-05,10
3.8,0.00876128,0.04518559458322291,0.9999101003978262,0.0001,3.1622776601683795e-05,10
3.8,0.00876128,0.051236957715975265,0.9998853310221802,0.0001,3.1622776601683795e-05,10
3.8,0.00876128,0.058098733904087346,0.9998525167425882,0.0001,3.1622776601683795e-05,10
3.8,0.00876128,0.06587945560642658,0.9998102103639755,0.0001,3.1622776601683795e-05,10
3.8,0.00876128,0.07470219020889532,0.9997562992167428,0.0001,3.1622776601683795e-05,10
3.8,0.00876128,0.08470648657669852,0.9996870589903617,0.0001,3.1622776601683795e-05,10
3.8,0.00876128,0.09605058229355644,0.9995981437171446,0.0001,3.1622776601683795e-05,10
3.8,0.00876128,0.10891390649968373,0.9994844890271078,0.0001,3.1622776601683795e-05,10
3.8,0.00876128,0.12349991791582947,0.9993344381867567,0.0001,3.1622776601683795e-05,10
3.8,0.00876128,0.14003932294229954,0.9991498365935947,0.0001,3.1622776601683795e-05,10
3.8,0.00876128,0.15879372473351286,0.998907361506696,0.0001,3.1622776601683795e-05,10
3.8,0.00876128,0.18005976096536963,0.9985986843634207,0.0001,3.1622776601683795e-05,10
3.8,0.00876128,0.2041737957423426,0.9981995586156133,0.0001,3.1622776601683795e-05,10
3.8,0.00876128,0.23151723985601305,0.9976866202255756,0.0001,3.1622776601683795e-05,10
3.8,0.00876128,0.26252258354538094,0.9970390002954861,0.0001,3.1622776601683795e-05,10
3.8,0.00876128,0.2976802371788967,0.9962072156132546,0.0001,3.1622776601683795e-05,10
3.8,0.00876128,0.3375462880570276,0.9951647910545451,0.0001,3.1622776601683795e-05,10
3.8,0.00876128,0.38275129602441454,0.9938228305709037,0.00012090060790716327,3.823212914855989e-05,10
3.8,0.00876128,0.4340102670114935,0.9921447307673008,0.00015576933050166016,4.925858739847848e-05,10
3.8,0.00876128,0.49213396225671446,0.9900399924592392,0.0002004411405486641,6.338505409357107e-05,10
3.8,0.00876128,0.5580417220869098,0.9874034904972315,0.00025776186319144287,8.151145816136778e-05,10
3.8,0.00876128,0.6327760070890639,0.984111445216698,0.00033186576298584956,0.00010494516884648862,10
3.8,0.00876128,0.7175188866706628,0.980028584171626,0.000425366700417411,0.00013451276141095145,10
3.8,0.00876128,0.813610735807567,0.9749760789166556,0.0005411760557290563,0.00017113489512500326,10
3.8,0.00876128,0.9225714357051731,0.9687786747197367,0.000677651157966384,0.00021429211182243295,10
3.8,0.00876128,1.0461244137029342,0.961146953092676,0.0008346365740323898,0.00026393525924220976,10
3.8,0.00876128,1.1862239026605192,0.9517181076636062,0.0010145131980713274,0.0003208172422206937,10
3.8,0.00876128,1.3450858509862966,0.9400790042302456,0.0012379189154950562,0.0003914643331569884,10
3.8,0.00876128,1.525222972210933,0.9257056198371441,0.0015389313788077884,0.0004866528319735991,10
3.8,0.00876128,1.7294844884838911,0.9081531793201727,0.0019395009568405504,0.0006133240547692068,10
3.8,0.00876128,1.961101196614237,0.8872380261177358,0.002396687980629326,0.0007578992859538184,10
3.8,0.00876128,2.2237365694636666,0.8630824667904161,0.002846847513654949,0.000900252229433694,10
3.8,0.00876128,2.5215447009605594,0.8360088614101853,0.00327251010112428,0.0010348585585460675,10
3.8,0.00876128,2.8592360112491986,0.8064485603341177,0.0036760006056331686,0.00116245345939592,10
3.8,0.00876128,3.2421517512300917,0.7752149073556001,0.003978592617195166,0.0012581414552267117,10
3.8,0.00876128,3.67634848492687,0.7439670521128027,0.004034007926738266,0.0012756653147666579,10
3.8,0.00876128,4.168693885934308,0.7157245305526431,0.00422113123525578,0.0013348389005888306,10
3.8,0.00876128,4.726975363156245,0.6938789743879654,0.004268239033802702,0.0013497356944852951,10
3.8,0.00876128,5.360023233962687,0.6825738106674416,0.004019982010698665,0.001271229930671115,10
3.8,0.00876128,6.077850392991394,0.6855069037304004,0.0035598154265306606,0.0011257124797640677,10
3.8,0.00876128,6.891810685730105,0.704762754628715,0.0031286164913733793,0.0009893554037904413,10
3.8,0.00876128,7.814778491868492,0.7400154874983901,0.0031278418218300117,0.000989110431771341,10
3.8,0.00876128,8.861352358883124,0.7848824163367423,0.003567856226512544,0.001128255203979327,10
3.8,0.00876128,10.048085906720155,0.8228026250810828,0.003902546302011038,0.0012340934988622225,10
3.8,0.00876128,11.39374965578657,0.8329849511348006,0.004047420809113452,0.0012799068405960094,10
3.8,0.00876128,12.919627919573685,0.8095272371247516,0.0037759419261262986,0.0011940576799082355,10
3.8,0.00876128,14.649855457852334,0.7748155267227952,0.004298817615432049,0.0013594054910419072,10
3.8,0.00876128,16.611799215270857,0.7632658749074624,0.0033259404046773557,0.001051754704076258,10
3.8,0.00876128,18.836491183301288,0.7800915679204926,0.0026348951912831126,0.0008332270200279675,10
3.8,0.00876128,21.359119232094663,0.7889864640839023,0.002607992741250545,0.000824719718353789,10
3.8,0.00876128,24.219583675715143,0.7696037890590118,0.003821849968027252,0.0012085750774407814,10
3.8,0.00876128,27.463128373924157,0.7692211024088047,0.004760190521733037,0.0015053044145021644,10
3.8,0.00876128,31.141056352628116,0.7771310113821773,0.0033004502250662607,0.0010436940015224735,10
3.8,0.00876128,35.31154126193206,0.7617418762016965,0.004306212038122673,0.0013617438128103474,10
3.8,0.00876128,40.040547506600575,0.7676774812630829,0.003732025892157997,0.00118017021059412,10
3.8,0.00876128,45.40287360259547,0.7621741620426202,0.004987084237147161,0.0015770545072508332,10
3.8,0.00876128,51.483335262422194,0.7595800765528027,0.004034089020407453,0.001275690958836503,10
3.8,0.00876128,58.37810692210127,0.7565354194941648,0.004869600564221894,0.001539902907818223,10
3.8,0.00876128,66.19624292864712,0.7534584371877093,0.004047945024456097,0.0012800726120427257,10
3.8,0.00876128,75.06140244862097,0.7508134681092289,0.004133268159560741,0.0013070541564464203,10
3.8,0.00876128,85.11380538057047,0.7454223214482124,0.0028259502513252373,0.0008936439348513015,10
3.8,0.00876128,96.51245020795267,0.739643538520829,0.004166684550589319,0.0013176213471297327,10
3.8,0.00876128,109.43762887223545,0.7343680496995751,0.004049094032632174,0.0012804359603313818,10
3.8,0.00876128,124.09377844383292,0.7304260588623475,0.0050240165500309575,0.0015887335300479109,10
3.8,0.00876128,140.71271469564843,0.7238509272703665,0.00603120316128131,0.0019072339020856793,10
3.8,0.00876128,159.55729872453503,0.7190440911207585,0.004558222467705568,0.0014414365079702897,10
3.8,0.00876128,180.92559461549365,0.7111267415067293,0.005373903087396783,0.0016993773681184727,10
3.8,0.00876128,205.15558391022353,0.7045552490064089,0.00801089241410112,0.0025332666119124306,10
3.8,0.00876128,232.63051144860228,0.698409667350316,0.00824990139835707,0.0026088478890616434,10
3.8,0.00876128,263.7849471380709,0.6927028978966565,0.007066129995663478,0.00223450650291323,10
3.8,0.00876128,299.11165952970174,0.6844377464270924,0.008325479509013864,0.002632747786154415,10
3.8,0.00876128,339.1694099200543,0.6741435520740829,0.010704724773192054,0.0033851312008516253,10
3.8,0.00876128,384.59179025782777,0.6652196258495208,0.010755542956213324,0.003401201321341476,10
3.8,0.00876128,436.097244644159,0.6559598387451786,0.011814340507796374,0.003736022505742682,10
3.8,0.00876128,494.5004329362609,0.6427888598086976,0.011489922376620342,0.0036334324848655277,10
3.8,0.00876128,560.7251161920982,0.6329176096876025,0.0159506823048227,0.0050440486316983895,10
3.8,0.00876128,635.8187677646946,0.6209317616584555,0.012343840331228019,0.003903465052012781,10
3.8,0.00876128,720.9691411492219,0.6076739051086102,0.016849590247213754,0.0053283082821755055,10
3.8,0.00876128,817.5230566358716,0.5962725052170191,0.01938082395523711,0.006128754662930248,10
3.8,0.00876128,927.0077039163162,0.5856705469067992,0.019894636248669884,0.006291236376634482,10
3.8,0.00876128,1051.154797586287,0.5731010037369282,0.020047557092636562,0.006339594193499474,10
3.8,0.00876128,1191.9279676109475,0.5609476158771307,0.02379513668842356,0.007524682917045481,10
3.8,0.00876128,1351.5538179870623,0.5464972215760511,0.025482199458220146,0.008058179007868434,10
3.8,0.00876128,1532.557144855628,0.5309194991688434,0.027142035884662855,0.008583065372955783,10
3.8,0.00876128,1737.800871108573,0.5137042540462863,0.030151742679286813,0.009534818228985416,10
3.8,0.00876128,1970.5313291337036,0.49404974768093934,0.030656198222608316,0.009694341078504785,10
3.8,0.00876128,2234.4296079333994,0.47470215774142666,0.031371032619850504,0.009920391563016676,10
3.8,0.00876128,2533.669776772493,0.45474859255516165,0.0327643443322042,0.01036099541317938,10
3.8,0.00876128,2872.98490627668,0.4321734515440922,0.031007311157046354,0.009805372737381742,10
3.8,0.00876128,3257.741931234624,0.41264374922553443,0.03220678194785088,0.010184678705960307,10
3.8,0.00876128,3694.0265392059937,0.387466029218119,0.03076587311484019,0.009729023324663407,10
3.8,0.00876128,4188.739427615348,0.3678132376961102,0.030015276463927692,0.009491663822565628,10
3.8,0.00876128,4749.705451826726,0.34716311991679244,0.03117531144018139,0.00985849909160773,10
3.8,0.00876128,5385.797390590078,0.3235326554824992,0.031790987227417765,0.010053192870396148,10
3.8,0.00876128,6107.076286452866,0.2970970291796623,0.03588738340231589,0.011348587081504102,10
3.8,0.00876128,6924.950580896002,0.2739848652895307,0.0354498203880394,0.011210217507007854,10
3.8,0.00876128,7852.356561228619,0.24517077950572924,0.02976089776243078,0.009411222214068996,10
3.8,0.00876128,8903.96297336353,0.22068383018959162,0.02752287011162414,0.0087034957297705,10
3.8,0.00876128,10096.40303682592,0.19685566823245998,0.031609930875976494,0.009995937824856716,10
3.8,0.00876128,11448.537531768297,0.17404293154483402,0.03028359458514073,0.009576513462618662,10
3.8,0.00876128,12981.753119228933,0.14829255092648969,0.029576945244242404,0.009353051320189114,10
3.8,0.00876128,14720.300613154412,0.12628912716394963,0.024406835186939733,0.0077181189667071045,10
3.8,0.00876128,16691.678554622253,0.1034059268856834,0.02001181540250575,0.006328291678675741,10
3.8,0.00876128,18927.068155242872,0.08328727883468387,0.021178187307048194,0.0066971308603940025,10
3.8,0.00876128,21461.826489224244,0.06430251429145958,0.019021235148569543,0.006015042697913102,10
3.8,0.00876128,24336.045734900395,0.050792900230139736,0.016269910998789352,0.005144997608439937,10
3.8,0.00876128,27595.18731122548,0.037517658185394556,0.014939210194816173,0.004724193065962688,10
3.8,0.00876128,31290.800939347282,0.027764083685214574,0.015431703319488458,0.004879933066556457,10
3.8,0.00876128,35481.340002630204,0.023387470275666303,0.013377547349390876,0.004230351913082348,10
3.8,0.00796442,0.00999999999476131,0.9999960989471892,0.0001,3.1622776601683795e-05,10
3.8,0.00796442,0.011330022417167868,0.9999945436707648,0.0001,3.1622776601683795e-05,10
3.8,0.00796442,0.012836940804077521,0.9999927815390885,0.0001,3.1622776601683795e-05,10
3.8,0.00796442,0.014544282715424827,0.9999907850399478,0.0001,3.1622776601683795e-05,10
3.8,0.00796442,0.016478704929371733,0.9999885230019447,0.0001,3.1622776601683795e-05,10
3.8,0.00796442,0.01867040963534849,0.9999859601078152,0.0001,3.1622776601683795e-05,10
3.8,0.00796442,0.02115361598170227,0.9999821571502382,0.0001,3.1622776601683795e-05,10
3.8,0.00796442,0.023967094340240344,0.9999766741959324,0.0001,3.1622776601683795e-05,10
3.8,0.00796442,0.027154771629155576,0.9999704619964092,0.0001,3.1622776601683795e-05,10
3.8,0.00796442,0.030766417145258254,0.9999628265851259,0.0001,3.1622776601683795e-05,10
3.8,0.00796442,0.03485841961343264,0.9999516646914118,0.0001,3.1622776601683795e-05,10
3.8,0.00796442,0.03949466758541364,0.9999390182408054,0.0001,3.1622776601683795e-05,10
3.8,0.00796442,0.044747546933574835,0.9999209914580011,0.0001,3.1622776601683795e-05,10
3.8,0.00796442,0.050699071013627105,0.9998995754958442,0.0001,3.1622776601683795e-05,10
3.8,0.00796442,0.05744216114149026,0.9998706668631888,0.0001,3.1622776601683795e-05,10
3.8,0.00796442,0.06508209737645988,0.99983399129323,0.0001,3.1622776601683795e-05,10
3.8,0.00796442,0.07373816226178842,0.9997873076926137,0.0001,3.1622776601683795e-05,10
3.8,0.00796442,0.08354550318644938,0.9997273449525602,0.0001,3.1622776601683795e-05,10
3.8,0.00796442,0.09465724244519212,0.9996503269119007,0.0001,3.1622776601683795e-05,10
3.8,0.00796442,0.10724686794131535,0.999551842952131,0.0001,3.1622776601683795e-05,10
3.8,0.00796442,0.12151094185827034,0.9994224595036243,0.0001,3.1622776601683795e-05,10
3.8,0.00796442,0.13767216959066067,0.99926356973422,0.0001,3.1622776601683795e-05,10
3.8,0.00796442,0.15598287684994683,0.9990544887469122,0.0001,3.1622776601683795e-05,10
3.8,0.00796442,0.17672894923300614,0.9987895719286559,0.0001,3.1622776601683795e-05,10
3.8,0.00796442,0.20023429576214474,0.9984523036343813,0.0001,3.1622776601683795e-05,10
3.8,0.00796442,0.2268659060859402,0.998013706747283,0.0001,3.1622776601683795e-05,10
3.8,0.00796442,0.25703958029913543,0.9974614946361458,0.0001,3.1622776601683795e-05,10
3.8,0.00796442,0.2912264208414271,0.9967534802213528,0.0001,3.1622776601683795e-05,10
3.8,0.00796442,0.32996018783334924,0.9958654080023848,0.0001,3.1622776601683795e-05,10
3.8,0.00796442,0.373845632688323,0.9947218538262108,0.0001143421853534468,3.6158173835803684e-05,10
3.8,0.00796442,0.42356794011379467,0.9932957487633525,0.00014465828841453494,4.574496738114781e-05,10
3.8,0.00796442,0.47990342591969776,0.9915024573836153,0.0001833530763837151,5.798133373713687e-05,10
3.8,0.00796442,0.5437316576594279,0.9892527273537794,0.00023335786837337837,7.379423739816476e-05,10
3.8,0.00796442,0.6160491873432455,0.9864500219573941,0.00029801513180232806,9.424065936906371e-05,10
3.8,0.00796442,0.6979851106333549,0.9829735751981387,0.0003812763828495356,0.00012057017878348925,10
3.8,0.00796442,0.7908186954468163,0.9786940471809821,0.00048733916506711464,0.00015411017546168468,10
3.8,0.00796442,0.8959993552021743,0.9733900569314413,0.0006228309878156773,0.00019695645188301205,10
3.8,0.00796442,1.0151692785526745,0.9668497148782222,0.0007957739466241826,0.0002516458173953677,10
3.8,0.00796442,1.1501890689247423,0.9587648730779195,0.0010130171580453988,0.0003203441528254225,10
3.8,0.00796442,1.3031667941725658,0.9487595031238492,0.0012836639598904477,0.0004059301863524841,10
3.8,0.00796442,1.476490899901884,0.9363253828786477,0.0016134008531684305,0.0005102021474871131,10
3.8,0.00796442,1.6728675003396343,0.9209771228574486,0.0019999222090878706,0.0006324309323873168,10
3.8,0.00796442,1.8953626289728855,0.9023973183077437,0.0024426151877042362,0.0007724227440465099,10
3.8,0.00796442,2.1474501086174853,0.880556235051196,0.0029470950071967747,0.0009319532703652129,10
3.8,0.00796442,2.4330657883131765,0.8557101826689729,0.003529805366021932,0.0011162224653713624,10
3.8,0.00796442,2.7566689938473843,0.8280244889607392,0.004178238365406907,0.0013212749841784706,10
3.8,0.00796442,3.123312151336453,0.7975937265243922,0.004760847449050049,0.0015055121531600587,10
3.8,0.00796442,3.538719670899308,0.7654501788157592,0.005065834520662326,0.0016019575334800262,10
3.8,0.00796442,4.009377322036596,0.734530064784658,0.005126456903681303,0.0016211280142327345,10
3.8,0.00796442,4.542633496135657,0.7079031220720713,0.005532053215556533,0.001749388829841707,10
3.8,0.00796442,5.146813937115722,0.6888999814673855,0.006221481625882916,0.001967405235867759,10
3.8,0.00796442,5.831351731506181,0.6814670220350078,0.006599627262414187,0.002086985385737058,10
3.8,0.00796442,6.606934587496739,0.6887893499507114,0.0070641879505962,0.002233892374340101,10
3.8,0.00796442,7.485671702431494,0.7126373941031645,0.007372711896507269,0.002331456212518258,10
3.8,0.00796442,8.481282824053883,0.7515016991256936,0.007194455131374703,0.0022750864739029984,10
3.8,0.00796442,9.609312457321153,0.7966207421365796,0.006489160142187386,0.0020520526150894234,10
3.8,0.00796442,10.887372561205472,0.8298625993045743,0.00609899036571949,0.0019286700983096915,10
3.8,0.00796442,12.335417524713781,0.8319968186157132,0.005993808273729798,0.0018954086003348139,10
3.8,0.00796442,13.97605571533488,0.8016755633235542,0.006194884911483643,0.0019589946162898893,10
3.8,0.00796442,15.834902464128549,0.7651278967407019,0.005787943851840489,0.0018303085540984098,10
3.8,0.00796442,17.940979998623046,0.7613848477440659,0.006998002179771218,0.002212962595890014,10
3.8,0.00796442,20.327170567684725,0.7858692333533569,0.006512552643167534,0.002059449973415922,10
3.8,0.00796442,23.030729833011378,0.7945228214038508,0.004529954997774257,0.0014324975491029634,10
3.8,0.00796442,26.093868542845346,0.7737049314264511,0.005243212839099078,0.0016580494828591036,10
3.8,0.00796442,29.564411569594814,0.7740372794194854,0.005437867674445301,0.0017196047465850152,10
3.8,0.00796442,33.496544600936446,0.7787772606014186,0.004758129221132193,0.0015046525740180705,10
3.8,0.00796442,37.951660142509034,0.7734990188221271,0.006119656648522605,0.0019352053507523928,10
3.8,0.00796442,42.99931604086238,0.7734632799189539,0.004297521274704904,0.0013589955521097655,10
3.8,0.00796442,48.718321492107705,0.7693856953089648,0.005085490835035108,0.0016081734058622558,10
3.8,0.00796442,55.197967492153666,0.7688889394418148,0.004019215302065761,0.001270987476112946,10
3.8,0.00796442,62.53942093958292,0.7653923928640411,0.005907998816423003,0.0018682732673475687,10
3.8,0.00796442,70.85730415733717,0.7619772168919392,0.0059122390627062114,0.001869614150957069,10
3.8,0.00796442,80.28148449432821,0.7610695554071042,0.006434729725114326,0.002034840205895045,10
3.8,0.00796442,90.95910194807601,0.7578473941016923,0.005847522748150881,0.0018491490553803936,10
3.8,0.00796442,103.0568664657041,0.7556112286186921,0.005508897204369979,0.0017420662561543222,10
3.8,0.00796442,116.76366079111932,0.7515144314982256,0.0032658149410408712,0.001032741363029766,10
3.8,0.00796442,132.29348949670103,0.747569492101966,0.005012116768195491,0.0015849704886219936,10
3.8,0.00796442,149.88882024282077,0.7446925771266558,0.007109289492432739,0.0022481547341589845,10
3.8,0.00796442,169.82436943236604,0.7411644542662446,0.005631906516345789,0.0017809652160797008,10
3.8,0.00796442,192.4113913658091,0.7352543330689344,0.0052181358000895186,0.0016501194268347937,10
3.8,0.00796442,218.00253786351234,0.7317353523546737,0.006677466356879194,0.0021116002686885006,10
3.8,0.00796442,246.99736422870276,0.7248008230923794,0.006530629280676279,0.0020651663081124086,10
3.8,0.00796442,279.8485675158617,0.7217508051048828,0.005632483540560297,0.0017811476871579923,10
3.8,0.00796442,317.06905450280595,0.7156670168785648,0.004845899799594389,0.0015324080679671762,10
3.8,0.00796442,359.2399497188956,0.7112675617058616,0.006598921670014735,0.002086762257828861,10
3.8,0.00796442,407.01966855896006,0.7055579283938272,0.007658863675388552,0.00242194535029563,10
3.8,0.00796442,461.1541971417094,0.6973099134714145,0.008400088157533413,0.0026563411124012875,10
3.8,0.00796442,522.4887394123782,0.6874018446390149,0.011636830042620165,0.0036798887678953997,10
3.8,0.00796442,591.9809133361225,0.6817025071603362,0.012197043247821256,0.003857043738269273,10
3.8,0.00796442,670.7157022147458,0.6734928928664069,0.012753908956340473,0.004033140137245689,10
3.8,0.00796442,759.922394562055,0.6638012909595037,0.01325086599518435,0.004190291751445631,10
3.8,0.00796442,860.9937770206461,0.6553937965213545,0.013823103014986553,0.004371248985849814,10
3.8,0.00796442,975.507879979633,0.644634801865738,0.015417279208429882,0.004875371762139625,10
3.8,0.00796442,1105.2526154083234,0.6373374710421669,0.015485612312233802,0.0048969805869005355,10
3.8,0.00796442,1252.253691576988,0.626778698742633,0.021677046458762783,0.006854883975497762,10
3.8,0.00796442,1418.8062404981197,0.6170271011732804,0.01818423841136052,0.005750361089542111,10
3.8,0.00796442,1607.51065188826,0.6063392856205664,0.020141250686454924,0.006369222709362744,10
3.8,0.00796442,1821.313173127144,0.598692580717063,0.02190730578411154,0.006927698367557344,10
3.8,0.00796442,2063.551909102398,0.5844396959127126,0.023983372639031435,0.007584208351190265,10
3.8,0.00796442,2338.0089401367854,0.573189114037807,0.025760742656242,0.008146262101118072,10
3.8,0.00796442,2648.969371716578,0.5600070819415681,0.02833163864486806,0.00895925079626294,10
3.8,0.00796442,3001.288237966277,0.5449214896331547,0.029034221642832262,0.009181427048150571,10
3.8,0.00796442,3400.4663034354135,0.5306196748622527,0.03134737123381704,0.009912909175770451,10
3.8,0.00796442,3852.735946693053,0.5158947723486985,0.034752177157366775,0.01098960334669548,10
3.8,0.00796442,4365.158466632844,0.5010324452498205,0.03692563375104059,0.011676910669847516,10
3.8,0.00796442,4945.734330734947,0.48235564552143284,0.03838049625365575,0.012136978588911175,10
3.8,0.00796442,5603.5280865938785,0.46813608229420856,0.039781038616324975,0.012579868971470008,10
3.8,0.00796442,6348.809886959794,0.4481570852831444,0.038941439173426774,0.012314364315293327,10
3.8,0.00796442,7193.215837927445,0.4302490733045906,0.03795010936928303,0.012000878305943043,10
3.8,0.00796442,8149.929673793997,0.4125356550138643,0.0395296887803148,0.012500385174339811,10
3.8,0.00796442,9233.888595080101,0.3906416637530071,0.04503384880664419,0.014240953403265134,10
3.8,0.00796442,10462.016483469555,0.3684908581227474,0.04626759572852901,0.014631098436202921,10
3.8,0.00796442,11853.488134858671,0.34561544122494564,0.046009070484252915,0.014549345575746534,10
3.8,0.00796442,13430.028635993804,0.3242084623001185,0.04537607397243515,0.014349174502917951,10
3.8,0.00796442,15216.2525588729,0.30381354897296453,0.04319591317391152,0.013659747124043338,10
3.8,0.00796442,17240.04826876334,0.28308217438099625,0.04358028955475048,0.01378129760826568,10
3.8,0.00796442,19533.01334604724,0.25852639259566157,0.042090659192602804,0.013310235126652867,10
3.8,0.00796442,22130.947920149185,0.23597493264245614,0.03551157300733502,0.011229745399853396,10
3.8,0.00796442,25074.41361798213,0.21370149335986674,0.043130377819537165,0.013639023025334415,10
3.8,0.00796442,28409.366853790503,0.19346548593242718,0.045141968949836506,0.014275143994608261,10
3.8,0.00796442,32187.87634796149,0.17466334087109286,0.044606016462041514,0.014105660936701684,10
3.8,0.00796442,36468.9360774481,0.15232721150894335,0.045478961783307445,0.01438171048550046,10
3.8,0.00796442,41319.38635042074,0.13342828168610027,0.0419410766373108,0.013262932969357787,10
3.8,0.00796442,46814.957385913665,0.11049336665931342,0.03694763117575896,0.01168386686632433,10
3.8,0.00796442,53041.451691902876,0.09188644211101463,0.032236002371942685,0.010193919015392924,10
3.8,0.00796442,60096.083702321164,0.0736870181755939,0.027747547563000227,0.008774544978293516,10
3.8,0.00796442,68088.99758879907,0.057817261197454416,0.021130177642319385,0.006681948871369595,10
3.8,0.00796442,77144.9869447722,0.045047830319668636,0.01616600631121043,0.005112140061208177,10
3.8,0.00796442,87405.44319142828,0.03620620368972126,0.013797113388597841,0.0043630303443573,10
3.8,0.00796442,99030.56312601628,0.023143825029988498,0.013589137712846627,0.004297262661028651,10
3.8,0.00796442,112201.85007903156,0.017066710025599934,0.00916276419018656,0.002897520450401777,10
3.815,0.10562311,0.010000000000218279,0.999940766444106,0.0001,3.1622776601683795e-05,10
3.815,0.10562311,0.011351307054675233,0.9999168024090869,0.0001,3.1622776601683795e-05,10
3.815,0.10562311,0.012885217184670714,0.9998896000971105,0.0001,3.1622776601683795e-05,10
3.815,0.10562311,0.014626405672618265,0.999858721917527,0.0001,3.1622776601683795e-05,10
3.815,0.10562311,0.016602882189250948,0.9998236711477537,0.0001,3.1622776601683795e-05,10
3.815,0.10562311,0.018846441371867226,0.9997838839427343,0.0001,3.1622776601683795e-05,10
3.815,0.10562311,0.021393174289532996,0.9997223132448324,0.0001,3.1622776601683795e-05,10
3.815,0.10562311,0.024284049022937213,0.9996370015524633,0.0001,3.1622776601683795e-05,10
3.815,0.10562311,0.027565569698412937,0.999540161630922,0.0001,3.1622776601683795e-05,10
3.815,0.10562311,0.03129052457769065,0.9994150842892605,0.0001,3.1622776601683795e-05,10
3.815,0.10562311,0.035518835237547564,0.9992406615660661,0.0001,3.1622776601683795e-05,10
3.815,0.10562311,0.040318520499702026,0.9990389408046486,0.0001,3.1622776601683795e-05,10
3.815,0.10562311,0.045766790617234585,0.9987504232148163,0.0001,3.1622776601683795e-05,10
3.815,0.10562311,0.051951289319191934,0.9984001952582549,0.0001,3.1622776601683795e-05,10
3.815,0.10562311,0.05897150369355452,0.9979466836194302,0.0001,3.1622776601683795e-05,10
3.815,0.10562311,0.06694036458868406,0.9973513050855434,0.0001,3.1622776601683795e-05,10
3.815,0.10562311,0.0759860632781475,0.996593569440844,0.0001,3.1622776601683795e-05,10
3.815,0.10562311,0.08625411361274073,0.9956221774035576,0.0001179841024221251,3.7309849134450414e-05,10
3.815,0.10562311,0.09790969283256912,0.994378073010066,0.0001523773230523137,4.818594046045918e-05,10
3.815,0.10562311,0.11114029869471674,0.9927759676770436,0.00019865670558843907,6.282076621249677e-05,10
3.815,0.10562311,0.12615876566045128,0.9907051609634788,0.00025824574589895284,8.166447530897784e-05,10
3.815,0.10562311,0.14320668866193417,0.9880897067786216,0.00033245625998742456,0.00010513190039413633,10
3.815,0.10562311,0.16255830952494102,0.9847501855374207,0.0004281683913946612,0.0001353987338897568,10
3.815,0.10562311,0.1845249285666265,0.9804797786561327,0.0005485166822261273,0.00017345620504333604,10
3.815,0.10562311,0.209459912335607,0.9750627319375125,0.0007017577315646741,0.0002219152797377407,10
3.815,0.10562311,0.23776437805149325,0.9681830782548537,0.0008936401781211174,0.00028259383715013007,10
3.815,0.10562311,0.2698936461867474,0.959605106754785,0.0011292078845484372,0.00035708688669935175,10
3.815,0.10562311,0.3063645649904774,0.9488123048277984,0.0014124577554872437,0.00044665836061088816,10
3.815,0.10562311,0.3477638247803005,0.9355923315771145,0.0017435347069477715,0.000551354085350916,10
3.815,0.10562311,0.3947573957503299,0.9191840810526901,0.002108135386103658,0.0006666509436086038,10
3.815,0.10562311,0.4481012411168134,0.8993538405579999,0.0024825461149450465,0.0007850500119628522,10
3.815,0.10562311,0.5086534779386983,0.8755541630086544,0.002850495468871263,0.0009014058141622785,10
3.815,0.10562311,0.5773881812384607,0.8476241808380903,0.003175097753445032,0.0010040540694570034,10
3.815,0.10562311,0.6554110534835178,0.8154851338390413,0.0033997390169451156,0.0010750918743688345,10
3.815,0.10562311,0.7439772114957187,0.7792774768071034,0.0034611983173247025,0.001094527011628829,10
3.815,0.10562311,0.8445113769184625,0.7394975821352687,0.0033794078563705358,0.0010686625968798055,10
3.815,0.10562311,0.9586307950358789,0.6967009335972096,0.003412445611643903,0.0010791100524241135,10
3.815,0.10562311,1.088171250628218,0.6516426787271072,0.0039914785972134945,0.0012622163599008453,10
3.815,0.10562311,1.2352165993681232,0.6053057364610643,0.005160459479348204,0.0016318805727746973,10
3.815,0.10562311,1.402132289815328,0.5587089303741454,0.006511898133763916,0.002059242999369379,10
3.815,0.10562311,1.5916034152621248,0.514108726510863,0.007651261461912898,0.0024195413193114413,10
3.815,0.10562311,1.80667790755158,0.4745270710453813,0.008494890150068959,0.002686320134714748,10
3.815,0.10562311,2.0508155677068496,0.44410516224709456,0.008630165184873638,0.0027290978567688813,10
3.815,0.10562311,2.3279437221040404,0.42678729397586795,0.008151058682931667,0.00257759107797563,10
3.815,0.10562311,2.642520399502972,0.42464478165974684,0.007316754008999924,0.0023137607747607887,10
3.815,0.10562311,2.9996060452346534,0.4378417372307329,0.006983703023230838,0.002208440805561325,10
3.815,0.10562311,3.404944926177538,0.46508120404857445,0.006508417765240943,0.002058142410206444,10
3.815,0.10562311,3.865057536045609,0.4995027387260819,0.007467552695791185,0.002361447506603062,10
3.815,0.10562311,4.3873454874682505,0.5242567155780498,0.007900593433732889,0.0024983870117566503,10
3.815,0.10562311,4.980210578210885,0.5272523574398871,0.005869452693401243,0.0018560839129757875,10
3.815,0.10562311,5.653189946897943,0.5044133031344544,0.008103953145214218,0.0025626949990162195,10
3.815,0.10562311,6.417109492424104,0.47439865181406526,0.005785126901186474,0.0018294177560861109,10
3.815,0.10562311,7.284258025038717,0.45547474018333184,0.006707677792148921,0.0021211539633720087,10
3.815,0.10562311,8.268584950589176,0.4484455577741798,0.009937027339207991,0.003142363956325986,10
3.815,0.10562311,9.385924667975567,0.43928220323767125,0.00841116788063975,0.002659844828487289,10
3.815,0.10562311,10.65425128959158,0.4197406146687075,0.010006211609438329,0.003164241943544431,10
3.815,0.10562311,12.093967782318368,0.3964677738000512,0.010091994547123695,0.003191368890291036,10
3.815,0.10562311,13.728234180344895,0.37488990363512126,0.008025016717906213,0.0025377331089512585,10
3.815,0.10562311,15.583340149618108,0.35643394275094054,0.007817779714887155,0.002472199014450517,10
3.815,0.10562311,17.689127897190275,0.33503951211854577,0.010187229789575557,0.00322148491825766,10
3.815,0.10562311,20.07947222860456,0.3145772709299493,0.008071250360739824,0.0025523534705393517,10
3.815,0.10562311,22.792825475773903,0.2944256810348172,0.008600188549589589,0.0027196184123603052,10
3.815,0.10562311,25.872836061348632,0.2689130147359703,0.011480241487293416,0.003630371118860618,10
3.815,0.10562311,29.369050650123167,0.24563468039872033,0.011654569546289972,0.00368549849151115,10
3.815,0.10562311,33.33771118265806,0.21884010571327922,0.009035041423782567,0.0028571309653123516,10
3.815,0.10562311,37.842659612617176,0.1933982219616846,0.010954457715251774,0.003464103691219983,10
3.815,0.10562311,42.95636490189982,0.16761330394209667,0.01186260228855859,0.003751284220857112,10
3.815,0.10562311,48.76108879434957,0.14161187192440888,0.009350205504277327,0.0029567945984159604,10
3.815,0.10562311,55.350209121286355,0.11616656152593507,0.010708513466628808,0.0033863292909132527,10
3.815,0.10562311,62.82972192624931,0.09411848695767736,0.007409282875313085,0.0023430209714470703,10
3.815,0.10562311,71.31994657291497,0.0775349301082588,0.0069967467349244935,0.0022125655893707775,10
3.815,0.10562311,80.95746126545187,0.0581771087857373,0.006260097701453199,0.001979616711177687,10
3.815,0.10562311,91.89730011710618,0.04278004304367481,0.0034415769948208464,0.0010883222046471387,10
3.815,0.10562311,104.31544711021446,0.031328771754166915,0.002432078547029528,0.0007690907657046246,10
3.815,0.10562311,118.41166706679324,0.021697452775596853,0.004041845998531149,0.0012781439306996008,10
3.815,0.10562311,134.41271917018034,0.01237924730767244,0.004626563675007368,0.0014630478952822317,10
3.815,0.10562311,152.57600473212457,0.006875380826117114,0.006088977475264857,0.0019255037443298515,10
3.815,0.10562311,173.19370788521238,0.0040152546056683195,0.006981650530428118,0.002207791750347555,10
3.815,0.10562311,196.59749580998604,0.0015369373967118222,0.007018269041410034,0.0022193715402702295,10
3.815,0.10562311,223.1638541070668,-0.00025311669090279717,0.005994966581026427,0.0018957748892635877,10
3.815,0.10562311,253.32014314187637,-0.0016988793289119015,0.002798924942631456,0.0008850977818571516,10
3.815,0.10562311,287.5514727874956,0.0005440801250544676,0.0017212345086726128,0.00054430214346863,10
3.815,0.10562311,326.40850615637055,-0.0017463977509407536,0.002879790291384122,0.0009106696504413796,10
3.815,0.10562311,370.5163178557939,-0.0011859182602136416,0.003551427964915936,0.0011230601315150915,10
3.815,0.10562311,420.58444926569615,-0.0003324869762606897,0.003522266111954713,0.0011138383439002523,10
3.815,0.10562311,477.4183225932176,0.0010013184114928467,0.0018671483124162204,0.0005904441396574903,10
3.815,0.10562311,541.9321973165318,0.000994259198386284,0.003180051133947707,0.0010056204659075955,10
3.815,0.10562311,615.1638774420524,0.0005794911994026405,0.004348876120482348,0.0013752353802641056,10
3.815,0.10562311,698.2914061636919,-0.0012645992554338337,0.002969756650993568,0.0009391195113573422,10
3.815,0.10562311,792.652016483199,-0.0007356135611235177,0.0031934700699028547,0.001009863906047015,10
3.815,0.10562311,899.7636426411872,-0.00025254755824933195,0.002583617765775544,0.0008170116743126143,10
3.815,0.10562311,1021.3493384030259,-0.0003281912522790218,0.0022473264585279092,0.0007106670254908127,10
3.815,0.10562311,1159.3649950049091,0.0003674972892151328,0.0026714456536576707,0.0008447852910915565,10
3.815,0.10562311,1316.0308046455484,0.0009935868253112077,0.0019811154762942656,0.0006264837212899194,10
3.815,0.10562311,1493.8669756616864,0.0005490069384166085,0.0015515854626663324,0.0004906544046431762,10
3.815,0.10562311,1695.7342739204687,0.0001406297389276608,0.0017801150406039873,0.0005629218025431716,10
3.815,0.10562311,1924.8800425987847,0.00013013550496255894,0.0020787489766141906,0.0006573581449844935,10
3.815,0.10562311,2184.990440647822,0.00022594580822769193,0.0025700403603721046,0.0008127181217335796,10
3.815,0.10562311,2480.2497402782196,-6.088105556883612e-05,0.003239916052875405,0.0010245514154828806,10
3.815,0.10562311,2815.4076373562034,0.00021645294076268664,0.0021044681536431763,0.0006654912628801613,10
3.815,0.10562311,3195.8556575010366,0.00022429100789545087,0.002548284794093608,0.0008058384076108995,10
3.815,0.10562311,3627.7138869923433,-0.0006703609605581383,0.0015907844746903203,0.000503050220645589,10
3.815,0.10562311,4117.929423686066,0.00028303328253264,0.0015153132300492439,0.00047918411755423117,10
3.815,0.10562311,4674.388131672206,-0.0007400414625176261,0.0015446037442408656,0.0004884465914225322,10
3.815,0.10562311,5306.041497418272,0.00012143528944108615,0.0015101321351150472,0.000477545711477669,10
3.815,0.10562311,6023.050628072877,-0.00018962250463709887,0.0008797764396155102,0.0002782097380938603,10
3.815,0.10562311,6836.949708361742,-0.0003223231410495651,0.001053327155551957,0.00033309129328506565,10
3.815,0.10562311,7760.831545529242,-0.00024351496296401502,0.0014831677973641045,0.0004690188391885649,10
3.815,0.10562311,8809.558187098928,-0.0003902873347155868,0.002047497931330454,0.0006474756967487264,10
3.815,0.10562311,9999.99999956053,-0.0005036578991298153,0.0017555826369057223,0.0005551639753266461,10
3.815,0.09749689,0.010000000000218279,0.999945957526404,0.0001,3.1622776601683795e-05,10
3.815,0.09749689,0.011351307054675233,0.9999241117538679,0.0001,3.1622776601683795e-05,10
3.815,0.09749689,0.012885217184670714,0.9998993139466782,0.0001,3.1622776601683795e-05,10
3.815,0.09749689,0.014626405672618265,0.9998711651943092,0.0001,3.1622776601683795e-05,10
3.815,0.09749689,0.016602882189250948,0.9998392126811755,0.0001,3.1622776601683795e-05,10
3.815,0.09749689,0.018846441371867226,0.9998029424024013,0.0001,3.1622776601683795e-05,10
3.815,0.09749689,0.021393174289532996,0.9997467766298505,0.0001,3.1622776601683795e-05,10
3.815,0.09749689,0.024284049022937213,0.99966892807729,0.0001,3.1622776601683795e-05,10
3.815,0.09749689,0.027565569698412937,0.9995805597949049,0.0001,3.1622776601683795e-05,10
3.815,0.09749689,0.03129052457769065,0.9994664843567527,0.0001,3.1622776601683795e-05,10
3.815,0.09749689,0.035518835237547564,0.9993075169687831,0.0001,3.1622776601683795e-05,10
3.815,0.09749689,0.040318520499702026,0.9991236727058747,0.0001,3.1622776601683795e-05,10
3.815,0.09749689,0.045766790617234585,0.9988607599976147,0.0001,3.1622776601683795e-05,10
3.815,0.09749689,0.051951289319191934,0.9985415454072777,0.0001,3.1622776601683795e-05,10
3.815,0.09749689,0.05897150369355452,0.9981280363178563,0.0001,3.1622776601683795e-05,10
3.815,0.09749689,0.06694036458868406,0.9975851967211347,0.0001,3.1622776601683795e-05,10
3.815,0.09749689,0.0759860632781475,0.996894027122152,0.0001,3.1622776601683795e-05,10
3.815,0.09749689,0.08625411361274073,0.9960077627435405,0.0001,3.1622776601683795e-05,10
3.815,0.09749689,0.09790969283256912,0.9948729636167283,0.0001,3.1622776601683795e-05,10
3.815,0.09749689,0.11114029869471674,0.9934096102813639,0.00011978006392663266,3.787778202887308e-05,10
3.815,0.09749689,0.12615876566045128,0.991517538988272,0.0001529897160010545,4.8379596114563946e-05,10
3.815,0.09749689,0.14320668866193417,0.9891274001283918,0.00019530581747041796,6.176112234876258e-05,10
3.815,0.09749689,0.16255830952494102,0.9860741916615382,0.00024835242615056327,7.853593290645434e-05,10
3.815,0.09749689,0.1845249285666265,0.9821661190452516,0.00031538498899428316,9.973349050490717e-05,10
3.815,0.09749689,0.209459912335607,0.9772066613966051,0.0004019369082918521,0.00012710361058884705,10
3.815,0.09749689,0.23776437805149325,0.9709002251706893,0.0005065002773764862,0.00016016945120167497,10
3.815,0.09749689,0.2698936461867474,0.9630308727771879,0.000635156998900957,0.0002008542788324088,10
3.815,0.09749689,0.3063645649904774,0.9531199832595909,0.0007909387811663514,0.0002501168038243159,10
3.815,0.09749689,0.3477638247803005,0.9409642531407496,0.000976304985808386,0.0003087347446132865,10
3.815,0.09749689,0.3947573957503299,0.9258454896437411,0.0011968011704897952,0.0003784617605103247,10
3.815,0.09749689,0.4481012411168134,0.9075429559956614,0.001467236557886931,0.00046398093891881906,10
3.815,0.09749689,0.5086534779386983,0.8854716849226533,0.0017993780267281363,0.0005690132936120246,10
3.815,0.09749689,0.5773881812384607,0.8594148972353857,0.0022415454780375693,0.0007088389189449655,10
3.815,0.09749689,0.6554110534835178,0.8292075687322397,0.0027874165875358867,0.0008814585204347512,10
3.815,0.09749689,0.7439772114957187,0.7948488381415595,0.0034654581591779376,0.0010958740919016626,10
3.815,0.09749689,0.8445113769184625,0.7566388541709851,0.004280009755229612,0.0013534579234265333,10
3.815,0.09749689,0.9586307950358789,0.7150722052561814,0.005193388452094463,0.0016422936282634757,10
3.815,0.09749689,1.088171250628218,0.6709993944003514,0.00612928833656359,0.0019382511579445645,10
3.815,0.09749689,1.2352165993681232,0.6254529876989627,0.007053734255093833,0.002230586625564767,10
3.815,0.09749689,1.402132289815328,0.5791983811502139,0.007837983864287162,0.002478588127479552,10
3.815,0.09749689,1.5916034152621248,0.5343919025371359,0.00819746467990464,0.0025922659427281775,10
3.815,0.09749689,1.80667790755158,0.49378375744235037,0.008126551211519652,0.002569841135040287,10
3.815,0.09749689,2.0508155677068496,0.46092583752641564,0.0072366893019707315,0.0022884420913201545,10
3.815,0.09749689,2.3279437221040404,0.4399594622131932,0.006094565978921884,0.0019272709843566904,10
3.815,0.09749689,2.642520399502972,0.4343465927056952,0.005376608360296606,0.0017002328505240495,10
3.815,0.09749689,2.9996060452346534,0.44386780011438826,0.005594681587183927,0.0017691936598907103,10
3.815,0.09749689,3.404944926177538,0.46757341406841413,0.005803741471814747,0.0018353042001712525,10
3.815,0.09749689,3.865057536045609,0.5016267066520268,0.006326761944710058,0.0020006977958960067,10
3.815,0.09749689,4.3873454874682505,0.531418558262259,0.008526693085773702,0.002696377106025436,10
3.815,0.09749689,4.980210578210885,0.5403252627822439,0.009495424257366014,0.003002716800288947,10
3.815,0.09749689,5.653189946897943,0.5224020917416612,0.008072960148213513,0.00255289415281252,10
3.815,0.09749689,6.417109492424104,0.48969600230614807,0.009083071790134371,0.002872319500764753,10
3.815,0.09749689,7.284258025038717,0.4646545964215159,0.01200622376727484,0.0037967013202235868,10
3.815,0.09749689,8.268584950589176,0.4563640814054183,0.009832365895524612,0.003109267101801894,10
3.815,0.09749689,9.385924667975567,0.4495682584199555,0.008514044976517962,0.0026923774226911565,10
3.815,0.09749689,10.65425128959158,0.43037383237559823,0.009529757100375054,0.003013573798534702,10
3.815,0.09749689,12.093967782318368,0.41035882587614625,0.007881278913059668,0.0024922792240324714,10
3.815,0.09749689,13.728234180344895,0.39485953847461575,0.008916657052657538,0.0028196945401001753,10
3.815,0.09749689,15.583340149618108,0.37661992154593527,0.011124514907573338,0.0035178804972429267,10
3.815,0.09749689,17.689127897190275,0.3587664250593222,0.010729791736720331,0.0033930580707289978,10
3.815,0.09749689,20.07947222860456,0.3319603145137621,0.00797233326809218,0.0025210731393105067,10
3.815,0.09749689,22.792825475773903,0.30657551236590475,0.008657083294834075,0.002737610110547066,10
3.815,0.09749689,25.872836061348632,0.28309540994757953,0.00779878929714159,0.0024661937170711106,10
3.815,0.09749689,29.369050650123167,0.25771619669014545,0.008353532122128393,0.0026416188013305567,10
3.815,0.09749689,33.33771118265806,0.232921589076926,0.00788917062305899,0.00249477480185561,10
3.815,0.09749689,37.842659612617176,0.2088074940659938,0.009971809633855506,0.0031533630836593093,10
3.815,0.09749689,42.95636490189982,0.18440935603787192,0.01187378159047939,0.003754819426529154,10
3.815,0.09749689,48.76108879434957,0.15886974955585756,0.009949741149333053,0.0031463844160993966,10
3.815,0.09749689,55.350209121286355,0.1376466669099363,0.008627637313444519,0.0027282984736340735,10
3.815,0.09749689,62.82972192624931,0.11399000324203641,0.008241335569280972,0.0026061391360688267,10
3.815,0.09749689,71.31994657291497,0.08986452791438747,0.006226390367100571,0.001968957516136973,10
3.815,0.09749689,80.95746126545187,0.07127575110858564,0.004901571711322182,0.0015500130722427429,10
3.815,0.09749689,91.89730011710618,0.05347705537515625,0.00388080553710447,0.0012272184653443214,10
3.815,0.09749689,104.31544711021446,0.03965725597541186,0.005137026711498353,0.0016244704809459474,10
3.815,0.09749689,118.41166706679324,0.029638244925666257,0.004780175724111953,0.0015116242904038434,10
3.815,0.09749689,134.41271917018034,0.01945545635819713,0.003910143804619746,0.0012364960401394815,10
3.815,0.09749689,152.57600473212457,0.011224570176125447,0.0047397397303754855,0.0014988373064378894,10
3.815,0.09749689,173.19370788521238,0.0051387271210423125,0.0059585681595766705,0.001884264697761992,10
3.815,0.09749689,196.59749580998604,0.0011427292511105571,0.0043765443578069885,0.0013839848451429005,10
3.815,0.09749689,223.1638541070668,0.0017854228904024185,0.006850353054910784,0.0021662718429810582,10
3.815,0.09749689,253.32014314187637,0.0028675125786536866,0.0032945441085718767,0.0010418263234976194,10
3.815,0.09749689,287.5514727874956,0.0008779154955771025,0.004504016910273185,0.0014242952056377502,10
3.815,0.09749689,326.40850615637055,-0.0007335993702928936,0.004327770301051341,0.0013685611341354837,10
3.815,0.09749689,370.5163178557939,-0.0009673128933598019,0.003609260938894197,0.001141348523678347,10
3.815,0.09749689,420.58444926569615,-0.0002287041517011356,0.0036594204833727694,0.001157210364373228,10
3.815,0.09749689,477.4183225932176,0.0003755335972411415,0.0032602865493216605,0.0010309931320667339,10
3.815,0.09749689,541.9321973165318,-0.0004910456217862266,0.002606152036646694,0.0008241376364490163,10
3.815,0.09749689,615.1638774420524,-0.002245118237502742,0.002355107366466599,0.0007447503412275311,10
3.815,0.09749689,698.2914061636919,-0.0009667857875609537,0.0027064468498183844,0.0008558536411613761,10
3.815,0.09749689,792.652016483199,-0.0003090512568031851,0.0037344077177434757,0.0011809234099780575,10
3.815,0.09749689,899.7636426411872,0.001022923965442524,0.00402234881672023,0.0012719783804519098,10
3.815,0.09749689,1021.3493384030259,-0.0010009453874078636,0.003215234245243256,0.0010167463425941087,10
3.815,0.09749689,1159.3649950049091,-0.0009038895400875782,0.0024030968907420096,0.0007599259612813549,10
3.815,0.09749689,1316.0308046455484,-0.0015601327789656933,0.0024155586827809346,0.0007638667259383905,10
3.815,0.09749689,1493.8669756616864,-4.642493229028693e-05,0.002099022853883605,0.0006637693079019001,10
3.815,0.09749689,1695.7342739204687,0.0005300898364643753,0.0019901359343414407,0.0006293362405866262,10
3.815,0.09749689,1924.8800425987847,-0.0010799029238431931,0.0011679747545680639,0.0003693460474011234,10
3.815,0.09749689,2184.990440647822,-0.0006327150825739563,0.0024321105985786466,0.0007691009012943999,10
3.815,0.09749689,2480.2497402782196,-0.0007754604747726025,0.0032955455540923943,0.0010421430083773602,10
3.815,0.09749689,2815.4076373562034,0.0002928829544236736,0.0013065129396136854,0.0004131556681661276,10
3.815,0.09749689,3195.8556575010366,-0.0008249696043650526,0.002589608613624434,0.0008189061467444156,10
3.815,0.09749689,3627.7138869923433,-0.0008036879979058843,0.0015042585946233044,0.00047568833488935577,10
3.815,0.09749689,4117.929423686066,-0.0002232505695488794,0.0017425633407477763,0.0005510469123875071,10
3.815,0.09749689,4674.388131672206,-0.0002750139092776136,0.0014521369680872297,0.0004592060293686889,10
3.815,0.09749689,5306.041497418272,0.00039851934051332377,0.0010378129620399145,0.00032818527452919955,10
3.815,0.09749689,6023.050628072877,0.0005508563400081141,0.0009785534781616336,0.00030944578032706,10
3.815,0.09749689,6836.949708361742,-0.0002679638017455863,0.0010116752210966203,0.0003199197951019748,10
3.815,0.09749689,7760.831545529242,-0.0001767511864616841,0.001324135506078054,0.0004187284129906381,10
3.815,0.09749689,8809.558187098928,0.0005729853566777402,0.0014157462423962511,0.0004476982714796992,10
3.815,0.09749689,9999.99999956053,-0.00017940161584355387,0.0010990219924321802,0.0003475412694702025,10
3.815,0.05607261,0.010000000000218279,0.9999700642832157,0.0001,3.1622776601683795e-05,10
3.815,0.05607261,0.011351307054675233,0.999957957878635,0.0001,3.1622776601683795e-05,10
3.815,0.05607261,0.012885217184670714,0.9999442155270628,0.0001,3.1622776601683795e-05,10
3.815,0.05607261,0.014626405672618265,0.9999286161618282,0.0001,3.1622776601683795e-05,10
3.815,0.05607261,0.016602882189250948,0.9999109088433649,0.0001,3.1622776601683795e-05,10
3.815,0.05607261,0.018846441371867226,0.9998908087224663,0.0001,3.1622776601683795e-05,10
3.815,0.05607261,0.021393174289532996,0.9998596892631321,0.0001,3.1622776601683795e-05,10
3.815,0.05607261,0.024284049022937213,0.9998165604643796,0.0001,3.1622776601683795e-05,10
3.815,0.05607261,0.027565569698412937,0.9997676036406269,0.0001,3.1622776601683795e-05,10
3.815,0.05607261,0.03129052457769065,0.9997043438959136,0.0001,3.1622776601683795e-05,10
3.815,0.05607261,0.035518835237547564,0.9996160749149207,0.0001,3.1622776601683795e-05,10
3.815,0.05607261,0.040318520499702026,0.9995139971849556,0.0001,3.1622776601683795e-05,10
3.815,0.05607261,0.045766790617234585,0.9993680880392237,0.0001,3.1622776601683795e-05,10
3.815,0.05607261,0.051951289319191934,0.9991908926490524,0.0001,3.1622776601683795e-05,10
3.815,0.05607261,0.05897150369355452,0.9989612618159827,0.0001,3.1622776601683795e-05,10
3.815,0.05607261,0.06694036458868406,0.9986597473622535,0.0001,3.1622776601683795e-05,10
3.815,0.05607261,0.0759860632781475,0.9982753697478444,0.0001,3.1622776601683795e-05,10
3.815,0.05607261,0.08625411361274073,0.9977824894211983,0.0001,3.1622776601683795e-05,10
3.815,0.05607261,0.09790969283256912,0.9971506067035092,0.0001,3.1622776601683795e-05,10
3.815,0.05607261,0.11114029869471674,0.9963345810351614,0.0001,3.1622776601683795e-05,10
3.815,0.05607261,0.12615876566045128,0.9952772493229466,0.0001,3.1622776601683795e-05,10
3.815,0.05607261,0.14320668866193417,0.9939383940760766,0.0001,3.1622776601683795e-05,10
3.815,0.05607261,0.16255830952494102,0.992223619683724,0.00012760575357547484,4.0352482384067535e-05,10
3.815,0.05607261,0.1845249285666265,0.9900205878524477,0.0001698234867197914,5.370290182258977e-05,10
3.815,0.05607261,0.209459912335607,0.9872113774143285,0.0002260165435077204,7.147270663629388e-05,10
3.815,0.05607261,0.23776437805149325,0.9836172588558277,0.0003011058481722522,9.521802970211648e-05,10
3.815,0.05607261,0.2698936461867474,0.9791010606274748,0.0004013644946788782,0.00012692259751077866,10
3.815,0.05607261,0.3063645649904774,0.9733601040034051,0.0005324098886061632,0.00016836278967920053,10
3.815,0.05607261,0.3477638247803005,0.966255958514996,0.0006983993766835818,0.00022085327467620116,10
3.815,0.05607261,0.3947573957503299,0.9572829643964171,0.0009085294715628886,0.00028730224515279056,10
3.815,0.05607261,0.4481012411168134,0.94624531768391,0.001167226918889793,0.0003691095609952361,10
3.815,0.05607261,0.5086534779386983,0.9326560541541691,0.0014799005690101553,0.0004679856508651287,10
3.815,0.05607261,0.5773881812384607,0.9162367184284366,0.001848255718275116,0.0005844697768179861,10
3.815,0.05607261,0.6554110534835178,0.8966790876604123,0.002281582123067803,0.0007214996177616855,10
3.815,0.05607261,0.7439772114957187,0.8737178753003422,0.0027804823242610546,0.0008792657138503784,10
3.815,0.05607261,0.8445113769184625,0.8471510820714487,0.003361213957453703,0.0010629091808701994,10
3.815,0.05607261,0.9586307950358789,0.8168719100855982,0.004002662833176859,0.0012657531258541451,10
3.815,0.05607261,1.088171250628218,0.7827989936908628,0.004621717757675241,0.001461515481669991,10
3.815,0.05607261,1.2352165993681232,0.7450092441670905,0.005098021163511968,0.0016121358436439505,10
3.815,0.05607261,1.402132289815328,0.7037033353798379,0.005416674099347191,0.0017129027496778297,10
3.815,0.05607261,1.5916034152621248,0.6597210716699616,0.005444631782552829,0.001721743745380955,10
3.815,0.05607261,1.80667790755158,0.6149745167405545,0.0052782702445764275,0.0016691356078755524,10
3.815,0.05607261,2.0508155677068496,0.5729139260362565,0.005491935394760625,0.0017367024609939534,10
3.815,0.05607261,2.3279437221040404,0.5372264306614226,0.006379299408682382,0.0020173116007601646,10
3.815,0.05607261,2.642520399502972,0.5114420378954627,0.006833073062356554,0.0021608074295388466,10
3.815,0.05607261,2.9996060452346534,0.4991229441058806,0.006199040336859458,0.0019603086771733326,10
3.815,0.05607261,3.404944926177538,0.504335448418517,0.005735614065113658,0.0018137604225456465,10
3.815,0.05607261,3.865057536045609,0.5287023049577382,0.006193466757842744,0.001958546156732159,10
3.815,0.05607261,4.3873454874682505,0.567085812853627,0.006727595215456346,0.0021274524056493277,10
3.815,0.05607261,4.980210578210885,0.6067049330948978,0.007482463201888369,0.002366162622636355,10
3.815,0.05607261,5.653189946897943,0.6290754317119889,0.005912730102900357,0.0018697694315006881,10
3.815,0.05607261,6.417109492424104,0.619962113395121,0.007155681357360515,0.00226282512996645,10
3.815,0.05607261,7.284258025038717,0.5868278664748259,0.007936019962843117,0.002509589863914908,10
3.815,0.05607261,8.268584950589176,0.5552070028546988,0.005913003719803093,0.0018698559567625847,10
3.815,0.05607261,9.385924667975567,0.5456265910885615,0.006020243619135041,0.001903768190556197,10
3.815,0.05607261,10.65425128959158,0.5479596879944956,0.008516104634054627,0.0026930287435927357,10
3.815,0.05607261,12.093967782318368,0.5327672722546868,0.008301363061209016,0.0026251214957408262,10
3.815,0.05607261,13.728234180344895,0.509394451835092,0.00791892149115347,0.0025041828524101886,10
3.815,0.05607261,15.583340149618108,0.49898003249905953,0.011019986843841404,0.0034848258211629115,10
3.815,0.05607261,17.689127897190275,0.482040681560315,0.006237565093690425,0.0019724912749623314,10
3.815,0.05607261,20.07947222860456,0.4676900891407126,0.0064743428363703195,0.002047366971572504,10
3.815,0.05607261,22.792825475773903,0.4464867569089435,0.00892158239774207,0.0028212520709731187,10
3.815,0.05607261,25.872836061348632,0.4241628941096165,0.008019879501734035,0.002536108578557585,10
3.815,0.05607261,29.369050650123167,0.40398953639377505,0.010243149528572127,0.00323916829239679,10
3.815,0.05607261,33.33771118265806,0.38109485911147023,0.010961191373402637,0.0034662330608941513,10
3.815,0.05607261,37.842659612617176,0.3548321778065309,0.01141923343270593,0.0036110786780493833,10
3.815,0.05607261,42.95636490189982,0.32995019380891605,0.010830467879853539,0.0034248946625632035,10
3.815,0.05607261,48.76108879434957,0.3028730172985658,0.008317481362978768,0.00263021855030146,10
3.815,0.05607261,55.350209121286355,0.2745556471839139,0.008076641898811198,0.002554058424579057,10
3.815,0.05607261,62.82972192624931,0.24768977966258285,0.009951738612115,0.003147016069292633,10
3.815,0.05607261,71.31994657291497,0.21682642953384054,0.01067656985605518,0.0033762278343030423,10
3.815,0.05607261,80.95746126545187,0.190288647180195,0.009761045300071956,0.00308671354923091,10
3.815,0.05607261,91.89730011710618,0.16848278954386012,0.010012338953969026,0.0031661795800169887,10
3.815,0.05607261,104.31544711021446,0.14152419140157527,0.007576502150013355,0.0023959003491204924,10
3.815,0.05607261,118.41166706679324,0.11525398856462525,0.005658424423807092,0.0017893509147156302,10
3.815,0.05607261,134.41271917018034,0.09070448611846968,0.005567036543251949,0.0017604515294066634,10
3.815,0.05607261,152.57600473212457,0.07152372298035486,0.005006772952344721,0.0015832806256734992,10
3.815,0.05607261,173.19370788521238,0.05314452775670536,0.0050973661737671065,0.001611928717700169,10
3.815,0.05607261,196.59749580998604,0.04051647340415436,0.006407271514198829,0.002026157157198418,10
3.815,0.05607261,223.1638541070668,0.026442585971814685,0.005708859415544572,0.001805299859481851,10
3.815,0.05607261,253.32014314187637,0.01535654893437612,0.006032404630724687,0.0019076138400836958,10
3.815,0.05607261,287.5514727874956,0.011391720501209856,0.0043959072508507535,0.0013901079295537532,10
3.815,0.05607261,326.40850615637055,0.007603758440395421,0.004430660142517619,0.0014010977588481913,10
3.815,0.05607261,370.5163178557939,0.004451816250943879,0.004432088258363453,0.0014015493687317326,10
3.815,0.05607261,420.58444926569615,0.00151430735794686,0.004387718543435096,0.0013875184329011343,10
3.815,0.05607261,477.4183225932176,0.00046880155502832064,0.003670044348374533,0.0011605699254692002,10
3.815,0.05607261,541.9321973165318,0.0013353265866730172,0.0036095234663134257,0.0011414315421376478,10
3.815,0.05607261,615.1638774420524,0.002511322531553158,0.004126484856313703,0.0013049090876143946,10
3.815,0.05607261,698.2914061636919,0.0009535702964367794,0.0026160286319662266,0.0008272608901227645,10
3.815,0.05607261,792.652016483199,0.0012536373503252124,0.005035504355407693,0.0015923662930786323,10
3.815,0.05607261,899.7636426411872,0.002421679946818599,0.004093736637730238,0.0012945531916107144,10
3.815,0.05607261,1021.3493384030259,0.0007079778846023998,0.0027583993580780663,0.0008722824667873067,10
3.815,0.05607261,1159.3649950049091,-0.0008346259247109569,0.0020978844469354647,0.0006634093120158716,10
3.815,0.05607261,1316.0308046455484,0.0011806660946272335,0.001897433664415922,0.0006000212088633895,10
3.815,0.05607261,1493.8669756616864,0.0010105403640020922,0.0021256641283242967,0.0006721940186021215,10
3.815,0.05607261,1695.7342739204687,0.0004731460138563171,0.0020641395537759856,0.0006527382398375726,10
3.815,0.05607261,1924.8800425987847,0.0002202550679430552,0.003226075562407517,0.001020174668101643,10
3.815,0.05607261,2184.990440647822,-0.0006650424504744573,0.0034641827842923976,0.0010954707829507744,10
3.815,0.05607261,2480.2497402782196,0.000636857184684818,0.0024167840814288085,0.0007642542310152878,10
3.815,0.05607261,2815.4076373562034,-0.0007629603258638641,0.003088656671212564,0.0009767189991305523,10
3.815,0.05607261,3195.8556575010366,-4.012559439136531e-05,0.002694467156392219,0.0008520653294716532,10
3.815,0.05607261,3627.7138869923433,-0.00029873886535294604,0.0015339483911741552,0.0004850770729261257,10
3.815,0.05607261,4117.929423686066,-0.0011084391774317617,0.0021594168612343264,0.0006828675699272231,10
3.815,0.05607261,4674.388131672206,-0.0008140095523660104,0.002019694311638908,0.0006386834202064871,10
3.815,0.05607261,5306.041497418272,-5.317481709522826e-05,0.0018960597295113605,0.0005995867324978675,10
3.815,0.05607261,6023.050628072877,-0.0003246848402266308,0.001360640780281489,0.00043027239429982244,10
3.815,0.05607261,6836.949708361742,-0.0007424869347253362,0.0016219126341329012,0.0005128938089663323,10
3.815,0.05607261,7760.831545529242,-0.00027598286877482067,0.0016764210393377854,0.0005301308801734134,10
3.815,0.05607261,8809.558187098928,-0.0004213459652370647,0.001874749948369056,0.0005928479880129288,10
3.815,0.05607261,9999.99999956053,0.00012459740454196915,0.0015817696261593156,0.0005001994752336492,10
3.815,0.03205711,0.010000000000218279,0.9999832991624358,0.0001,3.1622776601683795e-05,10
3.815,0.03205711,0.011351307054675233,0.9999765418918753,0.0001,3.1622776601683795e-05,10
3.815,0.03205711,0.012885217184670714,0.9999688715065773,0.0001,3.1622776601683795e-05,10
3.815,0.03205711,0.014626405672618265,0.9999601646167031,0.0001,3.1622776601683795e-05,10
3.815,0.03205711,0.016602882189250948,0.9999502811586576,0.0001,3.1622776601683795e-05,10
3.815,0.03205711,0.018846441371867226,0.9999390621419544,0.0001,3.1622776601683795e-05,10
3.815,0.03205711,0.021393174289532996,0.9999216925110777,0.0001,3.1622776601683795e-05,10
3.815,0.03205711,0.024284049022937213,0.9998976196831023,0.0001,3.1622776601683795e-05,10
3.815,0.03205711,0.027565569698412937,0.9998702938769005,0.0001,3.1622776601683795e-05,10
3.815,0.03205711,0.03129052457769065,0.9998349867704128,0.0001,3.1622776601683795e-05,10
3.815,0.03205711,0.035518835237547564,0.9997857251127057,0.0001,3.1622776601683795e-05,10
3.815,0.03205711,0.040318520499702026,0.9997287505438262,0.0001,3.1622776601683795e-05,10
3.815,0.03205711,0.045766790617234585,0.9996472104822306,0.0001,3.1622776601683795e-05,10
3.815,0.03205711,0.051951289319191934,0.9995481845734565,0.0001,3.1622776601683795e-05,10
3.815,0.03205711,0.05897150369355452,0.9994198508943384,0.0001,3.1622776601683795e-05,10
3.815,0.03205711,0.06694036458868406,0.9992513477420623,0.0001,3.1622776601683795e-05,10
3.815,0.03205711,0.0759860632781475,0.9990366147740323,0.0001,3.1622776601683795e-05,10
3.815,0.03205711,0.08625411361274073,0.9987609692943631,0.0001,3.1622776601683795e-05,10
3.815,0.03205711,0.09790969283256912,0.9984074104768388,0.0001,3.1622776601683795e-05,10
3.815,0.03205711,0.11114029869471674,0.997950696671913,0.0001,3.1622776601683795e-05,10
3.815,0.03205711,0.12615876566045128,0.9973584178176271,0.0001,3.1622776601683795e-05,10
3.815,0.03205711,0.14320668866193417,0.9966076473623561,0.0001,3.1622776601683795e-05,10
3.815,0.03205711,0.16255830952494102,0.9956445776430002,0.0001,3.1622776601683795e-05,10
3.815,0.03205711,0.1845249285666265,0.9944054841632758,0.0001,3.1622776601683795e-05,10
3.815,0.03205711,0.209459912335607,0.9928219347451688,0.0001007598402403617,3.186305918342307e-05,10
3.815,0.03205711,0.23776437805149325,0.9907898463503001,0.0001323491919201487,4.1852489295042354e-05,10
3.815,0.03205711,0.2698936461867474,0.9882270943644844,0.00017263014236898897,5.4590444268514064e-05,10
3.815,0.03205711,0.3063645649904774,0.9849517987171101,0.00022673359427640116,7.169945799899445e-05,10
3.815,0.03205711,0.3477638247803005,0.9808769708935904,0.0002965234067732691,9.376893449561299e-05,10
3.815,0.03205711,0.3947573957503299,0.9756834353968342,0.00038835567429446136,0.00012280884730210025,10
3.815,0.03205711,0.4481012411168134,0.9692314293565489,0.0005077249860987193,0.00016055673810492807,10
3.815,0.03205711,0.5086534779386983,0.9611668286374396,0.0006523890586472907,0.00020630353458986057,10
3.815,0.03205711,0.5773881812384607,0.951236924555676,0.0008305354463643256,0.000262638368801588,10
3.815,0.03205711,0.6554110534835178,0.9391334529837547,0.0010520150585949556,0.00033267637179555567,10
3.815,0.03205711,0.7439772114957187,0.9245326656248374,0.001328729539534539,0.000420181173927589,10
3.815,0.03205711,0.8445113769184625,0.9070459798723899,0.0016754720376775509,0.0005298307794984512,10
3.815,0.03205711,0.9586307950358789,0.8863980954210872,0.0020920553421237484,0.0006615659872233844,10
3.815,0.03205711,1.088171250628218,0.8622071959527968,0.0025763125169424492,0.0008147015517939276,10
3.815,0.03205711,1.2352165993681232,0.8340698489308241,0.0031097011652130835,0.000983373852455291,10
3.815,0.03205711,1.402132289815328,0.8016983316936969,0.003667024926078476,0.0011596151003018568,10
3.815,0.03205711,1.5916034152621248,0.7650766575674736,0.004267904568028027,0.0013496299271205606,10
3.815,0.03205711,1.80667790755158,0.724962371069733,0.004876092152934379,0.0015419557284146721,10
3.815,0.03205711,2.0508155677068496,0.6832380740355313,0.0053454746613783525,0.0016903875104672895,10
3.815,0.03205711,2.3279437221040404,0.6428591413211799,0.005645986905819536,0.001785417826187631,10
3.815,0.03205711,2.642520399502972,0.6071332663781388,0.005928072878091248,0.001874621243023802,10
3.815,0.03205711,2.9996060452346534,0.5789368306732052,0.006169125191414663,0.0019508486775592563,10
3.815,0.03205711,3.404944926177538,0.5620759816473527,0.0068186444390596216,0.002156244698226959,10
3.815,0.03205711,3.865057536045609,0.560907555861763,0.008057370612625805,0.002547964308800379,10
3.815,0.03205711,4.3873454874682505,0.5780965890248098,0.009043272513159796,0.0028597338643179975,10
3.815,0.03205711,4.980210578210885,0.6129060607319581,0.00913839935474295,0.0028898156129200762,10
3.815,0.03205711,5.653189946897943,0.6580864138531864,0.007515132912388112,0.0023764936922041056,10
3.815,0.03205711,6.417109492424104,0.6913567020784679,0.006068586526403559,0.0019190555601244798,10
3.815,0.03205711,7.284258025038717,0.6975358715181319,0.005962616490254541,0.0018855448923283523,10
3.815,0.03205711,8.268584950589176,0.674464977505591,0.006417865504716748,0.002029507271153103,10
3.815,0.03205711,9.385924667975567,0.639736663117955,0.007242881772337929,0.002290400322390499,10
3.815,0.03205711,10.65425128959158,0.6218183745832013,0.007395737193153611,0.0023387374506386054,10
3.815,0.03205711,12.093967782318368,0.6274342545912086,0.007447771803011655,0.0023551922390695726,10
3.815,0.03205711,13.728234180344895,0.6289794718411388,0.003908434390393824,0.0012359554758976205,10
3.815,0.03205711,15.583340149618108,0.6072822604455741,0.004044213746801883,0.0012788926784457451,10
3.815,0.03205711,17.689127897190275,0.5935261505633134,0.006191826093071574,0.001958027332976789,10
3.815,0.03205711,20.07947222860456,0.5880616772127762,0.009190355545133387,0.0029062456029379895,10
3.815,0.03205711,22.792825475773903,0.5692065326302671,0.008119613166295274,0.002567647132498458,10
3.815,0.03205711,25.872836061348632,0.5562584376604162,0.00755739414019873,0.0023898578658637856,10
3.815,0.03205711,29.369050650123167,0.5393917319853865,0.006029931489359207,0.0019068317641146464,10
3.815,0.03205711,33.33771118265806,0.5229037418558015,0.007548933176106221,0.002387182274090463,10
3.815,0.03205711,37.842659612617176,0.5029316675286075,0.008132719573008726,0.0025717917422139612,10
3.815,0.03205711,42.95636490189982,0.48334117868256143,0.0074703112894354004,0.0023623198505085207,10
3.815,0.03205711,48.76108879434957,0.4642085419295035,0.007282298511940544,0.002302864989898701,10
3.815,0.03205711,55.350209121286355,0.43727873742666956,0.007612057076248751,0.0024071438040148053,10
3.815,0.03205711,62.82972192624931,0.4144371364761857,0.014947628104549441,0.004726855042752171,10
3.815,0.03205711,71.31994657291497,0.39527808046246565,0.012688998420813658,0.004012613623605088,10
3.815,0.03205711,80.95746126545187,0.3696556132173438,0.01265373438237252,0.004001462155508114,10
3.815,0.03205711,91.89730011710618,0.3403962179262248,0.008858340291704164,0.002801253161062552,10
3.815,0.03205711,104.31544711021446,0.30887968207619787,0.009778716146516807,0.003092301561525792,10
3.815,0.03205711,118.41166706679324,0.28296827015897846,0.010002688228935254,0.0031631277527991164,10
3.815,0.03205711,134.41271917018034,0.2550880227142196,0.009269933304196109,0.0029314102999110202,10
3.815,0.03205711,152.57600473212457,0.22420808047052865,0.010293093487321924,0.0032549619588982757,10
3.815,0.03205711,173.19370788521238,0.19232194483041848,0.012279008692771405,0.003882963487816435,10
3.815,0.03205711,196.59749580998604,0.16610482912975388,0.010738284288033502,0.0033957436512585455,10
3.815,0.03205711,223.1638541070668,0.14247453618493505,0.012513533376774287,0.003957126704714471,10
3.815,0.03205711,253.32014314187637,0.11647036608663461,0.01168340580019792,0.0036946173156647546,10
3.815,0.03205711,287.5514727874956,0.09462570295276146,0.010839763457088519,0.003427834182186058,10
3.815,0.03205711,326.40850615637055,0.07065303794235811,0.011312292206467418,0.0035772608929808777,10
3.815,0.03205711,370.5163178557939,0.05399821370129922,0.012469650960377193,0.003943249866209797,10
3.815,0.03205711,420.58444926569615,0.03780548769471552,0.010700924355205466,0.0033839294031617964,10
3.815,0.03205711,477.4183225932176,0.026450620096838972,0.008696354524280392,0.0027500287637036093,10
3.815,0.03205711,541.9321973165318,0.018639851877996015,0.006031861462086411,0.0019074420750786435,10
3.815,0.03205711,615.1638774420524,0.010067789879008086,0.004956907981191927,0.001567511937243357,10
3.815,0.03205711,698.2914061636919,0.003935773580962915,0.004448641095140571,0.0014067838353270022,10
3.815,0.03205711,792.652016483199,0.0036623251439314697,0.0049487854936070596,0.0015649433811398949,10
3.815,0.03205711,899.7636426411872,-0.0005922864273622693,0.003825849356107138,0.001209839794998718,10
3.815,0.03205711,1021.3493384030259,0.0011204467941795006,0.0033938973270200117,0.0010732445698140559,10
3.815,0.03205711,1159.3649950049091,0.0010348705986386211,0.0018871813865644494,0.0005967791539418344,10
3.815,0.03205711,1316.0308046455484,-0.0015753007038727348,0.00339638634128795,0.0010740316652355902,10
3.815,0.03205711,1493.8669756616864,-0.0007065640265574988,0.002896089885520313,0.0009158240346820484,10
3.815,0.03205711,1695.7342739204687,-0.0008481762821154627,0.003035892291110781,0.000960033437085702,10
3.815,0.03205711,1924.8800425987847,0.0001416837089276375,0.003463687311800372,0.0010953141007914984,10
3.815,0.03205711,2184.990440647822,-0.0002090501095393521,0.0026420500497538277,0.0008354895849383284,10
3.815,0.03205711,2480.2497402782196,-0.0005348825353810645,0.003179301005339889,0.00100538325441372,10
3.815,0.03205711,2815.4076373562034,0.0017199119901622419,0.00457655606388026,0.0014472341001316676,10
3.815,0.03205711,3195.8556575010366,-0.0008737550451665696,0.0028674663992090095,0.0009067724935502114,10
3.815,0.03205711,3627.7138869923433,-0.0019901723731363986,0.002096116366912181,0.0006628501960199696,10
3.815,0.03205711,4117.929423686066,0.00038324720587884156,0.0023356109840852964,0.0007385850437816817,10
3.815,0.03205711,4674.388131672206,0.0004858526639945084,0.002639331581401061,0.0008346299297641455,10
3.815,0.03205711,5306.041497418272,-0.00024179523533157107,0.00292653519466302,0.0009254516867779388,10
3.815,0.03205711,6023.050628072877,-0.0005501524396813852,0.0026114891281092453,0.0008258253729592465,10
3.815,0.03205711,6836.949708361742,-3.515337853855099e-05,0.002032978838486163,0.0006428843564539852,10
3.815,0.03205711,7760.831545529242,0.0009603625141578559,0.0015524524758032396,0.0004909285782705676,10
3.815,0.03205711,8809.558187098928,-0.00036833231831835634,0.0016288893482897956,0.0005151000396983051,10
3.815,0.03205711,9999.99999956053,0.0022689944994670834,0.0017566555105270776,0.0005555032477551457,10
3.815,0.02008463,0.010000000000218279,0.9999897124980555,0.0001,3.1622776601683795e-05,10
3.815,0.02008463,0.011351307054675233,0.9999855614341525,0.0001,3.1622776601683795e-05,10
3.815,0.02008463,0.012885217184670714,0.9999808494340561,0.0001,3.1622776601683795e-05,10
3.815,0.02008463,0.014626405672618265,0.9999755006980623,0.0001,3.1622776601683795e-05,10
3.815,0.02008463,0.016602882189250948,0.9999694291836005,0.0001,3.1622776601683795e-05,10
3.815,0.02008463,0.018846441371867226,0.9999625372211065,0.0001,3.1622776601683795e-05,10
3.815,0.02008463,0.021393174289532996,0.9999518447560973,0.0001,3.1622776601683795e-05,10
3.815,0.02008463,0.024284049022937213,0.9999370106717796,0.0001,3.1622776601683795e-05,10
3.815,0.02008463,0.027565569698412937,0.9999201720471834,0.0001,3.1622776601683795e-05,10
3.815,0.02008463,0.03129052457769065,0.9998984375852782,0.0001,3.1622776601683795e-05,10
3.815,0.02008463,0.035518835237547564,0.9998681550278793,0.0001,3.1622776601683795e-05,10
3.815,0.02008463,0.040318520499702026,0.9998331299850548,0.0001,3.1622776601683795e-05,10
3.815,0.02008463,0.045766790617234585,0.999782985513652,0.0001,3.1622776601683795e-05,10
3.815,0.02008463,0.051951289319191934,0.9997220948730347,0.0001,3.1622776601683795e-05,10
3.815,0.02008463,0.05897150369355452,0.9996431992390253,0.0001,3.1622776601683795e-05,10
3.815,0.02008463,0.06694036458868406,0.9995394929689893,0.0001,3.1622776601683795e-05,10
3.815,0.02008463,0.0759860632781475,0.9994072518994164,0.0001,3.1622776601683795e-05,10
3.815,0.02008463,0.08625411361274073,0.999237554816775,0.0001,3.1622776601683795e-05,10
3.815,0.02008463,0.09790969283256912,0.9990197897107913,0.0001,3.1622776601683795e-05,10
3.815,0.02008463,0.11114029869471674,0.998738378232628,0.0001,3.1622776601683795e-05,10
3.815,0.02008463,0.12615876566045128,0.9983733571120663,0.0001,3.1622776601683795e-05,10
3.815,0.02008463,0.14320668866193417,0.9979104800905134,0.0001,3.1622776601683795e-05,10
3.815,0.02008463,0.16255830952494102,0.9973160837133594,0.0001,3.1622776601683795e-05,10
3.815,0.02008463,0.1845249285666265,0.9965502217823905,0.0001,3.1622776601683795e-05,10
3.815,0.02008463,0.209459912335607,0.9955693902236986,0.00010208971549429388,3.228360266405512e-05,10
3.815,0.02008463,0.23776437805149325,0.9943088069148687,0.00013006675011705156,4.1130717822585505e-05,10
3.815,0.02008463,0.2698936461867474,0.9927168848021161,0.0001645362792610907,5.203094001945729e-05,10
3.815,0.02008463,0.3063645649904774,0.9906764850773939,0.00020722049383016403,6.552887383681871e-05,10
3.815,0.02008463,0.3477638247803005,0.9881309699384296,0.00025902343503165625,8.191040220606821e-05,10
3.815,0.02008463,0.3947573957503299,0.9848719700969586,0.0003215516197447267,0.00010168355037097066,10
3.815,0.02008463,0.4481012411168134,0.9808051414637546,0.0003933917490455625,0.00012440139397013476,10
3.815,0.02008463,0.5086534779386983,0.9756949744963898,0.00047255636385783097,0.0001494354432598019,10
3.815,0.02008463,0.5773881812384607,0.9693615098758663,0.0005577943030219952,0.00017639004634156468,10
3.815,0.02008463,0.6554110534835178,0.9615834520450081,0.0006466420484557622,0.00020448617039571754,10
3.815,0.02008463,0.7439772114957187,0.9521118682072347,0.000732067667146915,0.000231500122955027,10
3.815,0.02008463,0.8445113769184625,0.9406228919648388,0.0008062783613610976,0.00025496760500093665,10
3.815,0.02008463,0.9586307950358789,0.9268249886355218,0.0008898005216313299,0.0002813796311560925,10
3.815,0.02008463,1.088171250628218,0.9103031127816698,0.0010238548143738455,0.0003237713206750254,10
3.815,0.02008463,1.2352165993681232,0.8905673490569331,0.0012566026917111477,0.00039737266197056154,10
3.815,0.02008463,1.402132289815328,0.8670823872051411,0.0016448519884535483,0.0005201478697370193,10
3.815,0.02008463,1.5916034152621248,0.8392957378256576,0.0021594278622727326,0.0006828710487610222,10
3.815,0.02008463,1.80667790755158,0.8073479865667441,0.0027869779302797403,0.0008813198048305929,10
3.815,0.02008463,2.0508155677068496,0.77231149438776,0.0035249478846023203,0.0011146863948735704,10
3.815,0.02008463,2.3279437221040404,0.7357814651323447,0.004176154363249447,0.0013206159648318427,10
3.815,0.02008463,2.642520399502972,0.6994306270481887,0.004592958455930884,0.0014524209919271687,10
3.815,0.02008463,2.9996060452346534,0.6649610812069631,0.004950691547292362,0.0015655461282387062,10
3.815,0.02008463,3.404944926177538,0.6355965204809009,0.005318584387262332,0.001681884059156,10
3.815,0.02008463,3.865057536045609,0.616043412851899,0.0060538972495752085,0.0019144104029286475,10
3.815,0.02008463,4.3873454874682505,0.6106362538192431,0.0074037545060288016,0.002341272747578585,10
3.815,0.02008463,4.980210578210885,0.6225479190786319,0.007778103829324249,0.0024596523977942195,10
3.815,0.02008463,5.653189946897943,0.6549490330949436,0.006268726081089386,0.0019823452443943836,10
3.815,0.02008463,6.417109492424104,0.6999242734410959,0.0047191939028268645,0.0014923401452912217,10
3.815,0.02008463,7.284258025038717,0.7413487793505992,0.00457126152917791,0.0014455598212506449,10
3.815,0.02008463,8.268584950589176,0.7584718108124151,0.0036451508773837848,0.0011526979187493909,10
3.815,0.02008463,9.385924667975567,0.741233603589243,0.003945281359771499,0.0012476075107084137,10
3.815,0.02008463,10.65425128959158,0.7038935765009733,0.004780638483961267,0.0015117706279171943,10
3.815,0.02008463,12.093967782318368,0.6796356339207195,0.007410511038544723,0.002343409350762115,10
3.815,0.02008463,13.728234180344895,0.686163152722598,0.006031487836292011,0.001907323924228354,10
3.815,0.02008463,15.583340149618108,0.695944332513106,0.004854805403676841,0.0015352242672512005,10
3.815,0.02008463,17.689127897190275,0.6793038937879243,0.005357046334205153,0.0016940467947143864,10
3.815,0.02008463,20.07947222860456,0.6639985901554767,0.007667137877400847,0.0024245618827135502,10
3.815,0.02008463,22.792825475773903,0.6663729136220338,0.005338030303558736,0.0016880333978245622,10
3.815,0.02008463,25.872836061348632,0.6501872586931154,0.008056686604926958,0.002547748006573834,10
3.815,0.02008463,29.369050650123167,0.6414976769115386,0.008731181524444336,0.002761042028162522,10
3.815,0.02008463,33.33771118265806,0.6313048893791414,0.008785380501939584,0.002778181249736241,10
3.815,0.02008463,37.842659612617176,0.6176526883466041,0.009996524105220223,0.0031611784857272607,10
3.815,0.02008463,42.95636490189982,0.6056888832786624,0.010489853621913629,0.0033171829767013826,10
3.815,0.02008463,48.76108879434957,0.5903498083998737,0.012124411123359732,0.0038340754438097482,10
3.815,0.02008463,55.350209121286355,0.5743736868741798,0.014448235778258774,0.004568933323043321,10
3.815,0.02008463,62.82972192624931,0.558989826015925,0.011932108385985983,0.003773263978771125,10
3.815,0.02008463,71.31994657291497,0.539107810206939,0.014293664126994681,0.0045200534750745435,10
3.815,0.02008463,80.95746126545187,0.5216653669569445,0.0076686039368797235,0.0024250254914274035,10
3.815,0.02008463,91.89730011710618,0.49981197344521944,0.006847902956252471,0.002165497053755819,10
3.815,0.02008463,104.31544711021446,0.4793864928633055,0.00836495432129261,0.0026452308178552568,10
3.815,0.02008463,118.41166706679324,0.45587882595765183,0.012589102546674493,0.00398102377449176,10
3.815,0.02008463,134.41271917018034,0.43264022940460534,0.014977264429961884,0.004736226871730296,10
3.815,0.02008463,152.57600473212457,0.4090265673385668,0.012770904862474227,0.0040385147146737976,10
3.815,0.02008463,173.19370788521238,0.3821519809287993,0.01265499364667472,0.004001860369845224,10
3.815,0.02008463,196.59749580998604,0.35236523176009066,0.017454568013946906,0.005519619049839385,10
3.815,0.02008463,223.1638541070668,0.32221006550255926,0.01794308939406697,0.005674103074526216,10
3.815,0.02008463,253.32014314187637,0.2983288765965949,0.013456380049513966,0.004255281001731348,10
3.815,0.02008463,287.5514727874956,0.266732810221013,0.01368507601052743,0.00432760101457971,10
3.815,0.02008463,326.40850615637055,0.23858936544949855,0.016859895817432885,0.00533156718962343,10
3.815,0.02008463,370.5163178557939,0.20990920424161388,0.014778570162783312,0.004673394227500064,10
3.815,0.02008463,420.58444926569615,0.18161835506825516,0.01192403704622252,0.0037707115970289622,10
3.815,0.02008463,477.4183225932176,0.1554327634190026,0.009751845561588356,0.003083804336482302,10
3.815,0.02008463,541.9321973165318,0.12888562605203763,0.009413165954902089,0.0029767044410644425,10
3.815,0.02008463,615.1638774420524,0.10289193994941095,0.012015003449225476,0.0037994776994331745,10
3.815,0.02008463,698.2914061636919,0.08243738019797288,0.01439188650355966,0.004551114117788552,10
3.815,0.02008463,792.652016483199,0.0627261356434966,0.010964172521378043,0.0034671757826585793,10
3.815,0.02008463,899.7636426411872,0.049369374814058134,0.007141844586756835,0.0022584495589095606,10
3.815,0.02008463,1021.3493384030259,0.03399812171293974,0.009234289454178651,0.0029201387248477604,10
3.815,0.02008463,1159.3649950049091,0.02194852736668538,0.007020556052420002,0.0022200947566527675,10
3.815,0.02008463,1316.0308046455484,0.01195201683303149,0.005074589540711738,0.0016047261139116847,10
3.815,0.02008463,1493.8669756616864,0.003339137956150788,0.0051424408355706585,0.0016261825773062706,10
3.815,0.02008463,1695.7342739204687,0.0023895809964721948,0.004913345933766322,0.0015537364083028384,10
3.815,0.02008463,1924.8800425987847,0.0010709416722152094,0.002528785001665912,0.0007996720318136972,10
3.815,0.02008463,2184.990440647822,-0.0018916432134086169,0.003384711780037766,0.0010703398448122176,10
3.815,0.02008463,2480.2497402782196,-0.0004483274583609394,0.0028793088536963308,0.0009105174064768931,10
3.815,0.02008463,2815.4076373562034,-0.00020388206625831154,0.0034187039010545902,0.0010810890973035419,10
3.815,0.02008463,3195.8556575010366,-0.0023329497750980105,0.003856840708396963,0.00121964012109917,10
3.815,0.02008463,3627.7138869923433,-0.0017557043973998269,0.003446034629879645,0.001089731832623501,10
3.815,0.02008463,4117.929423686066,-0.0007100053012931293,0.0026649809226312812,0.0008427409636411816,10
3.815,0.02008463,4674.388131672206,-0.0007956336726979961,0.0023835090072841522,0.0007537317286544785,10
3.815,0.02008463,5306.041497418272,-0.000369223091632261,0.002802401682391396,0.0008861972235044593,10
3.815,0.02008463,6023.050628072877,-9.727238647569341e-05,0.002984136311737563,0.0009436667593504957,10
3.815,0.02008463,6836.949708361742,0.0006232487141479856,0.0028773243870244716,0.0009098898630145162,10
3.815,0.02008463,7760.831545529242,0.0007699983977582533,0.0026357991206311998,0.0008335128675863502,10
3.815,0.02008463,8809.558187098928,0.002129660584981035,0.001761983536087758,0.0005571881173754802,10
3.815,0.02008463,9999.99999956053,-0.0006563729994463321,0.0023537968943382124,0.000744335933553944,10
3.815,0.01273808,0.010000000000218279,0.9999935821071476,0.0001,3.1622776601683795e-05,10
3.815,0.01273808,0.011351307054675233,0.9999909764531619,0.0001,3.1622776601683795e-05,10
3.815,0.01273808,0.012885217184670714,0.9999880186953151,0.0001,3.1622776601683795e-05,10
3.815,0.01273808,0.014626405672618265,0.9999846612535637,0.0001,3.1622776601683795e-05,10
3.815,0.01273808,0.016602882189250948,0.9999808501183403,0.0001,3.1622776601683795e-05,10
3.815,0.01273808,0.018846441371867226,0.9999765239817252,0.0001,3.1622776601683795e-05,10
3.815,0.01273808,0.021393174289532996,0.999969832572272,0.0001,3.1622776601683795e-05,10
3.815,0.01273808,0.024284049022937213,0.9999605632937983,0.0001,3.1622776601683795e-05,10
3.815,0.01273808,0.027565569698412937,0.9999500414511855,0.0001,3.1622776601683795e-05,10
3.815,0.01273808,0.03129052457769065,0.9999364427237174,0.0001,3.1622776601683795e-05,10
3.815,0.01273808,0.035518835237547564,0.9999174624135684,0.0001,3.1622776601683795e-05,10
3.815,0.01273808,0.040318520499702026,0.9998955103823782,0.0001,3.1622776601683795e-05,10
3.815,0.01273808,0.045766790617234585,0.9998640938738033,0.0001,3.1622776601683795e-05,10
3.815,0.01273808,0.051951289319191934,0.9998259362336068,0.0001,3.1622776601683795e-05,10
3.815,0.01273808,0.05897150369355452,0.9997764761746033,0.0001,3.1622776601683795e-05,10
3.815,0.01273808,0.06694036458868406,0.9997114783433485,0.0001,3.1622776601683795e-05,10
3.815,0.01273808,0.0759860632781475,0.999628560652479,0.0001,3.1622776601683795e-05,10
3.815,0.01273808,0.08625411361274073,0.9995220958996205,0.0001,3.1622776601683795e-05,10
3.815,0.01273808,0.09790969283256912,0.9993855409197436,0.0001,3.1622776601683795e-05,10
3.815,0.01273808,0.11114029869471674,0.9992090158521348,0.0001,3.1622776601683795e-05,10
3.815,0.01273808,0.12615876566045128,0.9989798402698111,0.0001,3.1622776601683795e-05,10
3.815,0.01273808,0.14320668866193417,0.9986890661880354,0.0001,3.1622776601683795e-05,10
3.815,0.01273808,0.16255830952494102,0.9983156451777081,0.0001,3.1622776601683795e-05,10
3.815,0.01273808,0.1845249285666265,0.9978342128714072,0.0001,3.1622776601683795e-05,10
3.815,0.01273808,0.209459912335607,0.9972171376629179,0.0001,3.1622776601683795e-05,10
3.815,0.01273808,0.23776437805149325,0.9964229813102993,0.0001,3.1622776601683795e-05,10
3.815,0.01273808,0.2698936461867474,0.9954184285310028,0.00011836888761278965,3.743152889569063e-05,10
3.815,0.01273808,0.3063645649904774,0.9941279175060715,0.00015200469794628268,4.8068106055617204e-05,10
3.815,0.01273808,0.3477638247803005,0.9925144962843829,0.0001940037746146705,6.134938024523138e-05,10
3.815,0.01273808,0.3947573957503299,0.9904422614092139,0.00024865123665444595,7.863042508455952e-05,10
3.815,0.01273808,0.4481012411168134,0.9878465073599367,0.000317483902999292,0.00010039722539177258,10
3.815,0.01273808,0.5086534779386983,0.9845659613780086,0.0004043663546685451,0.00012787186898920638,10
3.815,0.01273808,0.5773881812384607,0.9804744386314903,0.0005134348317440678,0.00016236234983765764,10
3.815,0.01273808,0.6554110534835178,0.9754079232243364,0.0006460561436793542,0.00020430089103717545,10
3.815,0.01273808,0.7439772114957187,0.969176851205942,0.0008056037402764218,0.00025475427108242175,10
3.815,0.01273808,0.8445113769184625,0.9615200336843319,0.0009950514918396513,0.00031466291033617477,10
3.815,0.01273808,0.9586307950358789,0.9521919687703649,0.0012126670766057074,0.0003834790005571925,10
3.815,0.01273808,1.088171250628218,0.9408294615015651,0.0014584553470810674,0.00046120407624275793,10
3.815,0.01273808,1.2352165993681232,0.9269817248551391,0.0017333264259853543,0.0005481259434672985,10
3.815,0.01273808,1.402132289815328,0.9101458968721232,0.0020412809660771275,0.0006455097197152627,10
3.815,0.01273808,1.5916034152621248,0.8896579598713379,0.0023749953542677366,0.0007510394751804549,10
3.815,0.01273808,1.80667790755158,0.865212600596738,0.0027360781192201688,0.0008652238712885455,10
3.815,0.01273808,2.0508155677068496,0.837087563967913,0.003154186354021702,0.0009974413043330778,10
3.815,0.01273808,2.3279437221040404,0.8060881975432708,0.0035870216041960887,0.0011343158285490632,10
3.815,0.01273808,2.642520399502972,0.7731217624905987,0.003988639832817674,0.0012613186637777068,10
3.815,0.01273808,2.9996060452346534,0.7390082083957359,0.004468981684795444,0.0014132160945530276,10
3.815,0.01273808,3.404944926177538,0.7055163783870714,0.005022535745830255,0.0015882652586436143,10
3.815,0.01273808,3.865057536045609,0.6758739400110706,0.005498379886253305,0.0017387403881417981,10
3.815,0.01273808,4.3873454874682505,0.6541040016586454,0.005672940642027909,0.0017939413459746119,10
3.815,0.01273808,4.980210578210885,0.6442587889895502,0.005236443442842466,0.0016559088118035927,10
3.815,0.01273808,5.653189946897943,0.652569177010823,0.004675443410337562,0.0014785050247891932,10
3.815,0.01273808,6.417109492424104,0.6796433716679394,0.0051402145085049315,0.001625478550871853,10
3.815,0.01273808,7.284258025038717,0.7214683780582148,0.005992698014007483,0.0018950575053831276,10
3.815,0.01273808,8.268584950589176,0.7652344174414133,0.006294274762143416,0.001990424446728776,10
3.815,0.01273808,9.385924667975567,0.791835416175233,0.005934417469454294,0.001876627578976828,10
3.815,0.01273808,10.65425128959158,0.7861226885763115,0.006332846874373645,0.002002622019609892,10
3.815,0.01273808,12.093967782318368,0.7526079203737,0.005654386070455387,0.0017880738752568336,10
3.815,0.01273808,13.728234180344895,0.7219578869776858,0.005385598164129196,0.0017030756761069591,10
3.815,0.01273808,15.583340149618108,0.7238276270250726,0.00562448267484226,0.001778617591265777,10
3.815,0.01273808,17.689127897190275,0.7466259403570119,0.004152748568645568,0.0013132144026924092,10
3.815,0.01273808,20.07947222860456,0.7406142233552998,0.005974893434533372,0.0018894272029911603,10
3.815,0.01273808,22.792825475773903,0.7167041844563908,0.00701510695328955,0.0022183716002079404,10
3.815,0.01273808,25.872836061348632,0.7197026475537551,0.005937510151491801,0.001877605570908549,10
3.815,0.01273808,29.369050650123167,0.7176511647793606,0.0036209728930652004,0.0011450521687815349,10
3.815,0.01273808,33.33771118265806,0.7088692607523224,0.0024394205745115038,0.0007714125186532841,10
3.815,0.01273808,37.842659612617176,0.7015443855789123,0.0030028055142660797,0.0009495704795594045,10
3.815,0.01273808,42.95636490189982,0.6935975748289823,0.0027025514368102877,0.0008546218034081128,10
3.815,0.01273808,48.76108879434957,0.6837156741218876,0.003617190038668451,0.001143855925186484,10
3.815,0.01273808,55.350209121286355,0.6774509437099426,0.005065345782421996,0.0016018029808781197,10
3.815,0.01273808,62.82972192624931,0.6626686811727281,0.006280190875684485,0.0019859707307770336,10
3.815,0.01273808,71.31994657291497,0.651256798535906,0.0075920289043034835,0.0024008103399431524,10
3.815,0.01273808,80.95746126545187,0.6401436543441706,0.006821738255676323,0.002157223048944124,10
3.815,0.01273808,91.89730011710618,0.6291296105664366,0.006520013951292202,0.002061809446215749,10
3.815,0.01273808,104.31544711021446,0.6147831187628572,0.009475106626052283,0.002996291801127852,10
3.815,0.01273808,118.41166706679324,0.6014136814446613,0.011557683668942734,0.0036548604869590514,10
3.815,0.01273808,134.41271917018034,0.5862482522334839,0.012880589546509695,0.004073200057272596,10
3.815,0.01273808,152.57600473212457,0.5711426778298433,0.014477778216218021,0.004578275462201865,10
3.815,0.01273808,173.19370788521238,0.5551721000880617,0.013572959436374318,0.00429214664080181,10
3.815,0.01273808,196.59749580998604,0.535432334597972,0.013628675649966582,0.0043097656545570085,10
3.815,0.01273808,223.1638541070668,0.5159943294641829,0.0087306771746788,0.002760882538762875,10
3.815,0.01273808,253.32014314187637,0.49259601241051676,0.011896913928253818,0.0037621345140263084,10
3.815,0.01273808,287.5514727874956,0.47405740675528446,0.016060326477673876,0.0050787211635358815,10
3.815,0.01273808,326.40850615637055,0.45012273953231574,0.018959643365687385,0.005995565666007284,10
3.815,0.01273808,370.5163178557939,0.42604375001983774,0.020918706294120397,0.006615075759352059,10
3.815,0.01273808,420.58444926569615,0.4004368314753264,0.02132725675680761,0.006744270759472782,10
3.815,0.01273808,477.4183225932176,0.37369375846030867,0.021067578773214243,0.0066621533708372946,10
3.815,0.01273808,541.9321973165318,0.34872241915124313,0.023949805179448936,0.007573593388435631,10
3.815,0.01273808,615.1638774420524,0.3202480880705326,0.02472968537535014,0.007820213160546242,10
3.815,0.01273808,698.2914061636919,0.29231811980863087,0.02155755948629936,0.006817098877127538,10
3.815,0.01273808,792.652016483199,0.26531310038777894,0.024237526087600627,0.007664578728456776,10
3.815,0.01273808,899.7636426411872,0.23532424720584064,0.019303867824573148,0.0061044189976490835,10
3.815,0.01273808,1021.3493384030259,0.20784502616779293,0.012088407992037814,0.003822690254022207,10
3.815,0.01273808,1159.3649950049091,0.18364558888377616,0.011185647078358535,0.0035372121870420894,10
3.815,0.01273808,1316.0308046455484,0.15967106375695123,0.012528606356405191,0.003961893199390369,10
3.815,0.01273808,1493.8669756616864,0.13528053807440757,0.014544687830897456,0.00459943414017699,10
3.815,0.01273808,1695.7342739204687,0.10987116374563921,0.013234935165927188,0.004185253980898843,10
3.815,0.01273808,1924.8800425987847,0.08675457908306797,0.011163048093755647,0.0035300657606268694,10
3.815,0.01273808,2184.990440647822,0.0641597850748033,0.009465170748737352,0.002993149800841134,10
3.815,0.01273808,2480.2497402782196,0.0493737762247303,0.009659907191447811,0.0030547308710815284,10
3.815,0.01273808,2815.4076373562034,0.03551081176361999,0.01129103637302714,0.0035705392082572324,10
3.815,0.01273808,3195.8556575010366,0.029097604015536675,0.010116671585708345,0.003199172455074571,10
3.815,0.01273808,3627.7138869923433,0.018975452122997047,0.009293183012000052,0.0029387625030704054,10
3.815,0.01273808,4117.929423686066,0.01335771723896729,0.006750545349311945,0.002134709875208271,10
3.815,0.01273808,4674.388131672206,0.0073034670868343645,0.004374978873825239,0.0013834897956406167,10
3.815,0.01273808,5306.041497418272,0.0039922594349429495,0.004327391241872389,0.0013684412650981355,10
3.815,0.01273808,6023.050628072877,0.0027492745855340166,0.002388124210476333,0.0007551911840496556,10
3.815,0.01273808,6836.949708361742,0.001219921178507582,0.0023170268379923953,0.000732708220779393,10
3.815,0.01273808,7760.831545529242,-0.0010541123993323906,0.0025911647824238496,0.0008193982505273999,10
3.815,0.01273808,8809.558187098928,0.0016199928841247296,0.0028966784200115435,0.0009160101456294342,10
3.815,0.01273808,9999.99999956053,0.0025080940496090163,0.0034269900318837695,0.0010837094019445766,10
3.815,0.00881879,0.010000000000218279,0.9999955926750539,0.0001,3.1622776601683795e-05,10
3.815,0.00881879,0.011351307054673196,0.9999938063148083,0.0001,3.1622776601683795e-05,10
3.815,0.00881879,0.012885217184666096,0.999991778562442,0.0001,3.1622776601683795e-05,10
3.815,0.00881879,0.01462640567261039,0.9999894767984685,0.0001,3.1622776601683795e-05,10
3.815,0.00881879,0.01660288218923904,0.9999868639955052,0.0001,3.1622776601683795e-05,10
3.815,0.00881879,0.018846441371850327,0.9999838981226343,0.0001,3.1622776601683795e-05,10
3.815,0.00881879,0.021393174289509983,0.9999792998117594,0.0001,3.1622776601683795e-05,10
3.815,0.00881879,0.02428404902290672,0.9999729224971476,0.0001,3.1622776601683795e-05,10
3.815,0.00881879,0.027565569698373378,0.9999656834115136,0.0001,3.1622776601683795e-05,10
3.815,0.00881879,0.03129052457764015,0.9999563305905645,0.0001,3.1622776601683795e-05,10
3.815,0.00881879,0.03551883523748388,0.9999432824465118,0.0001,3.1622776601683795e-05,10
3.815,0.00881879,0.04031852049962249,0.999928191318247,0.0001,3.1622776601683795e-05,10
3.815,0.00881879,0.04576679061713607,0.9999065928965172,0.0001,3.1622776601683795e-05,10
3.815,0.00881879,0.05195128931907079,0.999880371796818,0.0001,3.1622776601683795e-05,10
3.815,0.00881879,0.05897150369340645,0.999846410982783,0.0001,3.1622776601683795e-05,10
3.815,0.00881879,0.06694036458850397,0.9998017866016035,0.0001,3.1622776601683795e-05,10
3.815,0.00881879,0.07598606327792948,0.9997448832590855,0.0001,3.1622776601683795e-05,10
3.815,0.00881879,0.08625411361247771,0.9996718111947273,0.0001,3.1622776601683795e-05,10
3.815,0.00881879,0.09790969283225305,0.9995779943978832,0.0001,3.1622776601683795e-05,10
3.815,0.00881879,0.111140298694338,0.9994567252125963,0.0001,3.1622776601683795e-05,10
3.815,0.00881879,0.1261587656599988,0.9992992968783051,0.0001,3.1622776601683795e-05,10
3.815,0.00881879,0.14320668866139477,0.9990995386198431,0.0001,3.1622776601683795e-05,10
3.815,0.00881879,0.16255830952429962,0.998842839320984,0.0001,3.1622776601683795e-05,10
3.815,0.00881879,0.18452492856586533,0.9985117772222664,0.0001,3.1622776601683795e-05,10
3.815,0.00881879,0.2094599123347054,0.9980874075241708,0.0001,3.1622776601683795e-05,10
3.815,0.00881879,0.23776437805042727,0.9975407781236756,0.0001,3.1622776601683795e-05,10
3.815,0.00881879,0.2698936461854888,0.9968487066289535,0.0001,3.1622776601683795e-05,10
3.815,0.00881879,0.30636456498899384,0.995958832965022,0.0001,3.1622776601683795e-05,10
3.815,0.00881879,0.3477638247785541,0.994844739072278,0.0001225950714355425,3.8767965564736256e-05,10
3.815,0.00881879,0.3947573957482769,0.993410852837043,0.00015648861782951545,4.948604602329038e-05,10
3.815,0.00881879,0.4481012411144023,0.991610780917271,0.0001992411662294945,6.30055888953425e-05,10
3.815,0.00881879,0.5086534779358703,0.9893273502038985,0.00025090536132048855,7.934324189202563e-05,10
3.815,0.00881879,0.577388181235147,0.9864655968769183,0.00031254366173700897,9.883498393381661e-05,10
3.815,0.00881879,0.6554110534796387,0.9829020039792749,0.0003855940799294215,0.00012193555448539899,10
3.815,0.00881879,0.7439772114911823,0.9784898282439158,0.000470750514592039,0.00014886438358071734,10
3.815,0.00881879,0.8445113769131611,0.9730194657804692,0.0005680257994710094,0.00017962552960664564,10
3.815,0.00881879,0.9586307950296895,0.9662891635829235,0.0006799939543716785,0.00021503296909591152,10
3.815,0.00881879,1.0881712506209964,0.9579940401898194,0.0008176204515890692,0.0002585542888556895,10
3.815,0.00881879,1.2352165993597048,0.9477396207948423,0.0009940957374009961,0.00031436067424517815,10
3.815,0.00881879,1.402132289805521,0.9350851523044273,0.0012130092544680574,0.00038358720669818386,10
3.815,0.00881879,1.591603415250708,0.9194159688318658,0.0014550369141420028,0.0004601230728311591,10
3.815,0.00881879,1.806677907538295,0.9002979652544129,0.001696599088124271,0.0005365117394637426,10
3.815,0.00881879,2.0508155676914006,0.8776068869185311,0.00193448024587832,0.0006117363665578045,10
3.815,0.00881879,2.327943722086087,0.8516544289559638,0.0022511966524448547,0.0007118908882672203,10
3.815,0.00881879,2.6425203994821196,0.8229242808987062,0.002752020081902922,0.0008702651625336363,10
3.815,0.00881879,2.9996060452104465,0.791712516164964,0.003367559989977278,0.0010649159725581998,10
3.815,0.00881879,3.4049449261494478,0.758864813351763,0.003969712146521458,0.001255333203824387,10
3.815,0.00881879,3.8650575360130266,0.7267413640421202,0.004657316935176493,0.0014727729300432488,10
3.815,0.00881879,4.38734548743048,0.6981658223851435,0.004890004198858058,0.001546355103617841,10
3.815,0.00881879,4.980210578167119,0.6762476942327849,0.004421988291288,0.0013983554787066184,10
3.815,0.00881879,5.653189946847252,0.6665311938368066,0.003430937631382098,0.0010849577425150621,10
3.815,0.00881879,6.417109492365408,0.6733864762566443,0.002758965741453415,0.0008724615729368023,10
3.815,0.00881879,7.284258024970779,0.6985593527121144,0.0032710149690223533,0.0010343857562615751,10
3.815,0.00881879,8.268584950510586,0.7388419301582297,0.003420210648162872,0.0010815655725755463,10
3.815,0.00881879,9.385924667884668,0.7841845004142626,0.0029493898968484217,0.0009326789781930084,10
3.815,0.00881879,10.654251289486481,0.8153367664988652,0.0020829864614033324,0.0006586981553328942,10
3.815,0.00881879,12.093967782196902,0.8144880313792384,0.002049449075300635,0.000648092702647594,10
3.815,0.00881879,13.728234180204545,0.7836947778164116,0.0028705934586920386,0.0009077613565847315,10
3.815,0.00881879,15.583340149456019,0.7501857832060083,0.003635192208440548,0.0011495487111169698,10
3.815,0.00881879,17.6891278970031,0.7471327624168314,0.005250220095373092,0.0016602653718565427,10
3.815,0.00881879,20.07947222838848,0.7718645441356237,0.004814201393403366,0.0015223841517910948,10
3.815,0.00881879,22.792825475524545,0.7711826224443223,0.004860553269666192,0.0015370419020723771,10
3.815,0.00881879,25.872836061060944,0.7507324287153561,0.005038516319774632,0.0015933187598417115,10
3.815,0.00881879,29.36905064979135,0.7533961953047075,0.004867416617596745,0.001539212283255852,10
3.815,0.00881879,33.337711182275406,0.7536865084377684,0.004452649883307543,0.0014080515254534783,10
3.815,0.00881879,37.842659612176,0.745314869095794,0.004336446154042863,0.0013713046797452833,10
3.815,0.00881879,42.95636490139134,0.7417016708092421,0.005748397330167559,0.0018178028458960425,10
3.815,0.00881879,48.76108879376365,0.7366280607188778,0.006119811048331309,0.0019352541762589727,10
3.815,0.00881879,55.35020912061137,0.7323952145303025,0.005707027007746682,0.0018047204012574922,10
3.815,0.00881879,62.8297219254718,0.7261913339896193,0.004598926911213504,0.001454308383207763,10
3.815,0.00881879,71.31994657201956,0.7219032243288677,0.005864846057567188,0.001854627166817131,10
3.815,0.00881879,80.95746126442104,0.7148779662022522,0.006581377315782194,0.0020812142458836963,10
3.815,0.00881879,91.89730011591953,0.708149462747416,0.0046178344028281635,0.001460287457042049,10
3.815,0.00881879,104.31544710884869,0.6994410377128892,0.004533618504531834,0.0014336560516606995,10
3.815,0.00881879,118.4116670652216,0.6919203248134264,0.008056848703995182,0.002547799266800052,10
3.815,0.00881879,134.4127191683724,0.6832132138407716,0.010072140183172453,0.0031850903891330494,10
3.815,0.00881879,152.57600473004487,0.6718634374873521,0.010043312036465694,0.0031759741287015653,10
3.815,0.00881879,173.19370788282046,0.6614452095100228,0.010682777052032457,0.0033781907220201655,10
3.815,0.00881879,196.59749580723593,0.6509793299927229,0.012777708075116558,0.004040666079409419,10
3.815,0.00881879,223.16385410390492,0.6393901928807811,0.013560747448515261,0.004288284871162516,10
3.815,0.00881879,253.32014313824212,0.6243739506430352,0.010432660062253993,0.0032990967850996655,10
3.815,0.00881879,287.5514727833185,0.6108248559742251,0.01568039439357006,0.00495857608934161,10
3.815,0.00881879,326.40850615157024,0.596749043065795,0.015108192718533916,0.004777630031933837,10
3.815,0.00881879,370.51631785027826,0.5794338907905133,0.016687785955384723,0.0052771412724384745,10
3.815,0.00881879,420.5844492593595,0.5617421641410707,0.019280450696531646,0.0060970138515619885,10
3.815,0.00881879,477.4183225859398,0.5475239538132219,0.02107136562023629,0.006663350877011325,10
3.815,0.00881879,541.9321973081729,0.5296902045791341,0.0211850941092413,0.006699314983021849,10
3.815,0.00881879,615.1638774324545,0.5072054693729838,0.021547852966665105,0.006814029406107799,10
3.815,0.00881879,698.2914061526715,0.48845068990735613,0.01909878896610937,0.0060395673683798,10
3.815,0.00881879,792.6520164705466,0.4675297242577735,0.0195432724658867,0.006180125392545731,10
3.815,0.00881879,899.763642626665,0.4427645944355228,0.014775318895749949,0.004672366086589379,10
3.815,0.00881879,1021.3493383863575,0.419605763256341,0.017890958953781993,0.005657617981853423,10
3.815,0.00881879,1159.3649949857795,0.3933190940128838,0.017991344439819982,0.005689362659843731,10
3.815,0.00881879,1316.0308046235973,0.36749340673496433,0.018077049106443345,0.005716464855107255,10
3.815,0.00881879,1493.8669756365,0.3436563450400888,0.018755920929390737,0.005931142975089687,10
3.815,0.00881879,1695.734273891577,0.3182987905037956,0.01996015210866032,0.006311954310677929,10
3.815,0.00881879,1924.8800425656427,0.29287523946176564,0.019354183800849856,0.0061203303064220225,10
3.815,0.00881879,2184.9904406098126,0.26547696862595466,0.017690419516386228,0.005594201843567487,10
3.815,0.00881879,2480.2497402346276,0.2410767736749389,0.014001239815126696,0.004427580788203519,10
3.815,0.00881879,2815.4076373062144,0.2135084209365329,0.019007632412392166,0.006010741135040014,10
3.815,0.00881879,3195.8556574437234,0.19007259296486675,0.01827794635639604,0.005779994143658722,10
3.815,0.00881879,3627.7138869266328,0.1683121689846015,0.020136732337914177,0.006367793882097618,10
3.815,0.00881879,4117.929423610735,0.14592147235875613,0.018783764343757378,0.0059399478358131315,10
3.815,0.00881879,4674.388131585854,0.1272767258941545,0.017276291750572787,0.005463243145338759,10
3.815,0.00881879,5306.0414973192965,0.10738089792754028,0.017868428469130556,0.005650493217024823,10
3.815,0.00881879,6023.050627959455,0.0852898332902603,0.017908341751462786,0.005663114905131143,10
3.815,0.00881879,6836.949708231776,0.06603374115792884,0.01515083735844757,0.004791115451146325,10
3.815,0.00881879,7760.831545380318,0.05171160168004059,0.014008031349745162,0.004429728460023743,10
3.815,0.00881879,8809.558186928294,0.04152261048877019,0.0129557825703556,0.0040969781792234376,10
3.815,0.00881879,9999.999999365044,0.029627961430283744,0.01137210533422257,0.0035961754647493693,10
3.815,0.00829312,0.00999999999839929,0.9999958599629576,0.0001,3.1622776601683795e-05,10
3.815,0.00829312,0.01134663947950142,0.9999941846985332,0.0001,3.1622776601683795e-05,10
3.815,0.00829312,0.012874622749838886,0.999992283836387,0.0001,3.1622776601683795e-05,10
3.815,0.00829312,0.014608370280039295,0.9999901269966396,0.0001,3.1622776601683795e-05,10
3.815,0.00829312,0.016575591097720187,0.999987679708336,0.0001,3.1622776601683795e-05,10
3.815,0.00829312,0.018807725637556998,0.9999849028585276,0.0001,3.1622776601683795e-05,10
3.815,0.00829312,0.021340448227289532,0.9999806378049506,0.0001,3.1622776601683795e-05,10
3.815,0.00829312,0.02421423724047796,0.9999746738471206,0.0001,3.1622776601683795e-05,10
3.815,0.00829312,0.02747502202828004,0.9999679067591829,0.0001,3.1622776601683795e-05,10
3.815,0.00829312,0.031174916969615565,0.9999592636900265,0.0001,3.1622776601683795e-05,10
3.815,0.00829312,0.035373054371424094,0.9999471043214749,0.0001,3.1622776601683795e-05,10
3.815,0.00829312,0.04013652953055982,0.9999331942064259,0.0001,3.1622776601683795e-05,10
3.815,0.00829312,0.04554147306145236,0.9999130534381034,0.0001,3.1622776601683795e-05,10
3.815,0.00829312,0.051674267627644155,0.9998888296745285,0.0001,3.1622776601683795e-05,10
3.815,0.00829312,0.05863292852320042,0.9998572019858358,0.0001,3.1622776601683795e-05,10
3.815,0.00829312,0.06652867016866243,0.9998159481074584,0.0001,3.1622776601683795e-05,10
3.815,0.00829312,0.07548768355753077,0.9997633630123446,0.0001,3.1622776601683795e-05,10
3.815,0.00829312,0.08565315306070952,0.9996957976563445,0.0001,3.1622776601683795e-05,10
3.815,0.00829312,0.09718754482179941,0.9996091080907632,0.0001,3.1622776601683795e-05,10
3.815,0.00829312,0.11027520331673626,0.9994980861900485,0.0001,3.1622776601683795e-05,10
3.815,0.00829312,0.12512529757640156,0.9993518896921021,0.0001,3.1622776601683795e-05,10
3.815,0.00829312,0.1419751641592023,0.9991691922638981,0.0001,3.1622776601683795e-05,10
3.815,0.00829312,0.16109410030153665,0.9989332040354582,0.0001,3.1622776601683795e-05,10
3.815,0.00829312,0.18278766786887682,0.9986287878772553,0.0001,3.1622776601683795e-05,10
3.815,0.00829312,0.20740257689389835,0.9982385570264036,0.0001,3.1622776601683795e-05,10
3.815,0.00829312,0.23533222675113358,0.9977366097175329,0.0001,3.1622776601683795e-05,10
3.815,0.00829312,0.267022993528082,0.997101893509418,0.0001,3.1622776601683795e-05,10
3.815,0.00829312,0.3029813640785376,0.9962862461170268,0.0001,3.1622776601683795e-05,10
3.815,0.00829312,0.3437820307757025,0.9952650375345616,0.00010153186770417189,3.210719570360741e-05,10
3.815,0.00829312,0.390077076336716,0.9939505601526696,0.0001263498440569088,3.9955328922692115e-05,10
3.815,0.00829312,0.44260639551191605,0.9923037371583616,0.00015627013186331618,4.941695469429316e-05,10
3.815,0.00829312,0.502209520199922,0.9902340846832051,0.00019276699146240453,6.095827507194305e-05,10
3.815,0.00829312,0.5698390369794052,0.9876219596728655,0.00023684524649054874,7.489704318941355e-05,10
3.815,0.00829312,0.6465758114986572,0.9843698789011934,0.00029242321689152605,9.247234060906454e-05,10
3.815,0.00829312,0.733646263041569,0.9803424744835615,0.00036525211196181145,0.00011550285939861559,10
3.815,0.00829312,0.8324419653548657,0.975348290054178,0.000466639778215972,0.00014756445459982953,10
3.815,0.00829312,0.9445418870001215,0.9692046051633703,0.0006078672872403926,0.00019222451427874487,10
3.815,0.00829312,1.07173762667939,0.961627428209507,0.0008037302834854714,0.0002541618320266905,10
3.815,0.00829312,1.216062046849409,0.9522440978654894,0.0010684828634020178,0.00033788394892089426,10
3.815,0.00829312,1.379821763251351,0.9406362659440608,0.0014084057545409943,0.0004453770054037576,10
3.815,0.00829312,1.5656340096089176,0.926260793509004,0.001832646765491621,0.0005795337925493992,10
3.815,0.00829312,1.7764684666722268,0.9086113741710602,0.0023551605038900397,0.0007447671447562376,10
3.815,0.00829312,2.0156947241258996,0.8874183041333884,0.00299646624952897,0.000947565828033399,10
3.815,0.00829312,2.287136133905071,0.8629342136496385,0.003744598980568198,0.0011841461702540097,10
3.815,0.00829312,2.5951309156115614,0.8355955031589157,0.004582422428418956,0.0014490892074843797,10
3.815,0.00829312,2.944601490626628,0.8056768119635942,0.005354505624505504,0.001693243351761969,10
3.815,0.00829312,3.341133153029103,0.7737175779766042,0.005873752041566791,0.0018574434862415072,10
3.815,0.00829312,3.791063334649949,0.7414578905204697,0.0060371331144625905,0.00190910911793278,10
3.815,0.00829312,4.301582890911503,0.7117751415082565,0.005955016939757438,0.0018831417034519213,10
3.815,0.00829312,4.880851026217715,0.6874293368411419,0.005816133531506135,0.0018392229135238073,10
3.815,0.00829312,5.538125695651191,0.6728744939861094,0.005860300103686351,0.0018531896099769783,10
3.815,0.00829312,6.283911567077582,0.6726832449521456,0.005427468190332492,0.001716316140956294,10
3.815,0.00829312,7.130127908411143,0.690636809462251,0.004411603295443495,0.0013950714546706166,10
3.815,0.00829312,8.09029908324231,0.7262048336691471,0.0034608773572016942,0.0010944255151261496,10
3.815,0.00829312,9.179770699358555,0.7716649006857013,0.003625692578855863,0.0011465446644754174,10
3.815,0.00829312,10.415954864678511,0.8096955471563719,0.005251542303617457,0.0016606834908158672,10
3.815,0.00829312,11.818608470318429,0.8224811479565112,0.006596541541173485,0.0020860095950025605,10
3.815,0.00829312,13.41014894835508,0.8018625313950969,0.007398892442794105,0.0023397352281836446,10
3.815,0.00829312,15.21601255077567,0.7647377492484756,0.005904835094238295,0.0018672728105488005,10
3.815,0.00829312,17.265060875685677,0.7474438216356812,0.003818543390337358,0.0012075294457647451,10
3.815,0.00829312,19.590042137940873,0.7647476179289713,0.004130816646239991,0.001306278919865639,10
3.815,0.00829312,22.228114556303716,0.7815330089862103,0.005425046772449399,0.0017155504213885303,10
3.815,0.00829312,25.221440221980828,0.7601517723279975,0.006341878315826031,0.0020054780121642924,10
3.815,0.00829312,28.617858939842176,0.7512826935444259,0.004711125550652825,0.001489788708307788,10
3.815,0.00829312,32.47165281175938,0.7631322506761006,0.004782075111278907,0.0015122249293644504,10
3.815,0.00829312,36.844413781754966,0.7521334600255816,0.005447461276089048,0.0017226385098008728,10
3.815,0.00829312,41.80602800820666,0.7492118855247759,0.003456355213783365,0.0010929954878153637,10
3.815,0.00829312,47.4357927954991,0.7458815828144507,0.0028683939235867903,0.0009070658025121231,10
3.815,0.00829312,53.82368393610155,0.7412287483086346,0.003442292100283711,0.001088548340850127,10
3.815,0.00829312,61.07179371793354,0.7375697805367656,0.0037366113512138713,0.0011816202600675207,10
3.815,0.00829312,69.29596257947946,0.7319236617815019,0.005292068669265244,0.0016734990528894484,10
3.815,0.00829312,78.6276304900235,0.7258180692479407,0.003925509672842204,0.0012413551543203783,10
3.815,0.00829312,89.21593764405597,0.7209598868045751,0.004775024131348645,0.001509995213732874,10
3.815,0.00829312,101.23010804348239,0.7134053762778778,0.0076174192441240155,0.0024088394703830076,10
3.815,0.00829312,114.86215406242331,0.704440642875269,0.006081030140831763,0.0019229905765162857,10
3.815,0.00829312,130.32994521938878,0.6976806802857639,0.006133051917401591,0.0019394413067051893,10
3.815,0.00829312,147.8806902024289,0.6882144767323253,0.0060347662690958806,0.0019083606557099581,10
3.815,0.00829312,167.79488779753905,0.6796156832102567,0.005808795713341527,0.0018369024916781755,10
3.815,0.00829312,190.3908098646829,0.6706418272816261,0.0075270816247526,0.002380272206821905,10
3.815,0.00829312,216.02958800906612,0.6598707434429986,0.008209150695820606,0.002595961385434921,10
3.815,0.00829312,245.1209852436465,0.6502754893650171,0.010067916380900262,0.0031837547055764176,10
3.815,0.00829312,278.1299448865051,0.6386555553422121,0.010149133595699997,0.0032094378439746474,10
3.815,0.00829312,315.5840213585933,0.6246747006781705,0.011269984452065382,0.003563882006321133,10
3.815,0.00829312,358.0818116420421,0.6132533283136541,0.01054120061314159,0.003333420321029087,10
3.815,0.00829312,406.30252215193605,0.5990757870172836,0.011521350704266197,0.0036433709947066217,10
3.815,0.00829312,461.0168239208115,0.5860984121948671,0.00937958651467022,0.0029660856896958224,10
3.815,0.00829312,523.0991695851567,0.5700353143845619,0.008364982674326163,0.002645239783871717,10
3.815,0.00829312,593.5417690259438,0.5523918286953584,0.007220355297884661,0.0022832768256979066,10
3.815,0.00829312,673.4704470240936,0.5356895930720371,0.009135712216574896,0.002888965865220214,10
3.815,0.00829312,764.1626363704256,0.5176092841308659,0.011406314204498707,0.003606993259374752,10
3.815,0.00829312,867.0677939988487,0.4982656648722112,0.011948244744233163,0.003778366743291278,10
3.815,0.00829312,983.8305664366374,0.4785141073139642,0.012361997704742791,0.003909206917676091,10
3.815,0.00829312,1116.31707480571,0.45651237073502327,0.018007564163689014,0.005694491786888245,10
3.815,0.00829312,1266.6447394659544,0.4386844505750485,0.017692919717837628,0.005594992476687055,10
3.815,0.00829312,1437.2161209627764,0.41459756046541163,0.017876415024537854,0.005653018787599442,10
3.815,0.00829312,1630.7573181302505,0.39339765809163874,0.018008645092913948,0.005694833606722268,10
3.815,0.00829312,1850.3615370344457,0.37203692597218213,0.017595182470776943,0.005564085245392419,10
3.815,0.00829312,2099.538527082673,0.3487901134386796,0.017403210596414875,0.005503378408424837,10
3.815,0.00829312,2382.270674394386,0.324251225860267,0.018356856476770433,0.005804947714740836,10
3.815,0.00829312,2703.0766489268667,0.30006814004542515,0.017918413065863115,0.005666299734384812,10
3.815,0.00829312,3067.0836225741514,0.2748795694978994,0.02009838205237131,0.006355666456974289,10
3.815,0.00829312,3480.109212440276,0.24451424739306932,0.02873536957119043,0.00908692172516577,10
3.815,0.00829312,3948.754458917226,0.21760811945072947,0.032333330707449905,0.010224696937500508,10
3.815,0.00829312,4480.509324557948,0.19160934446133343,0.03328377633083126,0.010525254233702876,10
3.815,0.00829312,5083.872399844129,0.16798467348131246,0.028395850455028234,0.00897955635354179,10
3.815,0.00829312,5768.486729005284,0.14857475862070446,0.024029092172266554,0.007598666137048539,10
3.815,0.00829312,6545.293926678852,0.12713825813857244,0.023135937446327547,0.0073162258133574656,10
3.815,0.00829312,7426.709048528318,0.10407470676973227,0.02112194176978037,0.006679344459795382,10
3.815,0.00829312,8426.819010629077,0.0840415005482814,0.01823392449474247,0.005766073208692111,10
3.815,0.00829312,9561.60772879224,0.06576729293628172,0.019465314430116603,0.006155472897051092,10
3.815,0.00829312,10849.211576038631,0.051997854910112905,0.01989668174030965,0.006291883217886132,10
3.815,0.00829312,12310.209240984916,0.04068618599184206,0.019258630409447346,0.006090113670923475,10
3.815,0.00829312,13967.950619704106,0.026788024611841037,0.01213051725031985,0.0038360063706973616,10
3.815,0.00829312,15848.929997463045,0.019797378387270317,0.010922456738145075,0.0034539840937191754,10
3.815,0.0060978,0.00999999999476131,0.9999969544297617,0.0001,3.1622776601683795e-05,10
3.815,0.0060978,0.011334438217380284,0.999995735330824,0.0001,3.1622776601683795e-05,10
3.815,0.0060978,0.012846948977091198,0.9999943535506647,0.0001,3.1622776601683795e-05,10
3.815,0.0060978,0.01456129495389592,0.999992787380479,0.0001,3.1622776601683795e-05,10
3.815,0.0060978,0.01650440981064461,0.9999910122145573,0.0001,3.1622776601683795e-05,10
3.815,0.0060978,0.01870682134110756,0.99998900016371,0.0001,3.1622776601683795e-05,10
3.815,0.0060978,0.021203131084543133,0.9999859813550691,0.0001,3.1622776601683795e-05,10
3.815,0.0060978,0.02403255794186688,0.9999816602983793,0.0001,3.1622776601683795e-05,10
3.815,0.0060978,0.02723955433404017,0.9999767626233688,0.0001,3.1622776601683795e-05,10
3.815,0.0060978,0.03087450458298937,0.9999706835799621,0.0001,3.1622776601683795e-05,10
3.815,0.0060978,0.0349945164871443,0.9999619049443581,0.0001,3.1622776601683795e-05,10
3.815,0.0060978,0.039664318527842204,0.9999519548540642,0.0001,3.1622776601683795e-05,10
3.815,0.0060978,0.04495727680238367,0.9999376654245445,0.0001,3.1622776601683795e-05,10
3.815,0.0060978,0.05095654766052276,0.9999206577589834,0.0001,3.1622776601683795e-05,10
3.815,0.0060978,0.057756384153175674,0.9998979133103217,0.0001,3.1622776601683795e-05,10
3.815,0.0060978,0.06546361681863952,0.9998688252965362,0.0001,3.1622776601683795e-05,10
3.815,0.0060978,0.07419933207058341,0.999831770723597,0.0001,3.1622776601683795e-05,10
3.815,0.0060978,0.08410077455654894,0.9997841899790909,0.0001,3.1622776601683795e-05,10
3.815,0.0060978,0.09532350337444023,0.9997231070137735,0.0001,3.1622776601683795e-05,10
3.815,0.0060978,0.10804383602278424,0.9996450322581408,0.0001,3.1622776601683795e-05,10
3.815,0.0060978,0.12246161848105531,0.9995421523510275,0.0001,3.1622776601683795e-05,10
3.815,0.0060978,0.13880336494010645,0.9994157544882345,0.0001,3.1622776601683795e-05,10
3.815,0.0060978,0.1573258165102307,0.9992496079864246,0.0001,3.1622776601683795e-05,10
3.815,0.0060978,0.17831997481682807,0.9990386697804585,0.0001,3.1622776601683795e-05,10
3.815,0.0060978,0.2021156738544968,0.9987680335045674,0.0001,3.1622776601683795e-05,10
3.815,0.0060978,0.2290867619268093,0.9984181917703976,0.0001,3.1622776601683795e-05,10
3.815,0.0060978,0.2596569750839389,0.9979770866466792,0.0001,3.1622776601683795e-05,10
3.815,0.0060978,0.29430659433425393,0.997410877450634,0.0001,3.1622776601683795e-05,10
3.815,0.0060978,0.3335799912196725,0.9967009925954897,0.0001,3.1622776601683795e-05,10
3.815,0.0060978,0.37809418030143555,0.9957866114062662,0.0001,3.1622776601683795e-05,10
3.815,0.0060978,0.42854851292226975,0.9946440738697069,0.0001,3.1622776601683795e-05,10
3.815,0.0060978,0.4857356645412283,0.9932080147546068,0.00012453758133554747,3.938224113088042e-05,10
3.815,0.0060978,0.5505540882604891,0.9914057099751862,0.0001627241418943259,5.145789186824962e-05,10
3.815,0.0060978,0.6240221301983707,0.9891580097378416,0.00021273486181030797,6.727267010417442e-05,10
3.815,0.0060978,0.7072940284716764,0.9863669276834992,0.00027773643065747035,8.782797100830226e-05,10
3.815,0.0060978,0.8016780471433974,0.9828954619523952,0.00036135436878170817,0.00011427028478026416,10
3.815,0.0060978,0.9086570300337092,0.9786129388379183,0.000466455830203715,0.00014750628513085027,10
3.815,0.0060978,1.0299116973100726,0.9733139218791905,0.0005970203812741416,0.0001887944214368426,10
3.815,0.0060978,1.167347050863366,0.9667235697141097,0.0007595957992432119,0.0002402052826704554,10
3.815,0.0060978,1.3231223033183328,0.958509466936591,0.0009605167186493668,0.0003037420561603129,10
3.815,0.0060978,1.4996848008855936,0.9482262754410261,0.0012121249875631486,0.0003833075769502819,10
3.815,0.0060978,1.6998084730086782,0.9354426604896362,0.0015218522545927652,0.0004812519386775582,10
3.815,0.0060978,1.9266374128789439,0.9198424235085494,0.0018988051716962253,0.0006004549175467156,10
3.815,0.0060978,2.183735273500971,0.9012532863040945,0.002364200464700866,0.0007476258313683249,10
3.815,0.0060978,2.4751412553577286,0.879643052840535,0.0029019208791294226,0.0009176679567647156,10
3.815,0.0060978,2.805433565283807,0.8548840335965145,0.0034248250181899047,0.00108302476450077,10
3.815,0.0060978,3.17980134353322,0.8269004932776959,0.003837725722446717,0.0012135954317946808,10
3.815,0.0060978,3.6041261890701035,0.7963723842817007,0.004178333627554783,0.0013213051087146795,10
3.815,0.0060978,4.085074563905778,0.7649141278346019,0.0045753631857994295,0.0014468568789610362,10
3.815,0.0060978,4.630202528223792,0.7343717963519554,0.005227598702434034,0.001653111859303235,10
3.815,0.0060978,5.248074451760365,0.7076828602277675,0.00621244635958862,0.0019645480337921466,10
3.815,0.0060978,5.9483975664851565,0.6885622141106424,0.006971017020976536,0.0022044291394087627,10
3.815,0.0060978,6.742174474506146,0.6809597516937737,0.007460856509693065,0.0023593299866324206,10
3.815,0.0060978,7.64187600721217,0.6886808319724709,0.007912392994149312,0.002502118360387116,10
3.815,0.0060978,8.661637151400278,0.7139060499114096,0.008485320754006419,0.0026832940259757607,10
3.815,0.0060978,9.817479120534292,0.755014178111612,0.00885112794287154,0.002798972416103477,10
3.815,0.0060978,11.127561060041069,0.8012482056102588,0.008289122099104113,0.0026212505636404957,10
3.815,0.0060978,12.612465341123507,0.8330088349964437,0.006394244334968956,0.0020220376014130543,10
3.815,0.0060978,14.29552092527043,0.8320603551349188,0.005441862089568435,0.0017208678915559476,10
3.815,0.0060978,16.203169879762825,0.8014060550394053,0.00473916393741555,0.0014986552247164809,10
3.815,0.0060978,18.36538280240994,0.7679487240785385,0.004620207484144608,0.0014610378912453246,10
3.815,0.0060978,20.81612968215033,0.7636869755932326,0.006412459738263393,0.0020277978177039497,10
3.815,0.0060978,23.593913593090996,0.7867706694026723,0.00739386737822494,0.002338146163240847,10
3.815,0.0060978,26.7423756067194,0.7923109162638645,0.005066584547057998,0.0016021947126515833,10
3.815,0.0060978,30.31098042591284,0.7727359702555591,0.004908200316918086,0.0015521092213821423,10
3.815,0.0060978,34.355793512571154,0.7744073420676786,0.0053537740930285046,0.0016930120211972265,10
3.815,0.0060978,38.94036191813089,0.778370094289482,0.004887283301078968,0.0015454946801915991,10
3.815,0.0060978,44.136712655470106,0.7683755178842843,0.0063636182514180345,0.0020123527834299015,10
3.815,0.0060978,50.02648429737661,0.7727832908492352,0.004213900388552207,0.0013325523060893497,10
3.815,0.0060978,56.702209579840535,0.766473947924823,0.005808639134358578,0.0018368529770561924,10
3.815,0.0060978,64.26876916083357,0.768296930146956,0.006135841012527436,0.0019403232960260438,10
3.815,0.0060978,72.84503937421559,0.7635303726173439,0.003279203587232325,0.0010369752247048791,10
3.815,0.0060978,82.5657598662218,0.7591323239850135,0.005826931723626129,0.0018426376016949335,10
3.815,0.0060978,93.58365045650031,0.7568532749128771,0.008048841525032912,0.0025452671744847165,10
3.815,0.0060978,106.07181048117923,0.7522579808335361,0.00845651362014509,0.0026741844103894447,10
3.815,0.0060978,120.22643831344264,0.7499823068181489,0.0071617492348029724,0.0022647439612945423,10
3.815,0.0060978,136.26991378732745,0.745399173774062,0.007911372861924754,0.002501795766252702,10
3.815,0.0060978,154.4542919519337,0.7380628764053038,0.006641030733624521,0.0021000783129432447,10
3.815,0.0060978,175.06526304555237,0.7342141036851948,0.006192822098998959,0.001958342297706146,10
3.815,0.0060978,198.42664090387385,0.7307564928934506,0.0066317044620519995,0.0020971290869185996,10
3.815,0.0060978,224.90545031854734,0.7256520079324339,0.008068534566219332,0.0025514946609051757,10
3.815,0.0060978,254.91769327230978,0.7208916303028816,0.006504078965940366,0.002056770361396427,10
3.815,0.0060978,288.93488464257354,0.7130780840110328,0.008735212404091678,0.002762316704228483,10
3.815,0.0060978,327.49146005427787,0.7060353432211939,0.010729983050250224,0.0033931185693791646,10
3.815,0.0060978,371.1931722649437,0.6990910300554465,0.01065553529468053,0.003369576121950393,10
3.815,0.0060978,420.7266079954461,0.6930385939313745,0.008919768402885882,0.002820678435432181,10
3.815,0.0060978,476.8699747230536,0.6873020149443874,0.008608873928299303,0.0027223649702666883,10
3.815,0.0060978,540.5053269053693,0.6787804764927767,0.010804884367843307,0.003416804445713343,10
3.815,0.0060978,612.6324237183227,0.670483207899111,0.014319240650710373,0.004528141482031634,10
3.815,0.0060978,694.3844360236939,0.6628282147584551,0.015817276958016605,0.005001862156903197,10
3.815,0.0060978,787.0457493344106,0.6548847244913398,0.017223415249207584,0.005446522127437254,10
3.815,0.0060978,892.0721424755926,0.6457386110456074,0.02126757701308346,0.006725398367438437,10
3.815,0.0060978,1011.1136589632586,0.6309149822694409,0.022936627511541685,0.007253198477935171,10
3.815,0.0060978,1146.0405304272135,0.6217510542132745,0.02445583673730917,0.007733614617511793,10
3.815,0.0060978,1298.9725593545907,0.6117311302915047,0.02261778624661254,0.007152372017012645,10
3.815,0.0060978,1472.3124227789922,0.601641214878403,0.02387908135278736,0.007551228550726278,10
3.815,0.0060978,1668.7834201412222,0.5914762779526381,0.02454402382737761,0.007761501823995661,10
3.815,0.0060978,1891.4722583688101,0.5776620225084229,0.023952665615838663,0.007574497937844988,10
3.815,0.0060978,2143.877546360112,0.564765214667063,0.025799950588030775,0.008158660737797776,10
3.815,0.0060978,2429.964760757738,0.5524656201182861,0.028848828160800657,0.009122800481493635,10
3.815,0.0060978,2754.2285465648415,0.5383064151969845,0.0313490192659072,0.009913430329276645,10
3.815,0.0060978,3121.7633313938272,0.5231024054756584,0.033006031683858475,0.010437423664467536,10
3.815,0.0060978,3538.343362750283,0.5031298912472085,0.04002365128306498,0.012656589833080588,10
3.815,0.0060978,4010.513425798055,0.4861953815514573,0.03829435809587582,0.012109739311707623,10
3.815,0.0060978,4545.691666849571,0.46780944098537375,0.03946212851000569,0.012479020740988467,10
3.815,0.0060978,5152.286138015804,0.4497204557050785,0.04663408359790324,0.014746992076407405,10
3.815,0.0060978,5839.826894019809,0.43047413651893096,0.04451070470645401,0.014075520713157106,10
3.815,0.0060978,6619.1157165138875,0.4071337980940141,0.04170047665662828,0.01318684857496286,10
3.815,0.0060978,7502.395818182028,0.3846557641482786,0.04347383779849018,0.013747634607194916,10
3.815,0.0060978,8503.544192806374,0.36042780362962723,0.04616133035200988,0.014597494373581339,10
3.815,0.0060978,9638.289633261882,0.3394055852935216,0.04892401974864997,0.01547113346967924,10
3.815,0.0060978,10924.459842665354,0.3192792470076542,0.04771906503741245,0.015090093333193135,10
3.815,0.0060978,12382.261520980906,0.2978648161647142,0.04626355573655481,0.014629820878566194,10
3.815,0.0060978,14034.597827452662,0.2751620962086888,0.04519177319751183,0.014290893480588778,10
3.815,0.0060978,15907.428206437567,0.24429015302903437,0.048546882971831996,0.015351872349263301,10
3.815,0.0060978,18030.17622977341,0.22648454366187082,0.049342991558755024,0.015603623989212792,10
3.815,0.0060978,20436.191863190394,0.20041584513265379,0.05304146918383064,0.016773185306253713,10
3.815,0.0060978,23163.275419320613,0.17657108174159403,0.05347390959641199,0.016909934971859716,10
3.815,0.0060978,26254.271428999164,0.15173854635078166,0.054960488197416044,0.017380032401863664,10
3.815,0.0060978,29757.74176102146,0.13210520207468907,0.05236216720705197,0.016558371159686173,10
3.815,0.0060978,33728.72856557489,0.11453157790061572,0.04783768299381814,0.015127603624556788,10
3.815,0.0060978,38229.61902775724,0.09426800345349136,0.04432402079477228,0.014016486076814707,10
3.815,0.0060978,43331.125517109795,0.07445145503855749,0.03783870279331037,0.011965648453303623,10
3.815,0.0060978,49113.39653205206,0.05948370732863171,0.03478371334488551,0.010999575964823217,10
3.815,0.0060978,55667.275892986836,0.04944427351427873,0.026824637877037722,0.008482695310066292,10
3.815,0.0060978,63095.729966946106,0.04146096676561565,0.023204698989769488,0.007337970122627981,10
3.815,0.00526263,0.010000000009313226,0.9999974111585948,0.0001,3.1622776601683795e-05,10
3.815,0.00526263,0.011326728169739368,0.9999963808695658,0.0001,3.1622776601683795e-05,10
3.815,0.00526263,0.012829477091168351,0.9999952138891898,0.0001,3.1622776601683795e-05,10
3.815,0.00526263,0.01453159994362263,0.9999938920822415,0.0001,3.1622776601683795e-05,10
3.815,0.00526263,0.016459548227952196,0.9999923949074431,0.0001,3.1622776601683795e-05,10
3.815,0.00526263,0.018643282840110076,0.9999906990982483,0.0001,3.1622776601683795e-05,10
3.815,0.00526263,0.02111673967248284,0.9999882004754248,0.0001,3.1622776601683795e-05,10
3.815,0.00526263,0.02391835698786072,0.9999845752220129,0.0001,3.1622776601683795e-05,10
3.815,0.00526263,0.027091672761597362,0.9999804689960227,0.0001,3.1622776601683795e-05,10
3.815,0.00526263,0.030686001274835974,0.9999754633233598,0.0001,3.1622776601683795e-05,10
3.815,0.00526263,0.03475719947326412,0.9999680904438557,0.0001,3.1622776601683795e-05,10
3.815,0.00526263,0.039368535000842295,0.999959739383667,0.0001,3.1622776601683795e-05,10
3.815,0.00526263,0.04459166939801184,0.9999479091729506,0.0001,3.1622776601683795e-05,10
3.815,0.00526263,0.05050777174357751,0.9999338782168534,0.0001,3.1622776601683795e-05,10
3.815,0.00526263,0.057208780046594715,0.9999148268632272,0.0001,3.1622776601683795e-05,10
3.815,0.00526263,0.06479882999067017,0.9998907617399988,0.0001,3.1622776601683795e-05,10
3.815,0.00526263,0.07339587323379237,0.9998601349380198,0.0001,3.1622776601683795e-05,10
3.815,0.00526263,0.08313351041255745,0.9998208360695504,0.0001,3.1622776601683795e-05,10
3.815,0.00526263,0.09416306733622737,0.9997703622472836,0.0001,3.1622776601683795e-05,10
3.815,0.00526263,0.10665594663530001,0.9997058349023809,0.0001,3.1622776601683795e-05,10
3.815,0.00526263,0.12080629140991751,0.9996211444299942,0.0001,3.1622776601683795e-05,10
3.815,0.00526263,0.13683400227200898,0.999517082071449,0.0001,3.1622776601683795e-05,10
3.815,0.00526263,0.15498815466691052,0.9993800999117072,0.0001,3.1622776601683795e-05,10
3.815,0.00526263,0.17555086958066726,0.9992068349062718,0.0001,3.1622776601683795e-05,10
3.815,0.00526263,0.19884169778497282,0.9989863997540104,0.0001,3.1622776601683795e-05,10
3.815,0.00526263,0.22522258575223036,0.9987009642821132,0.0001,3.1622776601683795e-05,10
3.815,0.00526263,0.25510350041254914,0.9983404680267158,0.0001,3.1622776601683795e-05,10
3.815,0.00526263,0.2889488001630894,0.9978781825192862,0.0001,3.1622776601683795e-05,10
3.815,0.00526263,0.3272844511371582,0.9972979258576059,0.0001,3.1622776601683795e-05,10
3.815,0.00526263,0.37070620087604667,0.9965501336697139,0.0001,3.1622776601683795e-05,10
3.815,0.00526263,0.4198888364249257,0.9956179394451592,0.0001,3.1622776601683795e-05,10
3.815,0.00526263,0.4755966707263952,0.9944435301388657,0.0001,3.1622776601683795e-05,10
3.815,0.00526263,0.5386954202733928,0.9929675892856684,0.00011313245907837838,3.5775624798346926e-05,10
3.815,0.00526263,0.6101656586037615,0.9911258340990956,0.00014006769478180429,4.429329421197828e-05,10
3.815,0.00526263,0.6911180547078262,0.988835430593323,0.00017410723034734247,5.505754050011911e-05,10
3.815,0.00526263,0.7828106331584112,0.9860070934165523,0.00021845462053257235,6.908141662707141e-05,10
3.815,0.00526263,0.8866683241909145,0.9824960130811997,0.00028019028059362905,8.860394649175428e-05,10
3.815,0.00526263,1.0043051075475513,0.9781377063247085,0.00036844264029637844,0.00011651179304626914,10
3.815,0.00526263,1.1375490942077713,0.9726922929613808,0.0004963501638684299,0.000156959703482205,10
3.815,0.00526263,1.2884709357824844,0.9658837064127278,0.0006703220464640176,0.0002119744432651513,10
3.815,0.00526263,1.459416003062604,0.9573074667764983,0.0008983740691143953,0.00028409082492350155,10
3.815,0.00526263,1.653040833786249,0.9465527181087239,0.001180239099112069,0.00037322437367793497,10
3.815,0.00526263,1.87235441603385,0.933273879303872,0.001516578638518359,0.00047958427484751825,10
3.815,0.00526263,2.120764948807535,0.9172268471523604,0.0019381213483679505,0.0006128877842639386,10
3.815,0.00526263,2.402132806468257,0.8983161542872782,0.002522502486029352,0.0007976853259289818,10
3.815,0.00526263,2.7208305301139384,0.8763931131184762,0.003311564589938058,0.001047208672296578,10
3.815,0.00526263,3.0818107781826845,0.8511507425672832,0.004161619899634453,0.0013160197638726202,10
3.815,0.00526263,3.4906832922538693,0.8226296945757425,0.004896867146627251,0.0015485253582591832,10
3.815,0.00526263,3.953802074118781,0.7918380700488227,0.0055891017359748245,0.0017674291560081494,10
3.815,0.00526263,4.478364128878708,0.7601947625969944,0.005954565698741056,0.0018829990085133756,10
3.815,0.00526263,5.072521308567923,0.729726593534523,0.00576632975894585,0.0018234735777878576,10
3.815,0.00526263,5.745506994385029,0.7037329550930645,0.005271963339014293,0.0016671411892191595,10
3.815,0.00526263,6.507779586212705,0.6855642166670053,0.004572366375925448,0.0014459092044694097,10
3.815,0.00526263,7.371185029296075,0.679224582677405,0.004055139486816012,0.001282347700802494,10
3.815,0.00526263,8.349140903793153,0.6881612407511577,0.004650417361390697,0.0014705910932384981,10
3.815,0.00526263,9.456844938004338,0.7144990427968214,0.005634539541791739,0.0017817978518343393,10
3.815,0.00526263,10.711511185639216,0.7554797925209428,0.005351328240605933,0.00169223857474963,10
3.815,0.00526263,12.132637537386406,0.8004269946352789,0.004334541717543971,0.0013707024440457176,10
3.815,0.00526263,13.742308723996665,0.8301971617024831,0.003726368558293624,0.0011783812045445777,10
3.815,0.00526263,15.565539519638255,0.8281299429198397,0.0047987380440777105,0.0015174942113787048,10
3.815,0.00526263,17.630663479007968,0.7976682422842916,0.005470899545912063,0.0017300503415063047,10
3.815,0.00526263,19.96977324928916,0.7645902867795552,0.00345776665002617,0.0010934418231453012,10
3.815,0.00526263,22.619219299537335,0.7641690290397135,0.004166722373804157,0.0013176333078804645,10
3.815,0.00526263,25.620174817897542,0.7879031124027673,0.003826876771403144,0.0012101646922425455,10
3.815,0.00526263,29.01927555532642,0.7909624676401356,0.004113144970388169,0.0013006906452892437,10
3.815,0.00526263,32.86934455918252,0.7739885868663112,0.0032978367487890474,0.0010428675477577923,10
3.815,0.00526263,37.230213059262866,0.7769378477865786,0.003631097403002967,0.0011482538199411702,10
3.815,0.00526263,42.16965026310157,0.7802522498722806,0.0026935347555697917,0.0008517704784425448,10
3.815,0.00526263,47.7644165098289,0.7733214990415951,0.0037238644021850495,0.001177589320852606,10
3.815,0.00526263,54.10145614891841,0.7750513345618113,0.004043089060160085,0.0012785370213015406,10
3.815,0.00526263,61.27924868151651,0.7730525281786826,0.004732461271753487,0.0014965356557278089,10
3.815,0.00526263,69.40933916149723,0.7732490496685258,0.004990805125718858,0.0015782311555314584,10
3.815,0.00526263,78.61807163913367,0.7693503009367044,0.003655724434700295,0.001156041571158442,10
3.815,0.00526263,89.04855258562338,0.7682684547992189,0.0030518859860612173,0.0009650910875102333,10
3.815,0.00526263,100.86287481067406,0.7665224051382928,0.004432470371923998,0.0014016702036493485,10
3.815,0.00526263,114.24463643349699,0.7658493844247307,0.003653754411513519,0.0011554185951270864,10
3.815,0.00526263,129.40179405277735,0.7630851892404491,0.002587483448265239,0.0008182341104504609,10
3.815,0.00526263,146.56989445473684,0.7593436433272023,0.0027431621396625,0.0008674640352474414,10
3.815,0.00526263,166.015735081005,0.7577541696975637,0.00481582212182318,0.0015228966711186124,10
3.815,0.00526263,188.04151014107364,0.7555272232835206,0.005716693912858269,0.0018077773450652264,10
3.815,0.00526263,212.98950680116084,0.750150990001291,0.006097070989988597,0.0019280631384101642,10
3.815,0.00526263,241.2474244296814,0.7470933801670914,0.00826253994577359,0.002612844548676868,10
3.815,0.00526263,273.2543995619859,0.7469022800929819,0.008675833964486838,0.0027435395929226794,10
3.815,0.00526263,309.5078302141449,0.7458248103673408,0.006913405129782948,0.002186210659760609,10
3.815,0.00526263,350.57110559765135,0.7400310129655313,0.006776208346445805,0.002142825227461208,10
3.815,0.00526263,397.0823613571479,0.738959702470362,0.008117882966484519,0.0025670999952775407,10
3.815,0.00526263,449.7643963901872,0.7340411699109105,0.007967085792854208,0.002519413741938774,10
3.815,0.00526263,509.435905359406,0.7298571608623343,0.008713011763787139,0.0027552962453408357,10
3.815,0.00526263,577.0242014537112,0.725334844547802,0.010168134483967663,0.0032154464524238673,10
3.815,0.00526263,653.5796271140173,0.7193929625239945,0.012203518129824115,0.0038590912757402594,10
3.815,0.00526263,740.2918766705594,0.7155460530520503,0.014007556744744356,0.004429578376744598,10
3.815,0.00526263,838.508484550442,0.7103687254630445,0.012708624735904573,0.00401882000938143,10
3.815,0.00526263,949.7557663677679,0.7054464437836174,0.012700700019299757,0.004016313993953172,10
3.815,0.00526263,1075.7625383271368,0.7021103233843303,0.013090612162906823,0.004139615040068871,10
3.815,0.00526263,1218.4869835472275,0.6961992813091091,0.014383900489244664,0.004548588718322342,10
3.815,0.00526263,1380.1470828151496,0.691427723967214,0.01752766227545687,0.005542733484865331,10
3.815,0.00526263,1563.2550826747038,0.6849465116353615,0.018613759131028244,0.00588618746718058,10
3.815,0.00526263,1770.6565364929268,0.6787028074976177,0.020000056143704557,0.006324573074535027,10
3.815,0.00526263,2005.5745252149188,0.6765445260388688,0.018823491639078028,0.005952510709662271,10
3.815,0.00526263,2271.6597450107024,0.6705381272698128,0.018925099851149273,0.005984642047574527,10
3.815,0.00526263,2573.0472401912275,0.6631321901622576,0.02160387186793411,0.006831744138110815,10
3.815,0.00526263,2914.420663040149,0.6543302569616019,0.026000745388625374,0.008222157629017603,10
3.815,0.00526263,3301.0850591783556,0.6478018407302077,0.027792236549805466,0.008788676876756494,10
3.815,0.00526263,3739.0493095678657,0.6394186372374782,0.028919486988302257,0.009145144764663835,10
3.815,0.00526263,4235.119510328422,0.6310063679998902,0.030516289608384962,0.009650098089982422,10
3.815,0.00526263,4797.004741517419,0.6193480924488418,0.031622417398201035,0.009999886409885101,10
3.815,0.00526263,5433.436868551578,0.6100542399903393,0.032092215135550356,0.010148449498846843,10
3.815,0.00526263,6154.306238020712,0.5998782927424962,0.035540626926009795,0.011238933055649955,10
3.815,0.00526263,6970.8153766471205,0.590094654574343,0.035000871620990415,0.011068247441347939,10
3.815,0.00526263,7895.65308191872,0.5804127640114778,0.034473522949351736,0.010901485149003692,10
3.815,0.00526263,8943.191609816837,0.5679694934706696,0.03836220409895489,0.012131194101694488,10
3.815,0.00526263,10129.710023994874,0.5568544148896011,0.043308284907361376,0.013695282186275626,10
3.815,0.00526263,11473.647177321744,0.5388197876260427,0.047292491594642855,0.014955198966343994,10
3.815,0.00526263,12995.888257198701,0.5259522418906262,0.046408217969775754,0.01467556709340466,10
3.815,0.00526263,14720.089347650623,0.5104931096016728,0.04870360190287428,0.01540143122671935,10
3.815,0.00526263,16673.04505198347,0.4919598010657952,0.050434171767161765,0.015948685468839045,10
3.815,0.00526263,18885.10488897537,0.47375826449008124,0.05666779306629156,0.017919929606457836,10
3.815,0.00526263,21390.644933522388,0.4562852697674734,0.06411729334105148,0.02027566843628699,10
3.815,0.00526263,24228.602031177405,0.43614440901609414,0.06870202677588584,0.021725488448167362,10
3.815,0.00526263,27443.078888435826,0.4162521450804354,0.07781285468248433,0.024606585203634866,10
3.815,0.00526263,31084.029442053292,0.3944454938171087,0.07783652738734524,0.02461407117020861,10
3.815,0.00526263,35208.03515824129,0.37134556014092557,0.07975251972658053,0.025219961147350357,10
3.815,0.00526263,39879.18432566214,0.3475117124288539,0.08037565243886462,0.025417013012887967,10
3.815,0.00526263,45170.06800670274,0.3227635711807735,0.08101348946743589,0.025618714791515878,10
3.815,0.00526263,51162.90812440708,0.2918448999688503,0.08071977856142193,0.0255258352478523,10
3.815,0.00526263,57950.83521588002,0.265137241635289,0.07902409831882508,0.024989614072857012,10
3.815,0.00526263,65639.33570883177,0.24081327159132732,0.07271906926991306,0.022995788822048297,10
3.815,0.00526263,74347.89121237861,0.2145706219357054,0.06851982740817385,0.021667871949146118,10
3.815,0.00526263,84211.83529716822,0.19068819584666596,0.06467496588331739,0.020452019978496667,10
3.815,0.00526263,95384.45661975493,0.16673439068225307,0.06357310354233586,0.020103580511949996,10
3.815,0.00526263,108039.38107440669,0.14239023613896717,0.059990176388302764,0.01897055946222904,10
3.815,0.00526263,122373.26999169975,0.1154069386320542,0.052933312675868587,0.016738983215360694,10
3.815,0.00526263,138608.87631472124,0.09550415038543097,0.045974840553935956,0.01453852112135149,10
3.815,0.00526263,156998.50624677088,0.07719023034716271,0.041594285091385956,0.013153267853516448,10
3.815,0.00526263,177827.94016561517,0.06258573968726941,0.03604131575097787,0.011397264764239204,10
3.825,0.10321059,0.010000000000218279,0.999942084596916,0.0001,3.1622776601683795e-05,10
3.825,0.10321059,0.011351307054675233,0.999918666207145,0.0001,3.1622776601683795e-05,10
3.825,0.10321059,0.012885217184670714,0.9998920832738444,0.0001,3.1622776601683795e-05,10
3.825,0.10321059,0.014626405672618265,0.9998619081700136,0.0001,3.1622776601683795e-05,10
3.825,0.10321059,0.016602882189250948,0.9998276554831156,0.0001,3.1622776601683795e-05,10
3.825,0.10321059,0.018846441371867226,0.9997887742064737,0.0001,3.1622776601683795e-05,10
3.825,0.10321059,0.021393174289532996,0.9997285541593752,0.0001,3.1622776601683795e-05,10
3.825,0.10321059,0.024284049022937213,0.9996450785643531,0.0001,3.1622776601683795e-05,10
3.825,0.10321059,0.027565569698412937,0.9995503228532886,0.0001,3.1622776601683795e-05,10
3.825,0.10321059,0.03129052457769065,0.999427938679603,0.0001,3.1622776601683795e-05,10
3.825,0.10321059,0.035518835237547564,0.999257273936316,0.0001,3.1622776601683795e-05,10
3.825,0.10321059,0.040318520499702026,0.9990599077229273,0.0001,3.1622776601683795e-05,10
3.825,0.10321059,0.045766790617234585,0.9987777504280972,0.0001,3.1622776601683795e-05,10
3.825,0.10321059,0.051951289319191934,0.9984352152076317,0.0001,3.1622776601683795e-05,10
3.825,0.10321059,0.05897150369355452,0.9979916005657549,0.0001,3.1622776601683795e-05,10
3.825,0.10321059,0.06694036458868406,0.9974092527603735,0.0001,3.1622776601683795e-05,10
3.825,0.10321059,0.0759860632781475,0.9966681076462441,0.0001,3.1622776601683795e-05,10
3.825,0.10321059,0.08625411361274073,0.9957183203139808,0.00010455575948633986,3.306343424655906e-05,10
3.825,0.10321059,0.09790969283256912,0.9945025744382645,0.0001341516514194866,4.242247703585381e-05,10
3.825,0.10321059,0.11114029869471674,0.9929368521578134,0.0001712080437469463,5.414073719820989e-05,10
3.825,0.10321059,0.12615876566045128,0.9909134696071934,0.00021889138510659036,6.921953371258842e-05,10
3.825,0.10321059,0.14320668866193417,0.988358552091664,0.00027732808640246263,8.769884121677536e-05,10
3.825,0.10321059,0.16255830952494102,0.98509675501833,0.0003524447010907012,0.00011145280047038464,10
3.825,0.10321059,0.1845249285666265,0.9809278874688735,0.00044771132355100575,0.00014157875166697625,10
3.825,0.10321059,0.209459912335607,0.9756422746440613,0.0005665305798786638,0.00017915269965525362,10
3.825,0.10321059,0.23776437805149325,0.9689355804144923,0.000714583086616294,0.00022597101311408723,10
3.825,0.10321059,0.2698936461867474,0.9605816897424937,0.0008967276430845797,0.000283570179298181,10
3.825,0.10321059,0.3063645649904774,0.9500832788635207,0.001119679818116834,0.00035407384753722584,10
3.825,0.10321059,0.3477638247803005,0.937233625107399,0.001383968968022919,0.00043764941499451626,10
3.825,0.10321059,0.3947573957503299,0.921293877381691,0.0016963817628577462,0.0005364430151802104,10
3.825,0.10321059,0.4481012411168134,0.9020420497092043,0.002049057334041182,0.0006479688231842605,10
3.825,0.10321059,0.5086534779386983,0.8789152602734189,0.0024362929158093715,0.0007704234661290457,10
3.825,0.10321059,0.5773881812384607,0.8517145191316164,0.0028634659347357254,0.000905507435606795,10
3.825,0.10321059,0.6554110534835178,0.8202803641317414,0.0033249511381597307,0.0010514418705353942,10
3.825,0.10321059,0.7439772114957187,0.7846677424801749,0.0039071900790794275,0.0012355619901104396,10
3.825,0.10321059,0.8445113769184625,0.7453258756895399,0.004682113584133707,0.0014806143189476921,10
3.825,0.10321059,0.9586307950358789,0.7027948011765003,0.005732768452997411,0.0018128605609831752,10
3.825,0.10321059,1.088171250628218,0.6579138833155593,0.007100693910042625,0.0022454365723421454,10
3.825,0.10321059,1.2352165993681232,0.6117314339546377,0.008450582232091053,0.0026723087407957372,10
3.825,0.10321059,1.402132289815328,0.5651359390560915,0.00926719780372461,0.0029305452587079805,10
3.825,0.10321059,1.5916034152621248,0.5205232316499937,0.009858177894497742,0.003117429572573596,10
3.825,0.10321059,1.80667790755158,0.4804011457539351,0.01068159328740769,0.0033778163827773854,10
3.825,0.10321059,2.0508155677068496,0.44835375844450187,0.01148428694256754,0.0036316504041444746,10
3.825,0.10321059,2.3279437221040404,0.42888159071890525,0.011734951549426408,0.0037109175127909436,10
3.825,0.10321059,2.642520399502972,0.4254612241529154,0.011552574888323041,0.003653244948676616,10
3.825,0.10321059,2.9996060452346534,0.4385884933860157,0.011907516046139726,0.0037654871980804163,10
3.825,0.10321059,3.404944926177538,0.4651936257540566,0.010920123934501227,0.0034532463964343256,10
3.825,0.10321059,3.865057536045609,0.4992877321167983,0.00821965934330469,0.0025992845115526708,10
3.825,0.10321059,4.3873454874682505,0.5254319048741022,0.00620215802832775,0.0019612945777814804,10
3.825,0.10321059,4.980210578210885,0.5282609882299091,0.005199790715375082,0.0016443182016781578,10
3.825,0.10321059,5.653189946897943,0.5073531423006032,0.007136225282231888,0.0022566725787930685,10
3.825,0.10321059,6.417109492424104,0.4750855844548969,0.00951773118895941,0.003009770871433417,10
3.825,0.10321059,7.284258025038717,0.4555623068548639,0.007672080031621858,0.0024261247291021714,10
3.825,0.10321059,8.268584950589176,0.4487181247953219,0.009947029329790077,0.0031455268634634805,10
3.825,0.10321059,9.385924667975567,0.4419125316276113,0.009028860334037844,0.0028551763331108285,10
3.825,0.10321059,10.65425128959158,0.42422847941816955,0.00909150715161031,0.0028749869962798338,10
3.825,0.10321059,12.093967782318368,0.403825391047994,0.008680816854279242,0.002745115321030039,10
3.825,0.10321059,13.728234180344895,0.38380534571438435,0.009584743083327367,0.0030309618930859524,10
3.825,0.10321059,15.583340149618108,0.3659635016072447,0.007421894756278146,0.002347009198389922,10
3.825,0.10321059,17.689127897190275,0.34521209608692016,0.009668328382039282,0.003057393885369471,10
3.825,0.10321059,20.07947222860456,0.3197419731854345,0.010307489776012585,0.0032595144651098567,10
3.825,0.10321059,22.792825475773903,0.29966545427585645,0.00817824164880657,0.002586187086547963,10
3.825,0.10321059,25.872836061348632,0.2727077402658195,0.007084140653518685,0.002240201973011276,10
3.825,0.10321059,29.369050650123167,0.24898708630970293,0.008685375911451614,0.0027465570214948013,10
3.825,0.10321059,33.33771118265806,0.22041033251369563,0.006145722411626957,0.0019434480687884061,10
3.825,0.10321059,37.842659612617176,0.1939350752666078,0.006763603425737106,0.002138839201544677,10
3.825,0.10321059,42.95636490189982,0.17098188040766715,0.006975722413784963,0.0022059171152648033,10
3.825,0.10321059,48.76108879434957,0.14754438132583642,0.00798425737948654,0.002524843874418481,10
3.825,0.10321059,55.350209121286355,0.12361709364668794,0.007441505459331997,0.0023532106472066608,10
3.825,0.10321059,62.82972192624931,0.10122556842050874,0.005751886365622654,0.0018189061757835608,10
3.825,0.10321059,71.31994657291497,0.07880704115165063,0.00798717517983024,0.0025257665639028524,10
3.825,0.10321059,80.95746126545187,0.061311389827405124,0.00985316943203671,0.0031158457576783644,10
3.825,0.10321059,91.89730011710618,0.04969994303867871,0.008348371532497538,0.002639986879600262,10
3.825,0.10321059,104.31544711021446,0.03586775966927651,0.00538735679866966,0.0017036318051789302,10
3.825,0.10321059,118.41166706679324,0.025063123122434243,0.004601885934732759,0.0014552441086048483,10
3.825,0.10321059,134.41271917018034,0.01669748985731321,0.004632526695658169,0.0014649335679813467,10
3.825,0.10321059,152.57600473212457,0.01079102771330404,0.0045719495761547225,0.0014457774008090369,10
3.825,0.10321059,173.19370788521238,0.005337702441077983,0.004255787521723027,0.0013457981806368079,10
3.825,0.10321059,196.59749580998604,0.0033885512614335997,0.007999622134280768,0.002529702636502456,10
3.825,0.10321059,223.1638541070668,0.0005739660963473741,0.005634735989337593,0.001781859974002904,10
3.825,0.10321059,253.32014314187637,0.0009992206439182142,0.004894654468570367,0.0015478256480203404,10
3.825,0.10321059,287.5514727874956,0.0010296041974183735,0.0052533461998203685,0.0016612539328822401,10
3.825,0.10321059,326.40850615637055,-0.00026727026609703976,0.0051912939476630796,0.0016416312878062272,10
3.825,0.10321059,370.5163178557939,0.001336971152413417,0.001584289777110584,0.000500996416938994,10
3.825,0.10321059,420.58444926569615,-0.00044067572316381677,0.0028327914924925726,0.0008958073252624304,10
3.825,0.10321059,477.4183225932176,0.0012577009726696573,0.003338658355916931,0.00105577647338506,10
3.825,0.10321059,541.9321973165318,0.001688462278686239,0.0033127425715692607,0.001047581182796222,10
3.825,0.10321059,615.1638774420524,0.0004502798134995106,0.0022502028410504708,0.0007115766175101322,10
3.825,0.10321059,698.2914061636919,0.0005355234628232485,0.0029777657207356754,0.0009416522015897619,10
3.825,0.10321059,792.652016483199,-0.00019377052649241275,0.0033515664254183406,0.001059858363367081,10
3.825,0.10321059,899.7636426411872,0.0007531952814758654,0.0030573420356492785,0.000966816441882743,10
3.825,0.10321059,1021.3493384030259,-0.0010458014818408284,0.002237671224813093,0.0007076137725028059,10
3.825,0.10321059,1159.3649950049091,-0.0003129453109488691,0.002869821586085295,0.0009075172690346514,10
3.825,0.10321059,1316.0308046455484,-0.00032728822952434974,0.0030990852438294615,0.000980016803351938,10
3.825,0.10321059,1493.8669756616864,-0.00035303193114031493,0.0024084376457473716,0.0007616148563055438,10
3.825,0.10321059,1695.7342739204687,9.741682852912789e-05,0.001505472536727037,0.0004760722170888929,10
3.825,0.10321059,1924.8800425987847,0.000631113828881481,0.002024502206566336,0.0006402038100786314,10
3.825,0.10321059,2184.990440647822,-1.710299041388382e-05,0.0015175337856724964,0.0004798863188982884,10
3.825,0.10321059,2480.2497402782196,0.0008414192621067174,0.0015453292981288803,0.0004886760317076639,10
3.825,0.10321059,2815.4076373562034,2.069966541748845e-05,0.0023925642922077604,0.000756595261176517,10
3.825,0.10321059,3195.8556575010366,-0.0007250391581388405,0.0015194867635322936,0.00048050390472397246,10
3.825,0.10321059,3627.7138869923433,-0.001030507384466778,0.002168976438412269,0.0006858905736622695,10
3.825,0.10321059,4117.929423686066,-0.00028397290433651156,0.0013939397528213572,0.00044080245399676104,10
3.825,0.10321059,4674.388131672206,0.00010586377740748835,0.0019974896324963906,0.0006316616841261282,10
3.825,0.10321059,5306.041497418272,0.00013169190557349065,0.0009500768566368015,0.00030044068191855533,10
3.825,0.10321059,6023.050628072877,-0.0002462161702026599,0.0017565223166928349,0.0005554611281664959,10
3.825,0.10321059,6836.949708361742,3.9414866190772936e-05,0.0013918097040622754,0.00044012887343616966,10
3.825,0.10321059,7760.831545529242,0.0004734950116938444,0.001153683850545634,0.00036482686674774937,10
3.825,0.10321059,8809.558187098928,-0.00011123145678129122,0.0018969101275192824,0.0005998556519601378,10
3.825,0.10321059,9999.99999956053,0.00018557090117403535,0.0012801973030213373,0.00040483393319521837,10
3.825,0.06529403,0.010000000000218279,0.9999646916510117,0.0001,3.1622776601683795e-05,10
3.825,0.06529403,0.011351307054675233,0.9999503830497496,0.0001,3.1622776601683795e-05,10
3.825,0.06529403,0.012885217184670714,0.9999341409171052,0.0001,3.1622776601683795e-05,10
3.825,0.06529403,0.014626405672618265,0.999915703973619,0.0001,3.1622776601683795e-05,10
3.825,0.06529403,0.016602882189250948,0.9998947756329528,0.0001,3.1622776601683795e-05,10
3.825,0.06529403,0.018846441371867226,0.9998710192308492,0.0001,3.1622776601683795e-05,10
3.825,0.06529403,0.021393174289532996,0.9998342519681019,0.0001,3.1622776601683795e-05,10
3.825,0.06529403,0.024284049022937213,0.9997833047294991,0.0001,3.1622776601683795e-05,10
3.825,0.06529403,0.027565569698412937,0.9997254729546035,0.0001,3.1622776601683795e-05,10
3.825,0.06529403,0.03129052457769065,0.9996508029814886,0.0001,3.1622776601683795e-05,10
3.825,0.06529403,0.035518835237547564,0.9995467211293635,0.0001,3.1622776601683795e-05,10
3.825,0.06529403,0.040318520499702026,0.9994263438811732,0.0001,3.1622776601683795e-05,10
3.825,0.06529403,0.045766790617234585,0.9992540754741077,0.0001,3.1622776601683795e-05,10
3.825,0.06529403,0.051951289319191934,0.9990448558610006,0.0001,3.1622776601683795e-05,10
3.825,0.06529403,0.05897150369355452,0.9987736944609502,0.0001,3.1622776601683795e-05,10
3.825,0.06529403,0.06694036458868406,0.9984179656300387,0.0001,3.1622776601683795e-05,10
3.825,0.06529403,0.0759860632781475,0.9979647720786152,0.0001,3.1622776601683795e-05,10
3.825,0.06529403,0.08625411361274073,0.9973836494551376,0.0001,3.1622776601683795e-05,10
3.825,0.06529403,0.09790969283256912,0.9966392995660227,0.0001,3.1622776601683795e-05,10
3.825,0.06529403,0.11114029869471674,0.9956784559552041,0.0001,3.1622776601683795e-05,10
3.825,0.06529403,0.12615876566045128,0.9944345794850522,0.0001,3.1622776601683795e-05,10
3.825,0.06529403,0.14320668866193417,0.9928608614787793,0.00012034717549279719,3.80571184525236e-05,10
3.825,0.06529403,0.16255830952494102,0.9908469944156189,0.00015688924537553175,4.9612735577171926e-05,10
3.825,0.06529403,0.1845249285666265,0.9882654534842692,0.00020604178013748983,6.51561318390109e-05,10
3.825,0.06529403,0.209459912335607,0.9849776688153347,0.00026919501215738134,8.512693731740422e-05,10
3.825,0.06529403,0.23776437805149325,0.9807819925010947,0.0003537159530850522,0.0001118548056486027,10
3.825,0.06529403,0.2698936461867474,0.9755249928573841,0.00046586161060450704,0.00014731837639446932,10
3.825,0.06529403,0.3063645649904774,0.9688602320166204,0.0006159195453867942,0.00019477086188377234,10
3.825,0.06529403,0.3477638247803005,0.9606346086402816,0.0008042735161693441,0.0002543336172847389,10
3.825,0.06529403,0.3947573957503299,0.950289632583211,0.0010447673409650115,0.00033038444224071754,10
3.825,0.06529403,0.4481012411168134,0.9376129805692741,0.0013300386258725408,0.0004205951433757785,10
3.825,0.06529403,0.5086534779386983,0.9220861483636339,0.0016656854922217981,0.0005267360020919563,10
3.825,0.06529403,0.5773881812384607,0.903413014548635,0.0020485318627496262,0.0006478026545716259,10
3.825,0.06529403,0.6554110534835178,0.881286653011079,0.0024758549040580593,0.0007829340652921126,10
3.825,0.06529403,0.7439772114957187,0.8554751499174745,0.0029441840467648115,0.0009310327438508498,10
3.825,0.06529403,0.8445113769184625,0.8258385127385777,0.003480276421241176,0.0011005600378101727,10
3.825,0.06529403,0.9586307950358789,0.7923653721840187,0.004115207275179196,0.001301342803326156,10
3.825,0.06529403,1.088171250628218,0.755245688507503,0.004770597646801306,0.001508595436413161,10
3.825,0.06529403,1.2352165993681232,0.7148944793168137,0.005199515332982469,0.0016442311181193413,10
3.825,0.06529403,1.402132289815328,0.6716955158600848,0.005253366570663587,0.0016612603747084831,10
3.825,0.06529403,1.5916034152621248,0.626815853071777,0.005107540404058419,0.0016151460918161316,10
3.825,0.06529403,1.80667790755158,0.5820749496561075,0.0052409649047678005,0.0016573386236073712,10
3.825,0.06529403,2.0508155677068496,0.5406195278621186,0.005843179197502112,0.0018477755040621528,10
3.825,0.06529403,2.3279437221040404,0.5069027858293682,0.006458690176625447,0.0020424171659491615,10
3.825,0.06529403,2.642520399502972,0.4855324987921296,0.0072106352812776695,0.0022802030865606312,10
3.825,0.06529403,2.9996060452346534,0.47902808654035034,0.008036768978484732,0.0025414495000596516,10
3.825,0.06529403,3.404944926177538,0.4890397043543083,0.007769425004480248,0.0024569079124021494,10
3.825,0.06529403,3.865057536045609,0.5160328074812728,0.007269053193499945,0.002298676452438049,10
3.825,0.06529403,4.3873454874682505,0.5534862353194342,0.007256926974731144,0.0022948418053665596,10
3.825,0.06529403,4.980210578210885,0.5886669669631769,0.008568251915606308,0.002709519161941675,10
3.825,0.06529403,5.653189946897943,0.6026970559326688,0.008850539214132116,0.002798786243729419,10
3.825,0.06529403,6.417109492424104,0.5841652054740198,0.006924597740723931,0.0021897500741143716,10
3.825,0.06529403,7.284258025038717,0.5508803973492421,0.004720002430886588,0.00149259582431331,10
3.825,0.06529403,8.268584950589176,0.5238966625229484,0.004790410327702196,0.001514860756233254,10
3.825,0.06529403,9.385924667975567,0.516387940495511,0.007467866860173721,0.0023615468541039134,10
3.825,0.06529403,10.65425128959158,0.5136788113397879,0.008703362348896078,0.002752244832426466,10
3.825,0.06529403,12.093967782318368,0.49444658738830805,0.00571787600558922,0.0018081511556087598,10
3.825,0.06529403,13.728234180344895,0.47505446724792,0.007822996097501126,0.002473848579471222,10
3.825,0.06529403,15.583340149618108,0.45953647116223395,0.008549756388757095,0.0027036703628048435,10
3.825,0.06529403,17.689127897190275,0.43579472216158155,0.0057959529328409625,0.0018328412478910373,10
3.825,0.06529403,20.07947222860456,0.4170597134315936,0.006265390420642922,0.001981290415943208,10
3.825,0.06529403,22.792825475773903,0.39568446541857394,0.007989520448500514,0.0025265082029751625,10
3.825,0.06529403,25.872836061348632,0.37351560237354486,0.006948544796102541,0.002197322797939431,10
3.825,0.06529403,29.369050650123167,0.34783720376223876,0.00917102517939001,0.002900132804562673,10
3.825,0.06529403,33.33771118265806,0.3224394850650255,0.009246696618422886,0.002924062214679319,10
3.825,0.06529403,37.842659612617176,0.29862519319207087,0.006889050152198348,0.002178508939607641,10
3.825,0.06529403,42.95636490189982,0.2706715290443856,0.010229638749573007,0.003234895808936751,10
3.825,0.06529403,48.76108879434957,0.24584471955208106,0.007381889874891295,0.0023343585441191893,10
3.825,0.06529403,55.350209121286355,0.21828065704985194,0.011143048663884774,0.003523741385597193,10
3.825,0.06529403,62.82972192624931,0.19378859536257007,0.010938290871784452,0.0034589912864267675,10
3.825,0.06529403,71.31994657291497,0.16486521755935576,0.014317388549706699,0.004527555796268804,10
3.825,0.06529403,80.95746126545187,0.14140982342049666,0.01102453862528869,0.0034862652208413835,10
3.825,0.06529403,91.89730011710618,0.11799354096202655,0.009438321067805315,0.002984659186221731,10
3.825,0.06529403,104.31544711021446,0.09575014698266024,0.008212122872418869,0.002596901270200797,10
3.825,0.06529403,118.41166706679324,0.07416423044785588,0.005634184587966243,0.0017816856055790633,10
3.825,0.06529403,134.41271917018034,0.05476549092929876,0.007018724975042927,0.002219515719144411,10
3.825,0.06529403,152.57600473212457,0.04041352797177965,0.008336993346464747,0.0026363887812497883,10
3.825,0.06529403,173.19370788521238,0.027623677151625763,0.009107260783436233,0.002879968732078797,10
3.825,0.06529403,196.59749580998604,0.018751954375079077,0.005162947484932847,0.001632667349222566,10
3.825,0.06529403,223.1638541070668,0.012546701277511379,0.00792131985586386,0.002504941281924649,10
3.825,0.06529403,253.32014314187637,0.009731678524779831,0.005075483081469221,0.0016050086763092681,10
3.825,0.06529403,287.5514727874956,0.0072549823555209045,0.005466913950516837,0.0017287899855782253,10
3.825,0.06529403,326.40850615637055,0.00363990073820076,0.004704704921539419,0.0014877583271068332,10
3.825,0.06529403,370.5163178557939,0.0013573254018213262,0.004538012527282501,0.00143504556365897,10
3.825,0.06529403,420.58444926569615,0.0004487844318579764,0.0034333225707382144,0.0010857119265597324,10
3.825,0.06529403,477.4183225932176,-0.00031690452708697884,0.0029757028854883014,0.000940999875807824,10
3.825,0.06529403,541.9321973165318,0.0011869087241416574,0.0018471903017835648,0.0005841328625409854,10
3.825,0.06529403,615.1638774420524,7.284827780597614e-05,0.0041519984299842935,0.0013129771880193515,10
3.825,0.06529403,698.2914061636919,-0.0007103876651684103,0.003982579896456686,0.0012594023436400673,10
3.825,0.06529403,792.652016483199,0.0010321799204242575,0.00555176276643918,0.001755621537086522,10
3.825,0.06529403,899.7636426411872,-0.0012938824494386086,0.0042540548837693625,0.0013452502724074047,10
3.825,0.06529403,1021.3493384030259,0.0017837736307629681,0.0022003202762715347,0.000695802365486899,10
3.825,0.06529403,1159.3649950049091,0.0010553730907066103,0.002880907915133586,0.0009110230741029199,10
3.825,0.06529403,1316.0308046455484,0.0010031215929226871,0.0033366539245812846,0.0010551426165416543,10
3.825,0.06529403,1493.8669756616864,1.6588576655324987e-05,0.0026721717158578622,0.0008450148921191124,10
3.825,0.06529403,1695.7342739204687,-0.0004078289075194976,0.0015251084372963197,0.00048228163405964586,10
3.825,0.06529403,1924.8800425987847,-0.0013835519169171327,0.0024672268035111173,0.0007802056203311845,10
3.825,0.06529403,2184.990440647822,-0.0008861696989419075,0.0023175706018551427,0.0007328801740109503,10
3.825,0.06529403,2480.2497402782196,-0.0010253554783152153,0.002627438854052646,0.0008308691191629088,10
3.825,0.06529403,2815.4076373562034,0.001036750156682985,0.002618385565690784,0.0008280062180091311,10
3.825,0.06529403,3195.8556575010366,0.0002866655906800387,0.00228101855519823,0.0007213214019532915,10
3.825,0.06529403,3627.7138869923433,0.00017858719891469967,0.001979355990353017,0.0006259273229813803,10
3.825,0.06529403,4117.929423686066,-0.0006187298762148652,0.0019445651493800362,0.0006149254930626476,10
3.825,0.06529403,4674.388131672206,-0.0007125151973442028,0.0015187066503156278,0.00048025721126422605,10
3.825,0.06529403,5306.041497418272,0.0005738477703584241,0.001212834284376127,0.0003835318762968929,10
3.825,0.06529403,6023.050628072877,-0.00019777154523770453,0.00205177997085419,0.0006488297965413133,10
3.825,0.06529403,6836.949708361742,-0.0006470996890565578,0.001644260984350851,0.0005199609778299165,10
3.825,0.06529403,7760.831545529242,-0.0004760445855546493,0.0015956146541703134,0.0005045776575120076,10
3.825,0.06529403,8809.558187098928,-0.0004928631056403341,0.0018517614813791077,0.0005855783964525456,10
3.825,0.06529403,9999.99999956053,0.0003206114296948109,0.0011697963626697344,0.00036992209046167283,10
3.825,0.04506436,0.010000000000218279,0.9999761117535119,0.0001,3.1622776601683795e-05,10
3.825,0.04506436,0.011351307054675233,0.9999664261619733,0.0001,3.1622776601683795e-05,10
3.825,0.04506436,0.012885217184670714,0.999955431749617,0.0001,3.1622776601683795e-05,10
3.825,0.04506436,0.014626405672618265,0.9999429516545636,0.0001,3.1622776601683795e-05,10
3.825,0.04506436,0.016602882189250948,0.9999287851154615,0.0001,3.1622776601683795e-05,10
3.825,0.04506436,0.018846441371867226,0.9999127042419366,0.0001,3.1622776601683795e-05,10
3.825,0.04506436,0.021393174289532996,0.9998878557953923,0.0001,3.1622776601683795e-05,10
3.825,0.04506436,0.024284049022937213,0.999853451362371,0.0001,3.1622776601683795e-05,10
3.825,0.04506436,0.027565569698412937,0.9998143978340458,0.0001,3.1622776601683795e-05,10
3.825,0.04506436,0.03129052457769065,0.9997639271232334,0.0001,3.1622776601683795e-05,10
3.825,0.04506436,0.035518835237547564,0.999693489022874,0.0001,3.1622776601683795e-05,10
3.825,0.04506436,0.040318520499702026,0.9996120299881843,0.0001,3.1622776601683795e-05,10
3.825,0.04506436,0.045766790617234585,0.9994955673729404,0.0001,3.1622776601683795e-05,10
3.825,0.04506436,0.051951289319191934,0.999354135915611,0.0001,3.1622776601683795e-05,10
3.825,0.04506436,0.05897150369355452,0.9991708600503324,0.0001,3.1622776601683795e-05,10
3.825,0.04506436,0.06694036458868406,0.9989300307374499,0.0001,3.1622776601683795e-05,10
3.825,0.04506436,0.0759860632781475,0.998623116249507,0.0001,3.1622776601683795e-05,10
3.825,0.04506436,0.08625411361274073,0.9982292941400235,0.0001,3.1622776601683795e-05,10
3.825,0.04506436,0.09790969283256912,0.9977242523338286,0.0001,3.1622776601683795e-05,10
3.825,0.04506436,0.11114029869471674,0.9970719817012064,0.0001,3.1622776601683795e-05,10
3.825,0.04506436,0.12615876566045128,0.9962258933518114,0.0001,3.1622776601683795e-05,10
3.825,0.04506436,0.14320668866193417,0.9951543006619665,0.0001,3.1622776601683795e-05,10
3.825,0.04506436,0.16255830952494102,0.99378034487848,0.00010246138110631939,3.240113365025122e-05,10
3.825,0.04506436,0.1845249285666265,0.9920138237756422,0.00013106102096758403,4.144513387246505e-05,10
3.825,0.04506436,0.209459912335607,0.9897587645984475,0.0001669489988545443,5.279390894652018e-05,10
3.825,0.04506436,0.23776437805149325,0.9868700528813514,0.000212439383347845,6.717923161008367e-05,10
3.825,0.04506436,0.2698936461867474,0.9832346245270456,0.00026875909254535596,8.498908743233051e-05,10
3.825,0.04506436,0.3063645649904774,0.9786001152525419,0.0003389698588754955,0.00010719168121924076,10
3.825,0.04506436,0.3477638247803005,0.9728503521209694,0.00042505844791899174,0.0001344152834120072,10
3.825,0.04506436,0.3947573957503299,0.9655533211487566,0.000532358478248225,0.0001683465322965596,10
3.825,0.04506436,0.4481012411168134,0.9565333701752887,0.0006624219722899529,0.00020947622045771951,10
3.825,0.04506436,0.5086534779386983,0.9453443909283692,0.0008219048990393094,0.00025990915010149553,10
3.825,0.04506436,0.5773881812384607,0.9316965889936906,0.0010097544518604886,0.000319312394537399,10
3.825,0.04506436,0.6554110534835178,0.915249019221281,0.0012452111115101587,0.00039377032801220116,10
3.825,0.04506436,0.7439772114957187,0.8956741517719765,0.0015489021320440211,0.0004898058609949981,10
3.825,0.04506436,0.8445113769184625,0.8726409026638402,0.0019159153525353818,0.0006058656318096262,10
3.825,0.04506436,0.9586307950358789,0.8459709379415653,0.002327809335581544,0.0007361179459040914,10
3.825,0.04506436,1.088171250628218,0.8154781111337497,0.0027588622594134906,0.0008724288490424942,10
3.825,0.04506436,1.2352165993681232,0.781074263445722,0.0031898305936603893,0.0010087130026053888,10
3.825,0.04506436,1.402132289815328,0.7428247664818919,0.0036433229027747114,0.0011521198624224282,10
3.825,0.04506436,1.5916034152621248,0.7014951156517135,0.004320900439275809,0.0013663886930933627,10
3.825,0.04506436,1.80667790755158,0.6583776589272335,0.005335779116724051,0.0016873215100409434,10
3.825,0.04506436,2.0508155677068496,0.6158335850300684,0.006800908988923605,0.0021506362564511433,10
3.825,0.04506436,2.3279437221040404,0.5774521787080461,0.008242623648820092,0.002606546462583935,10
3.825,0.04506436,2.642520399502972,0.5464581782543793,0.008901183102008435,0.002814801247254955,10
3.825,0.04506436,2.9996060452346534,0.5255848248754815,0.008742101903309919,0.002764495355175242,10
3.825,0.04506436,3.404944926177538,0.5185270394415525,0.008429497101437422,0.0026656410370329664,10
3.825,0.04506436,3.865057536045609,0.5294063637465531,0.008177044764954414,0.0025858085986412136,10
3.825,0.04506436,4.3873454874682505,0.5591004561389805,0.007549063120502983,0.0023872233661167575,10
3.825,0.04506436,4.980210578210885,0.6004135240962414,0.00699375633502938,0.0022116199418924488,10
3.825,0.04506436,5.653189946897943,0.6368464295074031,0.008172672339796056,0.0025844259164013107,10
3.825,0.04506436,6.417109492424104,0.6474304999664181,0.0078706376268399,0.002488914153863648,10
3.825,0.04506436,7.284258025038717,0.6291059667285921,0.007730493303266957,0.0024445966275002356,10
3.825,0.04506436,8.268584950589176,0.5968902573753196,0.008145473347722743,0.002575824839900057,10
3.825,0.04506436,9.385924667975567,0.5743869888065058,0.007622169204823373,0.002410341539843633,10
3.825,0.04506436,10.65425128959158,0.5713004711035298,0.00986631914211302,0.0031200040611195647,10
3.825,0.04506436,12.093967782318368,0.5680606798439612,0.010724031864018905,0.0033912366390520844,10
3.825,0.04506436,13.728234180344895,0.5462778336460516,0.00924696311663336,0.0029241464888130645,10
3.825,0.04506436,15.583340149618108,0.529578572843764,0.0068605421189325754,0.0021694939079344717,10
3.825,0.04506436,17.689127897190275,0.5251438803380438,0.00791712098665354,0.0025036134828944727,10
3.825,0.04506436,20.07947222860456,0.500826599269671,0.008836915821085794,0.0027944781485808117,10
3.825,0.04506436,22.792825475773903,0.4854380995940307,0.007406655240901566,0.0023421900404872065,10
3.825,0.04506436,25.872836061348632,0.4660618630554131,0.0070639264976344275,0.002233809695654081,10
3.825,0.04506436,29.369050650123167,0.4450891642754975,0.00917693194971083,0.0029020006893456006,10
3.825,0.04506436,33.33771118265806,0.42329204179825713,0.009724273154769321,0.003075085175870211,10
3.825,0.04506436,37.842659612617176,0.398804233707969,0.008931849079006437,0.002824498680653757,10
3.825,0.04506436,42.95636490189982,0.37597304180966123,0.010070699435145032,0.0031846347846029447,10
3.825,0.04506436,48.76108879434957,0.35164806691853123,0.01073681069948194,0.0033952776616428568,10
3.825,0.04506436,55.350209121286355,0.3196820430448315,0.012545735768272148,0.003967309995038239,10
3.825,0.04506436,62.82972192624931,0.2941404769436248,0.012056800792766945,0.0038126951800067314,10
3.825,0.04506436,71.31994657291497,0.2681832892526704,0.012241514211486384,0.003871106691761712,10
3.825,0.04506436,80.95746126545187,0.2401130200738299,0.012086749371168925,0.0038221657520501693,10
3.825,0.04506436,91.89730011710618,0.2125576165504718,0.009190920243603906,0.002906424176273795,10
3.825,0.04506436,104.31544711021446,0.18481327828878652,0.009240372940340273,0.002922062492086244,10
3.825,0.04506436,118.41166706679324,0.15529244898727784,0.00972948192631663,0.0030767323340603085,10
3.825,0.04506436,134.41271917018034,0.12882899748645746,0.00790995922186269,0.0025013487340139243,10
3.825,0.04506436,152.57600473212457,0.10508970509559071,0.006397119809993545,0.0020229469064563174,10
3.825,0.04506436,173.19370788521238,0.08225653396423245,0.007330044061142426,0.0023179634582600594,10
3.825,0.04506436,196.59749580998604,0.06289908304513553,0.010076191702288153,0.0031863715919719818,10
3.825,0.04506436,223.1638541070668,0.045311345652795716,0.007372021476621228,0.002331237882580082,10
3.825,0.04506436,253.32014314187637,0.03347253453930962,0.007193134985362414,0.0022746690070787165,10
3.825,0.04506436,287.5514727874956,0.02271783674294148,0.00876729062728052,0.0027724607290852805,10
3.825,0.04506436,326.40850615637055,0.012471738944674834,0.007291947278740598,0.0023059161978687,10
3.825,0.04506436,370.5163178557939,0.0069923860503258274,0.004612894629759145,0.001458725363639803,10
3.825,0.04506436,420.58444926569615,0.004142636502629139,0.0026365662988346054,0.0008337554706357499,10
3.825,0.04506436,477.4183225932176,0.0007473011464735615,0.002788132606466406,0.0008816849455015751,10
3.825,0.04506436,541.9321973165318,-0.0010680219161835133,0.003239182295488133,0.0010243193810235052,10
3.825,0.04506436,615.1638774420524,-0.003081656761551795,0.0036209054381406347,0.0011450308376614326,10
3.825,0.04506436,698.2914061636919,-0.0010793344197951638,0.0034806877120178745,0.0011006900993736713,10
3.825,0.04506436,792.652016483199,-0.0011388967554119933,0.003981879286632625,0.0012591807913605554,10
3.825,0.04506436,899.7636426411872,-0.00015472727577047737,0.004043948818820611,0.0012788089008620722,10
3.825,0.04506436,1021.3493384030259,0.0003538007274461266,0.0032127644130024936,0.0010159653130621762,10
3.825,0.04506436,1159.3649950049091,-1.8424113650010367e-05,0.0034623054054409887,0.0010948771036306262,10
3.825,0.04506436,1316.0308046455484,0.0014337843599225564,0.0028954678425691144,0.0009156273274292244,10
3.825,0.04506436,1493.8669756616864,0.0009521811248024839,0.002781717357197561,0.0008796562655568471,10
3.825,0.04506436,1695.7342739204687,-0.0005637206235254865,0.0022345715096110602,0.0007066335564891787,10
3.825,0.04506436,1924.8800425987847,-9.015655237869148e-06,0.0030534200572407827,0.0009655762034122581,10
3.825,0.04506436,2184.990440647822,-0.0009429474268899781,0.002522185960401785,0.0007975852317368893,10
3.825,0.04506436,2480.2497402782196,-0.00026546087645816627,0.0027363658185524677,0.0008653148498056829,10
3.825,0.04506436,2815.4076373562034,0.00020605388078346254,0.003385355572820105,0.0010705434299655545,10
3.825,0.04506436,3195.8556575010366,0.0005532915511212097,0.0018452007386741613,0.0005835037074435491,10
3.825,0.04506436,3627.7138869923433,-0.0008616711021135371,0.0017709075140663565,0.0005600101269956359,10
3.825,0.04506436,4117.929423686066,0.00028420337860082356,0.0018691187142948745,0.0005910672354417324,10
3.825,0.04506436,4674.388131672206,0.00045223830542790306,0.0019770949432577276,0.0006252123171095781,10
3.825,0.04506436,5306.041497418272,-0.0001113621116955471,0.0021220402015200827,0.0006710480323246163,10
3.825,0.04506436,6023.050628072877,-0.0001069061676240299,0.001664245076531862,0.0005262805026561921,10
3.825,0.04506436,6836.949708361742,-0.0002391521104614996,0.0015155569613705437,0.00047926119216547416,10
3.825,0.04506436,7760.831545529242,3.2952604541973493e-06,0.0025331437117665167,0.0008010503769715264,10
3.825,0.04506436,8809.558187098928,0.00030869296797785407,0.0014414882228575947,0.00045583860045383896,10
3.825,0.04506436,9999.99999956053,-0.0002564823389743017,0.0014319993593500658,0.0004528379583448144,10
3.825,0.02759231,0.010000000000218279,0.9999854276330282,0.0001,3.1622776601683795e-05,10
3.825,0.02759231,0.011351307054675233,0.9999795399361847,0.0001,3.1622776601683795e-05,10
3.825,0.02759231,0.012885217184670714,0.9999728566307132,0.0001,3.1622776601683795e-05,10
3.825,0.02759231,0.014626405672618265,0.9999652702054588,0.0001,3.1622776601683795e-05,10
3.825,0.02759231,0.016602882189250948,0.999956658621208,0.0001,3.1622776601683795e-05,10
3.825,0.02759231,0.018846441371867226,0.999946883347502,0.0001,3.1622776601683795e-05,10
3.825,0.02759231,0.021393174289532996,0.99993174438379,0.0001,3.1622776601683795e-05,10
3.825,0.02759231,0.024284049022937213,0.9999107599137774,0.0001,3.1622776601683795e-05,10
3.825,0.02759231,0.027565569698412937,0.999886939797529,0.0001,3.1622776601683795e-05,10
3.825,0.02759231,0.03129052457769065,0.9998561483078839,0.0001,3.1622776601683795e-05,10
3.825,0.02759231,0.035518835237547564,0.999813160630177,0.0001,3.1622776601683795e-05,10
3.825,0.02759231,0.040318520499702026,0.9997634467068206,0.0001,3.1622776601683795e-05,10
3.825,0.02759231,0.045766790617234585,0.9996923659638444,0.0001,3.1622776601683795e-05,10
3.825,0.02759231,0.051951289319191934,0.9996060214480897,0.0001,3.1622776601683795e-05,10
3.825,0.02759231,0.05897150369355452,0.9994940743108284,0.0001,3.1622776601683795e-05,10
3.825,0.02759231,0.06694036458868406,0.9993470335387269,0.0001,3.1622776601683795e-05,10
3.825,0.02759231,0.0759860632781475,0.9991596542790802,0.0001,3.1622776601683795e-05,10
3.825,0.02759231,0.08625411361274073,0.998919192717047,0.0001,3.1622776601683795e-05,10
3.825,0.02759231,0.09790969283256912,0.9986106412887195,0.0001,3.1622776601683795e-05,10
3.825,0.02759231,0.11114029869471674,0.9982120415129803,0.0001,3.1622776601683795e-05,10
3.825,0.02759231,0.12615876566045128,0.9976947616813717,0.0001,3.1622776601683795e-05,10
3.825,0.02759231,0.14320668866193417,0.9970394252647926,0.0001,3.1622776601683795e-05,10
3.825,0.02759231,0.16255830952494102,0.9961984122015771,0.00010440994945847095,3.3017325067183226e-05,10
3.825,0.02759231,0.1845249285666265,0.9951156399834498,0.0001348267463160951,4.263596078685769e-05,10
3.825,0.02759231,0.209459912335607,0.9937311765993326,0.00017342191130149427,5.484082358924175e-05,10
3.825,0.02759231,0.23776437805149325,0.9919542698577825,0.000224483540534074,7.098792853064051e-05,10
3.825,0.02759231,0.2698936461867474,0.9897132695741296,0.0002890382201549531,9.14019106530838e-05,10
3.825,0.02759231,0.3063645649904774,0.9868486887651094,0.00037359738287989384,0.00011814186577784608,10
3.825,0.02759231,0.3477638247803005,0.9832824450384132,0.0004822696512004642,0.00015250705441684245,10
3.825,0.02759231,0.3947573957503299,0.9787301968374258,0.0006212848224192316,0.00019646751145380146,10
3.825,0.02759231,0.4481012411168134,0.9730669485606136,0.0007948797984121143,0.00025136306290377735,10
3.825,0.02759231,0.5086534779386983,0.965977369933819,0.0010093907844701097,0.00031919739281096633,10
3.825,0.02759231,0.5773881812384607,0.9572312239098222,0.0012666811868587132,0.0004005597619758877,10
3.825,0.02759231,0.6554110534835178,0.9465425515250179,0.0015716821245761968,0.0004970095271433283,10
3.825,0.02759231,0.7439772114957187,0.9336100156144331,0.0019222318402273085,0.000607863080601517,10
3.825,0.02759231,0.8445113769184625,0.9180665900773561,0.002307625270577838,0.0007297351841188309,10
3.825,0.02759231,0.9586307950358789,0.899618712396417,0.0027176192389647387,0.0008593866608221986,10
3.825,0.02759231,1.088171250628218,0.8778851419144533,0.0031379951132913743,0.0009923211844478856,10
3.825,0.02759231,1.2352165993681232,0.8524489844614134,0.0035450580977367326,0.001121045802647188,10
3.825,0.02759231,1.402132289815328,0.8229554127611646,0.003960117653183496,0.00125229915863006,10
3.825,0.02759231,1.5916034152621248,0.7892369514339939,0.004443227700569,0.0014050719696550665,10
3.825,0.02759231,1.80667790755158,0.751898372256105,0.005036109343656976,0.0015925576071611693,10
3.825,0.02759231,2.0508155677068496,0.7122757428900847,0.005730078064779017,0.0018120097855271542,10
3.825,0.02759231,2.3279437221040404,0.6727951413206428,0.006479205840782334,0.0020489047885938454,10
3.825,0.02759231,2.642520399502972,0.6361302844314248,0.007082612532962436,0.0022397187388615686,10
3.825,0.02759231,2.9996060452346534,0.6043629850479839,0.007380778035718613,0.002334006949701442,10
3.825,0.02759231,3.404944926177538,0.5814570462531421,0.007147291099120638,0.0022601718973469494,10
3.825,0.02759231,3.865057536045609,0.5728123874315856,0.00643801753116387,0.002035879901457189,10
3.825,0.02759231,4.3873454874682505,0.5811384615778785,0.006356389863294188,0.002010066966401595,10
3.825,0.02759231,4.980210578210885,0.6061347204237932,0.006828636687079617,0.0021594045244958085,10
3.825,0.02759231,5.653189946897943,0.646552798908228,0.005469758799877595,0.0017296896059362321,10
3.825,0.02759231,6.417109492424104,0.6879327937416142,0.005458867747773367,0.0017262455528597393,10
3.825,0.02759231,7.284258025038717,0.7101833461418459,0.005861089203459714,0.0018534391452354735,10
3.825,0.02759231,8.268584950589176,0.6996706430811221,0.006931607424930919,0.002191966730891631,10
3.825,0.02759231,9.385924667975567,0.664497837880708,0.007607545864655561,0.0024057172336506617,10
3.825,0.02759231,10.65425128959158,0.6353064165822611,0.00673213618187055,0.002128888385314049,10
3.825,0.02759231,12.093967782318368,0.6335835273651127,0.007260772060033428,0.002296057728101845,10
3.825,0.02759231,13.728234180344895,0.642308663648981,0.007478686027552952,0.00236496817523441,10
3.825,0.02759231,15.583340149618108,0.6260463811598644,0.008947721775235715,0.002829518067923005,10
3.825,0.02759231,17.689127897190275,0.6039535800957022,0.007815962137917942,0.002471624246145979,10
3.825,0.02759231,20.07947222860456,0.6066014073463071,0.008670832603135446,0.0027419580235954854,10
3.825,0.02759231,22.792825475773903,0.5926675396172028,0.004564169502884803,0.001443317125619443,10
3.825,0.02759231,25.872836061348632,0.576494944042562,0.006715637307662566,0.0021236709831814653,10
3.825,0.02759231,29.369050650123167,0.5635464117253595,0.0067822189738234295,0.002144725954729194,10
3.825,0.02759231,33.33771118265806,0.5447603353386539,0.00962179157519279,0.003042677654902848,10
3.825,0.02759231,37.842659612617176,0.5288266975431601,0.008847470065742352,0.00279781569379055,10
3.825,0.02759231,42.95636490189982,0.5107010999388203,0.007888637031547562,0.002494606065403985,10
3.825,0.02759231,48.76108879434957,0.48941522697612455,0.009401199720111789,0.0029729203853690726,10
3.825,0.02759231,55.350209121286355,0.46857146956826384,0.007312535317353551,0.0023124267073259424,10
3.825,0.02759231,62.82972192624931,0.44523713412424204,0.0103161640328808,0.0032622575059811487,10
3.825,0.02759231,71.31994657291497,0.4232742598132283,0.010324984095170572,0.0032650466545751725,10
3.825,0.02759231,80.95746126545187,0.39644716055583384,0.00576664771348718,0.0018235741238421571,10
3.825,0.02759231,91.89730011710618,0.3749787523695557,0.010053053075920122,0.003179054515846921,10
3.825,0.02759231,104.31544711021446,0.3466208554993436,0.011105812006309725,0.003511966120558301,10
3.825,0.02759231,118.41166706679324,0.3179718851822694,0.009419471397822763,0.002978698397192994,10
3.825,0.02759231,134.41271917018034,0.28816959208595205,0.010318228618985098,0.00326291038543266,10
3.825,0.02759231,152.57600473212457,0.2578570512700863,0.010046575483519756,0.0031770061212729856,10
3.825,0.02759231,173.19370788521238,0.22900643251537806,0.010440546977607873,0.003301590846722787,10
3.825,0.02759231,196.59749580998604,0.2034051664596203,0.010989712786313105,0.0034752523235824723,10
3.825,0.02759231,223.1638541070668,0.17795336904019515,0.011378313745108516,0.0035981387366543463,10
3.825,0.02759231,253.32014314187637,0.149131246517039,0.010123895910130309,0.00320145698704751,10
3.825,0.02759231,287.5514727874956,0.12346286968182707,0.011341644905489202,0.0035865430314191015,10
3.825,0.02759231,326.40850615637055,0.09840719817359658,0.0076322181880274665,0.0024135193073530044,10
3.825,0.02759231,370.5163178557939,0.07759956958180844,0.006245467387196936,0.0019749901995843046,10
3.825,0.02759231,420.58444926569615,0.05937546233457419,0.004015955168593227,0.0012699565313880098,10
3.825,0.02759231,477.4183225932176,0.0449148938508056,0.0071134748936551966,0.0022494782742374466,10
3.825,0.02759231,541.9321973165318,0.03278114189826986,0.005106613504560869,0.0016148529804586992,10
3.825,0.02759231,615.1638774420524,0.022008261455196004,0.006993980660247197,0.00221169087975494,10
3.825,0.02759231,698.2914061636919,0.014438431577043243,0.007333634046528425,0.002319098711318707,10
3.825,0.02759231,792.652016483199,0.008034822249232203,0.0063435078545152675,0.0020059933175436274,10
3.825,0.02759231,899.7636426411872,0.0033644530169164868,0.005189277538882705,0.0016409936433622325,10
3.825,0.02759231,1021.3493384030259,0.0030971023498935746,0.003288420973145741,0.0010398900180607939,10
3.825,0.02759231,1159.3649950049091,0.003532719579553086,0.003412200185619056,0.0010790324419005536,10
3.825,0.02759231,1316.0308046455484,0.002046793747999523,0.005157800676270047,0.0016310397854170126,10
3.825,0.02759231,1493.8669756616864,-0.00010477434681290012,0.003514893223846531,0.00111150683196471,10
3.825,0.02759231,1695.7342739204687,1.933250696766822e-05,0.003816552852302992,0.001206899982368966,10
3.825,0.02759231,1924.8800425987847,-3.6163157322185484e-05,0.0028482770352970233,0.0009007042838690398,10
3.825,0.02759231,2184.990440647822,0.001065319337518266,0.003917761337411105,0.0012389049155166528,10
3.825,0.02759231,2480.2497402782196,0.0003700854189148753,0.004634354135127331,0.0014655114550822107,10
3.825,0.02759231,2815.4076373562034,-5.579534814296521e-05,0.0027920251995539043,0.0008829158915176472,10
3.825,0.02759231,3195.8556575010366,0.00029306679363013977,0.0044101089485055,0.0013945989006767603,10
3.825,0.02759231,3627.7138869923433,-0.0004221173661821074,0.003139748783822764,0.0009928757437623564,10
3.825,0.02759231,4117.929423686066,-0.0014334210162212382,0.0026506188745873192,0.000838199285272813,10
3.825,0.02759231,4674.388131672206,0.0002921144014395847,0.0011636559156208996,0.00036798031060907515,10
3.825,0.02759231,5306.041497418272,0.0009791653389298431,0.0019216462913825335,0.0006076779137984402,10
3.825,0.02759231,6023.050628072877,0.001354182593849599,0.0021325340167669244,0.0006743664680771184,10
3.825,0.02759231,6836.949708361742,0.0005125424737760927,0.0017060844343473982,0.0005395112693097783,10
3.825,0.02759231,7760.831545529242,-0.0008707093242119509,0.0022778864050130992,0.0007203309290974184,10
3.825,0.02759231,8809.558187098928,-0.0008990972085847549,0.0022008632647921274,0.0006959740735337388,10
3.825,0.02759231,9999.99999956053,0.000679701953365453,0.0014599023967178028,0.00046166167351669823,10
3.825,0.01691592,0.010000000000218279,0.9999913197134346,0.0001,3.1622776601683795e-05,10
3.825,0.01691592,0.011351307054675233,0.9999877945343714,0.0001,3.1622776601683795e-05,10
3.825,0.01691592,0.012885217184670714,0.9999837929953743,0.0001,3.1622776601683795e-05,10
3.825,0.01691592,0.014626405672618265,0.9999792507255899,0.0001,3.1622776601683795e-05,10
3.825,0.01691592,0.016602882189250948,0.9999740946556852,0.0001,3.1622776601683795e-05,10
3.825,0.01691592,0.018846441371867226,0.9999682418424166,0.0001,3.1622776601683795e-05,10
3.825,0.01691592,0.021393174289532996,0.9999591884637307,0.0001,3.1622776601683795e-05,10
3.825,0.01691592,0.024284049022937213,0.9999466468542891,0.0001,3.1622776601683795e-05,10
3.825,0.01691592,0.027565569698412937,0.9999324104883163,0.0001,3.1622776601683795e-05,10
3.825,0.01691592,0.03129052457769065,0.9999140038545733,0.0001,3.1622776601683795e-05,10
3.825,0.01691592,0.035518835237547564,0.9998882995005554,0.0001,3.1622776601683795e-05,10
3.825,0.01691592,0.040318520499702026,0.9998585697187521,0.0001,3.1622776601683795e-05,10
3.825,0.01691592,0.045766790617234585,0.9998160075172908,0.0001,3.1622776601683795e-05,10
3.825,0.01691592,0.051951289319191934,0.9997643398531004,0.0001,3.1622776601683795e-05,10
3.825,0.01691592,0.05897150369355452,0.9996974307331266,0.0001,3.1622776601683795e-05,10
3.825,0.01691592,0.06694036458868406,0.9996094327907065,0.0001,3.1622776601683795e-05,10
3.825,0.01691592,0.0759860632781475,0.999497318983454,0.0001,3.1622776601683795e-05,10
3.825,0.01691592,0.08625411361274073,0.9993533674950799,0.0001,3.1622776601683795e-05,10
3.825,0.01691592,0.09790969283256912,0.9991687421539549,0.0001,3.1622776601683795e-05,10
3.825,0.01691592,0.11114029869471674,0.9989301523945338,0.0001,3.1622776601683795e-05,10
3.825,0.01691592,0.12615876566045128,0.9986204427519947,0.0001,3.1622776601683795e-05,10
3.825,0.01691592,0.14320668866193417,0.9982276370600346,0.0001,3.1622776601683795e-05,10
3.825,0.01691592,0.16255830952494102,0.9977231165202806,0.0001,3.1622776601683795e-05,10
3.825,0.01691592,0.1845249285666265,0.9970726742904888,0.0001,3.1622776601683795e-05,10
3.825,0.01691592,0.209459912335607,0.9962401308366591,0.0001,3.1622776601683795e-05,10
3.825,0.01691592,0.23776437805149325,0.995169386897443,0.0001,3.1622776601683795e-05,10
3.825,0.01691592,0.2698936461867474,0.9938158714860684,0.0001136181515837675,3.5929214254297254e-05,10
3.825,0.01691592,0.3063645649904774,0.9920793219627198,0.00014787937126544215,4.676356321524534e-05,10
3.825,0.01691592,0.3477638247803005,0.9899107411090003,0.00019240260519310125,6.084304601603406e-05,10
3.825,0.01691592,0.3947573957503299,0.9871306406035384,0.00025217907544663754,7.974602566468181e-05,10
3.825,0.01691592,0.4481012411168134,0.9836545300959324,0.00033013195153391985,0.00010439688952435048,10
3.825,0.01691592,0.5086534779386983,0.9792750598394981,0.00042940567376173304,0.00013578999692862796,10
3.825,0.01691592,0.5773881812384607,0.9738329368143968,0.0005550969145475375,0.00017553705721020735,10
3.825,0.01691592,0.6554110534835178,0.9671255365604459,0.0007117717691072316,0.00022508199645863243,10
3.825,0.01691592,0.7439772114957187,0.9589205321945091,0.0008983935079698084,0.00028409697202932277,10
3.825,0.01691592,0.8445113769184625,0.9489035049142268,0.0011172649473036424,0.000353310198334751,10
3.825,0.01691592,0.9586307950358789,0.9367923362014595,0.0013800056661248707,0.0004363961088892461,10
3.825,0.01691592,1.088171250628218,0.9221480314373303,0.001710954463880384,0.0005410513078694304,10
3.825,0.01691592,1.2352165993681232,0.904438210736895,0.0021646180760123025,0.0006845123384570362,10
3.825,0.01691592,1.402132289815328,0.8831450450250088,0.0027840712543635688,0.0008804006331990871,10
3.825,0.01691592,1.5916034152621248,0.857697901269933,0.0035937974493882125,0.0011364585389370446,10
3.825,0.01691592,1.80667790755158,0.8280419408189894,0.004611582705981274,0.0014583104969143426,10
3.825,0.01691592,2.0508155677068496,0.7947751450232943,0.00570726870763926,0.0018047968334745689,10
3.825,0.01691592,2.3279437221040404,0.7592442541633437,0.006702460504453845,0.002119504112139528,10
3.825,0.01691592,2.642520399502972,0.7229450358452374,0.007669814939744211,0.00242540844415788,10
3.825,0.01691592,2.9996060452346534,0.6872943732125486,0.008907479930555382,0.002816792479279347,10
3.825,0.01691592,3.404944926177538,0.6550494015664972,0.010060804217004532,0.0031815056418761254,10
3.825,0.01691592,3.865057536045609,0.6300832545533646,0.010367523634387475,0.0032784988380291195,10
3.825,0.01691592,4.3873454874682505,0.6164353598551837,0.009732525322296083,0.0030776947403719957,10
3.825,0.01691592,4.980210578210885,0.6181631965514794,0.008315058669173456,0.0026294524272516633,10
3.825,0.01691592,5.653189946897943,0.6396925023815996,0.007404163083268987,0.0023414019510464945,10
3.825,0.01691592,6.417109492424104,0.677561019388726,0.006502082033705719,0.002056138875976978,10
3.825,0.01691592,7.284258025038717,0.722551018533324,0.005648449756013854,0.0017861966478026142,10
3.825,0.01691592,8.268584950589176,0.7555326558370681,0.006198798212405896,0.001960232110698285,10
3.825,0.01691592,9.385924667975567,0.7584384915533363,0.006953689587046417,0.0021989497236862368,10
3.825,0.01691592,10.65425128959158,0.7294367800627576,0.00695008366219577,0.002197809430126292,10
3.825,0.01691592,12.093967782318368,0.6927487137601586,0.007978930775852482,0.0025231594544508256,10
3.825,0.01691592,13.728234180344895,0.6830051413381139,0.009185319020335325,0.00290465291395261,10
3.825,0.01691592,15.583340149618108,0.7017069735746553,0.009103936464820137,0.002878917490229301,10
3.825,0.01691592,17.689127897190275,0.7010537400815346,0.005417054112804521,0.0017130229204844977,10
3.825,0.01691592,20.07947222860456,0.6741354777738978,0.004646428429309461,0.0014693296821576558,10
3.825,0.01691592,22.792825475773903,0.670657035310952,0.004953318861834023,0.0015663769580468395,10
3.825,0.01691592,25.872836061348632,0.6694068702319338,0.006013293752978482,0.0019015704499073926,10
3.825,0.01691592,29.369050650123167,0.6544717252839198,0.003359140268016483,0.0010622534226920547,10
3.825,0.01691592,33.33771118265806,0.6461662543196537,0.003982352405311307,0.0012593304046233755,10
3.825,0.01691592,37.842659612617176,0.6326495187483523,0.005108129444437164,0.0016153323627391956,10
3.825,0.01691592,42.95636490189982,0.619496179966467,0.007175916529834165,0.0022692240533527578,10
3.825,0.01691592,48.76108879434957,0.6072126638914067,0.008139039260302874,0.0025737902028089145,10
3.825,0.01691592,55.350209121286355,0.5926805674606758,0.010091172007023873,0.00319110878027281,10
3.825,0.01691592,62.82972192624931,0.577015283089768,0.010071798079549997,0.0031849822064687738,10
3.825,0.01691592,71.31994657291497,0.5632672538292753,0.013680190227074368,0.004326055994193106,10
3.825,0.01691592,80.95746126545187,0.5440660722015986,0.01460303366972647,0.004617884714446268,10
3.825,0.01691592,91.89730011710618,0.5245346491459326,0.013044213703268463,0.00412494255883081,10
3.825,0.01691592,104.31544711021446,0.5006970329134292,0.014037670370888943,0.004439101141466967,10
3.825,0.01691592,118.41166706679324,0.4771155244374313,0.012864340632519691,0.0040680616995013375,10
3.825,0.01691592,134.41271917018034,0.4541323995785631,0.014068288667585343,0.00444878349703051,10
3.825,0.01691592,152.57600473212457,0.4319569858096036,0.01758452534092494,0.005560715165027169,10
3.825,0.01691592,173.19370788521238,0.4056501543813809,0.017525355371099394,0.005542003977653953,10
3.825,0.01691592,196.59749580998604,0.38202720813017693,0.020346843816898132,0.0064342369657112075,10
3.825,0.01691592,223.1638541070668,0.35713822326110023,0.02098301869054158,0.00663541312479952,10
3.825,0.01691592,253.32014314187637,0.32904749901097075,0.01909317036676418,0.006037790611260726,10
3.825,0.01691592,287.5514727874956,0.30266755527532185,0.018826515358080033,0.005953466893567338,10
3.825,0.01691592,326.40850615637055,0.2732446342428854,0.013760973370955436,0.004351601867314433,10
3.825,0.01691592,370.5163178557939,0.24433023341055052,0.012727416121674303,0.0040247623673237524,10
3.825,0.01691592,420.58444926569615,0.2147681281317717,0.013184370922928755,0.004169264163295116,10
3.825,0.01691592,477.4183225932176,0.190681251041783,0.013685382657563187,0.004327697984886783,10
3.825,0.01691592,541.9321973165318,0.16560278906845438,0.013988798332864288,0.00442364644606174,10
3.825,0.01691592,615.1638774420524,0.14139681486310332,0.014291304139747397,0.004519307181579507,10
3.825,0.01691592,698.2914061636919,0.12085915913129922,0.017558199023744996,0.005552390052557904,10
3.825,0.01691592,792.652016483199,0.09724102267665242,0.01376196242161084,0.004351914632593669,10
3.825,0.01691592,899.7636426411872,0.07722890383797365,0.011898767752432229,0.0037627207447048353,10
3.825,0.01691592,1021.3493384030259,0.05677675415689113,0.01254090940030317,0.003965783763477434,10
3.825,0.01691592,1159.3649950049091,0.04116814095932418,0.011247613450058877,0.0035568076743330576,10
3.825,0.01691592,1316.0308046455484,0.02762390322408125,0.007741122046821547,0.0024479577313300696,10
3.825,0.01691592,1493.8669756616864,0.01873618063881114,0.00649162496748595,0.00205283206128721,10
3.825,0.01691592,1695.7342739204687,0.010238126778287667,0.003807518615489896,0.0012040431058438935,10
3.825,0.01691592,1924.8800425987847,0.007086095365759412,0.004063289846787186,0.0012849250709284113,10
3.825,0.01691592,2184.990440647822,0.0027016521275348955,0.00340066004935205,0.0010753831303893086,10
3.825,0.01691592,2480.2497402782196,-0.0005237393631618258,0.005127512065995163,0.0016214616858540316,10
3.825,0.01691592,2815.4076373562034,0.00014068433562357277,0.003965736586113379,0.0012540760212378752,10
3.825,0.01691592,3195.8556575010366,0.00014807537628790704,0.0034510795058007196,0.0010913271624658546,10
3.825,0.01691592,3627.7138869923433,0.0009423271292183057,0.0039158572139149205,0.0012383027787972343,10
3.825,0.01691592,4117.929423686066,0.0017358515700769395,0.002839843905043689,0.000898037493928499,10
3.825,0.01691592,4674.388131672206,0.0007901895015070291,0.0027000609544408816,0.0008538342437321312,10
3.825,0.01691592,5306.041497418272,0.0009985860635582735,0.0029615693304565704,0.0009365304532742637,10
3.825,0.01691592,6023.050628072877,0.0006317503562127747,0.0023373828465285598,0.000739145355883804,10
3.825,0.01691592,6836.949708361742,-0.00022502798848926826,0.0017588644494139197,0.0005562017755645994,10
3.825,0.01691592,7760.831545529242,0.0005374408257247402,0.00205790916834822,0.0006507680189723265,10
3.825,0.01691592,8809.558187098928,0.0002441177279379511,0.0023605286138824485,0.0007464646901868696,10
3.825,0.01691592,9999.99999956053,0.0006301110540737084,0.0032537951637065586,0.0010289403756953163,10
3.825,0.01083597,0.010000000000218279,0.9999945665865045,0.0001,3.1622776601683795e-05,10
3.825,0.01083597,0.011351307054675233,0.9999923657880025,0.0001,3.1622776601683795e-05,10
3.825,0.01083597,0.012885217184670714,0.9999898675940461,0.0001,3.1622776601683795e-05,10
3.825,0.01083597,0.014626405672618265,0.999987031817378,0.0001,3.1622776601683795e-05,10
3.825,0.01083597,0.016602882189250948,0.9999838128402084,0.0001,3.1622776601683795e-05,10
3.825,0.01083597,0.018846441371867226,0.9999801588803828,0.0001,3.1622776601683795e-05,10
3.825,0.01083597,0.021393174289532996,0.9999745000304998,0.0001,3.1622776601683795e-05,10
3.825,0.01083597,0.024284049022937213,0.9999666561922291,0.0001,3.1622776601683795e-05,10
3.825,0.01083597,0.027565569698412937,0.9999577524105596,0.0001,3.1622776601683795e-05,10
3.825,0.01083597,0.03129052457769065,0.9999462472646158,0.0001,3.1622776601683795e-05,10
3.825,0.01083597,0.035518835237547564,0.9999301934799869,0.0001,3.1622776601683795e-05,10
3.825,0.01083597,0.040318520499702026,0.9999116257600663,0.0001,3.1622776601683795e-05,10
3.825,0.01083597,0.045766790617234585,0.9998850461614832,0.0001,3.1622776601683795e-05,10
3.825,0.01083597,0.051951289319191934,0.9998527678574762,0.0001,3.1622776601683795e-05,10
3.825,0.01083597,0.05897150369355452,0.9998109390999934,0.0001,3.1622776601683795e-05,10
3.825,0.01083597,0.06694036458868406,0.999755980437136,0.0001,3.1622776601683795e-05,10
3.825,0.01083597,0.0759860632781475,0.9996859035577417,0.0001,3.1622776601683795e-05,10
3.825,0.01083597,0.08625411361274073,0.9995959225228399,0.0001,3.1622776601683795e-05,10
3.825,0.01083597,0.09790969283256912,0.9994804514543741,0.0001,3.1622776601683795e-05,10
3.825,0.01083597,0.11114029869471674,0.9993311482575118,0.0001,3.1622776601683795e-05,10
3.825,0.01083597,0.12615876566045128,0.9991373472362657,0.0001,3.1622776601683795e-05,10
3.825,0.01083597,0.14320668866193417,0.9988915378373113,0.0001,3.1622776601683795e-05,10
3.825,0.01083597,0.16255830952494102,0.9985757728926368,0.0001,3.1622776601683795e-05,10
3.825,0.01083597,0.1845249285666265,0.9981687021406396,0.0001,3.1622776601683795e-05,10
3.825,0.01083597,0.209459912335607,0.9976470700672678,0.0001,3.1622776601683795e-05,10
3.825,0.01083597,0.23776437805149325,0.9969755767382369,0.0001,3.1622776601683795e-05,10
3.825,0.01083597,0.2698936461867474,0.9961259177693391,0.0001,3.1622776601683795e-05,10
3.825,0.01083597,0.3063645649904774,0.9950344412863377,0.0001,3.1622776601683795e-05,10
3.825,0.01083597,0.3477638247803005,0.993669488833693,0.0001,3.1622776601683795e-05,10
3.825,0.01083597,0.3947573957503299,0.9919151838662804,0.00011961770308262934,3.78264390218853e-05,10
3.825,0.01083597,0.4481012411168134,0.9897159736581157,0.000153901332350323,4.866787451615755e-05,10
3.825,0.01083597,0.5086534779386983,0.9869328459345843,0.00019755200700397561,6.247142984700992e-05,10
3.825,0.01083597,0.5773881812384607,0.9834553961692463,0.0002526874515730611,7.990678831143702e-05,10
3.825,0.01083597,0.6554110534835178,0.9791396342815005,0.000318410897084931,0.00010069036666058502,10
3.825,0.01083597,0.7439772114957187,0.9738166192969804,0.0003953462747404588,0.00012501946926425433,10
3.825,0.01083597,0.8445113769184625,0.9672462004990147,0.00048439089486046135,0.00015317785056062072,10
3.825,0.01083597,0.9586307950358789,0.9591991749905834,0.0005925248083082595,0.00018737279644087603,10
3.825,0.01083597,1.088171250628218,0.9493347803574004,0.0007397822325044727,0.00023393968272383838,10
3.825,0.01083597,1.2352165993681232,0.9372065895491127,0.0009480749734580929,0.00029980763087312563,10
3.825,0.01083597,1.402132289815328,0.922326512544465,0.0012217932592595115,0.0003863649529100666,10
3.825,0.01083597,1.5916034152621248,0.9040334761273275,0.0015204935816713267,0.00048082228857486414,10
3.825,0.01083597,1.80667790755158,0.8819667343965684,0.0018358136560720582,0.0005805352512828706,10
3.825,0.01083597,2.0508155677068496,0.8561467947368101,0.0021995942558477423,0.0006955727776702006,10
3.825,0.01083597,2.3279437221040404,0.8271028657275015,0.002690776765233492,0.0008508983253198008,10
3.825,0.01083597,2.642520399502972,0.7955799389031,0.0032487178983170097,0.0010273348034037049,10
3.825,0.01083597,2.9996060452346534,0.7621667273468973,0.003722670973454872,0.0011772119255513615,10
3.825,0.01083597,3.404944926177538,0.7281667204202487,0.004215568705593956,0.0013330798742604698,10
3.825,0.01083597,3.865057536045609,0.6963651734304835,0.004848832854015897,0.0015333355812144954,10
3.825,0.01083597,4.3873454874682505,0.6701543023939877,0.005335091828412035,0.001687104170393425,10
3.825,0.01083597,4.980210578210885,0.6528861961531152,0.0051173034068528606,0.001618233424379434,10
3.825,0.01083597,5.653189946897943,0.6504592968840268,0.0046817141232534725,0.0014804879983259245,10
3.825,0.01083597,6.417109492424104,0.6660584594403185,0.004687569982601094,0.0014823397836455318,10
3.825,0.01083597,7.284258025038717,0.699329066629764,0.004106641893988491,0.0012986341919671367,10
3.825,0.01083597,8.268584950589176,0.7437443584812089,0.0028719959537703652,0.0009082048644702003,10
3.825,0.01083597,9.385924667975567,0.7843692654089363,0.002849450584087797,0.000901075392581458,10
3.825,0.01083597,10.65425128959158,0.8007284516150343,0.003888609972386105,0.0012296864444784558,10
3.825,0.01083597,12.093967782318368,0.7819504215463841,0.004754560048262492,0.0015035239024549568,10
3.825,0.01083597,13.728234180344895,0.7438836993002057,0.00441527194598531,0.0013962315838357512,10
3.825,0.01083597,15.583340149618108,0.7223848581376776,0.003954759097292995,0.0012506046344717304,10
3.825,0.01083597,17.689127897190275,0.7345766981087622,0.0035238102044378365,0.0011143266288167139,10
3.825,0.01083597,20.07947222860456,0.7500776926383412,0.003827196880909214,0.0012102659197565308,10
3.825,0.01083597,22.792825475773903,0.7333229532681559,0.0063220962379036075,0.001999222369855713,10
3.825,0.01083597,25.872836061348632,0.7196177875094548,0.005797002570417851,0.001833173172437104,10
3.825,0.01083597,29.369050650123167,0.7254315416832092,0.003672457909317101,0.001161333160454214,10
3.825,0.01083597,33.33771118265806,0.714159068899185,0.004995652538326602,0.001579764041991367,10
3.825,0.01083597,37.842659612617176,0.7080255003947744,0.005118747592544827,0.0016186901159945181,10
3.825,0.01083597,42.95636490189982,0.7020819451347393,0.005149914285489785,0.0016285458896786347,10
3.825,0.01083597,48.76108879434957,0.6933564834687743,0.004538839328931434,0.0014353070212973513,10
3.825,0.01083597,55.350209121286355,0.6841375315872734,0.004840147289672871,0.0015305889646057048,10
3.825,0.01083597,62.82972192624931,0.6744284423316218,0.007912779917475285,0.0025022407162861083,10
3.825,0.01083597,71.31994657291497,0.6641228137669698,0.008881852756097569,0.002808688455151229,10
3.825,0.01083597,80.95746126545187,0.6550969223249391,0.007607948201826737,0.002405844463835488,10
3.825,0.01083597,91.89730011710618,0.6438349681313541,0.008855651987342979,0.0028004030445800414,10
3.825,0.01083597,104.31544711021446,0.6320353646538941,0.008540885540389235,0.002700865154242801,10
3.825,0.01083597,118.41166706679324,0.6200052839411517,0.007343308085284142,0.002322157910982788,10
3.825,0.01083597,134.41271917018034,0.6054955001000961,0.009002186215075404,0.0028467412360608686,10
3.825,0.01083597,152.57600473212457,0.5891798884009315,0.009169174753164,0.002899547648411043,10
3.825,0.01083597,173.19370788521238,0.5714791687317187,0.009127551766362312,0.0028863853042797967,10
3.825,0.01083597,196.59749580998604,0.552002567729669,0.010456394797818779,0.003306602367504318,10
3.825,0.01083597,223.1638541070668,0.5354682453853256,0.013954210802610912,0.004412708908637675,10
3.825,0.01083597,253.32014314187637,0.517551165723868,0.01575559696668944,0.004982357231037869,10
3.825,0.01083597,287.5514727874956,0.49237740983563605,0.016392682872349507,0.005183821483745566,10
3.825,0.01083597,326.40850615637055,0.47048841758780374,0.015817702230058146,0.005001996639730843,10
3.825,0.01083597,370.5163178557939,0.44691693238361346,0.014725687499504524,0.004656671261030392,10
3.825,0.01083597,420.58444926569615,0.4194627555018621,0.014563391419418698,0.004605348734191561,10
3.825,0.01083597,477.4183225932176,0.3936216838847818,0.015892363767705857,0.00502560669098856,10
3.825,0.01083597,541.9321973165318,0.36706576546905956,0.012659496759075193,0.004003284379019748,10
3.825,0.01083597,615.1638774420524,0.33847195867560037,0.014488544477009948,0.004581680052800451,10
3.825,0.01083597,698.2914061636919,0.31088612650812086,0.01609190822661922,0.005088708189451771,10
3.825,0.01083597,792.652016483199,0.28208988727995127,0.018715056080582864,0.005918220375242558,10
3.825,0.01083597,899.7636426411872,0.25128903719110934,0.01622556468274466,0.005130974071986047,10
3.825,0.01083597,1021.3493384030259,0.2257331377136313,0.01864763934960762,0.0058969013330140985,10
3.825,0.01083597,1159.3649950049091,0.19902160403287267,0.015210081957797925,0.00480985023844745,10
3.825,0.01083597,1316.0308046455484,0.1734816908439676,0.013297951666395783,0.004205181548064226,10
3.825,0.01083597,1493.8669756616864,0.1469617308769559,0.012292997948375954,0.0038873872788644996,10
3.825,0.01083597,1695.7342739204687,0.12390715950599496,0.011540371583685037,0.003649385924912917,10
3.825,0.01083597,1924.8800425987847,0.10172782057032106,0.011388080979830814,0.003601227407470741,10
3.825,0.01083597,2184.990440647822,0.08144415323101237,0.013096059747233985,0.004141337717490838,10
3.825,0.01083597,2480.2497402782196,0.06538974358518522,0.010794153502494606,0.0034134110481366955,10
3.825,0.01083597,2815.4076373562034,0.051456664168083956,0.0129359186393505,0.004090696652697383,10
3.825,0.01083597,3195.8556575010366,0.03844164289237945,0.009535396096259363,0.0030153570056057756,10
3.825,0.01083597,3627.7138869923433,0.02570704922084504,0.007428641860552961,0.002349142820101829,10
3.825,0.01083597,4117.929423686066,0.019121281521686136,0.007182088078989583,0.002271175668555039,10
3.825,0.01083597,4674.388131672206,0.01244918998813965,0.004991973886005952,0.0015786007499860553,10
3.825,0.01083597,5306.041497418272,0.007583927619995182,0.003981892572516944,0.001259184992726073,10
3.825,0.01083597,6023.050628072877,0.004909084513781137,0.006249251448211023,0.001976186824745261,10
3.825,0.01083597,6836.949708361742,0.004231525429884989,0.005069911976537943,0.001603246938242605,10
3.825,0.01083597,7760.831545529242,0.0027531216195683,0.0031023618839842743,0.0009810529679481355,10
3.825,0.01083597,8809.558187098928,0.0005683610413879577,0.002933535443897801,0.0009276653599550146,10
3.825,0.01083597,9999.99999956053,-0.0011625757708407579,0.0040660533380089976,0.001285798963583892,10
3.825,0.0085038,0.010000000000218279,0.9999957189111155,0.0001,3.1622776601683795e-05,10
3.825,0.0085038,0.011351307054675233,0.9999939835648254,0.0001,3.1622776601683795e-05,10
3.825,0.0085038,0.012885217184670714,0.9999920137199669,0.0001,3.1622776601683795e-05,10
3.825,0.0085038,0.014626405672618265,0.9999897776885831,0.0001,3.1622776601683795e-05,10
3.825,0.0085038,0.016602882189250948,0.999987239500701,0.0001,3.1622776601683795e-05,10
3.825,0.0085038,0.018846441371867226,0.9999843583256997,0.0001,3.1622776601683795e-05,10
3.825,0.0085038,0.021393174289532996,0.9999798956941867,0.0001,3.1622776601683795e-05,10
3.825,0.0085038,0.024284049022937213,0.9999737095533343,0.0001,3.1622776601683795e-05,10
3.825,0.0085038,0.027565569698412937,0.9999666874749051,0.0001,3.1622776601683795e-05,10
3.825,0.0085038,0.03129052457769065,0.9999576067819547,0.0001,3.1622776601683795e-05,10
3.825,0.0085038,0.035518835237547564,0.9999449227766297,0.0001,3.1622776601683795e-05,10
3.825,0.0085038,0.040318520499702026,0.9999302543850384,0.0001,3.1622776601683795e-05,10
3.825,0.0085038,0.045766790617234585,0.9999092858069908,0.0001,3.1622776601683795e-05,10
3.825,0.0085038,0.051951289319191934,0.9998838196857707,0.0001,3.1622776601683795e-05,10
3.825,0.0085038,0.05897150369355452,0.9998508144330642,0.0001,3.1622776601683795e-05,10
3.825,0.0085038,0.06694036458868406,0.9998074409541247,0.0001,3.1622776601683795e-05,10
3.825,0.0085038,0.0759860632781475,0.9997521273968472,0.0001,3.1622776601683795e-05,10
3.825,0.0085038,0.08625411361274073,0.9996810889288945,0.0001,3.1622776601683795e-05,10
3.825,0.0085038,0.09790969283256912,0.9995898780096054,0.0001,3.1622776601683795e-05,10
3.825,0.0085038,0.11114029869471674,0.9994719448597638,0.0001,3.1622776601683795e-05,10
3.825,0.0085038,0.12615876566045128,0.9993187043382706,0.0001,3.1622776601683795e-05,10
3.825,0.0085038,0.14320668866193417,0.999124356121132,0.0001,3.1622776601683795e-05,10
3.825,0.0085038,0.16255830952494102,0.9988746023286398,0.0001,3.1622776601683795e-05,10
3.825,0.0085038,0.1845249285666265,0.9985524367549029,0.0001,3.1622776601683795e-05,10
3.825,0.0085038,0.209459912335607,0.9981393771372595,0.0001,3.1622776601683795e-05,10
3.825,0.0085038,0.23776437805149325,0.9976072139362137,0.0001,3.1622776601683795e-05,10
3.825,0.0085038,0.2698936461867474,0.9969336232829689,0.0001,3.1622776601683795e-05,10
3.825,0.0085038,0.3063645649904774,0.9960673186092656,0.0001,3.1622776601683795e-05,10
3.825,0.0085038,0.3477638247803005,0.994982694541425,0.0001,3.1622776601683795e-05,10
3.825,0.0085038,0.3947573957503299,0.9935862142643206,0.0001,3.1622776601683795e-05,10
3.825,0.0085038,0.4481012411168134,0.991832807956156,0.00012010018158050903,3.7979012119420956e-05,10
3.825,0.0085038,0.5086534779386983,0.9896085231539145,0.00014949447736053255,4.727430460757596e-05,10
3.825,0.0085038,0.5773881812384607,0.9868222387861121,0.0001860568406494845,5.883633907073728e-05,10
3.825,0.0085038,0.6554110534835178,0.9833530309408204,0.00023295629167660698,7.366724769646032e-05,10
3.825,0.0085038,0.7439772114957187,0.9790578389639059,0.00029491213462701276,9.32594055043572e-05,10
3.825,0.0085038,0.8445113769184625,0.9737309712439147,0.00037962831392753074,0.00012004901363004188,10
3.825,0.0085038,0.9586307950358789,0.9671718434153469,0.0004975756439606957,0.00015734723431408036,10
3.825,0.0085038,1.088171250628218,0.9590807424006054,0.0006613864811339644,0.00020914876940273107,10
3.825,0.0085038,1.2352165993681232,0.9490651202148582,0.00087862306386515,0.00027784500865694585,10
3.825,0.0085038,1.402132289815328,0.9366829806855614,0.0011421333940926605,0.00036117429170715075,10
3.825,0.0085038,1.5916034152621248,0.9213199490052512,0.0014342469504703306,0.00045354870906369504,10
3.825,0.0085038,1.80667790755158,0.9025820252466243,0.0017327398039615517,0.0005479404372952151,10
3.825,0.0085038,2.0508155677068496,0.8804125209236464,0.002008207503779903,0.0006350509726185693,10
3.825,0.0085038,2.3279437221040404,0.8550943809467044,0.002241766999079097,0.0007089089700490535,10
3.825,0.0085038,2.642520399502972,0.8269026957864618,0.00244880040942118,0.0007743786828923778,10
3.825,0.0085038,2.9996060452346534,0.7959605277816443,0.0024834486610212357,0.0007853354220922527,10
3.825,0.0085038,3.404944926177538,0.7631470662997063,0.0022227378267716453,0.0007028914174011186,10
3.825,0.0085038,3.865057536045609,0.7305468784601824,0.0020056916111078262,0.0006342553774993403,10
3.825,0.0085038,4.3873454874682505,0.7008476310673355,0.0026179318271148124,0.0008278627332728958,10
3.825,0.0085038,4.980210578210885,0.6770833188845151,0.00363443442694533,0.0011493090795676082,10
3.825,0.0085038,5.653189946897943,0.6647565016660114,0.004595814854189933,0.0014533242643674823,10
3.825,0.0085038,6.417109492424104,0.6676275208558015,0.005066413817583053,0.0016021407232511282,10
3.825,0.0085038,7.284258025038717,0.6876889966867598,0.005368142132952233,0.0016975555943643478,10
3.825,0.0085038,8.268584950589176,0.723283635836411,0.005626115678734083,0.0017791339924383847,10
3.825,0.0085038,9.385924667975567,0.76650492153262,0.005508733554577243,0.001742014505545956,10
3.825,0.0085038,10.65425128959158,0.8012680275910826,0.005114497943579349,0.0016173462589958091,10
3.825,0.0085038,12.093967782318368,0.8087975581442466,0.003923497274151415,0.001240718777978055,10
3.825,0.0085038,13.728234180344895,0.7837912979700313,0.0034812303892686417,0.0011008617089883497,10
3.825,0.0085038,15.583340149618108,0.7477301917736219,0.0032745100925922776,0.001035491011380045,10
3.825,0.0085038,17.689127897190275,0.7347946279586186,0.0040997081350313816,0.0012964415448620307,10
3.825,0.0085038,20.07947222860456,0.756415329959023,0.005004784015347325,0.0015826516685700644,10
3.825,0.0085038,22.792825475773903,0.7667467670312681,0.005044186216412705,0.0015951117385891156,10
3.825,0.0085038,25.872836061348632,0.7455014110634892,0.005101272034386215,0.0016131638592781228,10
3.825,0.0085038,29.369050650123167,0.7407721652178718,0.003883643112401928,0.0012281157854415411,10
3.825,0.0085038,33.33771118265806,0.7454563957183943,0.00461618883587771,0.001459767083081476,10
3.825,0.0085038,37.842659612617176,0.7383017819163589,0.003729544907967973,0.0011793856545061854,10
3.825,0.0085038,42.95636490189982,0.73202037940612,0.004931677917642648,0.0015595334906107058,10
3.825,0.0085038,48.76108879434957,0.7267449764036396,0.0056142038719123365,0.00177536714837792,10
3.825,0.0085038,55.350209121286355,0.7203403551170163,0.007088246446441325,0.0022415003387349303,10
3.825,0.0085038,62.82972192624931,0.7133275534697203,0.006643053683528639,0.0021007180258721878,10
3.825,0.0085038,71.31994657291497,0.7054290691257495,0.007797436215500825,0.002465765835086613,10
3.825,0.0085038,80.95746126545187,0.6979163248840934,0.006840188230592567,0.002163057443294955,10
3.825,0.0085038,91.89730011710618,0.6910053068283579,0.004351190778980673,0.001375967339550123,10
3.825,0.0085038,104.31544711021446,0.6812879560506303,0.008215745063950217,0.00259804670773684,10
3.825,0.0085038,118.41166706679324,0.6689284531775612,0.009583077040122128,0.003030435043965072,10
3.825,0.0085038,134.41271917018034,0.658409314308794,0.008455976013920929,0.0026740144043741814,10
3.825,0.0085038,152.57600473212457,0.6453276294866445,0.01052214826334735,0.003327395439016283,10
3.825,0.0085038,173.19370788521238,0.6317028284481475,0.011391121338678253,0.003602188853356956,10
3.825,0.0085038,196.59749580998604,0.619447091992805,0.014222376719844582,0.004497510417566335,10
3.825,0.0085038,223.1638541070668,0.6028126254840606,0.015152013351666301,0.004791487332854735,10
3.825,0.0085038,253.32014314187637,0.5920430776337351,0.015249394731459559,0.004822282029038394,10
3.825,0.0085038,287.5514727874956,0.5787473481471942,0.016195292644174977,0.005121401212856381,10
3.825,0.0085038,326.40850615637055,0.5596256136178025,0.017442902041580735,0.005515929945459617,10
3.825,0.0085038,370.5163178557939,0.5430858260120338,0.015318967219561176,0.004844282781527001,10
3.825,0.0085038,420.58444926569615,0.5252772402057573,0.01753683358607896,0.005545633707934802,10
3.825,0.0085038,477.4183225932176,0.5042909461877607,0.018230660592219488,0.005765041072088772,10
3.825,0.0085038,541.9321973165318,0.48290811345157236,0.018641831025789552,0.005895064579748808,10
3.825,0.0085038,615.1638774420524,0.46026624609170275,0.018807524849427278,0.005947461567440554,10
3.825,0.0085038,698.2914061636919,0.43667037017726384,0.018530195000208638,0.005859762168772357,10
3.825,0.0085038,792.652016483199,0.41437726640830624,0.021198982090813556,0.006703706748408926,10
3.825,0.0085038,899.7636426411872,0.3890572231031326,0.02021012009577051,0.006391001128817511,10
3.825,0.0085038,1021.3493384030259,0.363796726761649,0.020518040003536075,0.006488373953362326,10
3.825,0.0085038,1159.3649950049091,0.33952723280925107,0.02076330977476292,0.006565935065188853,10
3.825,0.0085038,1316.0308046455484,0.31218676503920106,0.01722416006156423,0.005446757657784899,10
3.825,0.0085038,1493.8669756616864,0.2849890162613508,0.013200007884926016,0.0041742090048548,10
3.825,0.0085038,1695.7342739204687,0.2558272502444998,0.013104318901491267,0.004143949491390807,10
3.825,0.0085038,1924.8800425987847,0.2243044302196821,0.01408105753574562,0.0044528213676833985,10
3.825,0.0085038,2184.990440647822,0.19680461918012102,0.01401562592379287,0.0044321300752087,10
3.825,0.0085038,2480.2497402782196,0.16745018528070205,0.01508361907351765,0.004769859163067453,10
3.825,0.0085038,2815.4076373562034,0.14453036143270384,0.013937651026499426,0.004407472247632201,10
3.825,0.0085038,3195.8556575010366,0.1207203475836558,0.01569335260296361,0.004962673834949711,10
3.825,0.0085038,3627.7138869923433,0.10046021633914863,0.01239726688667172,0.003920360012286717,10
3.825,0.0085038,4117.929423686066,0.08529170668733803,0.012415896230532329,0.003926251128078117,10
3.825,0.0085038,4674.388131672206,0.06457625662063542,0.007545380197229359,0.002386058723517528,10
3.825,0.0085038,5306.041497418272,0.04862605115166944,0.006891505880448077,0.0021792855090659972,10
3.825,0.0085038,6023.050628072877,0.034387703545342055,0.007327618741720617,0.0023171965049174235,10
3.825,0.0085038,6836.949708361742,0.02308291051867342,0.005717546290287487,0.0018080468904754711,10
3.825,0.0085038,7760.831545529242,0.016854458066799288,0.007906910796315697,0.00250038473721333,10
3.825,0.0085038,8809.558187098928,0.008934327249372293,0.006237184428876793,0.001972370898178715,10
3.825,0.0085038,9999.99999956053,0.0058538312640804575,0.0058534113021784405,0.0018510111796655984,10
3.825,0.00687376,0.00999999999839929,0.9999965406133147,0.0001,3.1622776601683795e-05,10
3.825,0.00687376,0.011346639479503276,0.9999951556914471,0.0001,3.1622776601683795e-05,10
3.825,0.00687376,0.012874622749843098,0.9999935842705334,0.0001,3.1622776601683795e-05,10
3.825,0.00687376,0.014608370280046457,0.9999918012358748,0.0001,3.1622776601683795e-05,10
3.825,0.00687376,0.016575591097731025,0.9999897780907296,0.0001,3.1622776601683795e-05,10
3.825,0.00687376,0.01880772563757237,0.9999874825008714,0.0001,3.1622776601683795e-05,10
3.825,0.00687376,0.02134044822731046,0.9999839595808562,0.0001,3.1622776601683795e-05,10
3.825,0.00687376,0.024214237240505653,0.9999790355716393,0.0001,3.1622776601683795e-05,10
3.825,0.00687376,0.02747502202831596,0.9999734484759001,0.0001,3.1622776601683795e-05,10
3.825,0.00687376,0.03117491696966142,0.9999663048258224,0.0001,3.1622776601683795e-05,10
3.825,0.00687376,0.03537305437148191,0.9999562382283795,0.0001,3.1622776601683795e-05,10
3.825,0.00687376,0.04013652953063197,0.9999447226657034,0.0001,3.1622776601683795e-05,10
3.825,0.00687376,0.04554147306154168,0.9999280664570854,0.0001,3.1622776601683795e-05,10
3.825,0.00687376,0.051674267627753956,0.9999080239886584,0.0001,3.1622776601683795e-05,10
3.825,0.00687376,0.05863292852333454,0.9998818280461892,0.0001,3.1622776601683795e-05,10
3.825,0.00687376,0.0665286701688255,0.9998476594503286,0.0001,3.1622776601683795e-05,10
3.825,0.00687376,0.07548768355772814,0.9998040638141019,0.0001,3.1622776601683795e-05,10
3.825,0.00687376,0.08565315306094748,0.9997480439471655,0.0001,3.1622776601683795e-05,10
3.825,0.00687376,0.09718754482208532,0.9996761860255337,0.0001,3.1622776601683795e-05,10
3.825,0.00687376,0.11027520331707867,0.9995841481573388,0.0001,3.1622776601683795e-05,10
3.825,0.00687376,0.12512529757681054,0.9994629089793803,0.0001,3.1622776601683795e-05,10
3.825,0.00687376,0.14197516415968958,0.999311366421882,0.0001,3.1622776601683795e-05,10
3.825,0.00687376,0.16109410030211582,0.9991155921025119,0.0001,3.1622776601683795e-05,10
3.825,0.00687376,0.1827876678695639,0.9988629687258623,0.0001,3.1622776601683795e-05,10
3.825,0.00687376,0.2074025768947119,0.9985389154883109,0.0001,3.1622776601683795e-05,10
3.825,0.00687376,0.23533222675209517,0.9981217155378248,0.0001,3.1622776601683795e-05,10
3.825,0.00687376,0.26702299352921677,0.9975939384915191,0.0001,3.1622776601683795e-05,10
3.825,0.00687376,0.3029813640798744,0.9969153423570726,0.0001,3.1622776601683795e-05,10
3.825,0.00687376,0.3437820307772756,0.9960654063580107,0.0001,3.1622776601683795e-05,10
3.825,0.00687376,0.3900770763385648,0.9949703847321756,0.00010372096353697483,3.2799448588411455e-05,10
3.825,0.00687376,0.442606395514086,0.9935961920659444,0.0001289099238496728,4.076489723638273e-05,10
3.825,0.00687376,0.5022095202024665,0.99186724846573,0.00015876294949623433,5.020525284543824e-05,10
3.825,0.00687376,0.5698390369823854,0.9896811855499605,0.00019580270311510715,6.191825138614848e-05,10
3.825,0.00687376,0.6465758115021445,0.9869543513112197,0.0002411193613408696,7.624863698022991e-05,10
3.825,0.00687376,0.733646263045646,0.9835687691377435,0.0002974038448474603,9.404735346093064e-05,10
3.825,0.00687376,0.8324419653596274,0.9793585535203766,0.0003703829393440574,0.00011712536947952125,10
3.825,0.00687376,0.944541887005679,0.9741623182110631,0.000466505830694655,0.00014752209667439996,10
3.825,0.00687376,1.07173762668587,0.9677298294489957,0.0005903276031734145,0.00018667797916960326,10
3.825,0.00687376,1.2160620468569607,0.9597357085022514,0.0007355631911307077,0.00023260550469548006,10
3.825,0.00687376,1.3798217632601455,0.949802706903532,0.0008969178306192169,0.00028363032187738357,10
3.825,0.00687376,1.5656340096191523,0.9374268285116811,0.001088804791806443,0.00034431030694137977,10
3.825,0.00687376,1.7764684666841306,0.9221209689973449,0.0013431939380993147,0.00042475521837250516,10
3.825,0.00687376,2.015694724139736,0.9035678367334153,0.0016682878236837916,0.0005275589315566178,10
3.825,0.00687376,2.2871361339211447,0.881817124626578,0.002059305705281114,0.0006512096427267755,10
3.825,0.00687376,2.595130915630222,0.8569873734739015,0.00253622083035291,0.0008020234473078704,10
3.825,0.00687376,2.944601490648283,0.8291023792438678,0.0031455132568032353,0.0009946986301752354,10
3.825,0.00687376,3.341133153054221,0.7984211472521691,0.003918484977312918,0.0012391337505462039,10
3.825,0.00687376,3.7910633346790696,0.7661805531609273,0.004915098940959041,0.0015542907578512035,10
3.825,0.00687376,4.301582890945248,0.7345385370800813,0.00618373725774217,0.001955469418650894,10
3.825,0.00687376,4.880851026256805,0.7057392218849369,0.007538774311397063,0.002383969758998219,10
3.825,0.00687376,5.53812569569645,0.6834533408807818,0.008669797088301092,0.0027416305650527404,10
3.825,0.00687376,6.283911567129964,0.671681339121529,0.009016153617377048,0.002851158116487776,10
3.825,0.00687376,7.130127908471745,0.6754176728784703,0.008598010209345459,0.0027189295606912796,10
3.825,0.00687376,8.09029908331239,0.6962097293268499,0.007449539833977077,0.002355751339552017,10
3.825,0.00687376,9.179770699439562,0.7329150938280768,0.0061053143680147555,0.0019306699234278087,10
3.825,0.00687376,10.415954864772132,0.7766656105776238,0.004850698007915142,0.0015339253946653315,10
3.825,0.00687376,11.818608470426591,0.8107950129809588,0.003276370845589485,0.001036079433143461,10
3.825,0.00687376,13.410148948480002,0.8164574458100609,0.003151300132213852,0.0009965286008585524,10
3.825,0.00687376,15.216012550919903,0.7914721093661408,0.004183289404172694,0.00132287226288344,10
3.825,0.00687376,17.265060875852157,0.7584956990258911,0.004261223117565704,0.0013475170669671082,10
3.825,0.00687376,19.590042138132958,0.7480879955614976,0.005446072150385335,0.001722199229682871,10
3.825,0.00687376,22.228114556525306,0.7668873349130223,0.004512445873262383,0.0014269606777736626,10
3.825,0.00687376,25.221440222236385,0.7759414082452565,0.0022430865216086066,0.0007093262397107693,10
3.825,0.00687376,28.617858940136827,0.7552698827512855,0.005779305357867311,0.0018275768224475216,10
3.825,0.00687376,32.471652812099016,0.7525764881284637,0.0067377081860037725,0.0021306504077333345,10
3.825,0.00687376,36.84441378214637,0.7567849430974029,0.005229152846094646,0.0016536033226810997,10
3.825,0.00687376,41.80602800865762,0.7494938632100218,0.005159379111867078,0.0016315389305796633,10
3.825,0.00687376,47.435792796018546,0.7474111810476678,0.00586410524924253,0.0018543929026555777,10
3.825,0.00687376,53.82368393669975,0.7437279068605089,0.007134348127238171,0.002256078970262938,10
3.825,0.00687376,61.071793718622224,0.7379410694823073,0.007287014148709629,0.002304356205179536,10
3.825,0.00687376,69.29596258027223,0.7323551645095667,0.004770522257142563,0.0015085715961097959,10
3.825,0.00687376,78.6276304909359,0.7286909630039359,0.007560868491993623,0.0023909565523702416,10
3.825,0.00687376,89.21593764510581,0.7209075000094478,0.006497138458829454,0.0020545755803377196,10
3.825,0.00687376,101.23010804468997,0.7153888849760198,0.0050409265209160475,0.0015940809323643126,10
3.825,0.00687376,114.8621540638123,0.7094934535438169,0.008894849133226336,0.0028127982704569715,10
3.825,0.00687376,130.32994522098616,0.7004386870731225,0.007459513446842902,0.0023589052728676934,10
3.825,0.00687376,147.88069020426556,0.6929375773852324,0.008039935007760924,0.0025424506864248054,10
3.825,0.00687376,167.7948877996505,0.6856167985539826,0.006723213607399958,0.0021260668195220945,10
3.825,0.00687376,190.39080986710982,0.6756636165031538,0.007219084227184165,0.0022828748778498395,10
3.825,0.00687376,216.02958801185522,0.6658557058504148,0.007592570831373403,0.002400981712329817,10
3.825,0.00687376,245.1209852468513,0.6556067759893883,0.00854356248099507,0.002701711677190344,10
3.825,0.00687376,278.129944890187,0.6448910285960923,0.011698123279955515,0.003699271391409897,10
3.825,0.00687376,315.5840213628226,0.6351041755945063,0.00776936069815776,0.002456887576957449,10
3.825,0.00687376,358.08181164689955,0.6212739967971652,0.010129622803088323,0.0032032679896138398,10
3.825,0.00687376,406.3025221575141,0.6077950110224177,0.011897218564700069,0.0037622308485291537,10
3.825,0.00687376,461.0168239272161,0.5925693903641163,0.013130914534942589,0.004152359769142921,10
3.825,0.00687376,523.0991695925094,0.5805947269263454,0.014329574625671755,0.0045314093718477454,10
3.825,0.00687376,593.5417690343837,0.5649931204962194,0.0132445148763369,0.004188283351320794,10
3.825,0.00687376,673.4704470337788,0.548486503043242,0.011790947593764948,0.0037286250167979,10
3.825,0.00687376,764.1626363815402,0.5332959341212417,0.013996762917142979,0.004426165068755443,10
3.825,0.00687376,867.0677940116019,0.5183647477968119,0.016393075004595744,0.005183945486849777,10
3.825,0.00687376,983.8305664512689,0.49681818999897603,0.015985066837122492,0.005054921975533087,10
3.825,0.00687376,1116.3170748224945,0.47633907994454566,0.017478695045310456,0.005527248687068099,10
3.825,0.00687376,1266.6447394852066,0.45865960170835846,0.013905760895594105,0.004397387702778028,10
3.825,0.00687376,1437.2161209848562,0.43561231843311354,0.0179302547696026,0.005670044409904183,10
3.825,0.00687376,1630.7573181555704,0.41402308581705716,0.01759170347068853,0.005562985088966488,10
3.825,0.00687376,1850.3615370634782,0.3875077163115348,0.02276617052191761,0.007199295244904394,10
3.825,0.00687376,2099.538527115959,0.36400206789878453,0.02403644065508452,0.007600989931353678,10
3.825,0.00687376,2382.2706744325433,0.3387017330452395,0.02678213554309408,0.008469254891952792,10
3.825,0.00687376,2703.0766489706048,0.31111112858880563,0.028573682082180023,0.009035791651723139,10
3.825,0.00687376,3067.0836226242814,0.28388065080597,0.026154962172431472,0.008270925258042907,10
3.825,0.00687376,3480.1092124977263,0.255805847876314,0.028621972708003714,0.009051062488446919,10
3.825,0.00687376,3948.7544589830586,0.22748535419806154,0.027471018939189133,0.008687098949346024,10
3.825,0.00687376,4480.509324633379,0.20138945914889889,0.02644606126005576,0.008362978872211876,10
3.825,0.00687376,5083.872399930549,0.17295952609274212,0.02860329545590433,0.009045156222740196,10
3.825,0.00687376,5768.486729104275,0.14688476116568003,0.029226192100675178,0.009242133437175467,10
3.825,0.00687376,6545.293926792243,0.1242812933298465,0.0285215322205742,0.009019300417489442,10
3.825,0.00687376,7426.709048658179,0.10539295859019042,0.02659612412902642,0.008410432918028544,10
3.825,0.00687376,8426.819010777805,0.0881272087723092,0.022842838683820248,0.007223539846467483,10
3.825,0.00687376,9561.60772896256,0.06912170813751746,0.022583091277294447,0.007141400504373162,10
3.825,0.00687376,10849.211576233662,0.05253921592274009,0.017863710978870052,0.005649001415618538,10
3.825,0.00687376,12310.209241208224,0.03716075491412908,0.014802789447994227,0.004681053037956836,10
3.825,0.00687376,13967.950619959773,0.030385127071709733,0.011794157520865014,0.003729640084873831,10
3.825,0.00687376,15848.929997755764,0.019804802962154432,0.011228185664015598,0.0035506640689539383,10
3.825,0.0057681,0.00999999999839929,0.9999971298403645,0.0001,3.1622776601683795e-05,10
3.825,0.0057681,0.011340229638456928,0.9999959754725494,0.0001,3.1622776601683795e-05,10
3.825,0.0057681,0.012860080827352235,0.9999946663929382,0.0001,3.1622776601683795e-05,10
3.825,0.0057681,0.014583626977463576,0.9999931818665969,0.0001,3.1622776601683795e-05,10
3.825,0.0057681,0.016538167891250538,0.9999914983796356,0.0001,3.1622776601683795e-05,10
3.825,0.0057681,0.018754662171615703,0.9999895892667618,0.0001,3.1622776601683795e-05,10
3.825,0.0057681,0.02126821758518477,0.99998669755098,0.0001,3.1622776601683795e-05,10
3.825,0.0057681,0.024118647145527028,0.9999826090095301,0.0001,3.1622776601683795e-05,10
3.825,0.0057681,0.027351099724297154,0.9999779725096364,0.0001,3.1622776601683795e-05,10
3.825,0.0057681,0.03101677517875149,0.999972132083325,0.0001,3.1622776601683795e-05,10
3.825,0.0057681,0.0351737353227736,0.9999637879090608,0.0001,3.1622776601683795e-05,10
3.825,0.0057681,0.03988782358664057,0.9999543254238292,0.0001,3.1622776601683795e-05,10
3.825,0.0057681,0.04523370793231691,0.9999406012863318,0.0001,3.1622776601683795e-05,10
3.825,0.0057681,0.05129606354334749,0.9999242237315482,0.0001,3.1622776601683795e-05,10
3.825,0.0057681,0.05817091402235541,0.9999025596659064,0.0001,3.1622776601683795e-05,10
3.825,0.0057681,0.06596715233980392,0.9998745942760585,0.0001,3.1622776601683795e-05,10
3.825,0.0057681,0.07480826562481949,0.9998389617952013,0.0001,3.1622776601683795e-05,10
3.825,0.0057681,0.08483429111759326,0.9997932155894228,0.0001,3.1622776601683795e-05,10
3.825,0.0057681,0.09620403426432096,0.9997344608168784,0.0001,3.1622776601683795e-05,10
3.825,0.0057681,0.10909758408780126,0.9996593547023302,0.0001,3.1622776601683795e-05,10
3.825,0.0057681,0.123719165675457,0.9995602635387042,0.0001,3.1622776601683795e-05,10
3.825,0.0057681,0.14030037496625622,0.9994381512038586,0.0001,3.1622776601683795e-05,10
3.825,0.0057681,0.15910384707336395,0.9992783384896973,0.0001,3.1622776601683795e-05,10
3.825,0.0057681,0.18042741624626932,0.9990741462705344,0.0001,3.1622776601683795e-05,10
3.825,0.0057681,0.204608833363367,0.9988107364379759,0.0001,3.1622776601683795e-05,10
3.825,0.0057681,0.2320311156768765,0.9984722219360627,0.0001,3.1622776601683795e-05,10
3.825,0.0057681,0.2631286135464337,0.9980447118348158,0.0001,3.1622776601683795e-05,10
3.825,0.0057681,0.298393890254299,0.9974954867922333,0.0001,3.1622776601683795e-05,10
3.825,0.0057681,0.33838552387379267,0.9968071380543752,0.0001,3.1622776601683795e-05,10
3.825,0.0057681,0.38373695476726116,0.9959203124897117,0.0001,3.1622776601683795e-05,10
3.825,0.0057681,0.43516651885194785,0.9948099353143846,0.00010447205412422702,3.303696428689449e-05,10
3.825,0.0057681,0.49348882555389223,0.9934151485971695,0.00013567985477808825,4.290573736996384e-05,10
3.825,0.0057681,0.5596276606689353,0.9916637845100069,0.00017616159419780875,5.570718739113782e-05,10
3.825,0.0057681,0.6346306185034041,0.9894648338089196,0.00022981348369019688,7.267340454789798e-05,10
3.825,0.0057681,0.719685695057657,0.9867321773921878,0.00029867050980669795,9.444790809128217e-05,10
3.825,0.0057681,0.8161401050772725,0.9833306832465919,0.0003852952326770503,0.00012184105068640138,10
3.825,0.0057681,0.9255216210212134,0.9791304390104344,0.0004895522282182806,0.00015481000747803207,10
3.825,0.0057681,1.0495627719417522,0.9739174664064827,0.0006096391606683904,0.00019278482985454523,10
3.825,0.0057681,1.1902282855700084,0.967413184466316,0.0007422193947155989,0.00023471038108528345,10
3.825,0.0057681,1.3497462082711347,0.9592792262084158,0.0008776704356623995,0.00027754376116854545,10
3.825,0.0057681,1.5306431957881304,0.9490579593043377,0.0010074100887290417,0.00031857104182160935,10
3.825,0.0057681,1.7357845337557483,0.9362960749039189,0.0011277414561531246,0.0003566231613238784,10
3.825,0.0057681,1.9684195218822977,0.9206863609421975,0.0012546101128895102,0.0003967425532211826,10
3.825,0.0057681,2.2322329406540016,0.9020931039591235,0.0013991344412631875,0.0004424451587178745,10
3.825,0.0057681,2.5314034157596432,0.8804404990625108,0.0015357261641145425,0.00048563925409154956,10
3.825,0.0057681,2.870669604688374,0.8555462003890018,0.001707053452568271,0.0005398176997769945,10
3.825,0.0057681,3.2554052538515506,0.8273277111972428,0.002018040082749519,0.0006381603071003152,10
3.825,0.0057681,3.691704315082512,0.7965865599401234,0.0025803250314760597,0.0008159704203010013,10
3.825,0.0057681,4.186477469701944,0.7648095972072655,0.003339628109543322,0.0010560831364079205,10
3.825,0.0057681,4.747561589024565,0.7336341152402484,0.004255737033951411,0.0013457822150015786,10
3.825,0.0057681,5.383843865087404,0.7059854537947423,0.004968953173851356,0.0015713209616092906,10
3.825,0.0057681,6.10540257774617,0.6855777957819511,0.005305231959033645,0.001677661650606342,10
3.825,0.0057681,6.923666727795127,0.6765326596867555,0.005454089172974441,0.0017247344348263304,10
3.825,0.0057681,7.851597064590857,0.6823482164407272,0.00509021313476289,0.0016096667281556341,10
3.825,0.0057681,8.903891375534725,0.705662201140975,0.004226256330742885,0.001336459598085341,10
3.825,0.0057681,10.097217289060278,0.7452882490822901,0.003966714630348076,0.0012543853059812792,10
3.825,0.0057681,11.450476278567004,0.7896482397239875,0.004593573748648319,0.0014526155645686496,10
3.825,0.0057681,12.985103048943898,0.8202151327379881,0.005518893105804846,0.0017452272377343947,10
3.825,0.0057681,14.725405047762221,0.8210198984740265,0.00612265507873553,0.0019361535376401834,10
3.825,0.0057681,16.698947478764666,0.7942303384946802,0.006155777855720948,0.0019466278794105563,10
3.825,0.0057681,18.93698991600354,0.763940120163546,0.006119420363846967,0.0019351306309772717,10
3.825,0.0057681,21.474981434299885,0.7589961717989705,0.004372080760340829,0.0013825733316877784,10
3.825,0.0057681,24.353122098554227,0.7784290244211947,0.005385458072958516,0.0017030313753890163,10
3.825,0.0057681,27.6169997055192,0.7814883222144128,0.004889488094171097,0.0015461918969856523,10
3.825,0.0057681,31.318311863591678,0.7615166512575058,0.005697607443038382,0.0018017416733529358,10
3.825,0.0057681,35.51568484787901,0.7648440985241302,0.004227141267727812,0.0013367394397311503,10
3.825,0.0057681,40.275602200648294,0.7687527532642832,0.003564299040710599,0.001127130323059871,10
3.825,0.0057681,45.67345778556031,0.7567892369162609,0.00357066010307513,0.0011291418676009006,10
3.825,0.0057681,51.79474997535315,0.7569592239447973,0.004576022913504877,0.0014470655031795091,10
3.825,0.0057681,58.73643588809864,0.7531414133054515,0.00487625736078043,0.0015420079717227574,10
3.825,0.0057681,66.60846712221625,0.7505345098275436,0.0053741934244459265,0.0016994691807549153,10
3.825,0.0057681,75.53553131524515,0.7470827684394516,0.004882437031188558,0.00154396215509064,10
3.825,0.0057681,85.65902711148503,0.7424606818453809,0.006041061843300287,0.0019103514910764107,10
3.825,0.0057681,97.13930382065405,0.7368259900857013,0.006991193002549729,0.00221080934498885,10
3.825,0.0057681,110.15820124223863,0.7318866534359743,0.0068842012066049965,0.002176975568375118,10
3.825,0.0057681,124.92192988463019,0.7268915423150508,0.007724136305284623,0.0024425863682297085,10
3.825,0.0057681,141.66433719976857,0.7200702453281509,0.007111669437835047,0.0022489073389767985,10
3.825,0.0057681,160.6506115682328,0.7185189498307081,0.00644597682460355,0.0020383968510406915,10
3.825,0.0057681,182.18148270339256,0.7091196407021767,0.007300605239747046,0.00230865408553603,10
3.825,0.0057681,206.59798500617453,0.7037598959042766,0.0066927270169246265,0.0021164261131226105,10
3.825,0.0057681,234.2868593187527,0.6955958011092155,0.007562411810711709,0.002391444592600714,10
3.825,0.0057681,265.68667863727967,0.6859130573020575,0.009668595957641718,0.00305747850020447,10
3.825,0.0057681,301.29479481079477,0.6767859972889696,0.009866458641210872,0.0031200481746076402,10
3.825,0.0057681,341.67521625730984,0.6667629290629346,0.010465999038448812,0.0033096394950630414,10
3.825,0.0057681,387.4675414747558,0.6563085536232954,0.012744064196732933,0.004030026950908023,10
3.825,0.0057681,439.3970898475415,0.6474423326985275,0.017107732509366872,0.005409940033050719,10
3.825,0.0057681,498.28639021384265,0.6375427813021378,0.014082171734608418,0.00445317370830068,10
3.825,0.0057681,565.0682091647246,0.6240911057775975,0.014495923759368425,0.004584013586775479,10
3.825,0.0057681,640.8003254345329,0.6107431093317031,0.017460830273924213,0.005521599350322226,10
3.825,0.0057681,726.6822843988746,0.6007334142905965,0.01637774507328549,0.005179097736918345,10
3.825,0.0057681,824.0743980600812,0.5884335812309718,0.020199656132594754,0.0063876921331187594,10
3.825,0.0057681,934.5192914670386,0.572347613188363,0.02070933443798683,0.006548866565020143,10
3.825,0.0057681,1059.7663368500664,0.5581374718935708,0.022003227950580025,0.006958031619971168,10
3.825,0.0057681,1201.7993624909789,0.5426812053207916,0.021409962254889916,0.00677042453436866,10
3.825,0.0057681,1362.8680752180405,0.5268375185235454,0.022125672759541994,0.006996752068369571,10
3.825,0.0057681,1545.5236942368313,0.5114570420391981,0.02174052105442351,0.006874956405082376,10
3.825,0.0057681,1752.6593607127502,0.4921013611415418,0.02381821703789434,0.007531981564397513,10
3.825,0.0057681,1987.5559631655215,0.47208473119551864,0.0212625654212518,0.006723813562949323,10
3.825,0.0057681,2253.934104518936,0.453308423232545,0.02234978210262525,0.007067621665276289,10
3.825,0.0057681,2556.013033928596,0.43279454506552434,0.02251186021686322,0.0071188752652619845,10
3.825,0.0057681,2898.577476827908,0.4091545150373331,0.02605183044667668,0.008238312142802007,10
3.825,0.0057681,3287.0534217349177,0.38790055608249074,0.02559705147535665,0.008094498404670037,10
3.825,0.0057681,3727.5940642316395,0.36426474395942904,0.02434175463080913,0.007697538687830791,10
3.825,0.0057681,4227.1772694102265,0.3395032980535077,0.023460035481062035,0.007418714610852001,10
3.825,0.0057681,4793.716096525065,0.31508759764550937,0.022775095797298965,0.007202117664799326,10
3.825,0.0057681,5436.1841364863385,0.29047088852034086,0.024112039866063254,0.007624896500954118,10
3.825,0.0057681,6164.757647455977,0.2669504722542864,0.02074683287181153,0.006560724610977658,10
3.825,0.0057681,6990.976739877485,0.24375861065284593,0.01903796723260937,0.006020333847469823,10
3.825,0.0057681,7927.9281640012005,0.2158569677456547,0.016007817040678714,0.005062116221580099,10
3.825,0.0057681,8990.452595135517,0.19162319985526885,0.018388275602373872,0.005814883314640614,10
3.825,0.0057681,10195.37969988176,0.16700606650354274,0.0166990481143966,0.005280702679823327,10
3.825,0.0057681,11561.79470664286,0.14478722700750968,0.015205524654757543,0.004808409092687928,10
3.825,0.0057681,13111.340702701305,0.12122087645955322,0.016461371587189008,0.0052055427625898295,10
3.825,0.0057681,14868.561446048067,0.10122704105499432,0.017980391158611518,0.005685898928196625,10
3.825,0.0057681,16861.29012186821,0.08515996138061165,0.01886705808979792,0.005966287631046706,10
3.825,0.0057681,19121.09020132387,0.06936762291885955,0.016774806151097613,0.005304659474527109,10
3.825,0.0057681,21683.75538553704,0.0551696806011478,0.019615437116739864,0.006202945858870411,10
3.825,0.0057681,24589.876553547903,0.04331420045371677,0.019695821021571483,0.006228365481519025,10
3.825,0.0057681,27885.48469431772,0.03367490532352237,0.017098238141714597,0.005406937650378297,10
3.825,0.0057681,31622.78000638587,0.02437796182030415,0.015746374781705298,0.0049794409200825404,10
3.825,0.00260712,0.010000000009313226,0.9999987278855732,0.0001,3.1622776601683795e-05,10
3.825,0.00260712,0.011322141333229493,0.9999982233718757,0.0001,3.1622776601683795e-05,10
3.825,0.00260712,0.012819088425023667,0.9999976521543369,0.0001,3.1622776601683795e-05,10
3.825,0.00260712,0.01451395307761125,0.9999970054137671,0.0001,3.1622776601683795e-05,10
3.825,0.00260712,0.016432902789553252,0.9999962731649543,0.0001,3.1622776601683795e-05,10
3.825,0.00260712,0.01860556477252652,0.9999954441024996,0.0001,3.1622776601683795e-05,10
3.825,0.00260712,0.02106548337429136,0.999994234526636,0.0001,3.1622776601683795e-05,10
3.825,0.00260712,0.023850637979439655,0.9999924636172979,0.0001,3.1622776601683795e-05,10
3.825,0.00260712,0.02700402938394123,0.9999904585687187,0.0001,3.1622776601683795e-05,10
3.825,0.00260712,0.0305743436966919,0.9999880425137535,0.0001,3.1622776601683795e-05,10
3.825,0.00260712,0.03461670401822868,0.9999844452723334,0.0001,3.1622776601683795e-05,10
3.825,0.00260712,0.03919352150199405,0.9999803724247606,0.0001,3.1622776601683795e-05,10
3.825,0.00260712,0.04437545893792669,0.9999746507353173,0.0001,3.1622776601683795e-05,10
3.825,0.00260712,0.05024252173542083,0.9999678793816555,0.0001,3.1622776601683795e-05,10
3.825,0.00260712,0.05688529314965038,0.9999585989738067,0.0001,3.1622776601683795e-05,10
3.825,0.00260712,0.06440633282227023,0.9999469768345062,0.0001,3.1622776601683795e-05,10
3.825,0.00260712,0.07292176022896245,0.9999321882497823,0.0001,3.1622776601683795e-05,10
3.825,0.00260712,0.0825630474811258,0.999913199763041,0.0001,3.1622776601683795e-05,10
3.825,0.00260712,0.09347904916128522,0.9998888030364,0.0001,3.1622776601683795e-05,10
3.825,0.00260712,0.10583830053142833,0.9998575981768709,0.0001,3.1622776601683795e-05,10
3.825,0.00260712,0.11983161959696308,0.9998167335649925,0.0001,3.1622776601683795e-05,10
3.825,0.00260712,0.13567505320030374,0.9997665916334647,0.0001,3.1622776601683795e-05,10
3.825,0.00260712,0.1536132126296635,0.99970051607974,0.0001,3.1622776601683795e-05,10
3.825,0.00260712,0.17392305024246993,0.9996170776596024,0.0001,3.1622776601683795e-05,10
3.825,0.00260712,0.19691813541176756,0.9995108680187469,0.0001,3.1622776601683795e-05,10
3.825,0.00260712,0.22295349581316398,0.9993745324231407,0.0001,3.1622776601683795e-05,10
3.825,0.00260712,0.2524310987983285,0.999201363214097,0.0001,3.1622776601683795e-05,10
3.825,0.00260712,0.28580605748353166,0.9989793568560159,0.0001,3.1622776601683795e-05,10
3.825,0.00260712,0.32359365737079593,0.9987004505750049,0.0001,3.1622776601683795e-05,10
3.825,0.00260712,0.3663773119876637,0.9983407369013166,0.0001,3.1622776601683795e-05,10
3.825,0.00260712,0.4148175703749755,0.9978926657505903,0.0001,3.1622776601683795e-05,10
3.825,0.00260712,0.46966231549182735,0.9973268447737949,0.0001,3.1622776601683795e-05,10
3.825,0.00260712,0.5317583109937905,0.996614256355055,0.0001,3.1622776601683795e-05,10
3.825,0.00260712,0.6020642746583937,0.9957232046039243,0.00010424066532534426,3.2963792723942474e-05,10
3.825,0.00260712,0.6816656803022128,0.9946115110720319,0.0001330835362200163,4.2084709352476686e-05,10
3.825,0.00260712,0.7717915167205817,0.9932322848878641,0.00017033869786114633,5.386582589084743e-05,10
3.825,0.00260712,0.8738332623959774,0.9915096984286726,0.00021862486049036746,6.913525122861175e-05,10
3.825,0.00260712,0.9893663689310082,0.9893661086659187,0.0002795273616169269,8.83943131047016e-05,10
3.825,0.00260712,1.1201745848948503,0.9866855403353512,0.00035439938508570744,0.00011207092582339432,10
3.825,0.00260712,1.2682774956259426,0.9832803542566945,0.00044330805944209616,0.00014018631729463367,10
3.825,0.00260712,1.435961704185783,0.9789366671770802,0.0005444474858537318,0.00017216941216500957,10
3.825,0.00260712,1.6258161348754934,0.9733975858138086,0.0006547482899088445,0.00020704958902121882,10
3.825,0.00260712,1.8407720043761726,0.9664032943343897,0.0007675938547255708,0.00024273448988812048,10
3.825,0.00260712,2.0841480776389014,0.9576939464115608,0.0008767546092084759,0.00027725415141496206,10
3.825,0.00260712,2.3597019072429775,0.9470343743731175,0.0009894777144897377,0.0003129003271765363,10
3.825,0.00260712,2.671687847321414,0.9341286249616406,0.001113902983870423,0.00035224705214883373,10
3.825,0.00260712,3.024922737747293,0.9185680744919257,0.0012396111089791354,0.000391999451722127,10
3.825,0.00260712,3.4248602726977837,0.8999486460935293,0.0014237800647916492,0.000450238789188372,10
3.825,0.00260712,3.8776752017933567,0.8781260801748043,0.0017696565694622038,0.0005596145435780538,10
3.825,0.00260712,4.39035866381752,0.8530422401918358,0.00210608464693186,0.0006660024429416229,10
3.825,0.00260712,4.970826124901611,0.8247832096905366,0.0023376527765586286,0.0007392307152541934,10
3.825,0.00260712,5.628039587663034,0.7939959571807156,0.002428167539852171,0.0007678539966420533,10
3.825,0.00260712,6.372145958118625,0.7623574960246777,0.0023606896360025722,0.0007465156098521957,10
3.825,0.00260712,7.214633706659467,0.7316139947648854,0.0024661538937099147,0.0007798663364616126,10
3.825,0.00260712,8.168510241820464,0.704879423090832,0.002672213541910121,0.0008450281186781794,10
3.825,0.00260712,9.248502735369057,0.6857533526438198,0.0032271955293548095,0.001020528832747398,10
3.825,0.00260712,10.471285499308664,0.67800884584326,0.004236858503089847,0.0013398122993615463,10
3.825,0.00260712,11.855737425335406,0.6849696024683649,0.005474570517927851,0.0017312112047859678,10
3.825,0.00260712,13.423233461429227,0.7081296610259161,0.006925350319153061,0.002189988060309768,10
3.825,0.00260712,15.197974625769481,0.7455755933960029,0.007521374608995756,0.0023784674899784957,10
3.825,0.00260712,17.207361653154173,0.788104196499662,0.006406832108059487,0.0020260182047766,10
3.825,0.00260712,19.48241804275608,0.8195999822438038,0.0037550620931233593,0.0011874548969629112,10
3.825,0.00260712,22.058269038771115,0.8250569937322035,0.0031649447872518634,0.001000843419639293,10
3.825,0.00260712,24.974683939077185,0.8020025067986595,0.004627505619565312,0.001463345764305502,10
3.825,0.00260712,28.276690104762153,0.7717092808478975,0.006067116460549386,0.0019185906844835171,10
3.825,0.00260712,32.01526815038837,0.7663553849392022,0.0046205252958703945,0.0014611383921373838,10
3.825,0.00260712,36.24813904823507,0.7841526925157976,0.0035846542408257158,0.0011335672025191003,10
3.825,0.00260712,41.04065529884516,0.790697137769272,0.0027999195018129984,0.0008854122890853023,10
3.825,0.00260712,46.46680992691227,0.7785509715149299,0.0025628503178441423,0.0008104444306473961,10
3.825,0.00260712,52.61037888068399,0.7774886846250271,0.003356318372700804,0.001061361061040444,10
3.825,0.00260712,59.56621447271023,0.7813337451944034,0.0042007157971969454,0.0013283829722192304,10
3.825,0.00260712,67.44170983173859,0.7779874084688779,0.0023803332210258154,0.0007527274568606577,10
3.825,0.00260712,76.35845697584534,0.778800185149416,0.0018600801911770686,0.0005882090034680971,10
3.825,0.00260712,86.45412410626783,0.7769618596119545,0.0023421634456379796,0.0007406571140603979,10
3.825,0.00260712,97.88458110601066,0.7765970271106291,0.0031343705355754664,0.0009911749923340294,10
3.825,0.00260712,110.82630605940687,0.7769303076513081,0.004434569892704952,0.0014023341304156155,10
3.825,0.00260712,125.47910994757356,0.7767985120519247,0.004348576118747228,0.0013751405113856076,10
3.825,0.00260712,142.06922158711487,0.7759225995844358,0.004391874024353372,0.0013888325113486466,10
3.825,0.00260712,160.8527804413156,0.7746528757095771,0.00316340222540968,0.0010003556187539967,10
3.825,0.00260712,182.1197912303386,0.7742697993880265,0.0016943238663966358,0.0005357922511796195,10
3.825,0.00260712,206.19860139677655,0.7732376210569044,0.002968679464510458,0.0009387788750822048,10
3.825,0.00260712,233.46097055542833,0.7741306159959679,0.0038432442931479504,0.0012153405570791377,10
3.825,0.00260712,264.32781019597456,0.7723685187825835,0.003946718670669229,0.0012480620283226744,10
3.825,0.00260712,299.27568225546634,0.772177435643137,0.0055818940840805555,0.0017651498963513978,10
3.825,0.00260712,338.84415689393416,0.7704666309914319,0.0052175349053961055,0.0016499294072482842,10
3.825,0.00260712,383.64414307191413,0.7695334400806969,0.004712756774984838,0.001490304546734173,10
3.825,0.00260712,434.36732054805697,0.7700695607831529,0.004193324335310926,0.0013260455867394158,10
3.825,0.00260712,491.7968189201088,0.7682015272753282,0.0035117767422784907,0.001110521313960616,10
3.825,0.00260712,556.8193085860364,0.7684701213085952,0.004045988021616329,0.0012794537534066173,10
3.825,0.00260712,630.4386903010816,0.767065945073478,0.007396824178538714,0.0023390811855986296,10
3.825,0.00260712,713.7915946877231,0.7649989638796784,0.0076225159560988215,0.0024104511922248316,10
3.825,0.00260712,808.1649309999045,0.7626034431620626,0.005696348178914263,0.0018013434590721403,10
3.825,0.00260712,915.0157560818838,0.7625366664896593,0.007370052198758011,0.0023306151422407303,10
3.825,0.00260712,1035.9937702842494,0.7607658015058689,0.007928387893776312,0.002507176391763826,10
3.825,0.00260712,1172.9667876579438,0.7589600341485612,0.00833441183486397,0.0026355724356033282,10
3.825,0.00260712,1328.049573667901,0.755748091443888,0.007828017159172248,0.002475436378586514,10
3.825,0.00260712,1503.6364956599452,0.7538519826468643,0.008123926092628736,0.0025690109995578844,10
3.825,0.00260712,1702.438490180863,0.7518346388085801,0.008653190785384112,0.002736379190979505,10
3.825,0.00260712,1927.5249179006098,0.7507658409436394,0.011646915940254507,0.003683078208772582,10
3.825,0.00260712,2182.3709523467332,0.7490844377970819,0.011473215615822242,0.003628149343220967,10
3.825,0.00260712,2470.9112340992224,0.7452026607478855,0.011521890405870004,0.0036435416633391095,10
3.825,0.00260712,2797.600618828123,0.7436174320228124,0.015521292717111482,0.00490826372162558,10
3.825,0.00260712,3167.482957080283,0.7423161444563967,0.015934766129830472,0.005039015495237064,10
3.825,0.00260712,3586.268967725887,0.7371865031345612,0.0153397437451399,0.004850852895796353,10
3.825,0.00260712,4060.4244073751906,0.7333311819103369,0.020225041224522206,0.006395719604029109,10
3.825,0.00260712,4597.2698970381125,0.7323004522789306,0.020524805026940443,0.006490513241600541,10
3.825,0.00260712,5205.093947279073,0.7310365606382947,0.021586760337791357,0.006826332997160642,10
3.825,0.00260712,5893.280926894562,0.7275736722672104,0.023239629916805067,0.007349016251649339,10
3.825,0.00260712,6672.455950858376,0.7242241722878071,0.024863144578181263,0.007862416666111916,10
3.825,0.00260712,7554.648924500861,0.7208900882758474,0.025403680822445835,0.008033349235086834,10
3.825,0.00260712,8553.48027664685,0.7177316582767889,0.026242365687268728,0.008298564676281912,10
3.825,0.00260712,9684.371249299384,0.7154810112282742,0.02681693582158661,0.00848025970627725,10
3.825,0.00260712,10964.781990591448,0.7100721983489195,0.029214822543079465,0.009238538067376375,10
3.825,0.00260712,12414.481126990673,0.7061070576483766,0.029072109547242025,0.00919340825552113,10
3.825,0.00260712,14055.850976759333,0.7003344179533767,0.031378640749275453,0.009922797464788293,10
3.825,0.00260712,15914.233116946823,0.6948085395541603,0.0375545067761528,0.011875777781687002,10
3.825,0.00260712,18018.319639222467,0.6904867342598863,0.03887970734950695,0.012294842998523018,10
3.825,0.00260712,20400.59613525858,0.6821605836573167,0.041911226478090945,0.013253493520192445,10
3.825,0.00260712,23097.84325104177,0.678019190533387,0.04580438302367164,0.014484617717355257,10
3.825,0.00260712,26151.704553751933,0.6739776826647662,0.049277581482686884,0.015582939506982772,10
3.825,0.00260712,29609.329478668253,0.6673392509892409,0.05052860980678049,0.015978549399134682,10
3.825,0.00260712,33524.1012827423,0.6557698600587969,0.05385153854385134,0.017029351730291752,10
3.825,0.00260712,37956.461243921076,0.6488525697985477,0.05707392642854541,0.01804836025230828,10
3.825,0.00260712,42974.8418312688,0.6389102609478168,0.06124246725851482,0.01936656860651948,10
3.825,0.00260712,48656.72325336576,0.6303112687013233,0.06258922183251865,0.019792449796829672,10
3.825,0.00260712,55089.82969733774,0.6152838655723339,0.06763500722320714,0.02138806723872749,10
3.825,0.00260712,62373.483727590195,0.6037626167738903,0.06817068726498053,0.021557464141637294,10
3.825,0.00260712,70620.13975519652,0.5929207548383362,0.07268170808654754,0.022983974178496874,10
3.825,0.00260712,79957.12025360957,0.5792275311175241,0.07569501016342707,0.023936863962602382,10
3.825,0.00260712,90528.58152662813,0.5654033887964445,0.08156250504490518,0.02579232876108744,10
3.825,0.00260712,102497.73937866882,0.5550465178443712,0.0855794740673076,0.027062605901200597,10
3.825,0.00260712,116049.38905010147,0.5419987563005964,0.08686340388273245,0.027468620158454807,10
3.825,0.00260712,131392.75832364944,0.5270543987025468,0.08941286540776389,0.028274830681061378,10
3.825,0.00260712,148764.7378517746,0.508554462761347,0.09107622311744856,0.028800830573681848,10
3.825,0.00260712,168433.53857899687,0.4923671125012863,0.0931779852796702,0.029465466126939913,10
3.825,0.00260712,190702.83272713036,0.4784305795756736,0.0957677719639328,0.03028442858456443,10
3.825,0.00260712,215916.44227729153,0.46056875609334025,0.09311291861819278,0.029444890241938738,10
3.825,0.00260712,244463.64733548387,0.44014701142844126,0.09280568624281135,0.029347734834223822,10
3.825,0.00260712,276785.1963391358,0.4157679123472697,0.0908381306977031,0.0287255391396802,10
3.825,0.00260712,313380.11089787923,0.39346177562014445,0.09487945411748878,0.03000351781647055,10
3.825,0.00260712,354813.3903304457,0.3683857052471991,0.10142097078744272,0.03207212701937199,10
3.85,0.0988608,0.010000000000218279,0.9999445298875891,0.0001,3.1622776601683795e-05,10
3.85,0.0988608,0.011351307054675233,0.9999221114616867,0.0001,3.1622776601683795e-05,10
3.85,0.0988608,0.012885217184670714,0.9998966636180773,0.0001,3.1622776601683795e-05,10
3.85,0.0988608,0.014626405672618265,0.9998677769894091,0.0001,3.1622776601683795e-05,10
3.85,0.0988608,0.016602882189250948,0.999834986890231,0.0001,3.1622776601683795e-05,10
3.85,0.0988608,0.018846441371867226,0.9997977658418193,0.0001,3.1622776601683795e-05,10
3.85,0.0988608,0.021393174289532996,0.9997400896205102,0.0001,3.1622776601683795e-05,10
3.85,0.0988608,0.024284049022937213,0.9996601212268666,0.0001,3.1622776601683795e-05,10
3.85,0.0988608,0.027565569698412937,0.9995693466477773,0.0001,3.1622776601683795e-05,10
3.85,0.0988608,0.03129052457769065,0.9994521136986652,0.0001,3.1622776601683795e-05,10
3.85,0.0988608,0.035518835237547564,0.9992886498240802,0.0001,3.1622776601683795e-05,10
3.85,0.0988608,0.040318520499702026,0.9990995997457832,0.0001,3.1622776601683795e-05,10
3.85,0.0988608,0.045766790617234585,0.9988291533828981,0.0001,3.1622776601683795e-05,10
3.85,0.0988608,0.051951289319191934,0.9985009236020073,0.0001,3.1622776601683795e-05,10
3.85,0.0988608,0.05897150369355452,0.9980760396582958,0.0001,3.1622776601683795e-05,10
3.85,0.0988608,0.06694036458868406,0.9975182615127547,0.0001,3.1622776601683795e-05,10
3.85,0.0988608,0.0759860632781475,0.9968079666757823,0.0001,3.1622776601683795e-05,10
3.85,0.0988608,0.08625411361274073,0.995897690427606,0.0001,3.1622776601683795e-05,10
3.85,0.0988608,0.09790969283256912,0.9947315636903922,0.000116011256518204,3.6685980481557976e-05,10
3.85,0.0988608,0.11114029869471674,0.9932283974588805,0.0001485462447498449,4.697444712743389e-05,10
3.85,0.0988608,0.12615876566045128,0.9912838805237583,0.00019108730174457404,6.042711054487206e-05,10
3.85,0.0988608,0.14320668866193417,0.9888266270273431,0.00024460744670653524,7.735166642309038e-05,10
3.85,0.0988608,0.16255830952494102,0.9856891241073173,0.00031199151353488,9.866037934134715e-05,10
3.85,0.0988608,0.1845249285666265,0.9816703209645915,0.0003991304335905827,0.00012621612536368185,10
3.85,0.0988608,0.209459912335607,0.9765691583920514,0.0005093111045772735,0.00016105831280803932,10
3.85,0.0988608,0.23776437805149325,0.9700856452646262,0.0006505052926139424,0.00020570783546543646,10
3.85,0.0988608,0.2698936461867474,0.9619924446068655,0.0008322866630493647,0.0002631921521417093,10
3.85,0.0988608,0.3063645649904774,0.9518002077453437,0.001067491370086039,0.00033757041120456165,10
3.85,0.0988608,0.3477638247803005,0.939305207198689,0.001358569345496283,0.00042961734910524724,10
3.85,0.0988608,0.3947573957503299,0.9237601374970922,0.0017301322982325566,0.0005471158715836589,10
3.85,0.0988608,0.4481012411168134,0.9049495053326243,0.0021988055685728896,0.000695323372855188,10
3.85,0.0988608,0.5086534779386983,0.882299216745217,0.002798206637800338,0.0008848706339250879,10
3.85,0.0988608,0.5773881812384607,0.8555946780545207,0.003518497925908817,0.0011126467388450228,10
3.85,0.0988608,0.6554110534835178,0.8246674127002098,0.0043109674770209225,0.0013632476146295703,10
3.85,0.0988608,0.7439772114957187,0.7895800536953458,0.005118612951128077,0.0016186475386400858,10
3.85,0.0988608,0.8445113769184625,0.7507202333127753,0.005857176367524976,0.0018522017978690407,10
3.85,0.0988608,0.9586307950358789,0.7084625363444562,0.006434438215265201,0.0020347480223866844,10
3.85,0.0988608,1.088171250628218,0.6634134733322447,0.006736754337433035,0.002130348774330692,10
3.85,0.0988608,1.2352165993681232,0.616589750406445,0.006941513558994282,0.0021950993255363516,10
3.85,0.0988608,1.402132289815328,0.569013576840835,0.007218734287860405,0.002282764217319245,10
3.85,0.0988608,1.5916034152621248,0.5229265149946294,0.007380363461528558,0.0023338758498314726,10
3.85,0.0988608,1.80667790755158,0.4807653437629885,0.007447046392217476,0.002354962844034685,10
3.85,0.0988608,2.0508155677068496,0.44596490290693647,0.008030528656734396,0.0025394761370533163,10
3.85,0.0988608,2.3279437221040404,0.4228030224709511,0.009317388727553687,0.0029464170224247706,10
3.85,0.0988608,2.642520399502972,0.41454484988598417,0.010302617511461235,0.00325797371977534,10
3.85,0.0988608,2.9996060452346534,0.42182585806991363,0.01051967388686241,0.003326612972468166,10
3.85,0.0988608,3.404944926177538,0.4433206349013689,0.00989924264105183,0.0031304153856384427,10
3.85,0.0988608,3.865057536045609,0.4757534813493131,0.010232733436908769,0.0032358744349994598,10
3.85,0.0988608,4.3873454874682505,0.5079168466825246,0.011779402142015198,0.0037249740243834213,10
3.85,0.0988608,4.980210578210885,0.5208532629014309,0.010695002807766795,0.0033820568454439024,10
3.85,0.0988608,5.653189946897943,0.5090619585391221,0.008162832057342697,0.0025813141458641098,10
3.85,0.0988608,6.417109492424104,0.4782517123026748,0.006223492497825988,0.0019680411294100628,10
3.85,0.0988608,7.284258025038717,0.4539937202926783,0.011082505000552354,0.003504595798195106,10
3.85,0.0988608,8.268584950589176,0.4401607510501475,0.014030648654380955,0.004436880679742043,10
3.85,0.0988608,9.385924667975567,0.43198772552145037,0.011766048139184783,0.0037207511179009767,10
3.85,0.0988608,10.65425128959158,0.4140635347779925,0.009294048680794066,0.002939036251579247,10
3.85,0.0988608,12.093967782318368,0.39569242507757396,0.010644740843149115,0.003366162616657236,10
3.85,0.0988608,13.728234180344895,0.37998715131224686,0.01086286569910687,0.0034351397525695018,10
3.85,0.0988608,15.583340149618108,0.355315290353185,0.014648178475875488,0.004632160755642035,10
3.85,0.0988608,17.689127897190275,0.3353479381811414,0.00846686120338979,0.0026774566035225895,10
3.85,0.0988608,20.07947222860456,0.316331452902647,0.010833813161814374,0.0034259525336043746,10
3.85,0.0988608,22.792825475773903,0.2922009106060144,0.010654120415314008,0.003369128697809134,10
3.85,0.0988608,25.872836061348632,0.27125143179940653,0.006125851125030467,0.0019371642162201177,10
3.85,0.0988608,29.369050650123167,0.24351343292029,0.008039996831346593,0.0025424702367591884,10
3.85,0.0988608,33.33771118265806,0.22101345159252053,0.007899903611072626,0.0024981688706778474,10
3.85,0.0988608,37.842659612617176,0.1928804636517155,0.006339439592722043,0.0020047068202051843,10
3.85,0.0988608,42.95636490189982,0.1660606852303157,0.007248712246932135,0.002292244080346243,10
3.85,0.0988608,48.76108879434957,0.1446365463584808,0.008788272658688782,0.00277909583000401,10
3.85,0.0988608,55.350209121286355,0.1205507831749462,0.005455063472953923,0.0017250425355322724,10
3.85,0.0988608,62.82972192624931,0.10032180624239191,0.008001284065205394,0.002530228185206025,10
3.85,0.0988608,71.31994657291497,0.08125442382737744,0.007718377251168869,0.0024407651954123136,10
3.85,0.0988608,80.95746126545187,0.061485338509931764,0.008826069223450908,0.002791048153241848,10
3.85,0.0988608,91.89730011710618,0.04747482163519236,0.005001007572574182,0.001581457452508423,10
3.85,0.0988608,104.31544711021446,0.03384873356431768,0.005096822612916056,0.0016117568286665468,10
3.85,0.0988608,118.41166706679324,0.020612729141907843,0.004810520980357594,0.001521220302995611,10
3.85,0.0988608,134.41271917018034,0.010664407898583065,0.0037071767216103773,0.0011723122129044747,10
3.85,0.0988608,152.57600473212457,0.006517626352985123,0.00644427964945954,0.0020378601571363615,10
3.85,0.0988608,173.19370788521238,0.0037677542580569793,0.0049658072641741244,0.001570326137619969,10
3.85,0.0988608,196.59749580998604,0.0001875591747759143,0.005160702045032304,0.0016319572787790923,10
3.85,0.0988608,223.1638541070668,0.001306971686083931,0.00399419391035495,0.001263075017309604,10
3.85,0.0988608,253.32014314187637,0.0011333317540867882,0.00343869458792897,0.001087410707554969,10
3.85,0.0988608,287.5514727874956,0.0010871276881688873,0.0031521974827063114,0.0009968123680001168,10
3.85,0.0988608,326.40850615637055,-0.0022593211737280605,0.0034500840395420927,0.001091012368394744,10
3.85,0.0988608,370.5163178557939,-0.0012772727554924046,0.0032890188613230956,0.0010400790869034466,10
3.85,0.0988608,420.58444926569615,0.0008294733911779816,0.004019423297914675,0.0012710532501755889,10
3.85,0.0988608,477.4183225932176,0.0018757646613005098,0.003974938203657479,0.0012569858281975873,10
3.85,0.0988608,541.9321973165318,0.0010023912533077258,0.001965151549459333,0.0006214354843700525,10
3.85,0.0988608,615.1638774420524,-0.00018934679551599565,0.0026474469701572557,0.0008371962410208751,10
3.85,0.0988608,698.2914061636919,0.0005612060851072257,0.002927142418834748,0.0009256437079212356,10
3.85,0.0988608,792.652016483199,0.0020445098568264135,0.0035564678106041756,0.001124653870658153,10
3.85,0.0988608,899.7636426411872,-0.0015056997887931667,0.001747623603642385,0.0005526471080181272,10
3.85,0.0988608,1021.3493384030259,-0.0004560568693028332,0.0031221759545723986,0.000987318727225918,10
3.85,0.0988608,1159.3649950049091,-0.0003737610342603902,0.002786752985626333,0.0008812486710853685,10
3.85,0.0988608,1316.0308046455484,-0.0003514776606307182,0.0027059498387183053,0.0008556964724515126,10
3.85,0.0988608,1493.8669756616864,0.0003945194242582887,0.002340540288064434,0.0007401438265670223,10
3.85,0.0988608,1695.7342739204687,5.882992406889675e-06,0.0014210017562096,0.00044936021087216516,10
3.85,0.0988608,1924.8800425987847,1.4592665558603793e-06,0.001471075024632608,0.0004651947686827345,10
3.85,0.0988608,2184.990440647822,0.000664599029563568,0.0021445740810031515,0.0006781738706932397,10
3.85,0.0988608,2480.2497402782196,-0.00045918520429341175,0.0024423269670424148,0.0007723316006705022,10
3.85,0.0988608,2815.4076373562034,-0.0007130423976380807,0.002207245113180835,0.000697992191192758,10
3.85,0.0988608,3195.8556575010366,0.0010874649671816518,0.001612913495453505,0.0005100480314456711,10
3.85,0.0988608,3627.7138869923433,0.0003250926076696212,0.0019438391480116276,0.0006146959112717905,10
3.85,0.0988608,4117.929423686066,-0.00016220450509429578,0.001869336984035996,0.0005911362583943564,10
3.85,0.0988608,4674.388131672206,0.0006152765885317711,0.0015140752768584866,0.0004787926423822846,10
3.85,0.0988608,5306.041497418272,8.555261978586372e-06,0.0008997270776619687,0.0002845186837939024,10
3.85,0.0988608,6023.050628072877,0.00024147871518177938,0.0008965627829715861,0.0002835180459529437,10
3.85,0.0988608,6836.949708361742,-5.7770227609460357e-05,0.0018787498871129854,0.0005941128797061258,10
3.85,0.0988608,7760.831545529242,0.00010682826162287506,0.0012223940795523121,0.0003865549489690365,10
3.85,0.0988608,8809.558187098928,0.0002559273717285172,0.0021155964404866207,0.0006690103361682582,10
3.85,0.0988608,9999.99999956053,-0.00014109371478747027,0.0008119525389400246,0.0002567619375007036,10
3.85,0.0636712,0.010000000000218279,0.9999651649630197,0.0001,3.1622776601683795e-05,10
3.85,0.0636712,0.011351307054675233,0.9999511232753304,0.0001,3.1622776601683795e-05,10
3.85,0.0636712,0.012885217184670714,0.9999351841244779,0.0001,3.1622776601683795e-05,10
3.85,0.0636712,0.014626405672618265,0.9999170911049268,0.0001,3.1622776601683795e-05,10
3.85,0.0636712,0.016602882189250948,0.9998965531628798,0.0001,3.1622776601683795e-05,10
3.85,0.0636712,0.018846441371867226,0.9998732399142358,0.0001,3.1622776601683795e-05,10
3.85,0.0636712,0.021393174289532996,0.9998370948325448,0.0001,3.1622776601683795e-05,10
3.85,0.0636712,0.024284049022937213,0.9997869658337665,0.0001,3.1622776601683795e-05,10
3.85,0.0636712,0.027565569698412937,0.9997300628680202,0.0001,3.1622776601683795e-05,10
3.85,0.0636712,0.03129052457769065,0.9996566036435064,0.0001,3.1622776601683795e-05,10
3.85,0.0636712,0.035518835237547564,0.9995542311098724,0.0001,3.1622776601683795e-05,10
3.85,0.0636712,0.040318520499702026,0.9994358282526644,0.0001,3.1622776601683795e-05,10
3.85,0.0636712,0.045766790617234585,0.9992663454650277,0.0001,3.1622776601683795e-05,10
3.85,0.0636712,0.051951289319191934,0.9990605956032678,0.0001,3.1622776601683795e-05,10
3.85,0.0636712,0.05897150369355452,0.9987941305893269,0.0001,3.1622776601683795e-05,10
3.85,0.0636712,0.06694036458868406,0.9984441714965007,0.0001,3.1622776601683795e-05,10
3.85,0.0636712,0.0759860632781475,0.9979982359920904,0.0001,3.1622776601683795e-05,10
3.85,0.0636712,0.08625411361274073,0.9974263209402965,0.0001,3.1622776601683795e-05,10
3.85,0.0636712,0.09790969283256912,0.9966934156169988,0.0001,3.1622776601683795e-05,10
3.85,0.0636712,0.11114029869471674,0.9957473959963302,0.0001,3.1622776601683795e-05,10
3.85,0.0636712,0.12615876566045128,0.9945224466130538,0.00012337613246779562,3.901495875008847e-05,10
3.85,0.0636712,0.14320668866193417,0.9929723547887763,0.00015802379581841873,4.997151192915949e-05,10
3.85,0.0636712,0.16255830952494102,0.9909871286475834,0.0002038417815018405,6.446043118521942e-05,10
3.85,0.0636712,0.1845249285666265,0.9884407437995355,0.00026396383580059153,8.347269410445648e-05,10
3.85,0.0636712,0.209459912335607,0.9851972093257991,0.0003405163820247404,0.0001076807347798198,10
3.85,0.0636712,0.23776437805149325,0.9810546833488545,0.0004380325207638,0.00013851804548386065,10
3.85,0.0636712,0.2698936461867474,0.9758614206001568,0.0005612843666354215,0.00017749370136129513,10
3.85,0.0636712,0.3063645649904774,0.969276611177678,0.0007147617408450373,0.0002260275085417322,10
3.85,0.0636712,0.3477638247803005,0.9611484585618164,0.0008994860520500582,0.0002844424648030951,10
3.85,0.0636712,0.3947573957503299,0.9509274377504923,0.001110494370616669,0.0003511691539943837,10
3.85,0.0636712,0.4481012411168134,0.9383985499601073,0.0013348315943823431,0.0004221108131002223,10
3.85,0.0636712,0.5086534779386983,0.9230387697545593,0.0015542749353366736,0.0004915048905774815,10
3.85,0.0636712,0.5773881812384607,0.9045403881358544,0.0017469170364369532,0.0005524236718492128,10
3.85,0.0636712,0.6554110534835178,0.8825961188914218,0.0018799082598833013,0.0005944791893394975,10
3.85,0.0636712,0.7439772114957187,0.8569389109264012,0.0019475242369580334,0.0006158612387168858,10
3.85,0.0636712,0.8445113769184625,0.8273701164145871,0.0019583498535423343,0.0006192845992650941,10
3.85,0.0636712,0.9586307950358789,0.793911135257008,0.001993351902580161,0.0006303532190383379,10
3.85,0.0636712,1.088171250628218,0.756615334290567,0.0022254297971294247,0.0007037426931735428,10
3.85,0.0636712,1.2352165993681232,0.7156924917204128,0.0028484608120971765,0.000900762399195998,10
3.85,0.0636712,1.402132289815328,0.6715752561582014,0.0037462286354108896,0.0011846615123642928,10
3.85,0.0636712,1.5916034152621248,0.6255881478667256,0.004588191790819389,0.0014509136400676103,10
3.85,0.0636712,1.80667790755158,0.57975406082136,0.005254236926918526,0.0016615356055226212,10
3.85,0.0636712,2.0508155677068496,0.5373787345411495,0.006022929946329684,0.0019046176818037493,10
3.85,0.0636712,2.3279437221040404,0.5023250124545986,0.006932712188801541,0.002192316087902414,10
3.85,0.0636712,2.642520399502972,0.4780173914049712,0.007480674085954173,0.0023655968545013392,10
3.85,0.0636712,2.9996060452346534,0.46691292484787555,0.0077227001626692035,0.002442132220058753,10
3.85,0.0636712,3.404944926177538,0.47121864424879795,0.0079043621028731,0.0024995787695797156,10
3.85,0.0636712,3.865057536045609,0.49312191765161517,0.00774461135970009,0.002449061148946585,10
3.85,0.0636712,4.3873454874682505,0.5289867190159605,0.007735778522551308,0.0024462679605874353,10
3.85,0.0636712,4.980210578210885,0.5654087762774681,0.0064581280836382765,0.0020422394165395346,10
3.85,0.0636712,5.653189946897943,0.5828833631214599,0.003747558178092967,0.00118508195067647,10
3.85,0.0636712,6.417109492424104,0.5674289114532929,0.006812354576197248,0.0021542556689454384,10
3.85,0.0636712,7.284258025038717,0.5351700459696999,0.0084928281249672,0.002685668065123348,10
3.85,0.0636712,8.268584950589176,0.5101452527062402,0.006799852787207322,0.0021503022561419403,10
3.85,0.0636712,9.385924667975567,0.5020265483507459,0.006903196134772757,0.0021829822920752594,10
3.85,0.0636712,10.65425128959158,0.49563717385465755,0.008951265007041636,0.0028306385362014716,10
3.85,0.0636712,12.093967782318368,0.4767478572331024,0.009616127717239171,0.0030408865857551384,10
3.85,0.0636712,13.728234180344895,0.4553491508248076,0.009640353691064469,0.0030485475113374945,10
3.85,0.0636712,15.583340149618108,0.44218481946225585,0.010640379184378441,0.0033647833390480584,10
3.85,0.0636712,17.689127897190275,0.4209790369967384,0.007088927134493968,0.002241715591197172,10
3.85,0.0636712,20.07947222860456,0.3999842707473444,0.008456093173176506,0.0026740514533838407,10
3.85,0.0636712,22.792825475773903,0.38280652369522217,0.00921785662178394,0.002914942206970252,10
3.85,0.0636712,25.872836061348632,0.3614092907642403,0.008907545412539849,0.002816813186501009,10
3.85,0.0636712,29.369050650123167,0.3377156806132169,0.009194608539008413,0.0029075905176899723,10
3.85,0.0636712,33.33771118265806,0.3104873909000214,0.011791176646354859,0.0037286974495867077,10
3.85,0.0636712,37.842659612617176,0.2847108992148668,0.009895380862014526,0.0031291941838806256,10
3.85,0.0636712,42.95636490189982,0.25674992120518725,0.007921535021248616,0.0025050093231935946,10
3.85,0.0636712,48.76108879434957,0.2271879981379425,0.008755032223976,0.0027685842815933586,10
3.85,0.0636712,55.350209121286355,0.20408600450483175,0.008245109370479117,0.0026073325167911077,10
3.85,0.0636712,62.82972192624931,0.17811816163073052,0.00887768289157456,0.0028073698282085253,10
3.85,0.0636712,71.31994657291497,0.1499279514415294,0.01062247668887168,0.003359122072887829,10
3.85,0.0636712,80.95746126545187,0.12732159579297095,0.007531286377926181,0.002381601866524639,10
3.85,0.0636712,91.89730011710618,0.10576915537505546,0.006898624458417366,0.002181536601074442,10
3.85,0.0636712,104.31544711021446,0.08608552802625641,0.01009073003296469,0.0031909690158034368,10
3.85,0.0636712,118.41166706679324,0.06613203328164308,0.007708919588570101,0.0024377744198969646,10
3.85,0.0636712,134.41271917018034,0.04959758851167308,0.00819929413859232,0.0025928444683620024,10
3.85,0.0636712,152.57600473212457,0.037006060588563865,0.010588974219124556,0.003348527661723649,10
3.85,0.0636712,173.19370788521238,0.02544056715138902,0.006407849831360268,0.002026340037142429,10
3.85,0.0636712,196.59749580998604,0.01516321539392548,0.005731305680783763,0.0018123979917938615,10
3.85,0.0636712,223.1638541070668,0.011181995630885958,0.006944692775371299,0.0021961046820289398,10
3.85,0.0636712,253.32014314187637,0.0067256081016697795,0.004770825171348785,0.0015086673859925244,10
3.85,0.0636712,287.5514727874956,0.002116999433867743,0.004132957544237618,0.0013069559312566985,10
3.85,0.0636712,326.40850615637055,0.0014973038193846727,0.004547757921883246,0.0014381273280225162,10
3.85,0.0636712,370.5163178557939,-0.0002446926357686876,0.006054674873136879,0.0019146563090903569,10
3.85,0.0636712,420.58444926569615,-3.93271866018952e-05,0.0044869529134451795,0.0014188990960415115,10
3.85,0.0636712,477.4183225932176,-0.00019955893746009655,0.003090865012075566,0.000977417337828263,10
3.85,0.0636712,541.9321973165318,0.00031357687846236826,0.0030615933694898958,0.0009681608316857532,10
3.85,0.0636712,615.1638774420524,-0.000292090318747997,0.0025000678150589187,0.0007905908600466789,10
3.85,0.0636712,698.2914061636919,0.0004829742203308317,0.0021166329253581996,0.0006693381014637079,10
3.85,0.0636712,792.652016483199,-0.0009528489499313318,0.0028026936522824192,0.0008862895524908418,10
3.85,0.0636712,899.7636426411872,0.0008650055121382245,0.0027873282908841158,0.0008814305985818149,10
3.85,0.0636712,1021.3493384030259,0.00042710971766800256,0.0012378556569151071,0.00039144432903756967,10
3.85,0.0636712,1159.3649950049091,0.0005829309618176527,0.004137352398382142,0.0013083457061647912,10
3.85,0.0636712,1316.0308046455484,-1.4897394169025544e-05,0.002834881310151417,0.0008964681836320693,10
3.85,0.0636712,1493.8669756616864,-0.001213728268528344,0.002768950401450129,0.0008756189996620007,10
3.85,0.0636712,1695.7342739204687,0.0005066834133740907,0.0030283973102462106,0.00095766331603056,10
3.85,0.0636712,1924.8800425987847,0.0012291061788193753,0.002459247056634153,0.0007776822028029023,10
3.85,0.0636712,2184.990440647822,-0.0007148714399046855,0.002749491846503912,0.0008694656643014427,10
3.85,0.0636712,2480.2497402782196,0.0004133411949774306,0.002425453271623675,0.0007669956696637855,10
3.85,0.0636712,2815.4076373562034,-0.0017590338830959598,0.0023001106526690054,0.0007273588532850506,10
3.85,0.0636712,3195.8556575010366,-0.00047462388979215627,0.003008967564754461,0.0009515190910194283,10
3.85,0.0636712,3627.7138869923433,0.0003489150112707336,0.0016727012902405564,0.0005289545922262536,10
3.85,0.0636712,4117.929423686066,0.0006563989031483951,0.002213428302928544,0.0006999474874735343,10
3.85,0.0636712,4674.388131672206,5.647570387671498e-05,0.0018763693730501018,0.0005933600950620484,10
3.85,0.0636712,5306.041497418272,0.00015231232700240854,0.0015832910320137505,0.0005006805860082021,10
3.85,0.0636712,6023.050628072877,-0.00015013680979113865,0.0012421663433868698,0.0003928074877905342,10
3.85,0.0636712,6836.949708361742,0.0009094560218839032,0.001227365036944319,0.0003881269037200757,10
3.85,0.0636712,7760.831545529242,0.0011413133738105822,0.0018484496557333355,0.0005845311052271458,10
3.85,0.0636712,8809.558187098928,-0.000299391277855809,0.0010611462558346952,0.0003355639098997376,10
3.85,0.0636712,9999.99999956053,0.00046998206770919646,0.0022322374702670174,0.0007058954684416166,10
3.85,0.04100738,0.010000000000218279,0.9999781018510656,0.0001,3.1622776601683795e-05,10
3.85,0.04100738,0.011351307054675233,0.9999692311394902,0.0001,3.1622776601683795e-05,10
3.85,0.04100738,0.012885217184670714,0.9999591617224016,0.0001,3.1622776601683795e-05,10
3.85,0.04100738,0.014626405672618265,0.9999477316178786,0.0001,3.1622776601683795e-05,10
3.85,0.04100738,0.016602882189250948,0.9999347569552681,0.0001,3.1622776601683795e-05,10
3.85,0.04100738,0.018846441371867226,0.9999200290173459,0.0001,3.1622776601683795e-05,10
3.85,0.04100738,0.021393174289532996,0.9998972693903166,0.0001,3.1622776601683795e-05,10
3.85,0.04100738,0.024284049022937213,0.9998657558604206,0.0001,3.1622776601683795e-05,10
3.85,0.04100738,0.027565569698412937,0.9998299838849981,0.0001,3.1622776601683795e-05,10
3.85,0.04100738,0.03129052457769065,0.999783727969452,0.0001,3.1622776601683795e-05,10
3.85,0.04100738,0.035518835237547564,0.9997191230281025,0.0001,3.1622776601683795e-05,10
3.85,0.04100738,0.040318520499702026,0.9996444141489856,0.0001,3.1622776601683795e-05,10
3.85,0.04100738,0.045766790617234585,0.9995376700764742,0.0001,3.1622776601683795e-05,10
3.85,0.04100738,0.051951289319191934,0.9994080417696972,0.0001,3.1622776601683795e-05,10
3.85,0.04100738,0.05897150369355452,0.9992400635111881,0.0001,3.1622776601683795e-05,10
3.85,0.04100738,0.06694036458868406,0.999019701996066,0.0001,3.1622776601683795e-05,10
3.85,0.04100738,0.0759860632781475,0.9987387102122713,0.0001,3.1622776601683795e-05,10
3.85,0.04100738,0.08625411361274073,0.998378138663371,0.0001,3.1622776601683795e-05,10
3.85,0.04100738,0.09790969283256912,0.9979156269705977,0.0001,3.1622776601683795e-05,10
3.85,0.04100738,0.11114029869471674,0.9973185568794325,0.0001,3.1622776601683795e-05,10
3.85,0.04100738,0.12615876566045128,0.9965444247392725,0.0001,3.1622776601683795e-05,10
3.85,0.04100738,0.14320668866193417,0.9955635873151983,0.00010189423993814346,3.2221787865622774e-05,10
3.85,0.04100738,0.16255830952494102,0.9943057192891646,0.0001294418967349918,4.093312183348868e-05,10
3.85,0.04100738,0.1845249285666265,0.9926887555904985,0.00016473278983348982,5.209308211876576e-05,10
3.85,0.04100738,0.209459912335607,0.9906249409369418,0.00020846585690748103,6.592269222063853e-05,10
3.85,0.04100738,0.23776437805149325,0.9879807246380506,0.0002623074334515908,8.294889369000693e-05,10
3.85,0.04100738,0.2698936461867474,0.9846504024698154,0.00032828877927085687,0.00010381402727721787,10
3.85,0.04100738,0.3063645649904774,0.9804019653118509,0.00040985035374810754,0.0001296060617669748,10
3.85,0.04100738,0.3477638247803005,0.9751262786043966,0.0005075967328165892,0.00016051618085603577,10
3.85,0.04100738,0.3947573957503299,0.9684252674770395,0.0006204326386135394,0.0001961980272726917,10
3.85,0.04100738,0.4481012411168134,0.9601387758534973,0.0007474538848246266,0.00023636567219869852,10
3.85,0.04100738,0.5086534779386983,0.9498516250253788,0.0008885016076887908,0.0002809688785017952,10
3.85,0.04100738,0.5773881812384607,0.9373003343075543,0.0010413499202749981,0.00032930375893037495,10
3.85,0.04100738,0.6554110534835178,0.9221605396946566,0.001201652746734016,0.00037999596362769505,10
3.85,0.04100738,0.7439772114957187,0.9041201579858231,0.0013708172607124357,0.0004334904799724148,10
3.85,0.04100738,0.8445113769184625,0.8828266022440061,0.0015430408649900016,0.0004879523656084774,10
3.85,0.04100738,0.9586307950358789,0.8580622464703109,0.0017115658513848135,0.0005412446455741268,10
3.85,0.04100738,1.088171250628218,0.8295614355884998,0.0018591689155081934,0.0005879208327991032,10
3.85,0.04100738,1.2352165993681232,0.7971023461263409,0.002005474072951251,0.0006341865858940632,10
3.85,0.04100738,1.402132289815328,0.7605288285919952,0.002220816416772562,0.0007022838142095061,10
3.85,0.04100738,1.5916034152621248,0.7200988307049706,0.0026522372786326525,0.0008387110695685814,10
3.85,0.04100738,1.80667790755158,0.6767606097756526,0.0032253264819810316,0.0010199377880718086,10
3.85,0.04100738,2.0508155677068496,0.6327498327474259,0.003598456360630487,0.0011379318160312597,10
3.85,0.04100738,2.3279437221040404,0.5914626777129823,0.003856331686751105,0.0012194791543212462,10
3.85,0.04100738,2.642520399502972,0.5560321888683547,0.004774748059289299,0.0015099079120822873,10
3.85,0.04100738,2.9996060452346534,0.5291832423764713,0.006115958821560445,0.0019340359951930321,10
3.85,0.04100738,3.404944926177538,0.5147579913337349,0.0075194645237152405,0.0023778634679773366,10
3.85,0.04100738,3.865057536045609,0.516901050019096,0.008987991808494787,0.0028422525705779455,10
3.85,0.04100738,4.3873454874682505,0.5372095349689138,0.009060730637457826,0.002865254607963608,10
3.85,0.04100738,4.980210578210885,0.571235085114443,0.00921215864578431,0.002913140348749071,10
3.85,0.04100738,5.653189946897943,0.6118058450085659,0.009716149329870666,0.0030725161968709973,10
3.85,0.04100738,6.417109492424104,0.6368312352485237,0.009106199371424623,0.0028796330841295422,10
3.85,0.04100738,7.284258025038717,0.6314575756651102,0.00980212812844887,0.0030997050802701945,10
3.85,0.04100738,8.268584950589176,0.6026185099423784,0.011161975461052374,0.003529726564383357,10
3.85,0.04100738,9.385924667975567,0.5701810055769095,0.009226623140950903,0.0029177144237421643,10
3.85,0.04100738,10.65425128959158,0.554147282671675,0.008567014330575261,0.002709127803192051,10
3.85,0.04100738,12.093967782318368,0.5561461855584368,0.007784597512326538,0.002461705880663255,10
3.85,0.04100738,13.728234180344895,0.5480454348288059,0.008514137121350535,0.002692406561445711,10
3.85,0.04100738,15.583340149618108,0.5236085516624225,0.008544391213220957,0.0027019737453307627,10
3.85,0.04100738,17.689127897190275,0.5102497839499451,0.006687127128248326,0.002114655272836561,10
3.85,0.04100738,20.07947222860456,0.4961184411470517,0.008155198703248129,0.002578900267351569,10
3.85,0.04100738,22.792825475773903,0.47632676162034615,0.0043747178029914,0.0013834072377940597,10
3.85,0.04100738,25.872836061348632,0.4596313640563102,0.010705813314761269,0.0033854754279202745,10
3.85,0.04100738,29.369050650123167,0.43871313766368936,0.007500134575378975,0.0023717508015977384,10
3.85,0.04100738,33.33771118265806,0.41519651956841896,0.008843987444810398,0.0027967143923533547,10
3.85,0.04100738,37.842659612617176,0.3900575257414287,0.009050857591608504,0.002862132476730895,10
3.85,0.04100738,42.95636490189982,0.3653456405616093,0.012984161468695042,0.0041059523748473385,10
3.85,0.04100738,48.76108879434957,0.3396115977020829,0.013451890232862444,0.004253861197041812,10
3.85,0.04100738,55.350209121286355,0.3138197690389148,0.011332525215721858,0.0035836591322972074,10
3.85,0.04100738,62.82972192624931,0.2851907421267339,0.01230810047503296,0.0038921631171304543,10
3.85,0.04100738,71.31994657291497,0.261193185683464,0.006487363607847528,0.0020514845010485574,10
3.85,0.04100738,80.95746126545187,0.23335825184848802,0.01024116838976911,0.0032385418012989427,10
3.85,0.04100738,91.89730011710618,0.20362053914967654,0.007841241779280804,0.0024796183706598638,10
3.85,0.04100738,104.31544711021446,0.1757883907732065,0.008348017884587522,0.0026398750463117212,10
3.85,0.04100738,118.41166706679324,0.147218011683689,0.009913256078664582,0.0031348468237089398,10
3.85,0.04100738,134.41271917018034,0.12306292347617875,0.008751441241982134,0.002767448713379632,10
3.85,0.04100738,152.57600473212457,0.09940927572880932,0.0067909229001294055,0.002147478377900508,10
3.85,0.04100738,173.19370788521238,0.08219032380375434,0.007284355594591322,0.002303515496549869,10
3.85,0.04100738,196.59749580998604,0.06430797183128553,0.0052524179211110335,0.001660960385379746,10
3.85,0.04100738,223.1638541070668,0.04760270880751853,0.007456224876810717,0.0023578653357130253,10
3.85,0.04100738,253.32014314187637,0.03257359277248276,0.006505455673448785,0.002057205714536273,10
3.85,0.04100738,287.5514727874956,0.0226077858716301,0.009340638144676491,0.0029537691336627087,10
3.85,0.04100738,326.40850615637055,0.014883680347096837,0.0071773537569758345,0.002269678544481027,10
3.85,0.04100738,370.5163178557939,0.009953019112014839,0.003643995555661642,0.0011523325739421668,10
3.85,0.04100738,420.58444926569615,0.005485838129698553,0.00518646887246846,0.0016401054650565694,10
3.85,0.04100738,477.4183225932176,0.0032069290537428763,0.00396719215775669,0.0012545363134069168,10
3.85,0.04100738,541.9321973165318,0.0031368134629975895,0.004410826057629617,0.00139482567049307,10
3.85,0.04100738,615.1638774420524,0.0012737589236375294,0.005181007381220639,0.0016383783898801503,10
3.85,0.04100738,698.2914061636919,0.0016358167807743542,0.0037457490585544933,0.0011845098568463613,10
3.85,0.04100738,792.652016483199,0.00017301066301928308,0.004571056135055678,0.0014454948699262184,10
3.85,0.04100738,899.7636426411872,-0.0010628231460106895,0.005273261957434601,0.0016675518484211215,10
3.85,0.04100738,1021.3493384030259,-0.0007232604204270001,0.0038738721199267348,0.0012250259263193433,10
3.85,0.04100738,1159.3649950049091,-0.0006132836083844165,0.0030297102126889265,0.0009580784922370181,10
3.85,0.04100738,1316.0308046455484,-0.002078427029171353,0.0023819054104013875,0.0007532246267946503,10
3.85,0.04100738,1493.8669756616864,0.0006348571316756589,0.0016959318311557828,0.0005363007342832384,10
3.85,0.04100738,1695.7342739204687,0.0009605251951951826,0.0025163503151516215,0.0007957398386761633,10
3.85,0.04100738,1924.8800425987847,2.557554257288366e-06,0.002124708203509605,0.0006718917286334914,10
3.85,0.04100738,2184.990440647822,-0.0010904848554119729,0.002153682064285688,0.000681054067899595,10
3.85,0.04100738,2480.2497402782196,0.0016853330607499474,0.0021293052522203797,0.0006733454430775703,10
3.85,0.04100738,2815.4076373562034,-7.378138459866908e-06,0.0019755560637334945,0.0006247256806754608,10
3.85,0.04100738,3195.8556575010366,0.0013736942842280954,0.0016360678421272461,0.0005173700787678877,10
3.85,0.04100738,3627.7138869923433,0.0004924545616095008,0.002969327278127137,0.0009389837317350025,10
3.85,0.04100738,4117.929423686066,-0.0010927150130692863,0.0024540076990887476,0.0007760253724709553,10
3.85,0.04100738,4674.388131672206,-0.00021811384209950263,0.0015624586491109595,0.0004940928081020451,10
3.85,0.04100738,5306.041497418272,0.0001531125455795989,0.0013037725352955192,0.000412289076230611,10
3.85,0.04100738,6023.050628072877,-0.0006944158947115248,0.0015284437601099103,0.00048333635574193267,10
3.85,0.04100738,6836.949708361742,0.0005511332865804333,0.0018615847243212285,0.0005886847786231732,10
3.85,0.04100738,7760.831545529242,-9.217502951329288e-05,0.001831668344029648,0.0005792243885162564,10
3.85,0.04100738,8809.558187098928,-0.0005735675907051522,0.0013993813961592366,0.000442523252712959,10
3.85,0.04100738,9999.99999956053,-2.625764615038766e-06,0.0025300914272290797,0.0008000851598510049,10
3.85,0.0239427,0.010000000000218279,0.9999875360725301,0.0001,3.1622776601683795e-05,10
3.85,0.0239427,0.011351307054675233,0.9999824861463162,0.0001,3.1622776601683795e-05,10
3.85,0.0239427,0.012885217184670714,0.9999767538200107,0.0001,3.1622776601683795e-05,10
3.85,0.0239427,0.014626405672618265,0.9999702468804079,0.0001,3.1622776601683795e-05,10
3.85,0.0239427,0.016602882189250948,0.9999628606534662,0.0001,3.1622776601683795e-05,10
3.85,0.0239427,0.018846441371867226,0.999954476320467,0.0001,3.1622776601683795e-05,10
3.85,0.0239427,0.021393174289532996,0.9999415138717838,0.0001,3.1622776601683795e-05,10
3.85,0.0239427,0.024284049022937213,0.9999235617276281,0.0001,3.1622776601683795e-05,10
3.85,0.0239427,0.027565569698412937,0.999903183697568,0.0001,3.1622776601683795e-05,10
3.85,0.0239427,0.03129052457769065,0.9998768448792953,0.0001,3.1622776601683795e-05,10
3.85,0.0239427,0.035518835237547564,0.9998400795439222,0.0001,3.1622776601683795e-05,10
3.85,0.0239427,0.040318520499702026,0.9997975578259395,0.0001,3.1622776601683795e-05,10
3.85,0.0239427,0.045766790617234585,0.9997367018154243,0.0001,3.1622776601683795e-05,10
3.85,0.0239427,0.051951289319191934,0.9996627968934707,0.0001,3.1622776601683795e-05,10
3.85,0.0239427,0.05897150369355452,0.9995670221253885,0.0001,3.1622776601683795e-05,10
3.85,0.0239427,0.06694036458868406,0.9994412372810395,0.0001,3.1622776601683795e-05,10
3.85,0.0239427,0.0759860632781475,0.9992809173197209,0.0001,3.1622776601683795e-05,10
3.85,0.0239427,0.08625411361274073,0.9990751101292711,0.0001,3.1622776601683795e-05,10
3.85,0.0239427,0.09790969283256912,0.9988109793834095,0.0001,3.1622776601683795e-05,10
3.85,0.0239427,0.11114029869471674,0.9984697726896675,0.0001,3.1622776601683795e-05,10
3.85,0.0239427,0.12615876566045128,0.998027076340985,0.0001,3.1622776601683795e-05,10
3.85,0.0239427,0.14320668866193417,0.997465968837747,0.0001,3.1622776601683795e-05,10
3.85,0.0239427,0.16255830952494102,0.996745738005566,0.0001,3.1622776601683795e-05,10
3.85,0.0239427,0.1845249285666265,0.9958177685626927,0.0001,3.1622776601683795e-05,10
3.85,0.0239427,0.209459912335607,0.9946303591278538,0.0001,3.1622776601683795e-05,10
3.85,0.0239427,0.23776437805149325,0.9931052566445489,0.00012031434921710874,3.804673787269599e-05,10
3.85,0.0239427,0.2698936461867474,0.991179280081578,0.00015156150813591435,4.7927957131963e-05,10
3.85,0.0239427,0.3063645649904774,0.9887126831138696,0.00018953027532529342,5.9934735558673757e-05,10
3.85,0.0239427,0.3477638247803005,0.9856376928767471,0.00023589827680916105,7.459758508258265e-05,10
3.85,0.0239427,0.3947573957503299,0.9817059964873579,0.0002928652276652145,9.261211668858341e-05,10
3.85,0.0239427,0.4481012411168134,0.9768045726393046,0.00036064795170163413,0.00011404689608515622,10
3.85,0.0239427,0.5086534779386983,0.9706492657159232,0.0004448923027917896,0.00014068729902993424,10
3.85,0.0239427,0.5773881812384607,0.9630301418817325,0.0005458158565609478,0.00017260212897683537,10
3.85,0.0239427,0.6554110534835178,0.953687992857591,0.0006616842481319822,0.0002092429315953078,10
3.85,0.0239427,0.7439772114957187,0.9423331120280786,0.0007947560657381878,0.0002513239351967183,10
3.85,0.0239427,0.8445113769184625,0.9286022445296279,0.0009446799829511128,0.0002987340406094549,10
3.85,0.0239427,0.9586307950358789,0.9121928218309275,0.0011320055115581614,0.0003579715740387852,10
3.85,0.0239427,1.088171250628218,0.8926701854074144,0.0013736832041984608,0.000434396770878531,10
3.85,0.0239427,1.2352165993681232,0.8694998337678255,0.001676059322408949,0.0005300164952370771,10
3.85,0.0239427,1.402132289815328,0.8421593070978073,0.0020825320023062045,0.0006585544427478634,10
3.85,0.0239427,1.5916034152621248,0.8102282226200141,0.002583346100794414,0.0008169257663025265,10
3.85,0.0239427,1.80667790755158,0.7739999480180314,0.003189907818473904,0.0010087374232356477,10
3.85,0.0239427,2.0508155677068496,0.7346416554892136,0.0038070524756982616,0.0012038956994989334,10
3.85,0.0239427,2.3279437221040404,0.6939140893640938,0.004205249845336677,0.0013298167641334704,10
3.85,0.0239427,2.642520399502972,0.654060240192172,0.004471518707410519,0.001414018371546927,10
3.85,0.0239427,2.9996060452346534,0.6174067519858887,0.0049566765102479655,0.0015674387397038502,10
3.85,0.0239427,3.404944926177538,0.5875742328218192,0.005546319973243238,0.0017539003747532773,10
3.85,0.0239427,3.865057536045609,0.5691017051063285,0.005819063659831022,0.0018401495014581288,10
3.85,0.0239427,4.3873454874682505,0.5652915201466089,0.00577025880277808,0.0018247160505415058,10
3.85,0.0239427,4.980210578210885,0.5781973821664419,0.005534705420079505,0.0017502275305530262,10
3.85,0.0239427,5.653189946897943,0.6103503814533613,0.006263829157331575,0.0019807967011340965,10
3.85,0.0239427,6.417109492424104,0.652632922491933,0.005899677272683686,0.001865641764161073,10
3.85,0.0239427,7.284258025038717,0.6896887681555517,0.006435673964314263,0.0020351388005478265,10
3.85,0.0239427,8.268584950589176,0.702702841055147,0.00732645632796227,0.002316828917411434,10
3.85,0.0239427,9.385924667975567,0.6845406053242579,0.00634395900440611,0.0020061359836657474,10
3.85,0.0239427,10.65425128959158,0.6492140886238226,0.0053441710303085985,0.0016899752661263911,10
3.85,0.0239427,12.093967782318368,0.6259469565888398,0.00561230982041959,0.0017747681967056478,10
3.85,0.0239427,13.728234180344895,0.6283593532756666,0.005027760747681058,0.0015899175493063276,10
3.85,0.0239427,15.583340149618108,0.6330958043063749,0.006057445953955222,0.0019155326017869935,10
3.85,0.0239427,17.689127897190275,0.6095472848190748,0.009337211871922898,0.0029526856510840756,10
3.85,0.0239427,20.07947222860456,0.5925392887723981,0.008073108333470835,0.0025529410131053996,10
3.85,0.0239427,22.792825475773903,0.5912786209113923,0.003820536620389016,0.0012081597604511384,10
3.85,0.0239427,25.872836061348632,0.5713634606267213,0.005554282916114092,0.0017564184783882475,10
3.85,0.0239427,29.369050650123167,0.5581289031579321,0.0059307701841921755,0.001875474206106362,10
3.85,0.0239427,33.33771118265806,0.5460621848055742,0.00439651701615174,0.0013903007542726787,10
3.85,0.0239427,37.842659612617176,0.5261951191006211,0.006992019160841182,0.0022110705991797326,10
3.85,0.0239427,42.95636490189982,0.5066459410886042,0.009043095497176369,0.002859677886949009,10
3.85,0.0239427,48.76108879434957,0.48669709346465606,0.01151683973136415,0.003641944499823245,10
3.85,0.0239427,55.350209121286355,0.46384800362940737,0.007652751550719517,0.0024200125267659247,10
3.85,0.0239427,62.82972192624931,0.4451414806034628,0.009391992468217992,0.002970008796671543,10
3.85,0.0239427,71.31994657291497,0.4227413598405141,0.01499755191725941,0.0047426423385164874,10
3.85,0.0239427,80.95746126545187,0.399362626417633,0.011622434952547138,0.003675336640719995,10
3.85,0.0239427,91.89730011710618,0.3731724870097091,0.01275281317122124,0.004032793619565399,10
3.85,0.0239427,104.31544711021446,0.34391486405020266,0.011659641817470109,0.0036871024844950763,10
3.85,0.0239427,118.41166706679324,0.3132252962108654,0.010959692437738687,0.0034657590558177377,10
3.85,0.0239427,134.41271917018034,0.2807406089586485,0.010610512188712494,0.0033553385657309814,10
3.85,0.0239427,152.57600473212457,0.25228873439808586,0.01265004931787348,0.004000296835793954,10
3.85,0.0239427,173.19370788521238,0.22571079911095243,0.016340568471143967,0.005167341463075033,10
3.85,0.0239427,196.59749580998604,0.19932012719632008,0.016067371691780845,0.005080949055854038,10
3.85,0.0239427,223.1638541070668,0.16975903760647496,0.015379006510509559,0.004863268872376844,10
3.85,0.0239427,253.32014314187637,0.14440692472701666,0.01192684709600951,0.003771600212795498,10
3.85,0.0239427,287.5514727874956,0.11973895468192246,0.012011939782671907,0.003798508883003119,10
3.85,0.0239427,326.40850615637055,0.09384487128091135,0.008713295916186758,0.002755386102219375,10
3.85,0.0239427,370.5163178557939,0.07369653349633433,0.007432066351212456,0.002350225739132827,10
3.85,0.0239427,420.58444926569615,0.05637588507710617,0.008947587951001597,0.002829475748984411,10
3.85,0.0239427,477.4183225932176,0.03941394099396024,0.009383533140853433,0.0029673337224770434,10
3.85,0.0239427,541.9321973165318,0.026389337350093155,0.006380519652940216,0.0020176974758758146,10
3.85,0.0239427,615.1638774420524,0.017633519837915494,0.003655726870763239,0.0011560423415091846,10
3.85,0.0239427,698.2914061636919,0.009827974171879104,0.004573392753753917,0.0014462337736371956,10
3.85,0.0239427,792.652016483199,0.005925451494486699,0.00449472612769613,0.0014213572022188598,10
3.85,0.0239427,899.7636426411872,0.0006552445455399744,0.0033145873916652223,0.001048164566133871,10
3.85,0.0239427,1021.3493384030259,-0.0013036455485358662,0.00431836253838948,0.0013655861383657067,10
3.85,0.0239427,1159.3649950049091,-0.0015672729237246718,0.002970768332732037,0.0009394394332134183,10
3.85,0.0239427,1316.0308046455484,-0.001130865434159554,0.002686564485487821,0.0008495662855059892,10
3.85,0.0239427,1493.8669756616864,-0.0009194052435435414,0.0025569704244215656,0.0008085850450859575,10
3.85,0.0239427,1695.7342739204687,0.0005559251321246923,0.0028884509999031562,0.0009134084069484768,10
3.85,0.0239427,1924.8800425987847,0.000511933081579154,0.003905262035060938,0.0012349522890576906,10
3.85,0.0239427,2184.990440647822,-0.00039460875230544896,0.003170915669538386,0.0010027315784059097,10
3.85,0.0239427,2480.2497402782196,0.0007906973347029198,0.003661690706274947,0.0011579282718899438,10
3.85,0.0239427,2815.4076373562034,0.0015743604325182685,0.0037859559457702322,0.0011972243909690852,10
3.85,0.0239427,3195.8556575010366,-0.00021542295053215044,0.0026162078290167235,0.00082731755720572,10
3.85,0.0239427,3627.7138869923433,-0.0002657025938084501,0.002952835605372135,0.0009337686069018074,10
3.85,0.0239427,4117.929423686066,0.00015737585386608414,0.0020508737140972604,0.0006485432129916318,10
3.85,0.0239427,4674.388131672206,-4.7481407827454616e-05,0.0021710324067315207,0.0006865407279308678,10
3.85,0.0239427,5306.041497418272,-0.001127763980968915,0.0024212286471967308,0.0007656597261189928,10
3.85,0.0239427,6023.050628072877,-0.0010529457009719816,0.0016038773873058737,0.0005071905631526591,10
3.85,0.0239427,6836.949708361742,-0.000811839833275374,0.0015933078159649373,0.0005038481712197593,10
3.85,0.0239427,7760.831545529242,-0.00022001620952512911,0.0017402516939522177,0.0005503159054855277,10
3.85,0.0239427,8809.558187098928,-0.0001724423664812782,0.0011590960642691548,0.000366538359002744,10
3.85,0.0239427,9999.99999956053,-0.0006228819425439825,0.0019788148152575587,0.0006257561883899196,10
3.85,0.01212699,0.010000000000218279,0.9999938633908532,0.0001,3.1622776601683795e-05,10
3.85,0.01212699,0.011351307054675233,0.9999913733533052,0.0001,3.1622776601683795e-05,10
3.85,0.01212699,0.012885217184670714,0.9999885468352266,0.0001,3.1622776601683795e-05,10
3.85,0.01212699,0.014626405672618265,0.9999853383677658,0.0001,3.1622776601683795e-05,10
3.85,0.01212699,0.016602882189250948,0.9999816963378343,0.0001,3.1622776601683795e-05,10
3.85,0.01212699,0.018846441371867226,0.9999775621578284,0.0001,3.1622776601683795e-05,10
3.85,0.01212699,0.021393174289532996,0.9999711785535037,0.0001,3.1622776601683795e-05,10
3.85,0.01212699,0.024284049022937213,0.9999623431795192,0.0001,3.1622776601683795e-05,10
3.85,0.01212699,0.027565569698412937,0.9999523138752153,0.0001,3.1622776601683795e-05,10
3.85,0.01212699,0.03129052457769065,0.9999393431927345,0.0001,3.1622776601683795e-05,10
3.85,0.01212699,0.035518835237547564,0.9999212234373799,0.0001,3.1622776601683795e-05,10
3.85,0.01212699,0.040318520499702026,0.9999002688452521,0.0001,3.1622776601683795e-05,10
3.85,0.01212699,0.045766790617234585,0.9998703134885613,0.0001,3.1622776601683795e-05,10
3.85,0.01212699,0.051951289319191934,0.9998339383545997,0.0001,3.1622776601683795e-05,10
3.85,0.01212699,0.05897150369355452,0.999786806808723,0.0001,3.1622776601683795e-05,10
3.85,0.01212699,0.06694036458868406,0.9997248283624616,0.0001,3.1622776601683795e-05,10
3.85,0.01212699,0.0759860632781475,0.9996458305066884,0.0001,3.1622776601683795e-05,10
3.85,0.01212699,0.08625411361274073,0.9995444553758122,0.0001,3.1622776601683795e-05,10
3.85,0.01212699,0.09790969283256912,0.999414372950082,0.0001,3.1622776601683795e-05,10
3.85,0.01212699,0.11114029869471674,0.9992462372087114,0.0001,3.1622776601683795e-05,10
3.85,0.01212699,0.12615876566045128,0.9990280429483228,0.0001,3.1622776601683795e-05,10
3.85,0.01212699,0.14320668866193417,0.9987511749441504,0.0001,3.1622776601683795e-05,10
3.85,0.01212699,0.16255830952494102,0.9983953009824942,0.0001,3.1622776601683795e-05,10
3.85,0.01212699,0.1845249285666265,0.9979368454109349,0.0001,3.1622776601683795e-05,10
3.85,0.01212699,0.209459912335607,0.9973492883171824,0.0001,3.1622776601683795e-05,10
3.85,0.01212699,0.23776437805149325,0.9965928828094638,0.0001,3.1622776601683795e-05,10
3.85,0.01212699,0.2698936461867474,0.9956357072861193,0.0001,3.1622776601683795e-05,10
3.85,0.01212699,0.3063645649904774,0.9944065335884671,0.0001,3.1622776601683795e-05,10
3.85,0.01212699,0.3477638247803005,0.9928689912410678,0.0001,3.1622776601683795e-05,10
3.85,0.01212699,0.3947573957503299,0.9908938407902033,0.0001,3.1622776601683795e-05,10
3.85,0.01212699,0.4481012411168134,0.9884186620317736,0.00010728988771019228,3.39280415067915e-05,10
3.85,0.01212699,0.5086534779386983,0.9852883561459264,0.00014046588925689419,4.44192143612762e-05,10
3.85,0.01212699,0.5773881812384607,0.9813799935018238,0.0001836396295974095,5.80719498197484e-05,10
3.85,0.01212699,0.6554110534835178,0.9765323161527284,0.0002388038671403977,7.551641342198973e-05,10
3.85,0.01212699,0.7439772114957187,0.9705581032124444,0.0003053800927211893,9.656966450723651e-05,10
3.85,0.01212699,0.8445113769184625,0.9631934765041364,0.0003844512075608089,0.00012157414650943026,10
3.85,0.01212699,0.9586307950358789,0.9541856762737073,0.0004769206615386204,0.0001508155553656304,10
3.85,0.01212699,1.088171250628218,0.9431596260745708,0.0005929708924821986,0.00018751386064265623,10
3.85,0.01212699,1.2352165993681232,0.9296227805831897,0.0007470397531192634,0.00023623471225467477,10
3.85,0.01212699,1.402132289815328,0.9130308645284572,0.0009538920049995819,0.00030164713776234016,10
3.85,0.01212699,1.5916034152621248,0.8926663952226768,0.0012290027012587983,0.00038864477864772903,10
3.85,0.01212699,1.80667790755158,0.8681433225021232,0.0015728516640108234,0.0004973793679860088,10
3.85,0.01212699,2.0508155677068496,0.8395883280458889,0.0019177411770003674,0.0006064430082013276,10
3.85,0.01212699,2.3279437221040404,0.8076318543340963,0.0022302396800807254,0.0007052637117140351,10
3.85,0.01212699,2.642520399502972,0.7728970323170079,0.002650526813077703,0.000838170172867291,10
3.85,0.01212699,2.9996060452346534,0.7357473489234463,0.0033198157395788997,0.001049817914914572,10
3.85,0.01212699,3.404944926177538,0.6975718147498359,0.004204703452537692,0.0013296439795592798,10
3.85,0.01212699,3.865057536045609,0.6619907560337356,0.00527098328698605,0.001666831269555688,10
3.85,0.01212699,4.3873454874682505,0.632924414469739,0.006258149056495036,0.001979000495535807,10
3.85,0.01212699,4.980210578210885,0.6141120530178238,0.006341504139318215,0.0020053596871631297,10
3.85,0.01212699,5.653189946897943,0.6112788093471468,0.0060311363773431804,0.0019072127831501187,10
3.85,0.01212699,6.417109492424104,0.6266405547288587,0.0057984094398813016,0.0018336180636246084,10
3.85,0.01212699,7.284258025038717,0.6602293735612592,0.005602293380162744,0.001771600720179784,10
3.85,0.01212699,8.268584950589176,0.7044128536439864,0.005629016796269555,0.0017800514063555796,10
3.85,0.01212699,9.385924667975567,0.7443725394476607,0.006556840172984691,0.002073454920032406,10
3.85,0.01212699,10.65425128959158,0.7601634822807427,0.007152016725356058,0.002261666271574407,10
3.85,0.01212699,12.093967782318368,0.7416620565045643,0.006701858751310382,0.002119313821087277,10
3.85,0.01212699,13.728234180344895,0.7054780894904704,0.006154571872484041,0.0019462465140256953,10
3.85,0.01212699,15.583340149618108,0.6835590279502759,0.005040823182794038,0.0015940482539808453,10
3.85,0.01212699,17.689127897190275,0.6935614191766416,0.005615801111881396,0.0017758722400051281,10
3.85,0.01212699,20.07947222860456,0.7030116701610643,0.005610158206833513,0.001774087796747991,10
3.85,0.01212699,22.792825475773903,0.6838451867553094,0.006040652900710593,0.0019102221720748425,10
3.85,0.01212699,25.872836061348632,0.670671209864709,0.0053273309303564255,0.001684649958939015,10
3.85,0.01212699,29.369050650123167,0.6685875735320741,0.005827367119421531,0.0018427752859346467,10
3.85,0.01212699,33.33771118265806,0.6586945346646773,0.005140529823684255,0.0016255782622866016,10
3.85,0.01212699,37.842659612617176,0.6485746267016024,0.00485206506071017,0.0015343576947167302,10
3.85,0.01212699,42.95636490189982,0.6365843325261675,0.0075895092287855005,0.002400013548583013,10
3.85,0.01212699,48.76108879434957,0.6243613975667509,0.005375526352863524,0.0016998906897306727,10
3.85,0.01212699,55.350209121286355,0.61100125047415,0.00715221895003384,0.0022617302206324953,10
3.85,0.01212699,62.82972192624931,0.6008663055552144,0.007530696842915368,0.002381415439185181,10
3.85,0.01212699,71.31994657291497,0.5818868091309148,0.008146486065233976,0.0025761450892962403,10
3.85,0.01212699,80.95746126545187,0.5665310443383978,0.006083305192674431,0.001923710011078065,10
3.85,0.01212699,91.89730011710618,0.5525843515783019,0.008115800072009263,0.0025664413262107815,10
3.85,0.01212699,104.31544711021446,0.53251473298037,0.006256035616143107,0.001978332167014707,10
3.85,0.01212699,118.41166706679324,0.5121185010512569,0.007908704261055145,0.0025009518805613157,10
3.85,0.01212699,134.41271917018034,0.4890000323197821,0.00878136918273376,0.0027769127592250026,10
3.85,0.01212699,152.57600473212457,0.46923764542935115,0.009553663289332402,0.003021133599262661,10
3.85,0.01212699,173.19370788521238,0.44513617173815234,0.010676436839663383,0.0033761857708266207,10
3.85,0.01212699,196.59749580998604,0.4207711486248016,0.012031783098187653,0.0038047838903390303,10
3.85,0.01212699,223.1638541070668,0.39424670632366016,0.012903023857575942,0.0040802944093432025,10
3.85,0.01212699,253.32014314187637,0.36484695198727174,0.011087037973162954,0.0035060292499971713,10
3.85,0.01212699,287.5514727874956,0.3380258804737926,0.01297552657653603,0.004103221782190097,10
3.85,0.01212699,326.40850615637055,0.31101207269831854,0.012876052316370207,0.004071765259121681,10
3.85,0.01212699,370.5163178557939,0.28129203667594893,0.01736717558031832,0.005491983135786243,10
3.85,0.01212699,420.58444926569615,0.25196768701467886,0.014901536958743742,0.004712279742680878,10
3.85,0.01212699,477.4183225932176,0.2241244936632864,0.013444880941427987,0.004251644664470133,10
3.85,0.01212699,541.9321973165318,0.19555497648907866,0.014490624856660169,0.004582337926609707,10
3.85,0.01212699,615.1638774420524,0.16724512765756133,0.014861721000252206,0.004699688831075281,10
3.85,0.01212699,698.2914061636919,0.14179320411387025,0.017286533017213775,0.005466481718209821,10
3.85,0.01212699,792.652016483199,0.11616018687035942,0.017833561932822584,0.005639467450139408,10
3.85,0.01212699,899.7636426411872,0.0940967864510042,0.015347764095576812,0.00485338915329769,10
3.85,0.01212699,1021.3493384030259,0.07205907522988689,0.01273551736494181,0.0040273242053841946,10
3.85,0.01212699,1159.3649950049091,0.05232142122879574,0.01170598924029829,0.00370175882647667,10
3.85,0.01212699,1316.0308046455484,0.037095141447627024,0.008976401276955795,0.0028385873226824225,10
3.85,0.01212699,1493.8669756616864,0.025408829996193944,0.010156025068788472,0.003211617119113981,10
3.85,0.01212699,1695.7342739204687,0.016208535500813213,0.007783443335957098,0.0024613408980483577,10
3.85,0.01212699,1924.8800425987847,0.012280570840614721,0.0052041633790018355,0.001645700959328389,10
3.85,0.01212699,2184.990440647822,0.009978082424870445,0.005642934765484122,0.001784452654667793,10
3.85,0.01212699,2480.2497402782196,0.004831773771225048,0.0060144858340537245,0.0019019474190427274,10
3.85,0.01212699,2815.4076373562034,0.001380033624373121,0.005100425554658547,0.0016128961788848637,10
3.85,0.01212699,3195.8556575010366,0.0011804021394968922,0.003440899396499812,0.0010881079292438213,10
3.85,0.01212699,3627.7138869923433,-0.0007582651131779031,0.003966006846906098,0.0012541614852045989,10
3.85,0.01212699,4117.929423686066,-0.0010929230294138698,0.0028396731634302086,0.000897983500689502,10
3.85,0.01212699,4674.388131672206,-0.002217214044014479,0.002496626803517625,0.0007895027166541375,10
3.85,0.01212699,5306.041497418272,-0.00035683890302565366,0.0016356831389013695,0.0005172484249261893,10
3.85,0.01212699,6023.050628072877,0.0006826115755154467,0.00169189051827287,0.0005350227589384998,10
3.85,0.01212699,6836.949708361742,0.0001648741733357585,0.0025423598122239935,0.000803964763830581,10
3.85,0.01212699,7760.831545529242,0.0008048909267419945,0.003358862453707453,0.0010621655700937425,10
3.85,0.01212699,8809.558187098928,0.0001804631810243529,0.0029692109441073152,0.0009389469436878025,10
3.85,0.01212699,9999.99999956053,-8.396999249166209e-05,0.003324040550612715,0.0010511539174696387,10
3.85,0.00826466,0.010000000000218279,0.9999957505282909,0.0001,3.1622776601683795e-05,10
3.85,0.00826466,0.011351307054675233,0.999994058003203,0.0001,3.1622776601683795e-05,10
3.85,0.00826466,0.012885217184670714,0.9999921367660061,0.0001,3.1622776601683795e-05,10
3.85,0.00826466,0.014626405672618265,0.9999899559106715,0.0001,3.1622776601683795e-05,10
3.85,0.00826466,0.016602882189250948,0.999987480354817,0.0001,3.1622776601683795e-05,10
3.85,0.00826466,0.018846441371867226,0.9999846702753535,0.0001,3.1622776601683795e-05,10
3.85,0.00826466,0.021393174289532996,0.9999803186480756,0.0001,3.1622776601683795e-05,10
3.85,0.00826466,0.024284049022937213,0.9999742869918238,0.0001,3.1622776601683795e-05,10
3.85,0.00826466,0.027565569698412937,0.9999674402736078,0.0001,3.1622776601683795e-05,10
3.85,0.00826466,0.03129052457769065,0.9999585850534689,0.0001,3.1622776601683795e-05,10
3.85,0.00826466,0.035518835237547564,0.9999462135538646,0.0001,3.1622776601683795e-05,10
3.85,0.00826466,0.040318520499702026,0.9999319075217714,0.0001,3.1622776601683795e-05,10
3.85,0.00826466,0.045766790617234585,0.9999114720333692,0.0001,3.1622776601683795e-05,10
3.85,0.00826466,0.051951289319191934,0.9998866554679825,0.0001,3.1622776601683795e-05,10
3.85,0.00826466,0.05897150369355452,0.9998544969579279,0.0001,3.1622776601683795e-05,10
3.85,0.00826466,0.06694036458868406,0.9998122449756675,0.0001,3.1622776601683795e-05,10
3.85,0.00826466,0.0759860632781475,0.9997583717058115,0.0001,3.1622776601683795e-05,10
3.85,0.00826466,0.08625411361274073,0.9996891981502689,0.0001,3.1622776601683795e-05,10
3.85,0.00826466,0.09790969283256912,0.9996003568626273,0.0001,3.1622776601683795e-05,10
3.85,0.00826466,0.11114029869471674,0.9994855745758173,0.0001,3.1622776601683795e-05,10
3.85,0.00826466,0.12615876566045128,0.9993365251398124,0.0001,3.1622776601683795e-05,10
3.85,0.00826466,0.14320668866193417,0.9991474956990622,0.0001,3.1622776601683795e-05,10
3.85,0.00826466,0.16255830952494102,0.998904530624376,0.0001,3.1622776601683795e-05,10
3.85,0.00826466,0.1845249285666265,0.9985914316232041,0.0001,3.1622776601683795e-05,10
3.85,0.00826466,0.209459912335607,0.9981903058450671,0.0001,3.1622776601683795e-05,10
3.85,0.00826466,0.23776437805149325,0.9976737348550392,0.0001,3.1622776601683795e-05,10
3.85,0.00826466,0.2698936461867474,0.997020011677128,0.0001,3.1622776601683795e-05,10
3.85,0.00826466,0.3063645649904774,0.9961796398402534,0.0001,3.1622776601683795e-05,10
3.85,0.00826466,0.3477638247803005,0.9951277966503446,0.00011070822634516814,3.500901509681896e-05,10
3.85,0.00826466,0.3947573957503299,0.9937754202032872,0.0001401266942681226,4.431195148773286e-05,10
3.85,0.00826466,0.4481012411168134,0.9920781518468559,0.0001771690790965718,5.602578208996935e-05,10
3.85,0.00826466,0.5086534779386983,0.989926300816102,0.0002236014096304828,7.070897424566345e-05,10
3.85,0.00826466,0.5773881812384607,0.9872310956713093,0.00028119544887381646,8.892180861146895e-05,10
3.85,0.00826466,0.6554110534835178,0.98387493241973,0.0003524546297685439,0.00011145594019399834,10
3.85,0.00826466,0.7439772114957187,0.9797186317282746,0.0004411143669547383,0.00013949261082002855,10
3.85,0.00826466,0.8445113769184625,0.9745613234772772,0.0005548267215939389,0.00017545161469609738,10
3.85,0.00826466,0.9586307950358789,0.9682064503742318,0.000703540774756991,0.00022247912750315862,10
3.85,0.00826466,1.088171250628218,0.9603575217484874,0.0009024921484654968,0.00028539307595698045,10
3.85,0.00826466,1.2352165993681232,0.9506229157368766,0.0011699899553614527,0.0003699833098460921,10
3.85,0.00826466,1.402132289815328,0.9385414298568474,0.0015232014686321538,0.0004816785976191126,10
3.85,0.00826466,1.5916034152621248,0.9234628629404844,0.001962193325082546,0.0006205000116840045,10
3.85,0.00826466,1.80667790755158,0.9049489115821687,0.0024638116949306206,0.0007791256681740691,10
3.85,0.00826466,2.0508155677068496,0.882830276129946,0.003036999415457447,0.000960383540544551,10
3.85,0.00826466,2.3279437221040404,0.8572467255202705,0.0036534412587785683,0.001155319567537291,10
3.85,0.00826466,2.642520399502972,0.8283838928435449,0.004282930296108809,0.0013543814795443229,10
3.85,0.00826466,2.9996060452346534,0.7961714265879035,0.004887907198219145,0.0015456919737904615,10
3.85,0.00826466,3.404944926177538,0.7611616155505281,0.005405387346197506,0.0017093335649437213,10
3.85,0.00826466,3.865057536045609,0.7254228623045257,0.005723853716846554,0.00181004147388556,10
3.85,0.00826466,4.3873454874682505,0.6915260184022224,0.006040639718651247,0.001910218003541664,10
3.85,0.00826466,4.980210578210885,0.6620812454117957,0.006748262347523659,0.0021339879266529488,10
3.85,0.00826466,5.653189946897943,0.6428496586179115,0.007663446548872761,0.002423394582139479,10
3.85,0.00826466,6.417109492424104,0.6378925885659414,0.008488541611412465,0.0026843125505179332,10
3.85,0.00826466,7.284258025038717,0.649501476379105,0.008444339814633729,0.0026703347150686635,10
3.85,0.00826466,8.268584950589176,0.6782747746830257,0.007830113645652361,0.0024760993458226043,10
3.85,0.00826466,9.385924667975567,0.7191579611527465,0.006350575685162336,0.0020082283618397356,10
3.85,0.00826466,10.65425128959158,0.759959423440837,0.004945297207224718,0.00156384028812998,10
3.85,0.00826466,12.093967782318368,0.7827308353089651,0.004235767395631492,0.0013394672608875063,10
3.85,0.00826466,13.728234180344895,0.7726422954787703,0.003163288223470096,0.0010003195681753203,10
3.85,0.00826466,15.583340149618108,0.739308016272519,0.005327145547605544,0.001684591335765846,10
3.85,0.00826466,17.689127897190275,0.7138237333659405,0.009921509086966691,0.003137456654087234,10
3.85,0.00826466,20.07947222860456,0.7161545819286881,0.010495812865678786,0.0033190674550443882,10
3.85,0.00826466,22.792825475773903,0.7271056087708018,0.007088773122153791,0.0022416668882188984,10
3.85,0.00826466,25.872836061348632,0.719457981439256,0.005091208418755875,0.0016099814645892882,10
3.85,0.00826466,29.369050650123167,0.7086508422178243,0.006024958420056805,0.0019052591415189006,10
3.85,0.00826466,33.33771118265806,0.7075528803182731,0.004795682730243744,0.0015165280363105091,10
3.85,0.00826466,37.842659612617176,0.6978566850328185,0.00403685965572381,0.0012765671106530418,10
3.85,0.00826466,42.95636490189982,0.6906616487557512,0.0049768044994452166,0.0015738037687621081,10
3.85,0.00826466,48.76108879434957,0.6822249497301278,0.005339569522104197,0.0016885201414666051,10
3.85,0.00826466,55.350209121286355,0.6705679641423882,0.007210595580624862,0.002280190532111884,10
3.85,0.00826466,62.82972192624931,0.6614652931750863,0.00672540031787703,0.0021267583180911848,10
3.85,0.00826466,71.31994657291497,0.6527433025354934,0.009482943402033142,0.0029987700072890535,10
3.85,0.00826466,80.95746126545187,0.6393806472373131,0.006601221351780883,0.0020874894810563194,10
3.85,0.00826466,91.89730011710618,0.627663407179713,0.008832813152241905,0.0027931807707776016,10
3.85,0.00826466,104.31544711021446,0.6123791422934569,0.009769918413485292,0.0030895194740632233,10
3.85,0.00826466,118.41166706679324,0.5981503291851178,0.008898671475072872,0.002814007001080054,10
3.85,0.00826466,134.41271917018034,0.5844788665649687,0.009093033057933176,0.0028754695302274647,10
3.85,0.00826466,152.57600473212457,0.5655219448526284,0.008074795311617443,0.0025534744824360204,10
3.85,0.00826466,173.19370788521238,0.5467577915095313,0.00713758420985476,0.002257102309439428,10
3.85,0.00826466,196.59749580998604,0.5269769092906188,0.008240946204444715,0.002606016008096492,10
3.85,0.00826466,223.1638541070668,0.5067810873236542,0.0075685289875019185,0.0023933790137514116,10
3.85,0.00826466,253.32014314187637,0.49024512295531525,0.0058976828400686765,0.0018650110691907575,10
3.85,0.00826466,287.5514727874956,0.4659407369224454,0.008836333588592718,0.0027942940305002236,10
3.85,0.00826466,326.40850615637055,0.44099990841804626,0.009476358405127651,0.002996687648428402,10
3.85,0.00826466,370.5163178557939,0.41701173518508405,0.010320311712895679,0.0032635691175664063,10
3.85,0.00826466,420.58444926569615,0.3951194035104225,0.009991914538544647,0.003159720812755138,10
3.85,0.00826466,477.4183225932176,0.36658503198911213,0.01032543661364572,0.00326518975348165,10
3.85,0.00826466,541.9321973165318,0.3393144489965936,0.012527800925308794,0.003961638499714075,10
3.85,0.00826466,615.1638774420524,0.3137529018295685,0.01688300127724292,0.00533887377756195,10
3.85,0.00826466,698.2914061636919,0.28697891193488234,0.0169642140270554,0.005364555504007235,10
3.85,0.00826466,792.652016483199,0.261732716195391,0.017907753111321114,0.005662928760774154,10
3.85,0.00826466,899.7636426411872,0.229827698506836,0.016254051741680514,0.005139982470993723,10
3.85,0.00826466,1021.3493384030259,0.2031799489435302,0.012917232089807218,0.004084787446880747,10
3.85,0.00826466,1159.3649950049091,0.17022335706528918,0.015423597084135583,0.004877369649860011,10
3.85,0.00826466,1316.0308046455484,0.14546017159865418,0.015871264352191623,0.005018934469956233,10
3.85,0.00826466,1493.8669756616864,0.12295818886105403,0.0143101260257731,0.004525259184549639,10
3.85,0.00826466,1695.7342739204687,0.10123239816670856,0.013800829455433875,0.004364205467871228,10
3.85,0.00826466,1924.8800425987847,0.0777483956822289,0.01718744395112645,0.005435147004204331,10
3.85,0.00826466,2184.990440647822,0.0588338560386318,0.01730583503563496,0.005472585552374768,10
3.85,0.00826466,2480.2497402782196,0.03884158978142216,0.01144548246619045,0.0036193793512682947,10
3.85,0.00826466,2815.4076373562034,0.028308033705995196,0.00904684784649197,0.0028608644839903967,10
3.85,0.00826466,3195.8556575010366,0.01719082606493353,0.009870154674117422,0.0031212169628368033,10
3.85,0.00826466,3627.7138869923433,0.0082224856624886,0.005241352332316063,0.0016574611389554516,10
3.85,0.00826466,4117.929423686066,0.004417862240248855,0.0055613185843428805,0.0017586433520346727,10
3.85,0.00826466,4674.388131672206,0.0041361996464468285,0.0040840154236842,0.0012914790738099643,10
3.85,0.00826466,5306.041497418272,0.0028402849130643136,0.0031910732189415762,0.0010091059552220546,10
3.85,0.00826466,6023.050628072877,-0.00026799865959582813,0.0031223492943729682,0.000987373542083814,10
3.85,0.00826466,6836.949708361742,-0.001571232187039712,0.004529618027338165,0.001432390989694744,10
3.85,0.00826466,7760.831545529242,-0.00038243007918971285,0.0037604409164158485,0.0011891558302364945,10
3.85,0.00826466,8809.558187098928,0.0001211805475956695,0.003198263258928226,0.0010113796455046046,10
3.85,0.00826466,9999.99999956053,-0.0002845852095611627,0.0027301718047001112,0.0008633561306424748,10
3.85,0.00476227,0.010000000000218279,0.9999975865663367,0.0001,3.1622776601683795e-05,10
3.85,0.00476227,0.011351307054672998,0.9999966163960398,0.0001,3.1622776601683795e-05,10
3.85,0.00476227,0.012885217184665648,0.9999955151259462,0.0001,3.1622776601683795e-05,10
3.85,0.00476227,0.014626405672609628,0.9999942650404477,0.0001,3.1622776601683795e-05,10
3.85,0.00476227,0.016602882189237875,0.9999928460300144,0.0001,3.1622776601683795e-05,10
3.85,0.00476227,0.01884644137184869,0.9999912352676998,0.0001,3.1622776601683795e-05,10
3.85,0.00476227,0.02139317428950774,0.999988737585641,0.0001,3.1622776601683795e-05,10
3.85,0.00476227,0.024284049022903764,0.999985273358306,0.0001,3.1622776601683795e-05,10
3.85,0.00476227,0.027565569698369544,0.9999813410074874,0.0001,3.1622776601683795e-05,10
3.85,0.00476227,0.03129052457763524,0.9999762642555886,0.0001,3.1622776601683795e-05,10
3.85,0.00476227,0.03551883523747767,0.9999691888212082,0.0001,3.1622776601683795e-05,10
3.85,0.00476227,0.04031852049961476,0.9999610053740213,0.0001,3.1622776601683795e-05,10
3.85,0.00476227,0.045766790617126504,0.9999492902099197,0.0001,3.1622776601683795e-05,10
3.85,0.00476227,0.05195128931905905,0.9999350628495808,0.0001,3.1622776601683795e-05,10
3.85,0.00476227,0.05897150369339207,0.999916624889973,0.0001,3.1622776601683795e-05,10
3.85,0.00476227,0.06694036458848644,0.9998923968930556,0.0001,3.1622776601683795e-05,10
3.85,0.00476227,0.07598606327790826,0.9998614654198079,0.0001,3.1622776601683795e-05,10
3.85,0.00476227,0.0862541136124522,0.999821768644767,0.0001,3.1622776601683795e-05,10
3.85,0.00476227,0.09790969283222231,0.9997708504384638,0.0001,3.1622776601683795e-05,10
3.85,0.00476227,0.11114029869430124,0.9997050050637094,0.0001,3.1622776601683795e-05,10
3.85,0.00476227,0.12615876565995482,0.9996195073019664,0.0001,3.1622776601683795e-05,10
3.85,0.00476227,0.14320668866134237,0.9995110003774021,0.0001,3.1622776601683795e-05,10
3.85,0.00476227,0.1625583095242373,0.9993715248700328,0.0001,3.1622776601683795e-05,10
3.85,0.00476227,0.18452492856579136,0.9991915858542553,0.0001,3.1622776601683795e-05,10
3.85,0.00476227,0.2094599123346178,0.9989607969046087,0.0001,3.1622776601683795e-05,10
3.85,0.00476227,0.2377643780503237,0.9986633188071721,0.0001,3.1622776601683795e-05,10
3.85,0.00476227,0.2698936461853665,0.9982864167616368,0.0001,3.1622776601683795e-05,10
3.85,0.00476227,0.30636456498884956,0.9978012248853348,0.0001,3.1622776601683795e-05,10
3.85,0.00476227,0.34776382477838447,0.9971932759074417,0.0001,3.1622776601683795e-05,10
3.85,0.00476227,0.3947573957480773,0.996409241954537,0.0001,3.1622776601683795e-05,10
3.85,0.00476227,0.44810124111416794,0.9954221019193463,0.0001,3.1622776601683795e-05,10
3.85,0.00476227,0.5086534779355955,0.994166226868478,0.00012136170120708944,3.8377939652720876e-05,10
3.85,0.00476227,0.5773881812348249,0.9925865121977491,0.00015902486941248397,5.028807919542918e-05,10
3.85,0.00476227,0.6554110534792618,0.990610439996486,0.00020850526152953167,6.593515305624034e-05,10
3.85,0.00476227,0.7439772114907415,0.9881510609801205,0.0002717094345574588,8.592206749580342e-05,10
3.85,0.00476227,0.844511376912646,0.9850817583929707,0.00035200104899384,0.00011131250535890554,10
3.85,0.00476227,0.9586307950290877,0.981274881776906,0.000452272143516879,0.00014302100957598935,10
3.85,0.00476227,1.0881712506202943,0.9765311471424072,0.0005754670226527412,0.0001819786509898374,10
3.85,0.00476227,1.2352165993588877,0.9705749647046223,0.0007248826321529044,0.00022922801539011824,10
3.85,0.00476227,1.4021322898045676,0.9630753857338419,0.000903603857416885,0.00028574462919513886,10
3.85,0.00476227,1.591603415249598,0.953533681541957,0.001117810131581525,0.0003534826007410133,10
3.85,0.00476227,1.8066779075370039,0.9415526231726862,0.0013735241706434285,0.0004343464800527015,10
3.85,0.00476227,2.050815567689899,0.926843955983583,0.0017073965126617992,0.0005399261849039805,10
3.85,0.00476227,2.327943722084342,0.909240189782475,0.002146611708331176,0.0006788182250311558,10
3.85,0.00476227,2.642520399480093,0.8885894834360194,0.002696793360946973,0.0008528009399413014,10
3.85,0.00476227,2.9996060452080937,0.8645480738958928,0.0032700195987833574,0.0010340709925545377,10
3.85,0.00476227,3.404944926146718,0.8368976791763144,0.0038014660131706094,0.0012021291049338773,10
3.85,0.00476227,3.865057536009861,0.8063134916767538,0.0043835010946734485,0.0013861847585009482,10
3.85,0.00476227,4.387345487426811,0.7737059551501282,0.004989198020388932,0.001577722944203222,10
3.85,0.00476227,4.980210578162862,0.7399299443752108,0.005656925025928576,0.0017888767634741366,10
3.85,0.00476227,5.6531899468423275,0.7080109722531512,0.006273956395716304,0.0019839992151044193,10
3.85,0.00476227,6.417109492359706,0.6813147572063648,0.006552258305842314,0.002072006006421786,10
3.85,0.00476227,7.2842580249641795,0.6638294198615402,0.0063987113975825126,0.0020234502106439966,10
3.85,0.00476227,8.268584950502943,0.65945436550367,0.006359494433294493,0.0020110487176372344,10
3.85,0.00476227,9.385924667875829,0.6712297791001197,0.006453002693898973,0.0020406186259923093,10
3.85,0.00476227,10.654251289476262,0.7002886557606967,0.006941058490777229,0.0021949554203306875,10
3.85,0.00476227,12.093967782185103,0.7415581311562972,0.007181510120839894,0.0022709929021405115,10
3.85,0.00476227,13.728234180190913,0.7818690753738222,0.0066502146611261085,0.002102982525820332,10
3.85,0.00476227,15.583340149440259,0.8021860784623678,0.005531738693894091,0.0017492893693590293,10
3.85,0.00476227,17.689127896984903,0.7902864394098504,0.004892011639456162,0.001546989912073591,10
3.85,0.00476227,20.07947222836747,0.7580912606299155,0.005810100947610421,0.0018373152429951565,10
3.85,0.00476227,22.792825475500305,0.737811535380042,0.005724059318849723,0.0018101064909477108,10
3.85,0.00476227,25.87283606103298,0.7440555680063349,0.006054639132930021,0.001914645007044585,10
3.85,0.00476227,29.369050649759096,0.7543218719139986,0.00540981709458051,0.0017107343743788955,10
3.85,0.00476227,33.33771118223821,0.7467499493489692,0.006584169473941365,0.002082097203820737,10
3.85,0.00476227,37.842659612133126,0.7382565024437946,0.006605318831444842,0.0020887852178967524,10
3.85,0.00476227,42.95636490134192,0.7379669760310474,0.0059855395954203,0.0018927938146650891,10
3.85,0.00476227,48.76108879370671,0.7303088348246862,0.007211253483322415,0.002280398579212188,10
3.85,0.00476227,55.35020912054576,0.7248182022710926,0.005845363304094283,0.0018484661792105375,10
3.85,0.00476227,62.82972192539625,0.7223062313592679,0.006582899309799276,0.002081695542651609,10
3.85,0.00476227,71.31994657193255,0.7137205182936857,0.005779087958112837,0.0018275080746088317,10
3.85,0.00476227,80.9574612643208,0.7102617780021472,0.009465866592669216,0.0029933698460132036,10
3.85,0.00476227,91.89730011580414,0.7018113724834143,0.008404489785260016,0.002657733029304109,10
3.85,0.00476227,104.31544710871599,0.6948420036360449,0.009599798696613265,0.003035722896041365,10
3.85,0.00476227,118.41166706506878,0.6851782409024817,0.00920621209317713,0.002911259883702601,10
3.85,0.00476227,134.41271916819676,0.675634272510188,0.0063861997138347955,0.002019493668843347,10
3.85,0.00476227,152.57600472984296,0.6656400581354242,0.00827703832569292,0.0026174293389696203,10
3.85,0.00476227,173.1937078825881,0.6549389305265977,0.010940761976420571,0.0034597727183254415,10
3.85,0.00476227,196.59749580696857,0.6452663309986646,0.011561900635820741,0.003656194008974251,10
3.85,0.00476227,223.16385410359732,0.6320249725202557,0.011419050693188508,0.0036110208907400264,10
3.85,0.00476227,253.3201431378888,0.6200224800252486,0.013416361839946465,0.004242626132719824,10
3.85,0.00476227,287.55147278291213,0.6024292380190907,0.01037867901209195,0.00328202647819968,10
3.85,0.00476227,326.40850615110367,0.590230345564531,0.0087174107324536,0.0027566873213750085,10
3.85,0.00476227,370.51631784974256,0.5764169081919566,0.010881233178740485,0.0034409480596213995,10
3.85,0.00476227,420.58444925874363,0.5594057767493982,0.012387102822129188,0.003917145852862782,10
3.85,0.00476227,477.4183225852329,0.543408697159218,0.015402351402673924,0.004870651175473885,10
3.85,0.00476227,541.9321973073605,0.5248630706765672,0.01513917011167138,0.004787425943762723,10
3.85,0.00476227,615.163877431521,0.5026218728463757,0.012240106312298887,0.003870661474946873,10
3.85,0.00476227,698.2914061516004,0.481618124459815,0.0159421556282098,0.005041352259801544,10
3.85,0.00476227,792.6520164693162,0.4570439958246286,0.013805655778575694,0.00436573168525644,10
3.85,0.00476227,899.7636426252536,0.43774833113777945,0.015546297891896243,0.004916171052186626,10
3.85,0.00476227,1021.3493383847366,0.4119493035559293,0.017405018458793033,0.0055039501047059475,10
3.85,0.00476227,1159.3649949839207,0.38813419534606025,0.016233380829732285,0.005133445754686803,10
3.85,0.00476227,1316.030804621463,0.3606201687478886,0.016848093508511085,0.005327834971839249,10
3.85,0.00476227,1493.866975634053,0.33568215167547655,0.014950554560603095,0.004727780469412364,10
3.85,0.00476227,1695.7342738887714,0.3095981599299557,0.017600850133779863,0.005565877517802369,10
3.85,0.00476227,1924.8800425624227,0.281939730256684,0.018440733000170368,0.005831471800356857,10
3.85,0.00476227,2184.9904406061173,0.24976927682338826,0.016728363119244697,0.005289972898317213,10
3.85,0.00476227,2480.249740230387,0.21990957834953911,0.017423791626465727,0.005509886701580144,10
3.85,0.00476227,2815.407637301355,0.19299149756565734,0.0185196456079979,0.00585642615804072,10
3.85,0.00476227,3195.855657438155,0.16883035572220434,0.018619829775124937,0.0058881071734015605,10
3.85,0.00476227,3627.713886920245,0.14141775421799052,0.013069214964790125,0.004132848651909408,10
3.85,0.00476227,4117.929423603417,0.11827875649559098,0.015069248804669614,0.004765314885052577,10
3.85,0.00476227,4674.388131577461,0.09694610897459707,0.015313674497695823,0.004842609075915372,10
3.85,0.00476227,5306.041497309682,0.07524625073182455,0.014633692000864415,0.004627579730011825,10
3.85,0.00476227,6023.0506279484425,0.05949662997006897,0.015008967891631444,0.004746252386589061,10
3.85,0.00476227,6836.949708219136,0.04374225852142929,0.011921600215604003,0.003769941003526307,10
3.85,0.00476227,7760.831545365842,0.030647569687353337,0.007359466933421688,0.002327267787430729,10
3.85,0.00476227,8809.5581869117,0.020762022552732403,0.0076519812189721,0.0024197689264783477,10
3.85,0.00476227,9999.999999346035,0.013089369740989839,0.006219943640102472,0.0019669188820602436,10
3.85,0.00373261,0.00999999999839929,0.9999981266478241,0.0001,3.1622776601683795e-05,10
3.85,0.00373261,0.011346639479501913,0.9999973655457453,0.0001,3.1622776601683795e-05,10
3.85,0.00373261,0.012874622749840012,0.9999965019506556,0.0001,3.1622776601683795e-05,10
3.85,0.00373261,0.0146083702800412,0.9999955220604418,0.0001,3.1622776601683795e-05,10
3.85,0.00373261,0.01657559109772307,0.9999944102143429,0.0001,3.1622776601683795e-05,10
3.85,0.00373261,0.018807725637561085,0.9999931486426586,0.0001,3.1622776601683795e-05,10
3.85,0.00373261,0.021340448227295097,0.9999912124435483,0.0001,3.1622776601683795e-05,10
3.85,0.00373261,0.024214237240485326,0.999988506106449,0.0001,3.1622776601683795e-05,10
3.85,0.00373261,0.02747502202828959,0.9999854353233107,0.0001,3.1622776601683795e-05,10
3.85,0.00373261,0.031174916969627774,0.9999815163681713,0.0001,3.1622776601683795e-05,10
3.85,0.00373261,0.035373054371439484,0.9999760097937962,0.0001,3.1622776601683795e-05,10
3.85,0.00373261,0.04013652953057901,0.9999697105785982,0.0001,3.1622776601683795e-05,10
3.85,0.00373261,0.045541473061476136,0.999960597970938,0.0001,3.1622776601683795e-05,10
3.85,0.00373261,0.05167426762767335,0.9999496320864948,0.0001,3.1622776601683795e-05,10
3.85,0.00373261,0.058632928523236094,0.9999352975709803,0.0001,3.1622776601683795e-05,10
3.85,0.00373261,0.0665286701687058,0.9999165603967445,0.0001,3.1622776601683795e-05,10
3.85,0.00373261,0.07548768355758326,0.9998926958285047,0.0001,3.1622776601683795e-05,10
3.85,0.00373261,0.08565315306077284,0.9998620652958208,0.0001,3.1622776601683795e-05,10
3.85,0.00373261,0.09718754482187549,0.9998227081821064,0.0001,3.1622776601683795e-05,10
3.85,0.00373261,0.11027520331682732,0.9997721907925154,0.0001,3.1622776601683795e-05,10
3.85,0.00373261,0.12512529757651036,0.9997057417522319,0.0001,3.1622776601683795e-05,10
3.85,0.00373261,0.14197516415933195,0.9996225918405652,0.0001,3.1622776601683795e-05,10
3.85,0.00373261,0.16109410030169066,0.9995152008587395,0.0001,3.1622776601683795e-05,10
3.85,0.00373261,0.18278766786905953,0.9993764387551056,0.0001,3.1622776601683795e-05,10
3.85,0.00373261,0.20740257689411476,0.9991981885138905,0.0001,3.1622776601683795e-05,10
3.85,0.00373261,0.23533222675138937,0.9989685668271099,0.0001,3.1622776601683795e-05,10
3.85,0.00373261,0.2670229935283839,0.9986778502354012,0.0001,3.1622776601683795e-05,10
3.85,0.00373261,0.30298136407889326,0.9983035039224122,0.0001,3.1622776601683795e-05,10
3.85,0.00373261,0.343782030776121,0.9978337401772391,0.0001,3.1622776601683795e-05,10
3.85,0.00373261,0.39007707633720784,0.9972277765205011,0.0001,3.1622776601683795e-05,10
3.85,0.00373261,0.4426063955124931,0.9964657869265707,0.0001,3.1622776601683795e-05,10
3.85,0.00373261,0.502209520200599,0.9955048358506977,0.0001,3.1622776601683795e-05,10
3.85,0.00373261,0.5698390369801979,0.9942868611833253,0.00010750180050401369,3.399505421617203e-05,10
3.85,0.00373261,0.6465758114995848,0.9927635953313964,0.00013494782808551268,4.2674250204305975e-05,10
3.85,0.00373261,0.7336462630426538,0.9908660811646841,0.0001707643436215922,5.400042689878777e-05,10
3.85,0.00373261,0.8324419653561324,0.9884949016722601,0.00021781420722777098,6.88789001583666e-05,10
3.85,0.00373261,0.9445418870015998,0.9855490075405886,0.00027906767717460586,8.824894812043373e-05,10
3.85,0.00373261,1.0717376266811138,0.9818668420755319,0.000358084307359508,0.00011323620056198397,10
3.85,0.00373261,1.2160620468514172,0.9772285337153439,0.00045966835025205847,0.00014535989550885385,10
3.85,0.00373261,1.3798217632536904,0.9713655517799575,0.0005912162906637539,0.0001869590068293604,10
3.85,0.00373261,1.5656340096116408,0.9639080675606998,0.0007587655693135357,0.00023994274091451357,10
3.85,0.00373261,1.7764684666753932,0.9544594272729565,0.0009642696353680079,0.00030492883263029603,10
3.85,0.00373261,2.0156947241295806,0.9426784864964081,0.0011979247845378062,0.00037881707847059237,10
3.85,0.00373261,2.2871361339093483,0.9284074324958903,0.0014870463475585485,0.0004702453444519381,10
3.85,0.00373261,2.5951309156165236,0.9114426186476587,0.0018233820755474402,0.0005766040403455122,10
3.85,0.00373261,2.944601490632388,0.8913782536250536,0.0021855676988696443,0.0006911371908921087,10
3.85,0.00373261,3.341133153035782,0.8678180658688479,0.0025351314295303413,0.0008016789485194525,10
3.85,0.00373261,3.7910633346576943,0.8409558495787524,0.0027898694141991454,0.0008822341723309001,10
3.85,0.00373261,4.301582890920479,0.8113364490447552,0.0030295545471689476,0.0009580292664773893,10
3.85,0.00373261,4.880851026228111,0.7794870284770672,0.00350717969127287,0.001109067598790843,10
3.85,0.00373261,5.53812569566323,0.7469680297150509,0.003950710245949288,0.0012493242752563756,10
3.85,0.00373261,6.283911567091519,0.7160089866973516,0.004246331800016538,0.001342808018885488,10
3.85,0.00373261,7.130127908427263,0.690749560969689,0.004584412824357667,0.0014497186259455673,10
3.85,0.00373261,8.090299083260948,0.674412413135759,0.004818284387264305,0.0015236753078183998,10
3.85,0.00373261,9.179770699380107,0.6707621698710652,0.005171029223625298,0.0016352230193948116,10
3.85,0.00373261,10.415954864703412,0.6826983880893371,0.0057868367469760046,0.0018299584568003675,10
3.85,0.00373261,11.818608470347202,0.7103263847434562,0.005944852750976421,0.001879927504740327,10
3.85,0.00373261,13.410148948388319,0.7483579084209547,0.0056166974882502965,0.001776155699101776,10
3.85,0.00373261,15.216012550814037,0.7853062930509724,0.0055101296623459506,0.0017424559935867734,10
3.85,0.00373261,17.26506087572997,0.8058202967631806,0.0050966747405245625,0.0016117100673105295,10
3.85,0.00373261,19.590042137991954,0.7979197719576525,0.003922049687363008,0.0012402610108418416,10
3.85,0.00373261,22.228114556362655,0.7697727971427131,0.004164828457159571,0.0013170343988509249,10
3.85,0.00373261,25.221440222048813,0.7472584729279235,0.003558721239063768,0.0011253664673058087,10
3.85,0.00373261,28.617858939920545,0.7499964716461397,0.005773959629094414,0.0018258863545799367,10
3.85,0.00373261,32.47165281184972,0.7627240238071207,0.006623163542396639,0.0020944282109762557,10
3.85,0.00373261,36.844413781859096,0.7601791092910944,0.005086129440580998,0.0016083753506673985,10
3.85,0.00373261,41.806028008326614,0.7501033387504649,0.004062916060665305,0.0012848068693781208,10
3.85,0.00373261,47.43579279563729,0.7465389117442116,0.003223965902656003,0.0010195075351113663,10
3.85,0.00373261,53.82368393626072,0.7447402738906528,0.0050920644324941155,0.0016102521599014117,10
3.85,0.00373261,61.0717937181167,0.7387871741209667,0.0044878629219664195,0.0014191868660032394,10
3.85,0.00373261,69.29596257969034,0.7347587377559235,0.003859950617969959,0.0012206235608559532,10
3.85,0.00373261,78.62763049026616,0.729583646234764,0.007242274718409156,0.002290208355082751,10
3.85,0.00373261,89.21593764433521,0.7236693792437696,0.0064405620026882675,0.0020366845340030423,10
3.85,0.00373261,101.23010804380348,0.717876682710248,0.006732087920279626,0.0021288731236589666,10
3.85,0.00373261,114.86215406279281,0.7122697038312862,0.005424258475427008,0.001715301139982182,10
3.85,0.00373261,130.32994521981365,0.7009563807047441,0.009450392330110663,0.0029884764545335544,10
3.85,0.00373261,147.88069020291732,0.6939365939009103,0.00883902078883783,0.0027951437978305754,10
3.85,0.00373261,167.79488779810077,0.68983442347147,0.00708484084932393,0.002240423394366543,10
3.85,0.00373261,190.39080986532846,0.6815924107434836,0.01000318289152284,0.0031632841788441207,10
3.85,0.00373261,216.0295880098079,0.6718520367079369,0.01072362424298597,0.0033911077379634577,10
3.85,0.00373261,245.1209852444992,0.659935434188327,0.010016293293966205,0.0031674300521203676,10
3.85,0.00373261,278.1299448874846,0.6519046894737983,0.012612065348851663,0.003988285250125733,10
3.85,0.00373261,315.58402135971824,0.638197576275829,0.013867467784601096,0.004385278357834873,10
3.85,0.00373261,358.0818116433346,0.6263995767223371,0.012742742630893162,0.004029609035094869,10
3.85,0.00373261,406.3025221534201,0.6120891305728653,0.01086655799465488,0.003436307358942123,10
3.85,0.00373261,461.01682392251513,0.5966835820733124,0.01419731393564904,0.004489584869310017,10
3.85,0.00373261,523.0991695871134,0.5830596280429918,0.014098241611238476,0.004458255449487569,10
3.85,0.00373261,593.5417690281895,0.5692319154036224,0.012673656420900875,0.004007762057246437,10
3.85,0.00373261,673.4704470266691,0.5536145335431372,0.014722799502635515,0.004655757996232241,10
3.85,0.00373261,764.1626363733824,0.5342327380550438,0.014092990589924284,0.004456594930748075,10
3.85,0.00373261,867.0677940022409,0.5151626629643676,0.01279787600475053,0.004047043738742755,10
3.85,0.00373261,983.8305664405286,0.49412275622735596,0.016472841885563853,0.005209169989420453,10
3.85,0.00373261,1116.3170748101732,0.47659023151284446,0.018279425566443654,0.005780461910947549,10
3.85,0.00373261,1266.6447394710758,0.4506950387391296,0.018034014450271814,0.005702856101924829,10
3.85,0.00373261,1437.216120968649,0.42819779847123307,0.01963914065142595,0.006210441574690895,10
3.85,0.00373261,1630.757318136984,0.40661480812835976,0.018868761446399877,0.005966826279699672,10
3.85,0.00373261,1850.3615370421694,0.3824272546428589,0.016685780871785787,0.0052765072093313055,10
3.85,0.00373261,2099.538527091527,0.3559178387599944,0.01712039769641434,0.005413945116856924,10
3.85,0.00373261,2382.2706744045345,0.3305598963266056,0.01614609962401958,0.005105845013989019,10
3.85,0.00373261,2703.0766489385032,0.3044515556675266,0.014505057779452138,0.0045869020175413056,10
3.85,0.00373261,3067.083622587487,0.2765233943753726,0.014899312454067257,0.00471157629253654,10
3.85,0.00373261,3480.1092124555566,0.2465301515435252,0.013639899942299503,0.004313315087446568,10
3.85,0.00373261,3948.754458934742,0.22076118854677462,0.015311403471240045,0.004841890914292697,10
3.85,0.00373261,4480.509324578015,0.19999517539146017,0.012109789133904387,0.003829451564749563,10
3.85,0.00373261,5083.872399867117,0.17800252773845118,0.01622761763661942,0.005131623273003598,10
3.85,0.00373261,5768.486729031616,0.1535900702017933,0.013476652616031686,0.004261691750152675,10
3.85,0.00373261,6545.2939267090105,0.1343350783189896,0.01552230750166484,0.004908584624677877,10
3.85,0.00373261,7426.709048562856,0.11404706688883393,0.014024968821820296,0.004435084558980036,10
3.85,0.00373261,8426.819010668647,0.09299056515499118,0.012277440453567968,0.003882467567036552,10
3.85,0.00373261,9561.607728837547,0.07116569236038107,0.013903327020307204,0.0043966180438332865,10
3.85,0.00373261,10849.211576090507,0.05626932973273063,0.012436708490317982,0.003932832542495896,10
3.85,0.00373261,12310.20924104433,0.041569386795359355,0.009845490449095579,0.003113417450057609,10
3.85,0.00373261,13967.950619772151,0.03105546591022665,0.014213386168368035,0.0044946673555576475,10
3.85,0.00373261,15848.929997540941,0.02210909153824377,0.012032308522212886,0.0038049500440047413,10
3.85,0.00227471,0.010000000002037268,0.9999988788027109,0.0001,3.1622776601683795e-05,10
3.85,0.00227471,0.011338235021390817,0.9999984287965814,0.0001,3.1622776601683795e-05,10
3.85,0.00227471,0.012855557337410305,0.999997918569056,0.0001,3.1622776601683795e-05,10
3.85,0.00227471,0.014575933039282818,0.9999973400610965,0.0001,3.1622776601683795e-05,10
3.85,0.00227471,0.016526535442177494,0.9999966841351758,0.0001,3.1622776601683795e-05,10
3.85,0.00227471,0.018738174289457874,0.9999959404309516,0.0001,3.1622776601683795e-05,10
3.85,0.00227471,0.0212457823922373,0.9999948181895002,0.0001,3.1622776601683795e-05,10
3.85,0.00227471,0.02408896739274377,0.9999932253412682,0.0001,3.1622776601683795e-05,10
3.85,0.00227471,0.027312637366590568,0.9999914193325073,0.0001,3.1622776601683795e-05,10
3.85,0.00227471,0.030967710145333508,0.9999891551414242,0.0001,3.1622776601683795e-05,10
3.85,0.00227471,0.03511191756305678,0.9999859062753089,0.0001,3.1622776601683795e-05,10
3.85,0.00227471,0.03981071733005328,0.9999822226345529,0.0001,3.1622776601683795e-05,10
3.85,0.00227471,0.04513832693663415,0.9999768980694215,0.0001,3.1622776601683795e-05,10
3.85,0.00227471,0.051178895917566865,0.9999705500589464,0.0001,3.1622776601683795e-05,10
3.85,0.00227471,0.05802783499304541,0.999962123052508,0.0001,3.1622776601683795e-05,10
3.85,0.00227471,0.06579332307995966,0.9999512786269852,0.0001,3.1622776601683795e-05,10
3.85,0.00227471,0.07459801597669032,0.9999374638210119,0.0001,3.1622776601683795e-05,10
3.85,0.00227471,0.08458098371008677,0.9999197257262757,0.0001,3.1622776601683795e-05,10
3.85,0.00227471,0.09589990714500185,0.9998969529128658,0.0001,3.1622776601683795e-05,10
3.85,0.00227471,0.10873356855180678,0.9998678506006516,0.0001,3.1622776601683795e-05,10
3.85,0.00227471,0.12328467547037315,0.9998294583873722,0.0001,3.1622776601683795e-05,10
3.85,0.00227471,0.13978306247342112,0.9997822524737845,0.0001,3.1622776601683795e-05,10
3.85,0.00227471,0.15848932140105185,0.9997202218819933,0.0001,3.1622776601683795e-05,10
3.85,0.00227471,0.17969891740597763,0.9996413080377179,0.0001,3.1622776601683795e-05,10
3.85,0.00227471,0.2037468558223385,0.9995394155049737,0.0001,3.1622776601683795e-05,10
3.85,0.00227471,0.23101297357124695,0.9994082862371803,0.0001,3.1622776601683795e-05,10
3.85,0.00227471,0.2619279386807526,0.999242652833024,0.0001,3.1622776601683795e-05,10
3.85,0.00227471,0.2969800526825787,0.9990297387423264,0.0001,3.1622776601683795e-05,10
3.85,0.00227471,0.33672296332941104,0.9987625897618362,0.0001,3.1622776601683795e-05,10
3.85,0.00227471,0.38178440945502284,0.9984177603974723,0.0001,3.1622776601683795e-05,10
3.85,0.00227471,0.4328761361022066,0.9979852951993294,0.0001,3.1622776601683795e-05,10
3.85,0.00227471,0.49080513652784746,0.9974402310826674,0.0001,3.1622776601683795e-05,10
3.85,0.00227471,0.5564863986524832,0.9967529717683821,0.0001,3.1622776601683795e-05,10
3.85,0.00227471,0.630957357284381,0.9958892318430619,0.0001,3.1622776601683795e-05,10
3.85,0.00227471,0.7153942803908516,0.9948039755674637,0.0001,3.1622776601683795e-05,10
3.85,0.00227471,0.8111308482377744,0.9934410522425912,0.00010721715656271086,3.390504189850361e-05,10
3.85,0.00227471,0.9196792188546343,0.9917421256056385,0.0001345934248505457,4.256217806104323e-05,10
3.85,0.00227471,1.04275391255386,0.989609462205347,0.0001689944721472551,5.344074439632122e-05,10
3.85,0.00227471,1.1822988927601805,0.9869127350280907,0.00021098378529110196,6.671893108838136e-05,10
3.85,0.00227471,1.3405182708914076,0.9834902090074349,0.0002598140608136042,8.216042003084891e-05,10
3.85,0.00227471,1.519911120273876,0.9791093703222227,0.00031421118909121437,9.936230238380895e-05,10
3.85,0.00227471,1.7233109489779772,0.9735065711313157,0.0003721450661737945,0.00011768260291032735,10
3.85,0.00227471,1.953930455046767,0.966439568010213,0.00043098119988321543,0.0001362882220343255,10
3.85,0.00227471,2.2154122710259947,0.957677349247805,0.0004925917176164774,0.00015577117842025573,10
3.85,0.00227471,2.511886499304852,0.9469650535609455,0.0005916865533258506,0.00018710771694043638,10
3.85,0.00227471,2.8480359470374856,0.9338794568277369,0.0007839835107258373,0.00024791735419086924,10
3.85,0.00227471,3.2291700910301677,0.9179663825913223,0.001021103569364703,0.00032290130061201933,10
3.85,0.00227471,3.6613089408686967,0.8989511794416412,0.001314756451910717,0.0004157624956439502,10
3.85,0.00227471,4.151278124903153,0.876790965210958,0.0017111707967844467,0.0005411197183403981,10
3.85,0.00227471,4.70681670097215,0.8514684229669701,0.0021261233827869026,0.0006723392476148646,10
3.85,0.00227471,5.336699394735736,0.8232512249659202,0.0027017472757536573,0.0008543675053536568,10
3.85,0.00227471,6.05087519637006,0.7927858743365606,0.003480088998493506,0.0011005007695333762,10
3.85,0.00227471,6.860624504757115,0.761244391588829,0.0041341940623705374,0.001307346952623511,10
3.85,0.00227471,7.778737301260181,0.7307616189791364,0.004531851692281229,0.0014330973365697193,10
3.85,0.00227471,8.81971516733791,0.7040950777764216,0.004953329869203236,0.0015663804388826152,10
3.85,0.00227471,10.000000336862982,0.6846851878744703,0.00597591491435534,0.0018897502232732926,10
3.85,0.00227471,11.338235401024084,0.6770404096691529,0.007241376394058364,0.002289924279980142,10
3.85,0.00227471,12.855557767847428,0.6833929555343564,0.008047645534775681,0.0025448889691574946,10
3.85,0.00227471,14.575933527322544,0.7042853533221429,0.008220045394877983,0.002599406591779261,10
3.85,0.00227471,16.526535995528395,0.736568068194053,0.008153998457006293,0.0025785207161638435,10
3.85,0.00227471,18.73817491686014,0.7723372591438993,0.0077777135724620685,0.0024595289877385193,10
3.85,0.00227471,21.245783103600733,0.7981688638385,0.006334922113525631,0.002003278267850876,10
3.85,0.00227471,24.08896819930433,0.8024991154733913,0.005127151104946588,0.0016213475399480216,10
3.85,0.00227471,27.312638281087896,0.7860161460908093,0.005183996198027786,0.001639323536742108,10
3.85,0.00227471,30.96771118221209,0.7638035760359021,0.005237312991326215,0.0016561837871780518,10
3.85,0.00227471,35.11191873869409,0.7568947891342697,0.0046068707132215355,0.0014568204339704429,10
3.85,0.00227471,39.810718663018484,0.76425793305636,0.004105739900044513,0.0012983489564372716,10
3.85,0.00227471,45.1383284479814,0.7693570049025886,0.004548403717169207,0.0014383315464230999,10
3.85,0.00227471,51.17889763116792,0.7624587199556372,0.0046475198760154955,0.0014696748279112316,10
3.85,0.00227471,58.02783693596656,0.75773236662959,0.004898026478103921,0.0015488919710621234,10
3.85,0.00227471,65.79332528288927,0.7580749218527634,0.005171776466405144,0.0016354593183097548,10
3.85,0.00227471,74.59801847442371,0.7534248663360679,0.006212781319134292,0.0019646539573009805,10
3.85,0.00227471,84.58098654207562,0.7507979325421426,0.005196736826887615,0.0016433524773441016,10
3.85,0.00227471,95.89991035597738,0.746681999048189,0.00559969612796618,0.0017707793969198823,10
3.85,0.00227471,108.73357219248642,0.7437516183311167,0.006210141586578784,0.0019638192005720706,10
3.85,0.00227471,123.28467959826115,0.742145291974369,0.006055304174845752,0.0019148553117639042,10
3.85,0.00227471,139.7830671537174,0.7369443094826731,0.006980214887551663,0.002207337760207936,10
3.85,0.00227471,158.489326707682,0.7327550831741774,0.007174103644096451,0.0022686507685458768,10
3.85,0.00227471,179.69892342275952,0.7277705930398611,0.0033982055721460134,0.0010746069565457043,10
3.85,0.00227471,203.74686264430747,0.7225217671220198,0.005137868748835586,0.0016247367565320034,10
3.85,0.00227471,231.01298130615544,0.7163541651062422,0.007894438802199933,0.0024964407463763266,10
3.85,0.00227471,261.92794745077344,0.7103454913792485,0.005847856678383006,0.0018492546533917043,10
3.85,0.00227471,296.98006262623494,0.7042831237013386,0.006120972684966078,0.001935621518016909,10
3.85,0.00227471,336.7229746037618,0.6964782985822116,0.006075207800641412,0.0019211493908849009,10
3.85,0.00227471,381.78442223814716,0.6878104644621951,0.006135788737484777,0.0019403067652060853,10
3.85,0.00227471,432.87615059601313,0.6810868892647866,0.0072622110892049275,0.0022965127890819813,10
3.85,0.00227471,490.8051529612657,0.672500841309734,0.007739102450570801,0.00244731907891944,10
3.85,0.00227471,556.4864172850796,0.6642471596088095,0.006869358734405755,0.0021722819665493847,10
3.85,0.00227471,630.957378410456,0.6557598917721228,0.008585948197536572,0.0027151152176432864,10
3.85,0.00227471,715.3943043440916,0.6443329205928844,0.006747600602594902,0.0021337786645324553,10
3.85,0.00227471,811.130875396522,0.6324818112900792,0.006867533052768059,0.0021717046353236383,10
3.85,0.00227471,919.6792496478598,0.6210208285364078,0.009852938759751535,0.0031157728126969416,10
3.85,0.00227471,1042.7539474679418,0.6091026842557633,0.012993830901244568,0.004109010117901125,10
3.85,0.00227471,1182.2989323465895,0.595557414268633,0.013627045977343068,0.004309250306823936,10
3.85,0.00227471,1340.518315775407,0.5843974018308321,0.013641556377552821,0.004313838898266277,10
3.85,0.00227471,1519.911171164411,0.5712974735061221,0.013753471997402372,0.00434922972471369,10
3.85,0.00227471,1723.3110066788597,0.5582750319839735,0.01234644654235779,0.0039042892083361166,10
3.85,0.00227471,1953.930520469382,0.5455603363414836,0.01265619323383962,0.004002239712614522,10
3.85,0.00227471,2215.412345203698,0.5275016258235804,0.015182500275753618,0.004801128144751592,10
3.85,0.00227471,2511.8865834092726,0.511441411127309,0.01770221077834267,0.005597930567994493,10
3.85,0.00227471,2848.036042397057,0.49625157315726165,0.017255917802644575,0.005456800337300476,10
3.85,0.00227471,3229.1701991510904,0.47817204135329217,0.014240288144405273,0.004503174507341341,10
3.85,0.00227471,3661.3090634587365,0.45968916011026184,0.012018814727929006,0.003800682931583259,10
3.85,0.00227471,4151.2782638986255,0.4412126493397935,0.013437160819548948,0.004249203347574946,10
3.85,0.00227471,4706.816858568479,0.41926508530420137,0.014480205719297578,0.004579043106077712,10
3.85,0.00227471,5336.699573422151,0.3963622055270046,0.013387387564869383,0.0042334636624402405,10
3.85,0.00227471,6050.875398968929,0.37372854561250113,0.016699261700124618,0.005280770221560951,10
3.85,0.00227471,6860.624734468468,0.35012767470945294,0.01883182706306144,0.005955146602167349,10
3.85,0.00227471,7778.737561712303,0.324687750179134,0.019172340107099554,0.006062826281383115,10
3.85,0.00227471,8819.715462644666,0.29360739912408873,0.01930588143030278,0.006105055755690604,10
3.85,0.00227471,10000.000671688711,0.2745167360208395,0.027837285652357904,0.008802922653817715,10
3.85,0.00227471,11338.235780657378,0.2459142033206665,0.025587188143811772,0.008091379345370119,10
3.85,0.00227471,12855.558198284563,0.22760106273255548,0.026463215053511336,0.008368403377995045,10
3.85,0.00227471,14575.934015362269,0.20314416407753963,0.033351331846572116,0.010546617163527722,10
3.85,0.00227471,16526.53654887934,0.17784192511703323,0.032972336708713294,0.010426768377751383,10
3.85,0.00227471,18738.175544262427,0.1557199638845294,0.03450924177890113,0.010912780434676833,10
3.85,0.00227471,21245.783814964212,0.1364333803647914,0.03586330430996219,0.01134097260392138,10
3.85,0.00227471,24088.96900586496,0.1170090391827056,0.032761729029325476,0.010360168381792583,10
3.85,0.00227471,27312.63919558527,0.09787545121019058,0.030800769069162567,0.009740058394341798,10
3.85,0.00227471,30967.712219090732,0.08078683106544873,0.025050731527697448,0.007921736868091334,10
3.85,0.00227471,35111.919914331425,0.06312834466134909,0.02194254067267052,0.006938840617652203,10
3.85,0.00227471,39810.71999598365,0.04951377487094844,0.02083441584616217,0.006588420779297671,10
3.85,0.00163685,0.00999999999476131,0.999999184291658,0.0001,3.1622776601683795e-05,10
3.85,0.00163685,0.011330878056379046,0.9999988586209062,0.0001,3.1622776601683795e-05,10
3.85,0.00163685,0.012838879759579109,0.9999984896073485,0.0001,3.1622776601683795e-05,10
3.85,0.00163685,0.01454757810125143,0.9999980714825858,0.0001,3.1622776601683795e-05,10
3.85,0.00163685,0.016483683356728316,0.9999975977105159,0.0001,3.1622776601683795e-05,10
3.85,0.00163685,0.018677460613289884,0.9999970608851607,0.0001,3.1622776601683795e-05,10
3.85,0.00163685,0.02116320287228777,0.9999962629140233,0.0001,3.1622776601683795e-05,10
3.85,0.00163685,0.023979767115392615,0.9999951143511916,0.0001,3.1622776601683795e-05,10
3.85,0.00163685,0.027171181714722353,0.9999938129286523,0.0001,3.1622776601683795e-05,10
3.85,0.00163685,0.030787334681852033,0.9999922099742596,0.0001,3.1622776601683795e-05,10
3.85,0.00163685,0.034884753514374534,0.999989871251568,0.0001,3.1622776601683795e-05,10
3.85,0.00163685,0.039527488830529055,0.999987221273404,0.0001,3.1622776601683795e-05,10
3.85,0.00163685,0.044788115604824055,0.9999834388668756,0.0001,3.1622776601683795e-05,10
3.85,0.00163685,0.050748867655912654,0.9999789440638438,0.0001,3.1622776601683795e-05,10
3.85,0.00163685,0.05750292312097052,0.9999728904357112,0.0001,3.1622776601683795e-05,10
3.85,0.00163685,0.06515586101103873,0.9999651936584486,0.0001,3.1622776601683795e-05,10
3.85,0.00163685,0.07382731161612206,0.9999553923174853,0.0001,3.1622776601683795e-05,10
3.85,0.00163685,0.08365282655908068,0.9999428053257319,0.0001,3.1622776601683795e-05,10
3.85,0.00163685,0.09478599773089239,0.9999266192784135,0.0001,3.1622776601683795e-05,10
3.85,0.00163685,0.10740085823036027,0.9999059279713507,0.0001,3.1622776601683795e-05,10
3.85,0.00163685,0.12169460283961868,0.9998787416398878,0.0001,3.1622776601683795e-05,10
3.85,0.00163685,0.13789067056175647,0.9998453394051994,0.0001,3.1622776601683795e-05,10
3.85,0.00163685,0.15624223740661036,0.9998013671281513,0.0001,3.1622776601683795e-05,10
3.85,0.00163685,0.17703617402375652,0.9997455990363902,0.0001,3.1622776601683795e-05,10
3.85,0.00163685,0.20059753004819528,0.9996744420275782,0.0001,3.1622776601683795e-05,10
3.85,0.00163685,0.2272946152577659,0.9995819139415543,0.0001,3.1622776601683795e-05,10
3.85,0.00163685,0.25754475697065354,0.9994652505318162,0.0001,3.1622776601683795e-05,10
3.85,0.00163685,0.2918208236823013,0.9993154200994671,0.0001,3.1622776601683795e-05,10
3.85,0.00163685,0.33065861691884635,0.9991272046228075,0.0001,3.1622776601683795e-05,10
3.85,0.00163685,0.37466524685611574,0.9988842702493559,0.0001,3.1622776601683795e-05,10
3.85,0.00163685,0.4245286226313776,0.9985804326058979,0.0001,3.1622776601683795e-05,10
3.85,0.00163685,0.48102820569986543,0.9981971220287686,0.0001,3.1622776601683795e-05,10
3.85,0.00163685,0.5450471943319326,0.9977141670099083,0.0001,3.1622776601683795e-05,10
3.85,0.00163685,0.6175863297182006,0.9971092976165767,0.0001,3.1622776601683795e-05,10
3.85,0.00163685,0.6997795394989561,0.9963539499941643,0.0001,3.1622776601683795e-05,10
3.85,0.00163685,0.7929116632565577,0.9954146552968766,0.0001,3.1622776601683795e-05,10
3.85,0.00163685,0.8984385370547385,0.9942380322410154,0.0001,3.1622776601683795e-05,10
3.85,0.00163685,1.018009750985187,0.9927641304963041,0.00012195076181475594,3.856421697273177e-05,10
3.85,0.00163685,1.153494435466075,0.9909028442097766,0.0001519906159036184,4.8063652922724524e-05,10
3.85,0.00163685,1.3070104793824906,0.9885376750972578,0.00019008147240110279,6.0109039378591964e-05,10
3.85,0.00163685,1.4809576368050812,0.9854990452777515,0.00023811997992349862,7.530014929518226e-05,10
3.85,0.00163685,1.678055039809247,0.9815978799322507,0.000298667415938163,9.444692972414702e-05,10
3.85,0.00163685,1.901383703793162,0.9766478838565155,0.00038280045845042,0.0001210521338059977,10
3.85,0.00163685,2.154434689735309,0.9704552756659212,0.0005006134578832542,0.00015830787542438587,10
3.85,0.00163685,2.4411636762612106,0.9628080739025713,0.0006490800889286779,0.0002052571464879263,10
3.85,0.00163685,2.766052794586824,0.953391348357999,0.0008361264497948793,0.00026440639932622445,10
3.85,0.00163685,3.134180692938881,0.9417907049740124,0.001089803319224126,0.0003446260690359802,10
3.85,0.00163685,3.5513019256952205,0.9276337385887791,0.0014387255107033382,0.0004549649541611509,10
3.85,0.00163685,4.023936908251677,0.9106848759186095,0.00186718133987939,0.0005904545838583856,10
3.85,0.00163685,4.559473843784839,0.8907229443997442,0.0023672425383562,0.0007485878195244099,10
3.85,0.00163685,5.1662842152240405,0.8676924629333251,0.0029816196405513876,0.0009428709180434925,10
3.85,0.00163685,5.853853647796609,0.8416612317663011,0.0036725350226588065,0.0011613575458339915,10
3.85,0.00163685,6.632930187782089,0.8128782468395155,0.004479259135843707,0.0014164661099383673,10
3.85,0.00163685,7.515692315360659,0.7823302514896928,0.005493810727989411,0.0017372954934314294,10
3.85,0.00163685,8.515939317922916,0.7516432798810979,0.006738809385832135,0.0021309986376949956,10
3.85,0.00163685,9.649306999745802,0.7231057231425155,0.007860535686718647,0.002485719639906669,10
3.85,0.00163685,10.93351209999617,0.6998020339762336,0.008358140825606574,0.0026430762013356962,10
3.85,0.00163685,12.388629239790168,0.6848532911823899,0.008173570655570025,0.0025847099887916906,10
3.85,0.00163685,14.037404727529182,0.6811211240946738,0.007310811268580399,0.002311881515233904,10
3.85,0.00163685,15.905612127899644,0.6908453847269029,0.007106862233770232,0.002247387167574595,10
3.85,0.00163685,18.02245515277087,0.7140705687194113,0.007298665017208421,0.002308040533297065,10
3.85,0.00163685,20.42102417195863,0.746852168151866,0.007545671902305362,0.002386150968762048,10
3.85,0.00163685,23.138813480004917,0.7791667930913535,0.006018410908550446,0.0019031886365822753,10
3.85,0.00163685,26.21830740485852,0.7990376509608482,0.0034476540710122227,0.0010902439448750518,10
3.85,0.00163685,29.707644420474075,0.7985544111078758,0.004620336680848705,0.0014610787468304378,10
3.85,0.00163685,33.66136964470025,0.7819993386836226,0.005495081335920791,0.001737697294939053,10
3.85,0.00163685,38.14128748546085,0.7649131910649372,0.005647266830263291,0.0017858225738351498,10
3.85,0.00163685,43.217427763745576,0.7619065077297875,0.004540131969293483,0.0014357157900713052,10
3.85,0.00163685,48.969140415790534,0.7664117915713953,0.004058494555550172,0.0012834086666931304,10
3.85,0.00163685,55.48633588677014,0.7658161843489366,0.005273048405640706,0.0016674843174144093,10
3.85,0.00163685,62.8708906057642,0.7621761051929437,0.0065705264758563605,0.002077782909014544,10
3.85,0.00163685,71.2382395123056,0.7640027116911874,0.004434864720092055,0.0014024273630215997,10
3.85,0.00163685,80.71918052879218,0.7628675608342045,0.0052949358468059125,0.0016744057340379076,10
3.85,0.00163685,91.46191918617305,0.7567748025904075,0.005362647619748407,0.001695818076728552,10
3.85,0.00163685,103.63438536438312,0.7551324792274938,0.004517979600566419,0.0014287105959967642,10
3.85,0.00163685,117.426858362678,0.7516933558685798,0.004488316032019489,0.0014193301519830812,10
3.85,0.00163685,133.05494133482333,0.749667036986601,0.003355494348937059,0.0010611004818464902,10
3.85,0.00163685,150.76293158533522,0.7460877698695868,0.003976180159786382,0.0012573785692097212,10
3.85,0.00163685,170.82763941105614,0.743037580891601,0.004708017470572832,0.0014888058470874906,10
3.85,0.00163685,193.56271518397853,0.7391169617051255,0.005898206042843534,0.0018651765204354244,10
3.85,0.00163685,219.32355231602594,0.7367355396131618,0.004354584953215166,0.0013770406716857688,10
3.85,0.00163685,248.51284274866387,0.7347479260550873,0.003882833843232119,0.0012278598720598661,10
3.85,0.00163685,281.5868718104361,0.7318556301487599,0.006106696629965952,0.0019311070330366856,10
3.85,0.00163685,319.0626508432763,0.7229478633881198,0.005661953583096282,0.0017904669328735682,10
3.85,0.00163685,361.52599909441267,0.7170463763702034,0.0059264742525263585,0.0018741157132327196,10
3.85,0.00163685,409.64070120953755,0.7106478691491557,0.006091012669785739,0.0019261473293466,10
3.85,0.00163685,464.1588834766463,0.7052924786118057,0.005218560097115315,0.0016502536013353886,10
3.85,0.00163685,525.9327710214122,0.6992128925248696,0.006169291904711874,0.0019509013969327988,10
3.85,0.00163685,595.9280097419033,0.694194989741285,0.00797727377275707,0.0025226354640636808,10
3.85,0.00163685,675.2387612303543,0.6855799848611214,0.007956636478027825,0.0025161093784548203,10
3.85,0.00163685,765.104806644973,0.6761186041911206,0.008524951468013645,0.0026958263581319175,10
3.85,0.00163685,866.9309268985247,0.6709843997963454,0.008460277141738212,0.0026753745404151934,10
3.85,0.00163685,982.308862113686,0.6623334289757394,0.008144814434793559,0.0025756164733364614,10
3.85,0.00163685,1113.0421936141504,0.6511470047497635,0.009324631503148027,0.0029487073891707296,10
3.85,0.00163685,1261.174537405349,0.6439271445554001,0.01088652561082157,0.003442621673595197,10
3.85,0.00163685,1429.0214898636475,0.6317424683280416,0.011094746940080663,0.0035084670393838563,10
3.85,0.00163685,1619.2068250072598,0.6191709693161054,0.012525784425110905,0.003961000826361324,10
3.85,0.00163685,1834.7035091825405,0.60886585101835,0.017113157767685367,0.005411655650368841,10
3.85,0.00163685,2078.8801743048707,0.5987435388861997,0.017813110316524654,0.00563300008120608,10
3.85,0.00163685,2355.553776121254,0.5879968831564875,0.019087709145927494,0.006036063621595817,10
3.85,0.00163685,2669.049260645541,0.5753425597086095,0.019663949451327507,0.006218286806061323,10
3.85,0.00163685,3024.2671714686503,0.5610520693354509,0.02264446363241879,0.007160808147129325,10
3.85,0.00163685,3426.7602547773417,0.5454286424157162,0.025985956176551535,0.008217480869522342,10
3.85,0.00163685,3882.8202595669295,0.5346363183887124,0.026503734800705465,0.008381216847129811,10
3.85,0.00163685,4399.576289903897,0.5184318273138344,0.030374111142318007,0.009605137311282368,10
3.85,0.00163685,4985.106246675307,0.5013838827365371,0.03119304033603218,0.009864105460736572,10
3.85,0.00163685,5648.563100876235,0.4842311746952316,0.026696164114601607,0.008442068339179341,10
3.85,0.00163685,6400.317972332025,0.467207441327124,0.030037269723173533,0.00949861870180437,10
3.85,0.00163685,7252.122250453705,0.4472057794622821,0.03354443125751788,0.010607680558870269,10
3.85,0.00163685,8217.291291289186,0.4288831187900149,0.033302371741353774,0.010531134618830576,10
3.85,0.00163685,9310.912562412033,0.40848927493173115,0.034345941651403096,0.010861140400167866,10
3.85,0.00163685,10550.08148935671,0.38824390341745546,0.032866352107407466,0.010393253104048256,10
3.85,0.00163685,11954.1686903387,0.3689644937616799,0.03295564213696046,0.010421489090621376,10
3.85,0.00163685,13545.122776657103,0.3448100199675383,0.036964358058174655,0.011689156370983072,10
3.85,0.00163685,15347.813452138655,0.32437932351349685,0.03638690944857487,0.011506551087179802,10
3.85,0.00163685,17390.42027493395,0.30029021589334215,0.036189219892320094,0.011444036160440495,10
3.85,0.00163685,19704.873158768623,0.2783953028221905,0.03507722647007783,0.011092392964699405,10
3.85,0.00163685,22327.35149953901,0.24893129623072535,0.034008947914996104,0.010754573623742216,10
3.85,0.00163685,25298.849729572143,0.22922105932560516,0.0394804860376617,0.012484825900948722,10
3.85,0.00163685,28665.81814026115,0.2055395963386863,0.04153817016898139,0.013135522756964243,10
3.85,0.00163685,32480.88899037951,0.18153312853506956,0.03780132640977614,0.011953829003036804,10
3.85,0.00163685,36803.69925055769,0.15666539353651837,0.039313843624495755,0.012432128942909598,10
3.85,0.00163685,41701.822845018134,0.13613671162283705,0.039228986225872446,0.01240529467731295,10
3.85,0.00163685,47251.826963316045,0.1160532709821102,0.03621824689687792,0.011453215305245977,10
3.85,0.00163685,53540.46895429399,0.09693956753474024,0.033685156140857216,0.010652181674351646,10
3.85,0.00163685,60666.05251202645,0.0818436935128316,0.030040177179028658,0.009499538120074228,10
3.85,0.00163685,68739.96435357674,0.06835338180019075,0.024966465394166023,0.007895089576933814,10
3.85,0.00163685,77888.41540982513,0.05254939920236853,0.019611266396935258,0.006201626961463919,10
3.85,0.00163685,88254.41374756614,0.039380696943150204,0.014645352020283135,0.0046312669519043195,10
3.85,0.00163685,100000.00006347646,0.02617824101106058,0.012080217286374833,0.003820100125468301,10
3.75,0.16952498,0.010000000000218279,0.9999013844710852,0.0001,3.1622776601683795e-05,10
3.75,0.16952498,0.011351307054675233,0.9998615422734233,0.0001,3.1622776601683795e-05,10
3.75,0.16952498,0.012885217184670714,0.9998163161714849,0.0001,3.1622776601683795e-05,10
3.75,0.16952498,0.014626405672618265,0.9997649786344871,0.0001,3.1622776601683795e-05,10
3.75,0.16952498,0.016602882189250948,0.9997067038198993,0.0001,3.1622776601683795e-05,10
3.75,0.16952498,0.018846441371867226,0.9996405542885066,0.0001,3.1622776601683795e-05,10
3.75,0.16952498,0.021393174289532996,0.9995381495731234,0.0001,3.1622776601683795e-05,10
3.75,0.16952498,0.024284049022937213,0.9993962322899111,0.0001,3.1622776601683795e-05,10
3.75,0.16952498,0.027565569698412937,0.9992351376241041,0.0001,3.1622776601683795e-05,10
3.75,0.16952498,0.03129052457769065,0.9990271636683288,0.0001,3.1622776601683795e-05,10
3.75,0.16952498,0.035518835237547564,0.9987373171015644,0.0001,3.1622776601683795e-05,10
3.75,0.16952498,0.040318520499702026,0.9984021259554894,0.0001,3.1622776601683795e-05,10
3.75,0.16952498,0.045766790617234585,0.9979229882370253,0.0001,3.1622776601683795e-05,10
3.75,0.16952498,0.051951289319191934,0.9973416931693884,0.0001,3.1622776601683795e-05,10
3.75,0.16952498,0.05897150369355452,0.9965897186204579,0.00010158505761894663,3.212401583153125e-05,10
3.75,0.16952498,0.06694036458868406,0.995604978012245,0.00013070204870874595,4.1331616876990666e-05,10
3.75,0.16952498,0.0759860632781475,0.9943520983050396,0.0001670094159011331,5.281301449419229e-05,10
3.75,0.16952498,0.08625411361274073,0.9927485873361059,0.00021290910040626737,6.732776918612857e-05,10
3.75,0.16952498,0.09790969283256912,0.9906989880374004,0.00027063253798154086,8.55815228973697e-05,10
3.75,0.16952498,0.11114029869471674,0.9880649118927425,0.00034431835771815466,0.00010888302505979851,10
3.75,0.16952498,0.12615876566045128,0.9846729246920747,0.000434434848543106,0.00013738036163464973,10
3.75,0.16952498,0.14320668866193417,0.9804079679841127,0.0005448959470940296,0.00017231122806117408,10
3.75,0.16952498,0.16255830952494102,0.9749896349313666,0.0006772637771513102,0.00021416961125268438,10
3.75,0.16952498,0.1845249285666265,0.9681112985222782,0.0008435864900502774,0.0002667654711905847,10
3.75,0.16952498,0.209459912335607,0.9594572109507498,0.0010476134074227893,0.0003312844474785961,10
3.75,0.16952498,0.23776437805149325,0.9485805919946995,0.0012964888656745806,0.0004099857776579769,10
3.75,0.16952498,0.2698936461867474,0.9351732037217632,0.001597837861395058,0.0005052806973660811,10
3.75,0.16952498,0.3063645649904774,0.9185739026043965,0.001951140578240508,0.0006170048262417972,10
3.75,0.16952498,0.3477638247803005,0.8985475463128155,0.0023444542130356427,0.0007413815183170251,10
3.75,0.16952498,0.3947573957503299,0.8742570942033867,0.00275230803386809,0.0008703562209403015,10
3.75,0.16952498,0.4481012411168134,0.8455772857076251,0.003144685639782685,0.0009944369146937092,10
3.75,0.16952498,0.5086534779386983,0.8121594417343104,0.003459688174860805,0.0010940494626511036,10
3.75,0.16952498,0.5773881812384607,0.7741432813944569,0.0037566937616162754,0.0011879708758453062,10
3.75,0.16952498,0.6554110534835178,0.731850799805951,0.004096885331893611,0.0012955488961318682,10
3.75,0.16952498,0.7439772114957187,0.685948518023704,0.004445347858967556,0.0014057424226090437,10
3.75,0.16952498,0.8445113769184625,0.6378221828927163,0.0047441084293011,0.0015002188103395368,10
3.75,0.16952498,0.9586307950358789,0.5888509551419795,0.005080386787711606,0.0016065593643795006,10
3.75,0.16952498,1.088171250628218,0.5409509663622856,0.005670448202864033,0.0017931531675058864,10
3.75,0.16952498,1.2352165993681232,0.49599147501579866,0.006598838809485141,0.0020867360550286965,10
3.75,0.16952498,1.402132289815328,0.45553238258406126,0.00770591382501168,0.0024368239140017097,10
3.75,0.16952498,1.5916034152621248,0.4223476298562766,0.008920488585791933,0.002820906177263685,10
3.75,0.16952498,1.80667790755158,0.39892673632765924,0.009503535590145511,0.003005281828933226,10
3.75,0.16952498,2.0508155677068496,0.3892949849669212,0.008985628205521762,0.002841505133690035,10
3.75,0.16952498,2.3279437221040404,0.39536443439724417,0.008065277345482898,0.0025504646372682695,10
3.75,0.16952498,2.642520399502972,0.4161994082201968,0.007492943020747639,0.002369476632342483,10
3.75,0.16952498,2.9996060452346534,0.44642402671067505,0.007434760303260895,0.002351077641570861,10
3.75,0.16952498,3.404944926177538,0.4741163527224928,0.007315825042399497,0.0023134670097280314,10
3.75,0.16952498,3.865057536045609,0.4859486894436348,0.006678143946505766,0.002111814541342388,10
3.75,0.16952498,4.3873454874682505,0.4738939405840054,0.007294443757923737,0.0023067056539036912,10
3.75,0.16952498,4.980210578210885,0.4499227670008352,0.009818003981227834,0.0031047254657280985,10
3.75,0.16952498,5.653189946897943,0.4274020182264705,0.011568238543638306,0.00365819823140462,10
3.75,0.16952498,6.417109492424104,0.4167356256867765,0.010898600774820705,0.0034464401757309305,10
3.75,0.16952498,7.284258025038717,0.40630349538904087,0.009609339712655257,0.0030387400302298554,10
3.75,0.16952498,8.268584950589176,0.38542175802409095,0.011393752683098102,0.0036030209575244657,10
3.75,0.16952498,9.385924667975567,0.3661799324428022,0.011576917988432809,0.0036609429128422522,10
3.75,0.16952498,10.65425128959158,0.351415461698484,0.009203828408912488,0.002910506096552704,10
3.75,0.16952498,12.093967782318368,0.3314356566303597,0.008905002995742779,0.002816009203716988,10
3.75,0.16952498,13.728234180344895,0.31294745028938703,0.006677774850166548,0.002111697822831592,10
3.75,0.16952498,15.583340149618108,0.29089144864204614,0.007899671492931404,0.002498095468476597,10
3.75,0.16952498,17.689127897190275,0.2692283241686236,0.0113905061360628,0.0036019943092082236,10
3.75,0.16952498,20.07947222860456,0.24514845828152745,0.012627180631366766,0.0039930651221481974,10
3.75,0.16952498,22.792825475773903,0.22289554931189115,0.00994592100519901,0.003145176380454026,10
3.75,0.16952498,25.872836061348632,0.19864357786163508,0.009741940258851433,0.003080672004726084,10
3.75,0.16952498,29.369050650123167,0.17541983686310061,0.010105416907674084,0.003195613413382558,10
3.75,0.16952498,33.33771118265806,0.15195392095812948,0.009493566304193261,0.0030021292639077633,10
3.75,0.16952498,37.842659612617176,0.131463653787911,0.010613637592523274,0.003356326905195965,10
3.75,0.16952498,42.95636490189982,0.10904896485001363,0.008602809507492606,0.0027204472320228007,10
3.75,0.16952498,48.76108879434957,0.0900516553969789,0.006678384727491746,0.0021118906829756838,10
3.75,0.16952498,55.350209121286355,0.0725202115761974,0.0073957898001729425,0.0023387540864388055,10
3.75,0.16952498,62.82972192624931,0.0576246982774957,0.010105114164062014,0.003195517677446437,10
3.75,0.16952498,71.31994657291497,0.0394134375521203,0.008779502640537059,0.002776322506755964,10
3.75,0.16952498,80.95746126545187,0.029113794046379416,0.0066141752031080095,0.002091585848522811,10
3.75,0.16952498,91.89730011710618,0.01973268380834407,0.005152964932386781,0.001629510588931778,10
3.75,0.16952498,104.31544711021446,0.013593064990699746,0.004925628331968375,0.001557620443647603,10
3.75,0.16952498,118.41166706679324,0.009185530558024329,0.005560595186870647,0.001758414593668086,10
3.75,0.16952498,134.41271917018034,0.004680196035864782,0.004906881190976173,0.0015516920771324362,10
3.75,0.16952498,152.57600473212457,-0.0006345434564969251,0.004556913660732596,0.0014410226268650797,10
3.75,0.16952498,173.19370788521238,-0.0017087167635834268,0.004967200986388306,0.0015707668712822078,10
3.75,0.16952498,196.59749580998604,-0.0009680595955074475,0.003321918965857556,0.0010504830134620993,10
3.75,0.16952498,223.1638541070668,-0.0011689202381982328,0.0029048957343265603,0.00091860868857793,10
3.75,0.16952498,253.32014314187637,4.957260510164221e-05,0.003433959864723438,0.0010859134566129757,10
3.75,0.16952498,287.5514727874956,0.0008431511459986918,0.003648065086613078,0.001153619472623676,10
3.75,0.16952498,326.40850615637055,0.0001999529372753217,0.0030799887427466247,0.0009739779594757744,10
3.75,0.16952498,370.5163178557939,-0.0005319469731078891,0.0015955339361311157,0.0005045521322267949,10
3.75,0.16952498,420.58444926569615,-0.0008828541456450988,0.002778350696818079,0.0008785916340661061,10
3.75,0.16952498,477.4183225932176,-5.892555700630865e-05,0.0034408170510981904,0.0010880818893414248,10
3.75,0.16952498,541.9321973165318,0.0006150215350733815,0.002153237664559495,0.0006809135363669625,10
3.75,0.16952498,615.1638774420524,0.0007983789580286681,0.0025273197265888504,0.0007992086711494777,10
3.75,0.16952498,698.2914061636919,0.0004016505092512061,0.0017362086480592824,0.0005490373821149012,10
3.75,0.16952498,792.652016483199,0.000500837698200081,0.003347665583861356,0.00105862480895593,10
3.75,0.16952498,899.7636426411872,0.00046039982269626843,0.002767911447362546,0.0008752904535318904,10
3.75,0.16952498,1021.3493384030259,-0.0003538629353996422,0.002322129179954037,0.0007343217229793769,10
3.75,0.16952498,1159.3649950049091,-0.0008355604190528798,0.0015967697931287689,0.000504942944524279,10
3.75,0.16952498,1316.0308046455484,-0.00029224616465854973,0.0020348971980856194,0.0006434909950245384,10
3.75,0.16952498,1493.8669756616864,-0.0014373805567596167,0.0017543871800772164,0.000554785938684398,10
3.75,0.16952498,1695.7342739204687,-0.0006874627873111481,0.0017082346629243561,0.0005401912312890953,10
3.75,0.16952498,1924.8800425987847,-7.495260482473882e-05,0.0016810319294470197,0.0005315889716520058,10
3.75,0.16952498,2184.990440647822,-0.00017711729718231111,0.0015589807366203753,0.0004929929956047457,10
3.75,0.16952498,2480.2497402782196,0.00046841435318303984,0.0022974414448583354,0.0007265147756620477,10
3.75,0.16952498,2815.4076373562034,-0.0009167417821414909,0.001514272541405831,0.00047885502290940564,10
3.75,0.16952498,3195.8556575010366,0.00020581487231918433,0.0013493822415977497,0.00042671213176324944,10
3.75,0.16952498,3627.7138869923433,-0.0004514121401813674,0.0008501558458385805,0.00026884288389568954,10
3.75,0.16952498,4117.929423686066,-0.0004883801245499198,0.001492405794970397,0.0004719401505340717,10
3.75,0.16952498,4674.388131672206,0.00012275818433287383,0.0014972542168310194,0.00047347335614776354,10
3.75,0.16952498,5306.041497418272,0.0005418486849289549,0.001421255709780587,0.00044944051804259033,10
3.75,0.16952498,6023.050628072877,0.0006304741878324059,0.0013380717898432088,0.00042313545287226973,10
3.75,0.16952498,6836.949708361742,0.0003361076701866739,0.001129478976547586,0.0003571726135166276,10
3.75,0.16952498,7760.831545529242,-1.0044833114872578e-05,0.0009772294882377127,0.00030902709795118966,10
3.75,0.16952498,8809.558187098928,0.00033890699677187623,0.0016793117413489292,0.0005310450004126178,10
3.75,0.16952498,9999.99999956053,0.0002207900857175973,0.0009219499244925822,0.0002915461650016817,10
3.775,0.13638536,0.010000000000218279,0.9999231906924292,0.0001,3.1622776601683795e-05,10
3.775,0.13638536,0.011351307054675233,0.999892156291786,0.0001,3.1622776601683795e-05,10
3.775,0.13638536,0.012885217184670714,0.9998569281906912,0.0001,3.1622776601683795e-05,10
3.775,0.13638536,0.014626405672618265,0.9998169396914436,0.0001,3.1622776601683795e-05,10
3.775,0.13638536,0.016602882189250948,0.9997715475180835,0.0001,3.1622776601683795e-05,10
3.775,0.13638536,0.018846441371867226,0.9997200214683153,0.0001,3.1622776601683795e-05,10
3.775,0.13638536,0.021393174289532996,0.9996402551864234,0.0001,3.1622776601683795e-05,10
3.775,0.13638536,0.024284049022937213,0.9995297113982049,0.0001,3.1622776601683795e-05,10
3.775,0.13638536,0.027565569698412937,0.999404229749902,0.0001,3.1622776601683795e-05,10
3.775,0.13638536,0.03129052457769065,0.9992422265070747,0.0001,3.1622776601683795e-05,10
3.775,0.13638536,0.035518835237547564,0.9990164368073282,0.0001,3.1622776601683795e-05,10
3.775,0.13638536,0.040318520499702026,0.9987553170061341,0.0001,3.1622776601683795e-05,10
3.775,0.13638536,0.045766790617234585,0.998381953768838,0.0001,3.1622776601683795e-05,10
3.775,0.13638536,0.051951289319191934,0.9979287596036721,0.0001,3.1622776601683795e-05,10
3.775,0.13638536,0.05897150369355452,0.99734197849303,0.0001,3.1622776601683795e-05,10
3.775,0.13638536,0.06694036458868406,0.9965726720794118,0.0001010468127258048,3.195380785140304e-05,10
3.775,0.13638536,0.0759860632781475,0.9955932970917111,0.00013153872510188335,4.159619718367153e-05,10
3.775,0.13638536,0.08625411361274073,0.9943389112112927,0.0001711357445230422,5.4117874176149935e-05,10
3.775,0.13638536,0.09790969283256912,0.9927342950261941,0.00022368549166527433,7.073556331968772e-05,10
3.775,0.13638536,0.11114029869471674,0.9906687209329226,0.00029086052928135463,9.197817539711784e-05,10
3.775,0.13638536,0.12615876566045128,0.9880024286717083,0.00037702659547812447,0.00011922627801698134,10
3.775,0.13638536,0.14320668866193417,0.9846413772095239,0.00048751404775335437,0.0001541654782228693,10
3.775,0.13638536,0.16255830952494102,0.9803584215801177,0.0006298705090124034,0.00019918254394488092,10
3.775,0.13638536,0.1845249285666265,0.9748979278526997,0.0008087303566834748,0.0002557429940040157,10
3.775,0.13638536,0.209459912335607,0.9679946984557105,0.0010297392615159356,0.00032563214624901275,10
3.775,0.13638536,0.23776437805149325,0.9592696795338427,0.0012996076900684999,0.0004109720365286648,10
3.775,0.13638536,0.2698936461867474,0.9484508321102469,0.0016227317315625474,0.0005131528303166595,10
3.775,0.13638536,0.3063645649904774,0.9349445788320828,0.0020081978784240073,0.0006350479288137773,10
3.775,0.13638536,0.3477638247803005,0.9185248385632097,0.002447977096968695,0.0007741183286347946,10
3.775,0.13638536,0.3947573957503299,0.8983637287751893,0.0029393933571807552,0.0009295177947860035,10
3.775,0.13638536,0.4481012411168134,0.8742709886479698,0.003494645688934627,0.0011051039992321706,10
3.775,0.13638536,0.5086534779386983,0.8457733677935464,0.004132648130728636,0.0013068580861139779,10
3.775,0.13638536,0.5773881812384607,0.8128077261793457,0.004842325422429693,0.001531277750661483,10
3.775,0.13638536,0.6554110534835178,0.7754595656444141,0.005647510507768671,0.001785899631428305,10
3.775,0.13638536,0.7439772114957187,0.7340674627036582,0.006611309188678831,0.0020906795351825,10
3.775,0.13638536,0.8445113769184625,0.6895355531480167,0.007711650581338703,0.0024386380356391877,10
3.775,0.13638536,0.9586307950358789,0.6427630270786848,0.00883028689443494,0.0027923818979149226,10
3.775,0.13638536,1.088171250628218,0.5949991131350922,0.009737615433521762,0.003079304374873669,10
3.775,0.13638536,1.2352165993681232,0.5478259279255454,0.01027263048147003,0.0032484909882717415,10
3.775,0.13638536,1.402132289815328,0.502834511303762,0.010502840066842132,0.003321289651169624,10
3.775,0.13638536,1.5916034152621248,0.463499274767264,0.009972470892837652,0.0031535721921099914,10
3.775,0.13638536,1.80667790755158,0.43227461699569547,0.008937840744527642,0.0028263934116562472,10
3.775,0.13638536,2.0508155677068496,0.4124436326371338,0.008899569868904349,0.0028142910981543852,10
3.775,0.13638536,2.3279437221040404,0.40778849056377925,0.008919942150613851,0.002820733379288047,10
3.775,0.13638536,2.642520399502972,0.42000575543825625,0.007830122417046016,0.002476102119580825,10
3.775,0.13638536,2.9996060452346534,0.44575664122141595,0.0058934602500502475,0.0018636757689824248,10
3.775,0.13638536,3.404944926177538,0.4774028384025894,0.005020521406956553,0.0015876282687615826,10
3.775,0.13638536,3.865057536045609,0.5027416914934664,0.004582018891791071,0.0014489615979980377,10
3.775,0.13638536,4.3873454874682505,0.5071021623261183,0.007076125228612839,0.0022376672730996246,10
3.775,0.13638536,4.980210578210885,0.4882010004767364,0.008300132496630131,0.0026247323570531057,10
3.775,0.13638536,5.653189946897943,0.4626256943539535,0.010250525529762378,0.0032415007887753207,10
3.775,0.13638536,6.417109492424104,0.4417542854843003,0.008304559178204796,0.00262613219667833,10
3.775,0.13638536,7.284258025038717,0.4343115866822539,0.006328184326830702,0.0020011475926164403,10
3.775,0.13638536,8.268584950589176,0.42163407124220387,0.0049981293679243624,0.0015805472842818713,10
3.775,0.13638536,9.385924667975567,0.4008645723594473,0.006244021314484853,0.0019745329112410646,10
3.775,0.13638536,10.65425128959158,0.38446947573637796,0.004954298707246144,0.001566686812372556,10
3.775,0.13638536,12.093967782318368,0.3678937430859863,0.007937897669001496,0.002510183646738608,10
3.775,0.13638536,13.728234180344895,0.34415444290880665,0.00836531219440074,0.002645343987268758,10
3.775,0.13638536,15.583340149618108,0.33050632861270474,0.006191517170715037,0.0019579296431501093,10
3.775,0.13638536,17.689127897190275,0.3034305449424303,0.009984144422712083,0.0031572636863837138,10
3.775,0.13638536,20.07947222860456,0.281948207031149,0.008163458633778316,0.002581512286730585,10
3.775,0.13638536,22.792825475773903,0.25703879001165886,0.006733444485387974,0.0021293021072126355,10
3.775,0.13638536,25.872836061348632,0.23302585822896713,0.008806980893362624,0.002785011893261038,10
3.775,0.13638536,29.369050650123167,0.20853324552968253,0.007601804308931212,0.0024039015943104897,10
3.775,0.13638536,33.33771118265806,0.1831375482360899,0.008260131843149946,0.002612083039763853,10
3.775,0.13638536,37.842659612617176,0.15976381726752514,0.009470279202001029,0.0029947652356045076,10
3.775,0.13638536,42.95636490189982,0.13826950430067433,0.009276781357930227,0.0029335758446449238,10
3.775,0.13638536,48.76108879434957,0.11510630289696748,0.010347176737822707,0.0032720645843830674,10
3.775,0.13638536,55.350209121286355,0.09323245374904786,0.00751703525221879,0.0023770952648789656,10
3.775,0.13638536,62.82972192624931,0.0744341916047651,0.0061452187336768415,0.0019432887918354493,10
3.775,0.13638536,71.31994657291497,0.0549844973150498,0.005457290793096549,0.0017257468760051794,10
3.775,0.13638536,80.95746126545187,0.04078374319488435,0.0062656390620094895,0.0019813690432470966,10
3.775,0.13638536,91.89730011710618,0.03068990774398701,0.004973095980466178,0.0015726310320901358,10
3.775,0.13638536,104.31544711021446,0.020177132545479353,0.005896212171537187,0.0018645460029664933,10
3.775,0.13638536,118.41166706679324,0.01313054513396216,0.003907224010678018,0.0012355727202240593,10
3.775,0.13638536,134.41271917018034,0.008945669125470797,0.004150926869814463,0.0013126383309406933,10
3.775,0.13638536,152.57600473212457,0.00572864733892089,0.0025017704738346043,0.000791129288027603,10
3.775,0.13638536,173.19370788521238,0.0023627386885482766,0.00307874853646303,0.0009735857718133131,10
3.775,0.13638536,196.59749580998604,-0.0005822255024661558,0.00512197922051013,0.0016197120464865832,10
3.775,0.13638536,223.1638541070668,-0.0014058294298626669,0.007339332137076752,0.0023209006057633664,10
3.775,0.13638536,253.32014314187637,-0.0001022405236884556,0.006380481911132221,0.002017685540868187,10
3.775,0.13638536,287.5514727874956,0.0002772352955580701,0.004175502315577365,0.0013204097692531638,10
3.775,0.13638536,326.40850615637055,0.00033334737210568427,0.0027802629109284814,0.0008791963292623845,10
3.775,0.13638536,370.5163178557939,-0.0003428806028376039,0.003122272946166222,0.0009873493986609552,10
3.775,0.13638536,420.58444926569615,0.00022664822570003413,0.001985603623105594,0.0006279029979296214,10
3.775,0.13638536,477.4183225932176,0.0005962541509696453,0.00265649837681148,0.0008400585471264505,10
3.775,0.13638536,541.9321973165318,0.002207017288257107,0.002993021960149432,0.0009464766480973922,10
3.775,0.13638536,615.1638774420524,0.001161756956544102,0.002756230918953847,0.0008715967461273113,10
3.775,0.13638536,698.2914061636919,-0.0014713023110202704,0.003082392607842029,0.0009747381283647,10
3.775,0.13638536,792.652016483199,-0.0011569175813177437,0.0026521647902704075,0.0008386881467357264,10
3.775,0.13638536,899.7636426411872,0.00026532457476976634,0.0030078664968917635,0.0009511709027889745,10
3.775,0.13638536,1021.3493384030259,-0.0006682577623024017,0.0029904442914203753,0.0009456615176736711,10
3.775,0.13638536,1159.3649950049091,0.00045471822097322155,0.0021443505862180335,0.0006781031954366255,10
3.775,0.13638536,1316.0308046455484,0.00016868276203308124,0.00193235099485658,0.0006110630382639105,10
3.775,0.13638536,1493.8669756616864,-0.0007200222981673523,0.0020850100875715177,0.0006593380821153127,10
3.775,0.13638536,1695.7342739204687,-0.00023312189934224866,0.0012626841735204927,0.0003992957953772027,10
3.775,0.13638536,1924.8800425987847,0.0006031358489974468,0.0011139007453099619,0.00035224634425385997,10
3.775,0.13638536,2184.990440647822,0.0005124978018870647,0.001757249975786129,0.0005556912341759901,10
3.775,0.13638536,2480.2497402782196,0.0004394784618516151,0.003559628469717971,0.0011256533588288493,10
3.775,0.13638536,2815.4076373562034,0.0022501574747672863,0.002386598467886722,0.0007547087018790262,10
3.775,0.13638536,3195.8556575010366,0.0008274450049614556,0.002974483255750851,0.0009406141950205824,10
3.775,0.13638536,3627.7138869923433,0.00017804080903255557,0.0018567768969433166,0.0005871644101120614,10
3.775,0.13638536,4117.929423686066,0.0006569377120448805,0.0015884297447802604,0.0005023055896665578,10
3.775,0.13638536,4674.388131672206,0.00036316720372665616,0.0010375142404004936,0.0003280908104525046,10
3.775,0.13638536,5306.041497418272,-0.00018420740871998362,0.0009931065355814471,0.0003140478611636424,10
3.775,0.13638536,6023.050628072877,-0.0002319552101690413,0.0011102667229274873,0.00035109716547419487,10
3.775,0.13638536,6836.949708361742,0.0002119274548144077,0.0010681105513264638,0.00033776621350498076,10
3.775,0.13638536,7760.831545529242,0.00011289634162182193,0.0010601754869291901,0.00033525692581743116,10
3.775,0.13638536,8809.558187098928,0.0007025171252791759,0.0011903300896456343,0.00037641542507126135,10
3.775,0.13638536,9999.99999956053,-0.0007899363654871787,0.0011785823413131274,0.00037270046086034463,10
3.8,0.13345388,0.010000000000218279,0.9999247915867784,0.0001,3.1622776601683795e-05,10
3.8,0.13345388,0.011351307054675233,0.999894321934433,0.0001,3.1622776601683795e-05,10
3.8,0.13345388,0.012885217184670714,0.9998597348964713,0.0001,3.1622776601683795e-05,10
3.8,0.13345388,0.014626405672618265,0.9998204740876708,0.0001,3.1622776601683795e-05,10
3.8,0.13345388,0.016602882189250948,0.9997759079380811,0.0001,3.1622776601683795e-05,10
3.8,0.13345388,0.018846441371867226,0.9997253195332586,0.0001,3.1622776601683795e-05,10
3.8,0.13345388,0.021393174289532996,0.9996470493879605,0.0001,3.1622776601683795e-05,10
3.8,0.13345388,0.024284049022937213,0.9995386097454991,0.0001,3.1622776601683795e-05,10
3.8,0.13345388,0.027565569698412937,0.9994155165776537,0.0001,3.1622776601683795e-05,10
3.8,0.13345388,0.03129052457769065,0.9992564769420891,0.0001,3.1622776601683795e-05,10
3.8,0.13345388,0.035518835237547564,0.9990345917225814,0.0001,3.1622776601683795e-05,10
3.8,0.13345388,0.040318520499702026,0.9987780079789216,0.0001,3.1622776601683795e-05,10
3.8,0.13345388,0.045766790617234585,0.9984114540138774,0.0001,3.1622776601683795e-05,10
3.8,0.13345388,0.051951289319191934,0.9979665562705854,0.0001,3.1622776601683795e-05,10
3.8,0.13345388,0.05897150369355452,0.9973905889969679,0.0001,3.1622776601683795e-05,10
3.8,0.13345388,0.06694036458868406,0.9966349352512953,0.0001,3.1622776601683795e-05,10
3.8,0.13345388,0.0759860632781475,0.9956732440603464,0.0001,3.1622776601683795e-05,10
3.8,0.13345388,0.08625411361274073,0.9944416061687089,0.0001,3.1622776601683795e-05,10
3.8,0.13345388,0.09790969283256912,0.9928659244320143,0.0001122161181352903,3.548585234900442e-05,10
3.8,0.13345388,0.11114029869471674,0.9908379126172093,0.00014267219725862506,4.511691021180863e-05,10
3.8,0.13345388,0.12615876566045128,0.9882200586635506,0.00018248346987302175,5.770634001294661e-05,10
3.8,0.13345388,0.14320668866193417,0.9849196214217505,0.00023284080099684535,7.363072633680353e-05,10
3.8,0.13345388,0.16255830952494102,0.9807154778466496,0.0002986157284855241,9.443058471646791e-05,10
3.8,0.13345388,0.1845249285666265,0.9753543400997693,0.00038661108567631877,0.0001222571599407666,10
3.8,0.13345388,0.209459912335607,0.9685763915406801,0.0005035668793534943,0.00015924182929802605,10
3.8,0.13345388,0.23776437805149325,0.9600081656455675,0.000659852928601957,0.0002086638175114649,10
3.8,0.13345388,0.2698936461867474,0.9493821598983097,0.0008638308329880971,0.00027316729453229015,10
3.8,0.13345388,0.3063645649904774,0.9361121305857507,0.0011291555437405044,0.0003570703350825876,10
3.8,0.13345388,0.3477638247803005,0.9199733572875657,0.0014629872226220259,0.00046263718112094155,10
3.8,0.13345388,0.3947573957503299,0.9001430777837032,0.0018779769364118618,0.0005938684512326683,10
3.8,0.13345388,0.4481012411168134,0.8764181988302868,0.002366890764995761,0.0007484765790204941,10
3.8,0.13345388,0.5086534779386983,0.8483232016572995,0.002956085552189667,0.0009347963303235891,10
3.8,0.13345388,0.5773881812384607,0.8157532133747585,0.0036065251406326264,0.0011404833883058177,10
3.8,0.13345388,0.6554110534835178,0.7787512450537124,0.004302306365419775,0.0013605087306567168,10
3.8,0.13345388,0.7439772114957187,0.737572172204547,0.004936164214543535,0.0015609521822573613,10
3.8,0.13345388,0.8445113769184625,0.6929247199713118,0.0053977531058139955,0.0017069194061620082,10
3.8,0.13345388,0.9586307950358789,0.6456933990139474,0.005853356106019814,0.0018509937251076634,10
3.8,0.13345388,1.088171250628218,0.5973098328033467,0.006659275007624909,0.002105847658952986,10
3.8,0.13345388,1.2352165993681232,0.5494554319733135,0.007907575913647205,0.0025005950657812116,10
3.8,0.13345388,1.402132289815328,0.5036962963196612,0.009169315963989783,0.0028995923031950176,10
3.8,0.13345388,1.5916034152621248,0.46302492096898923,0.009932727038909564,0.003141004081969413,10
3.8,0.13345388,1.80667790755158,0.4301602949849276,0.010060824655799945,0.003181512105190739,10
3.8,0.13345388,2.0508155677068496,0.40836968914092936,0.009957204820581976,0.003148744636184728,10
3.8,0.13345388,2.3279437221040404,0.4008065381747272,0.010181763676935265,0.003219756381668624,10
3.8,0.13345388,2.642520399502972,0.4083643458071518,0.009558312283728328,0.0030226037403747095,10
3.8,0.13345388,2.9996060452346534,0.42999484597706655,0.008154099834732694,0.0025785527746157873,10
3.8,0.13345388,3.404944926177538,0.46087198687904535,0.00692010687535168,0.0021883299377902224,10
3.8,0.13345388,3.865057536045609,0.48864828191618537,0.006840803588810125,0.002163252036649393,10
3.8,0.13345388,4.3873454874682505,0.500296328158304,0.006554592193607193,0.002072744046535808,10
3.8,0.13345388,4.980210578210885,0.4873112794280825,0.007598070718376945,0.002402720929310292,10
3.8,0.13345388,5.653189946897943,0.46014231353283197,0.009974623320376224,0.0031542528494620274,10
3.8,0.13345388,6.417109492424104,0.4330565284187199,0.008412116161620036,0.002660144701263241,10
3.8,0.13345388,7.284258025038717,0.42171153445178033,0.006268892842739818,0.001982397979058557,10
3.8,0.13345388,8.268584950589176,0.41525745361220545,0.004406652548489433,0.001393505891021219,10
3.8,0.13345388,9.385924667975567,0.39723616011621726,0.006444616524864821,0.0020379666864931995,10
3.8,0.13345388,10.65425128959158,0.3786276537307273,0.012113679311121025,0.0038306817468001897,10
3.8,0.13345388,12.093967782318368,0.3602223066996541,0.00908378872228815,0.002872546214618128,10
3.8,0.13345388,13.728234180344895,0.3395663486567526,0.008815748329992639,0.002787784400160242,10
3.8,0.13345388,15.583340149618108,0.3191342620234558,0.009693416141606416,0.0030653273315317535,10
3.8,0.13345388,17.689127897190275,0.29670735272890697,0.00798372121162032,0.0025246743232519363,10
3.8,0.13345388,20.07947222860456,0.274601931586706,0.011720938056807368,0.003706486057325931,10
3.8,0.13345388,22.792825475773903,0.2464292907499847,0.009770103212848952,0.0030895779127531548,10
3.8,0.13345388,25.872836061348632,0.22283604444785232,0.00998766323496584,0.003158376432521752,10
3.8,0.13345388,29.369050650123167,0.20211020122253592,0.014488874717689658,0.004581784484072844,10
3.8,0.13345388,33.33771118265806,0.17729301906837847,0.010817961093352995,0.0034209396694080867,10
3.8,0.13345388,37.842659612617176,0.1534822859040169,0.008435856915309414,0.0026676521867659893,10
3.8,0.13345388,42.95636490189982,0.13418864256934157,0.0076330654198454246,0.0024137872255780954,10
3.8,0.13345388,48.76108879434957,0.11175600253386642,0.0069519858803895225,0.0021984109643361787,10
3.8,0.13345388,55.350209121286355,0.09061418140197583,0.007665567184692738,0.0024240651860673664,10
3.8,0.13345388,62.82972192624931,0.07068823129142082,0.008349601419296524,0.0026403758039551593,10
3.8,0.13345388,71.31994657291497,0.055542585860679464,0.006748123308178167,0.0021339439585513357,10
3.8,0.13345388,80.95746126545187,0.03928100417074789,0.008649826855225475,0.0027353154228604024,10
3.8,0.13345388,91.89730011710618,0.02637436454743617,0.006826499705090116,0.0021587287514552504,10
3.8,0.13345388,104.31544711021446,0.018347452652944272,0.005643620943992232,0.0017846696433645014,10
3.8,0.13345388,118.41166706679324,0.010632630230166642,0.005583795570417235,0.0017657511991277573,10
3.8,0.13345388,134.41271917018034,0.006621275986316619,0.0031789216220096074,0.001005263282870721,10
3.8,0.13345388,152.57600473212457,0.004536764840586035,0.003054915244711064,0.0009660490232057615,10
3.8,0.13345388,173.19370788521238,0.0030627413657840392,0.00326330908360014,0.0010319489413293267,10
3.8,0.13345388,196.59749580998604,0.002131017572861036,0.004876484019635696,0.0015420796475462061,10
3.8,0.13345388,223.1638541070668,0.0007877616503185671,0.004699147243156183,0.0014860008348874625,10
3.8,0.13345388,253.32014314187637,0.0017123719444439981,0.005040053740955495,0.0015938049351071628,10
3.8,0.13345388,287.5514727874956,0.0005283922512335491,0.0026269868045382012,0.000830726168554827,10
3.8,0.13345388,326.40850615637055,0.0008006872325751546,0.002200282860456339,0.000695790533567246,10
3.8,0.13345388,370.5163178557939,0.0011234526837775685,0.0019229475499128587,0.0006080894078764952,10
3.8,0.13345388,420.58444926569615,-0.00032907400786909356,0.0019284891925804694,0.0006098418291573374,10
3.8,0.13345388,477.4183225932176,-0.00032387298706359157,0.0014784398403209417,0.000467523727894982,10
3.8,0.13345388,541.9321973165318,-0.00048596235017943346,0.002249991875799399,0.0007115099044400785,10
3.8,0.13345388,615.1638774420524,0.00012173284665866231,0.002051610254894819,0.000648776127642624,10
3.8,0.13345388,698.2914061636919,-0.0014433365866055948,0.0026800861849519985,0.0008475176669999604,10
3.8,0.13345388,792.652016483199,0.0005431946178697453,0.0023132893791612402,0.000731526332522637,10
3.8,0.13345388,899.7636426411872,0.0003677748565260433,0.0019443973171395837,0.0006148724198481837,10
3.8,0.13345388,1021.3493384030259,1.2793373046866646e-05,0.0032759020256773927,0.001035931179269996,10
3.8,0.13345388,1159.3649950049091,-0.0005880558104449909,0.0027796968999109477,0.000879017340862769,10
3.8,0.13345388,1316.0308046455484,-0.00017811868151075783,0.0023913406992699046,0.000756208327115265,10
3.8,0.13345388,1493.8669756616864,5.4631092848735095e-05,0.0018890917790832483,0.0005973832731002696,10
3.8,0.13345388,1695.7342739204687,-0.0005254429161964298,0.0016413617251956488,0.0005190441515841631,10
3.8,0.13345388,1924.8800425987847,-7.344469370768056e-05,0.001159406007500233,0.00036663637165829994,10
3.8,0.13345388,2184.990440647822,0.0007057685849009996,0.0015274340111996751,0.00048301704509981107,10
3.8,0.13345388,2480.2497402782196,-0.0002835105157233714,0.002419807890550489,0.0007652104434186982,10
3.8,0.13345388,2815.4076373562034,0.0005657173669293902,0.0018046117456009191,0.0005706683408391249,10
3.8,0.13345388,3195.8556575010366,0.001476873145976157,0.0019825172253226282,0.0006269269932536748,10
3.8,0.13345388,3627.7138869923433,6.781022503589816e-05,0.000980237019454216,0.0003099781628290104,10
3.8,0.13345388,4117.929423686066,0.00072752600408786,0.001382768992785565,0.0004372699495059323,10
3.8,0.13345388,4674.388131672206,-0.0001571893329377422,0.0009672331702706325,0.00030586598465206594,10
3.8,0.13345388,5306.041497418272,9.103901054993084e-05,0.0012412368698592963,0.00039251356245333785,10
3.8,0.13345388,6023.050628072877,-0.0002275591946481319,0.0011039962335470772,0.00034911426262559546,10
3.8,0.13345388,6836.949708361742,0.0004964227026569889,0.0011505552709611257,0.0003638375230149344,10
3.8,0.13345388,7760.831545529242,0.0013210892000310034,0.0012394187314300122,0.00039193861659953596,10
3.8,0.13345388,8809.558187098928,1.7500469758985293e-05,0.0012721998176040044,0.000402304906247943,10
3.8,0.13345388,9999.99999956053,0.00044898868471426585,0.0012634969462114432,0.0003995528166695415,10
3.815,0.12622191,0.010000000000218279,0.9999288050934902,0.0001,3.1622776601683795e-05,10
3.815,0.12622191,0.011351307054675233,0.9999000551949402,0.0001,3.1622776601683795e-05,10
3.815,0.12622191,0.012885217184670714,0.9998674203023175,0.0001,3.1622776601683795e-05,10
3.815,0.12622191,0.014626405672618265,0.9998303754336325,0.0001,3.1622776601683795e-05,10
3.815,0.12622191,0.016602882189250948,0.9997883246657091,0.0001,3.1622776601683795e-05,10
3.815,0.12622191,0.018846441371867226,0.999740591547852,0.0001,3.1622776601683795e-05,10
3.815,0.12622191,0.021393174289532996,0.9996667472081201,0.0001,3.1622776601683795e-05,10
3.815,0.12622191,0.024284049022937213,0.9995644449117529,0.0001,3.1622776601683795e-05,10
3.815,0.12622191,0.027565569698412937,0.9994483184339092,0.0001,3.1622776601683795e-05,10
3.815,0.12622191,0.03129052457769065,0.9992983362429699,0.0001,3.1622776601683795e-05,10
3.815,0.12622191,0.035518835237547564,0.9990891934873289,0.0001,3.1622776601683795e-05,10
3.815,0.12622191,0.040318520499702026,0.9988473225659815,0.0001,3.1622776601683795e-05,10
3.815,0.12622191,0.045766790617234585,0.9985014374380979,0.0001,3.1622776601683795e-05,10
3.815,0.12622191,0.051951289319191934,0.9980816350006385,0.0001,3.1622776601683795e-05,10
3.815,0.12622191,0.05897150369355452,0.9975381767733522,0.0001,3.1622776601683795e-05,10
3.815,0.12622191,0.06694036458868406,0.996824713239142,0.0001,3.1622776601683795e-05,10
3.815,0.12622191,0.0759860632781475,0.9959167129373885,0.0001,3.1622776601683795e-05,10
3.815,0.12622191,0.08625411361274073,0.9947533756961002,0.00010684592988238726,3.378764971469903e-05,10
3.815,0.12622191,0.09790969283256912,0.9932644233209332,0.00013734933078996632,4.343367203961874e-05,10
3.815,0.12622191,0.11114029869471674,0.9913480456735746,0.00017740344653051346,5.6099895580031826e-05,10
3.815,0.12622191,0.12615876566045128,0.9888736148003341,0.00022640494273576454,7.159552925650094e-05,10
3.815,0.12622191,0.14320668866193417,0.9857517015582454,0.00028669126499308075,9.065973826530322e-05,10
3.815,0.12622191,0.16255830952494102,0.9817709811644848,0.00036303340125921847,0.00011480124146969697,10
3.815,0.12622191,0.1845249285666265,0.9766920934969843,0.00045560670828882825,0.0001440754915444613,10
3.815,0.12622191,0.209459912335607,0.9702608187063543,0.0005686101719814252,0.0001798103244201361,10
3.815,0.12622191,0.23776437805149325,0.9621115552372471,0.0007129144031154257,0.0002254433290584185,10
3.815,0.12622191,0.2698936461867474,0.9519878640713575,0.0009014172588395183,0.00028505316601184263,10
3.815,0.12622191,0.3063645649904774,0.9393162739865643,0.0011368208143193858,0.00035949430647366185,10
3.815,0.12622191,0.3477638247803005,0.9238713316763061,0.00141204930444158,0.0004465291970491907,10
3.815,0.12622191,0.3947573957503299,0.9048224926579227,0.0017429034661187012,0.0005511544694737204,10
3.815,0.12622191,0.4481012411168134,0.8819512436194918,0.002136983728854135,0.0006757735905898751,10
3.815,0.12622191,0.5086534779386983,0.854695976619416,0.0026143474129425135,0.0008267292419867106,10
3.815,0.12622191,0.5773881812384607,0.8229392557332245,0.0031963183672348086,0.0010107646167492506,10
3.815,0.12622191,0.6554110534835178,0.7867089214326417,0.0038595961731479195,0.0012205114755617034,10
3.815,0.12622191,0.7439772114957187,0.7462797519684455,0.0045852021371706585,0.0014499682285731082,10
3.815,0.12622191,0.8445113769184625,0.7023343407147693,0.005405911054615295,0.001709499176086723,10
3.815,0.12622191,0.9586307950358789,0.6555938360033682,0.006324281069808365,0.001999913274368077,10
3.815,0.12622191,1.088171250628218,0.6071114465588476,0.007095212006994889,0.0022437030423878386,10
3.815,0.12622191,1.2352165993681232,0.5582113771045181,0.007359264665925792,0.002327203824832364,10
3.815,0.12622191,1.402132289815328,0.5105162533396868,0.007067946270921915,0.0022350808595806774,10
3.815,0.12622191,1.5916034152621248,0.4674173301431403,0.006269404052870539,0.00198255963789616,10
3.815,0.12622191,1.80667790755158,0.43173299618823213,0.006104613070645878,0.0019304481537275352,10
3.815,0.12622191,2.0508155677068496,0.40652193348105864,0.006503579975172846,0.002056612566660751,10
3.815,0.12622191,2.3279437221040404,0.3950913164104945,0.006326118548849546,0.0020004943362603726,10
3.815,0.12622191,2.642520399502972,0.4001511829004838,0.006203496384096909,0.0019617178030364975,10
3.815,0.12622191,2.9996060452346534,0.4203628013382791,0.00563836143605887,0.0017830064409203865,10
3.815,0.12622191,3.404944926177538,0.45197757380206527,0.0055255660395816435,0.0017473374046754098,10
3.815,0.12622191,3.865057536045609,0.48467617500530275,0.006800861378652365,0.0021506212007614297,10
3.815,0.12622191,4.3873454874682505,0.5028131924142115,0.008766043929254631,0.002772066488553656,10
3.815,0.12622191,4.980210578210885,0.49439746215824265,0.009867401374379739,0.0031203462930115807,10
3.815,0.12622191,5.653189946897943,0.4679931730013884,0.010188840756168062,0.0032219943506243357,10
3.815,0.12622191,6.417109492424104,0.44161594700138496,0.009705572383183463,0.003069171472648824,10
3.815,0.12622191,7.284258025038717,0.42764187100545525,0.009877466986522086,0.003123529319052947,10
3.815,0.12622191,8.268584950589176,0.4191545828053533,0.009786010569043206,0.003094608260465698,10
3.815,0.12622191,9.385924667975567,0.4040765930125839,0.008056373329660058,0.0025476489402360344,10
3.815,0.12622191,10.65425128959158,0.38708240749726625,0.00889785416821987,0.002813748545959779,10
3.815,0.12622191,12.093967782318368,0.3690124321245575,0.010704066066421063,0.0033849228994809744,10
3.815,0.12622191,13.728234180344895,0.34948764417187456,0.01180605937315563,0.0037334037810351547,10
3.815,0.12622191,15.583340149618108,0.3322129076320509,0.01114400436613713,0.0035240436051854323,10
3.815,0.12622191,17.689127897190275,0.3053560749519203,0.013551947783728103,0.004285502172825176,10
3.815,0.12622191,20.07947222860456,0.28647900290338235,0.010588804072609674,0.003348473856671352,10
3.815,0.12622191,22.792825475773903,0.26219219795873405,0.010231642055937584,0.0032355293100330687,10
3.815,0.12622191,25.872836061348632,0.23793690580074983,0.010154597408180704,0.0032111656531893565,10
3.815,0.12622191,29.369050650123167,0.2155783617511568,0.009359651646335069,0.002959781730816358,10
3.815,0.12622191,33.33771118265806,0.19335263650093953,0.010169821679923783,0.0032159799906319037,10
3.815,0.12622191,37.842659612617176,0.16678029779762837,0.008781281882508851,0.0027768851524699067,10
3.815,0.12622191,42.95636490189982,0.13868162141284585,0.006648130198213764,0.0021023233607702163,10
3.815,0.12622191,48.76108879434957,0.11730680777849116,0.00812374258331646,0.0025689529688180195,10
3.815,0.12622191,55.350209121286355,0.09200837112102353,0.009012066477127254,0.002849865649257186,10
3.815,0.12622191,62.82972192624931,0.07386904503633626,0.00761190696230802,0.00240709633381868,10
3.815,0.12622191,71.31994657291497,0.05723701850457587,0.007650958027609399,0.002419445364959513,10
3.815,0.12622191,80.95746126545187,0.04352669848639338,0.004844217509765552,0.0015318760812128103,10
3.815,0.12622191,91.89730011710618,0.033054632356789806,0.006553282118125352,0.002072329764292872,10
3.815,0.12622191,104.31544711021446,0.02037552039403354,0.004512449933296589,0.0014269619616692098,10
3.815,0.12622191,118.41166706679324,0.013894643665705045,0.006353523592121334,0.002009160571871805,10
3.815,0.12622191,134.41271917018034,0.009040192612036913,0.00366700754750141,0.0011596096047132545,10
3.815,0.12622191,152.57600473212457,0.005559573416363423,0.004280480059596476,0.0013536066467258149,10
3.815,0.12622191,173.19370788521238,0.00154579793119318,0.003910944063119623,0.0012367491040971334,10
3.815,0.12622191,196.59749580998604,0.002571567456905674,0.004835406377234005,0.0015290897564562808,10
3.815,0.12622191,223.1638541070668,-0.0003624543333185985,0.003264475481967899,0.001032317788879449,10
3.815,0.12622191,253.32014314187637,-0.001464083545789292,0.0044048982269316245,0.001392951125834118,10
3.815,0.12622191,287.5514727874956,-0.0001827995280453569,0.0028010854751527713,0.0008857810022297739,10
3.815,0.12622191,326.40850615637055,-6.133752366632795e-05,0.0016790725163599888,0.0005309693508287898,10
3.815,0.12622191,370.5163178557939,0.00042349450342909367,0.0036103823144250182,0.0011417031337573244,10
3.815,0.12622191,420.58444926569615,0.0006752777017652587,0.0036519363533507165,0.0011548436746557746,10
3.815,0.12622191,477.4183225932176,-1.2669875160535148e-05,0.00332046541977456,0.001050023361831471,10
3.815,0.12622191,541.9321973165318,-0.00022565929609393527,0.0020974555860104565,0.0006632736942836243,10
3.815,0.12622191,615.1638774420524,-0.0010866323768770312,0.0018871735987036052,0.0005967766912039976,10
3.815,0.12622191,698.2914061636919,-0.0007475909895308527,0.002058814636519341,0.0006510543531492794,10
3.815,0.12622191,792.652016483199,-6.595359514573644e-05,0.0028594093320234893,0.0009042246251934867,10
3.815,0.12622191,899.7636426411872,0.001379227812781539,0.002820512600261622,0.0008919243986030752,10
3.815,0.12622191,1021.3493384030259,-0.0009967120072855468,0.002653029886437041,0.0008389617141638906,10
3.815,0.12622191,1159.3649950049091,0.0012652918857510716,0.002360447126271479,0.0007464389215416947,10
3.815,0.12622191,1316.0308046455484,-0.00021808142606238873,0.0026628276969572146,0.0008420600538965415,10
3.815,0.12622191,1493.8669756616864,-0.001097035736833132,0.0024562778810718984,0.0007767432670479387,10
3.815,0.12622191,1695.7342739204687,-0.0009667419559150163,0.0013935923027346305,0.0004406925806320331,10
3.815,0.12622191,1924.8800425987847,-0.0009675273323255514,0.0016257192754256153,0.0005140975746383547,10
3.815,0.12622191,2184.990440647822,0.0012086729465893404,0.0014725663900399819,0.0004656663798338231,10
3.815,0.12622191,2480.2497402782196,-0.0005491116384126304,0.0018134933348252346,0.0005734769459582094,10
3.815,0.12622191,2815.4076373562034,0.000158382594829251,0.002224727224762469,0.0007035205202834753,10
3.815,0.12622191,3195.8556575010366,0.00044260188600809137,0.002131353953618026,0.0006739932993437835,10
3.815,0.12622191,3627.7138869923433,-0.0008300226126474259,0.0019927131771628474,0.0006301512363265226,10
3.815,0.12622191,4117.929423686066,-5.052457249989271e-05,0.001946207534908757,0.0006154448609693333,10
3.815,0.12622191,4674.388131672206,0.00017646993608986107,0.0011052357598085342,0.0003495062352461752,10
3.815,0.12622191,5306.041497418272,-0.00046390528072871975,0.0013374713463865527,0.000422945575979352,10
3.815,0.12622191,6023.050628072877,-0.00019778892668753014,0.0010446783887122179,0.0003303563130685345,10
3.815,0.12622191,6836.949708361742,0.00015225252313568545,0.0014424235495020072,0.0004561343767090976,10
3.815,0.12622191,7760.831545529242,-0.00017027788343994347,0.0009943322068800874,0.00031443545246028236,10
3.815,0.12622191,8809.558187098928,-0.000731327174602279,0.0015652850333091083,0.0004949865892629311,10
3.815,0.12622191,9999.99999956053,0.00038540033081795164,0.001108254123555892,0.0003504607256710284,10
3.825,0.12355752,0.010000000000218279,0.9999301290004027,0.0001,3.1622776601683795e-05,10
3.825,0.12355752,0.011351307054675233,0.9999019129772344,0.0001,3.1622776601683795e-05,10
3.825,0.12355752,0.012885217184670714,0.9998698841029503,0.0001,3.1622776601683795e-05,10
3.825,0.12355752,0.014626405672618265,0.9998335271442897,0.0001,3.1622776601683795e-05,10
3.825,0.12355752,0.016602882189250948,0.9997922572441574,0.0001,3.1622776601683795e-05,10
3.825,0.12355752,0.018846441371867226,0.9997454105133071,0.0001,3.1622776601683795e-05,10
3.825,0.12355752,0.021393174289532996,0.999672863739588,0.0001,3.1622776601683795e-05,10
3.825,0.12355752,0.024284049022937213,0.9995723082369722,0.0001,3.1622776601683795e-05,10
3.825,0.12355752,0.027565569698412937,0.9994581645983519,0.0001,3.1622776601683795e-05,10
3.825,0.12355752,0.03129052457769065,0.9993107185452453,0.0001,3.1622776601683795e-05,10
3.825,0.12355752,0.035518835237547564,0.9991050656698318,0.0001,3.1622776601683795e-05,10
3.825,0.12355752,0.040318520499702026,0.9988672460587459,0.0001,3.1622776601683795e-05,10
3.825,0.12355752,0.045766790617234585,0.9985273944250117,0.0001,3.1622776601683795e-05,10
3.825,0.12355752,0.051951289319191934,0.9981148695549102,0.0001,3.1622776601683795e-05,10
3.825,0.12355752,0.05897150369355452,0.9975807281894735,0.0001,3.1622776601683795e-05,10
3.825,0.12355752,0.06694036458868406,0.9968803674609796,0.0001,3.1622776601683795e-05,10
3.825,0.12355752,0.0759860632781475,0.9959887413227669,0.0001,3.1622776601683795e-05,10
3.825,0.12355752,0.08625411361274073,0.9948464191354119,0.0001,3.1622776601683795e-05,10
3.825,0.12355752,0.09790969283256912,0.9933842717490886,0.00012040181518073537,3.807439703897615e-05,10
3.825,0.12355752,0.11114029869471674,0.9915003556843642,0.0001543714383342069,4.88165350812323e-05,10
3.825,0.12355752,0.12615876566045128,0.9890661229339077,0.00019905590006079332,6.294700258869562e-05,10
3.825,0.12355752,0.14320668866193417,0.9859941445469473,0.00025484539001631646,8.058918836454953e-05,10
3.825,0.12355752,0.16255830952494102,0.9820748223285092,0.0003257647947756162,0.00010301587329882677,10
3.825,0.12355752,0.1845249285666265,0.9770702623834326,0.00041758431208110356,0.00013205175413308543,10
3.825,0.12355752,0.209459912335607,0.9707350150782588,0.0005378928516369469,0.00017009665482957815,10
3.825,0.12355752,0.23776437805149325,0.9627125003852866,0.0006903876539150087,0.00021831974548314906,10
3.825,0.12355752,0.2698936461867474,0.9527375484618613,0.0008859638811467924,0.00028016637890665745,10
3.825,0.12355752,0.3063645649904774,0.9402468042280623,0.0011342515337606227,0.00035868182862229374,10
3.825,0.12355752,0.3477638247803005,0.9250180969459562,0.0014344926584690984,0.0004536264087552378,10
3.825,0.12355752,0.3947573957503299,0.9062338505213867,0.0018066531254287714,0.0005713138818216784,10
3.825,0.12355752,0.4481012411168134,0.8836817499843598,0.0022567277944120284,0.0007136399889350216,10
3.825,0.12355752,0.5086534779386983,0.8568439095662876,0.0027967955611725784,0.000884424412315413,10
3.825,0.12355752,0.5773881812384607,0.8256006202153108,0.0033926499396150544,0.0010728501112816286,10
3.825,0.12355752,0.6554110534835178,0.7899832503142352,0.0039647350231750535,0.0012537592992273633,10
3.825,0.12355752,0.7439772114957187,0.7502682991426386,0.0044228228362012635,0.0013986193849801806,10
3.825,0.12355752,0.8445113769184625,0.7072150446435265,0.004786570557571269,0.0015136465143027326,10
3.825,0.12355752,0.9586307950358789,0.6616324427732629,0.005315708261264679,0.001680974548256979,10
3.825,0.12355752,1.088171250628218,0.6147428219636967,0.006144977639410721,0.0019432125511342744,10
3.825,0.12355752,1.2352165993681232,0.5677792625721473,0.007029781720169912,0.0022230121689553353,10
3.825,0.12355752,1.402132289815328,0.5217099315762292,0.0077079470570069345,0.0024374668784133634,10
3.825,0.12355752,1.5916034152621248,0.4787847214052669,0.008034682763463688,0.0025407897809441157,10
3.825,0.12355752,1.80667790755158,0.4417119662461874,0.007729444323688311,0.002444264911031483,10
3.825,0.12355752,2.0508155677068496,0.41449849656463555,0.007179029253649922,0.0022702083830512423,10
3.825,0.12355752,2.3279437221040404,0.4024958009054177,0.00662578545532934,0.002095257332645654,10
3.825,0.12355752,2.642520399502972,0.4083568748858422,0.00628815837961649,0.001988490276746182,10
3.825,0.12355752,2.9996060452346534,0.42838931357270066,0.00692024047436682,0.0021883721855083223,10
3.825,0.12355752,3.404944926177538,0.4571696601180191,0.008835438756218382,0.002794011059657528,10
3.825,0.12355752,3.865057536045609,0.48693749576885015,0.010119050518355438,0.003199924739631066,10
3.825,0.12355752,4.3873454874682505,0.503473782542514,0.010717583486449482,0.0033891974830188728,10
3.825,0.12355752,4.980210578210885,0.4973783594596906,0.010756013006559869,0.0034013499643124794,10
3.825,0.12355752,5.653189946897943,0.4697511791268466,0.008518327779050809,0.00269373176376841,10
3.825,0.12355752,6.417109492424104,0.4427550576165394,0.008349004180674052,0.002640186940519796,10
3.825,0.12355752,7.284258025038717,0.42653539128752316,0.007514470089393626,0.0023762840891692946,10
3.825,0.12355752,8.268584950589176,0.4178033224488096,0.009834478186119143,0.003109935066737781,10
3.825,0.12355752,9.385924667975567,0.4057031895074129,0.008546332556949194,0.0027025876521210137,10
3.825,0.12355752,10.65425128959158,0.38780295807002874,0.007884298186249042,0.0024932340020481416,10
3.825,0.12355752,12.093967782318368,0.3664219115896569,0.007215454548686823,0.0022817270727272655,10
3.825,0.12355752,13.728234180344895,0.34677663810325005,0.008376909308353797,0.002649011316706376,10
3.825,0.12355752,15.583340149618108,0.3260425664227811,0.008042224859308708,0.0025431748010642714,10
3.825,0.12355752,17.689127897190275,0.3008516853452133,0.009203921202934643,0.0029105354405990296,10
3.825,0.12355752,20.07947222860456,0.28419604769051116,0.009239712501173124,0.002921853642883827,10
3.825,0.12355752,22.792825475773903,0.2574866646305458,0.009570789127490924,0.0030265492648046963,10
3.825,0.12355752,25.872836061348632,0.23431597390897477,0.010177389674906319,0.0032183732007784573,10
3.825,0.12355752,29.369050650123167,0.20890362718244856,0.008426061276521686,0.0026645545337954384,10
3.825,0.12355752,33.33771118265806,0.18545623616393941,0.009931256276540562,0.003140538986071122,10
3.825,0.12355752,37.842659612617176,0.16135476234249346,0.00951451456356192,0.003008753685169855,10
3.825,0.12355752,42.95636490189982,0.13647188261880636,0.007577388443937611,0.0023961806198681945,10
3.825,0.12355752,48.76108879434957,0.11425401732810618,0.007059130687163153,0.0022322931272225096,10
3.825,0.12355752,55.350209121286355,0.09329245394525774,0.0074599367406202825,0.0023590391301132833,10
3.825,0.12355752,62.82972192624931,0.07559342284795824,0.005279582642087414,0.0016695506244085777,10
3.825,0.12355752,71.31994657291497,0.058541936694469235,0.005339344337918748,0.001688448931974698,10
3.825,0.12355752,80.95746126545187,0.043966774833408294,0.007313232453437679,0.002312647161112436,10
3.825,0.12355752,91.89730011710618,0.03129026168812617,0.006730093598499995,0.002128242463737875,10
3.825,0.12355752,104.31544711021446,0.021489189976215656,0.004587129133595012,0.001450577598347504,10
3.825,0.12355752,118.41166706679324,0.016006596923546324,0.004153007895087454,0.0013132964089137959,10
3.825,0.12355752,134.41271917018034,0.009658972954826536,0.004279208789118575,0.001353204635702585,10
3.825,0.12355752,152.57600473212457,0.0057708375724512635,0.004937155677261876,0.0015612657102978716,10
3.825,0.12355752,173.19370788521238,0.003414518486845495,0.003813493464352583,0.0012059325189520292,10
3.825,0.12355752,196.59749580998604,0.0010325289159538204,0.003807647684747661,0.0012040839211269379,10
3.825,0.12355752,223.1638541070668,-0.00018580903440634978,0.00522785910358392,0.0016531942053771317,10
3.825,0.12355752,253.32014314187637,-0.0007454274231584956,0.005082557864591616,0.0016072459191711168,10
3.825,0.12355752,287.5514727874956,-0.000985469575048246,0.002940417041366146,0.0009298415121490564,10
3.825,0.12355752,326.40850615637055,-0.0008233348378325209,0.0018172400813642735,0.000574661771246081,10
3.825,0.12355752,370.5163178557939,-0.0008970188983229001,0.0023961204111182187,0.0007577198047152616,10
3.825,0.12355752,420.58444926569615,-0.0002485709081752661,0.002915891910570885,0.0009220859848264003,10
3.825,0.12355752,477.4183225932176,-0.0016036554637536954,0.002641348046986491,0.0008352675921714759,10
3.825,0.12355752,541.9321973165318,-0.001317171341328586,0.003447049516228815,0.00109005276786646,10
3.825,0.12355752,615.1638774420524,-0.0009485230616391253,0.0033056160645149684,0.00104532758339094,10
3.825,0.12355752,698.2914061636919,0.001180926530653391,0.0019680225011700866,0.0006223433590158863,10
3.825,0.12355752,792.652016483199,-0.0007303869376647953,0.002618211948571869,0.0008279513154554743,10
3.825,0.12355752,899.7636426411872,0.002214314111865231,0.0031210648706477954,0.0009869673716385835,10
3.825,0.12355752,1021.3493384030259,-0.00041766641090514544,0.002658881867966322,0.000840812273209667,10
3.825,0.12355752,1159.3649950049091,-0.00019531676899870015,0.002524624887323496,0.0007983564881488203,10
3.825,0.12355752,1316.0308046455484,0.00044530422602655017,0.0017319600621139854,0.0005476938612726895,10
3.825,0.12355752,1493.8669756616864,0.0016718730300708644,0.0016314104174471604,0.0005158972717659125,10
3.825,0.12355752,1695.7342739204687,-0.00010109367560494104,0.0027256284837887963,0.0008619194064203922,10
3.825,0.12355752,1924.8800425987847,0.0005681405533463569,0.0018687676746008857,0.0005909562269435192,10
3.825,0.12355752,2184.990440647822,-0.0009224103490348999,0.0018505064225086015,0.0005851815119897058,10
3.825,0.12355752,2480.2497402782196,-0.0012582359122293777,0.0014529981226433547,0.00045947835035016753,10
3.825,0.12355752,2815.4076373562034,-4.201349134592262e-05,0.0017276608485054358,0.0005463343305576286,10
3.825,0.12355752,3195.8556575010366,-0.0010441034900331627,0.0027076023957237298,0.0008562190568615534,10
3.825,0.12355752,3627.7138869923433,-0.0004712005833409719,0.002516158235316478,0.0007956790976989989,10
3.825,0.12355752,4117.929423686066,-0.00019818469445250067,0.0020560408259813587,0.0006501771972394993,10
3.825,0.12355752,4674.388131672206,-0.0009813741961909358,0.00074212060500719,0.0002346791410364879,10
3.825,0.12355752,5306.041497418272,-3.39074952213743e-05,0.0011224136779697349,0.0003549383699311118,10
3.825,0.12355752,6023.050628072877,0.0002242325312747392,0.0007531480686866916,0.00023816633124068847,10
3.825,0.12355752,6836.949708361742,0.0002316895606508748,0.001130588372125364,0.0003575234352018173,10
3.825,0.12355752,7760.831545529242,-0.00021642590169602076,0.0010475079378823675,0.0003312510950814457,10
3.825,0.12355752,8809.558187098928,-0.0003521750728496103,0.0010451476587433415,0.0003305047092821354,10
3.825,0.12355752,9999.99999956053,1.6645123674524934e-05,0.0012128111823012753,0.0003835245707793722,10
3.85,0.11421505,0.010000000000218279,0.9999350163979575,0.0001,3.1622776601683795e-05,10
3.85,0.11421505,0.011351307054675233,0.9999087997404678,0.0001,3.1622776601683795e-05,10
3.85,0.11421505,0.012885217184670714,0.999879040407557,0.0001,3.1622776601683795e-05,10
3.85,0.11421505,0.014626405672618265,0.9998452596749965,0.0001,3.1622776601683795e-05,10
3.85,0.11421505,0.016602882189250948,0.999806914128215,0.0001,3.1622776601683795e-05,10
3.85,0.11421505,0.018846441371867226,0.999763386920646,0.0001,3.1622776601683795e-05,10
3.85,0.11421505,0.021393174289532996,0.9996960014840781,0.0001,3.1622776601683795e-05,10
3.85,0.11421505,0.024284049022937213,0.9996026142794106,0.0001,3.1622776601683795e-05,10
3.85,0.11421505,0.027565569698412937,0.9994966075958971,0.0001,3.1622776601683795e-05,10
3.85,0.11421505,0.03129052457769065,0.9993597048474117,0.0001,3.1622776601683795e-05,10
3.85,0.11421505,0.035518835237547564,0.9991688182415551,0.0001,3.1622776601683795e-05,10
3.85,0.11421505,0.040318520499702026,0.9989480794599441,0.0001,3.1622776601683795e-05,10
3.85,0.11421505,0.045766790617234585,0.9986327140958655,0.0001,3.1622776601683795e-05,10
3.85,0.11421505,0.051951289319191934,0.998249900453315,0.0001,3.1622776601683795e-05,10
3.85,0.11421505,0.05897150369355452,0.9977542038303857,0.0001,3.1622776601683795e-05,10
3.85,0.11421505,0.06694036458868406,0.9971042468323346,0.0001,3.1622776601683795e-05,10
3.85,0.11421505,0.0759860632781475,0.9962769908934576,0.0001,3.1622776601683795e-05,10
3.85,0.11421505,0.08625411361274073,0.9952167849020297,0.00010063994237034869,3.182514414783868e-05,10
3.85,0.11421505,0.09790969283256912,0.9938594476479695,0.00012894750336265413,4.077678092182081e-05,10
3.85,0.11421505,0.11114029869471674,0.9921109326530451,0.00016463855150938942,5.206328134406231e-05,10
3.85,0.11421505,0.12615876566045128,0.989852645484641,0.00021272566472106745,6.726976172919003e-05,10
3.85,0.11421505,0.14320668866193417,0.9870036439702187,0.00027075121931746394,8.561905323109655e-05,10
3.85,0.11421505,0.16255830952494102,0.9833679777025631,0.00034190021523831444,0.00010811834126548822,10
3.85,0.11421505,0.1845249285666265,0.9787249207497959,0.00043083299381144495,0.00013624135515933938,10
3.85,0.11421505,0.209459912335607,0.9728475277665396,0.0005384312583846271,0.00017026691399260545,10
3.85,0.11421505,0.23776437805149325,0.9653971978938778,0.0006703029150154552,0.00021196839336991177,10
3.85,0.11421505,0.2698936461867474,0.9561298089003678,0.000826268075128273,0.00026128890752884654,10
3.85,0.11421505,0.3063645649904774,0.9445176413728504,0.0010111031564131664,0.0003197388923651091,10
3.85,0.11421505,0.3477638247803005,0.9303441951927816,0.0012149423645062042,0.00038419850976701173,10
3.85,0.11421505,0.3947573957503299,0.912833575003709,0.0014378064406460696,0.00045467431869012785,10
3.85,0.11421505,0.4481012411168134,0.8917595699279814,0.0016956883597530827,0.0005362237418654735,10
3.85,0.11421505,0.5086534779386983,0.8665630442647576,0.001957408196870501,0.0006189868212794055,10
3.85,0.11421505,0.5773881812384607,0.8370637986802276,0.0022691132233748253,0.0007175566054670871,10
3.85,0.11421505,0.6554110534835178,0.8031493607686822,0.002767540597741606,0.0008751731805847323,10
3.85,0.11421505,0.7439772114957187,0.7649571293512244,0.0035709228868842455,0.0011292249671378026,10
3.85,0.11421505,0.8445113769184625,0.7230706654496768,0.004700684818064115,0.0014864870587656812,10
3.85,0.11421505,0.9586307950358789,0.6780904215074438,0.006050445012770108,0.0019133187097960095,10
3.85,0.11421505,1.088171250628218,0.6308711376179412,0.007516080126676286,0.002376793227662394,10
3.85,0.11421505,1.2352165993681232,0.5827520288902635,0.008928960812997877,0.0028235853307462073,10
3.85,0.11421505,1.402132289815328,0.5350321525756849,0.009854365936539666,0.0031162241256243632,10
3.85,0.11421505,1.5916034152621248,0.4897206665113113,0.01005354487553772,0.003179210036541322,10
3.85,0.11421505,1.80667790755158,0.4494519141414334,0.00963746655409317,0.003047634518462876,10
3.85,0.11421505,2.0508155677068496,0.4183660414511719,0.00842180453462456,0.0026632084338148,10
3.85,0.11421505,2.3279437221040404,0.4006720695508741,0.006803703481500463,0.002151519952595874,10
3.85,0.11421505,2.642520399502972,0.3988038387316992,0.006176062787022137,0.0019530425379197362,10
3.85,0.11421505,2.9996060452346534,0.4126650748811576,0.006310954455617652,0.0019956990289339794,10
3.85,0.11421505,3.404944926177538,0.4403155935197239,0.006067757122777677,0.0019187932796687409,10
3.85,0.11421505,3.865057536045609,0.4739222633709537,0.006686185230770754,0.0021143574187014115,10
3.85,0.11421505,4.3873454874682505,0.4988057710776793,0.008221386118893625,0.002599830565939572,10
3.85,0.11421505,4.980210578210885,0.5031191727564592,0.009823448891041293,0.003106447297394572,10
3.85,0.11421505,5.653189946897943,0.48461782170472834,0.010463708154240301,0.003308915053867581,10
3.85,0.11421505,6.417109492424104,0.4525457849961792,0.011369756416932515,0.0035954326718821766,10
3.85,0.11421505,7.284258025038717,0.4293074174878651,0.01281984498323746,0.004053990939731349,10
3.85,0.11421505,8.268584950589176,0.42088015127297423,0.013513784741514039,0.0042734339592414156,10
3.85,0.11421505,9.385924667975567,0.4096308830058133,0.014855629055454836,0.004697762388981311,10
3.85,0.11421505,10.65425128959158,0.38826796703228833,0.012974261634996041,0.004102821772552765,10
3.85,0.11421505,12.093967782318368,0.36570709274784463,0.009669441614348078,0.0030577459203355397,10
3.85,0.11421505,13.728234180344895,0.34851649797653583,0.009702116608120625,0.0030680786606208463,10
3.85,0.11421505,15.583340149618108,0.3282335203292989,0.014112622213909609,0.004462802995344237,10
3.85,0.11421505,17.689127897190275,0.3045367112825845,0.013348285072903619,0.0042210983687602155,10
3.85,0.11421505,20.07947222860456,0.284119181894577,0.013330927166255422,0.004215609316718128,10
3.85,0.11421505,22.792825475773903,0.262301970662055,0.013139778297417824,0.0041551627369489684,10
3.85,0.11421505,25.872836061348632,0.23794000856295067,0.013635970565306597,0.0043120725093382635,10
3.85,0.11421505,29.369050650123167,0.2131967558488425,0.012183807150421992,0.0038528581167579226,10
3.85,0.11421505,33.33771118265806,0.18781527443149199,0.014412816170928662,0.004557732659744127,10
3.85,0.11421505,37.842659612617176,0.16534042239115837,0.013302234708790465,0.004206535964992451,10
3.85,0.11421505,42.95636490189982,0.14521170123511987,0.01130719965971263,0.003575650488297275,10
3.85,0.11421505,48.76108879434957,0.12484516535956813,0.011798718008362985,0.003731082237647262,10
3.85,0.11421505,55.350209121286355,0.1024614969239744,0.012592513114864716,0.003982102290851402,10
3.85,0.11421505,62.82972192624931,0.08272727291995144,0.008622748593568565,0.0027267525246690186,10
3.85,0.11421505,71.31994657291497,0.06174759631838058,0.005286242005569874,0.00167165650004573,10
3.85,0.11421505,80.95746126545187,0.046706894706103515,0.005272556073853651,0.00166732862843325,10
3.85,0.11421505,91.89730011710618,0.03307058821828617,0.006151573429836569,0.0019452983232057556,10
3.85,0.11421505,104.31544711021446,0.02156028754783957,0.006497207421418168,0.0020545973882230874,10
3.85,0.11421505,118.41166706679324,0.013263997184200627,0.005552309810213587,0.001755794527517216,10
3.85,0.11421505,134.41271917018034,0.0059185013091863385,0.006476080926126658,0.002047916603813288,10
3.85,0.11421505,152.57600473212457,0.003657820993430269,0.006233413021969846,0.001971178274597791,10
3.85,0.11421505,173.19370788521238,0.0017268083432399265,0.00588180894467716,0.0018599913027131133,10
3.85,0.11421505,196.59749580998604,0.0014536300881636704,0.004290273214862057,0.0013567035143377056,10
3.85,0.11421505,223.1638541070668,-0.0004983796066196715,0.00512301155535191,0.0016200384994273806,10
3.85,0.11421505,253.32014314187637,0.002661610778619337,0.003143068049832215,0.0009939253878373407,10
3.85,0.11421505,287.5514727874956,0.0014566113917236598,0.003305193868466532,0.0010451940732777217,10
3.85,0.11421505,326.40850615637055,-0.0017285488475785155,0.0034681378988786968,0.0010967215000007404,10
3.85,0.11421505,370.5163178557939,-0.0006914486901407512,0.0031711734014312114,0.0010028130803866092,10
3.85,0.11421505,420.58444926569615,0.00015977223383289004,0.003499566676938147,0.0011066601522751194,10
3.85,0.11421505,477.4183225932176,-0.0007032662484455878,0.0023532586389247187,0.0007441657222469884,10
3.85,0.11421505,541.9321973165318,-0.0009914441348721063,0.0025219299800048477,0.0007975042836278217,10
3.85,0.11421505,615.1638774420524,-0.002069167405998973,0.0022565904165991,0.000713596546256139,10
3.85,0.11421505,698.2914061636919,-0.0003628067276307904,0.0031803010579271917,0.0010056994988093021,10
3.85,0.11421505,792.652016483199,0.001064032793854764,0.001898769726922432,0.000600443708925082,10
3.85,0.11421505,899.7636426411872,0.0006452772317281394,0.002646745976176296,0.000836974567260285,10
3.85,0.11421505,1021.3493384030259,-0.0011214845018814022,0.0024816495334131603,0.0007847664879879719,10
3.85,0.11421505,1159.3649950049091,-0.001030465066757144,0.0018943789963324364,0.000599055237999426,10
3.85,0.11421505,1316.0308046455484,-0.0006852201218583599,0.0021368356651392307,0.0006757267687320828,10
3.85,0.11421505,1493.8669756616864,0.0009599329877202993,0.0017092799341754733,0.0005405217750817176,10
3.85,0.11421505,1695.7342739204687,0.00041136883451603403,0.0011248599698432742,0.00035571195534530626,10
3.85,0.11421505,1924.8800425987847,-6.252435846262699e-05,0.002083723088590605,0.0006589310973027126,10
3.85,0.11421505,2184.990440647822,0.00029550688881423165,0.0023320139005677224,0.0007374475460967433,10
3.85,0.11421505,2480.2497402782196,0.00026779441478167463,0.0018597745496142747,0.000588112351119493,10
3.85,0.11421505,2815.4076373562034,-8.327558128848224e-05,0.0012731930141425532,0.0004026189825705439,10
3.85,0.11421505,3195.8556575010366,0.000894282521429093,0.0019548235250063844,0.0006181694762699292,10
3.85,0.11421505,3627.7138869923433,-0.00044630023009688746,0.0018933857187043723,0.0005987411360340687,10
3.85,0.11421505,4117.929423686066,-0.00027825569796359093,0.001459981625044084,0.00046168672771332335,10
3.85,0.11421505,4674.388131672206,-0.00023563658591139094,0.0015817539109734382,0.0005001945056555267,10
3.85,0.11421505,5306.041497418272,0.000544644280431124,0.0008801648773859392,0.0002783325729022396,10
3.85,0.11421505,6023.050628072877,0.00019620940589955797,0.0012658367484677158,0.0004002927271099637,10
3.85,0.11421505,6836.949708361742,9.968009852602287e-05,0.0012127157312394987,0.0003834943865033427,10
3.85,0.11421505,7760.831545529242,0.00014936726432701375,0.0012783427146826926,0.0004042474608680079,10
3.85,0.11421505,8809.558187098928,-0.000415602098258363,0.001463752162004372,0.00046287907619295914,10
3.85,0.11421505,9999.99999956053,0.000526026470082329,0.001533424961034053,0.0004849115497822553,10
3.75,0.016527131,0.010000000002037268,0.9999918345482943,0.0001,3.1622776601683795e-05,10
3.75,0.016527131,0.011337262358441222,0.9999885594100582,0.0001,3.1622776601683795e-05,10
3.75,0.016527131,0.012853351775794254,0.9999848462999144,0.0001,3.1622776601683795e-05,10
3.75,0.016527131,0.014572182123782838,0.9999806366495287,0.0001,3.1622776601683795e-05,10
3.75,0.016527131,0.016520865183865578,0.9999758640584437,0.0001,3.1622776601683795e-05,10
3.75,0.016527131,0.018730138293976312,0.9999704532467186,0.0001,3.1622776601683795e-05,10
3.75,0.016527131,0.0212348491805435,0.9999623043894328,0.0001,3.1622776601683795e-05,10
3.75,0.016527131,0.024074505625270602,0.9999507171934378,0.0001,3.1622776601683795e-05,10
3.75,0.016527131,0.027293898636785684,0.9999375804853416,0.0001,3.1622776601683795e-05,10
3.75,0.016527131,0.030943808956689967,0.9999211491424338,0.0001,3.1622776601683795e-05,10
3.75,0.016527131,0.035081808044000656,0.9998975213068502,0.0001,3.1622776601683795e-05,10
3.75,0.016527131,0.03977316617222805,0.9998707338097583,0.0001,3.1622776601683795e-05,10
3.75,0.016527131,0.045091881962856455,0.9998320798670312,0.0001,3.1622776601683795e-05,10
3.75,0.016527131,0.051121849594461845,0.9997860162179517,0.0001,3.1622776601683795e-05,10
3.75,0.016527131,0.057958182098310954,0.9997247540944558,0.0001,3.1622776601683795e-05,10
3.75,0.016527131,0.06570871161329964,0.9996460287181742,0.0001,3.1622776601683795e-05,10
3.75,0.016527131,0.07449569026433642,0.999545770599479,0.0001,3.1622776601683795e-05,10
3.75,0.016527131,0.08445771849278944,0.9994170321937824,0.0001,3.1622776601683795e-05,10
3.75,0.016527131,0.09575193125530543,0.9992517039362563,0.0001,3.1622776601683795e-05,10
3.75,0.016527131,0.1085564765747667,0.9990405414304503,0.0001,3.1622776601683795e-05,10
3.75,0.016527131,0.1230733255385376,0.9987623823149789,0.0001,3.1622776601683795e-05,10
3.75,0.016527131,0.1395314580671982,0.9984204210078703,0.0001,3.1622776601683795e-05,10
3.75,0.016527131,0.15819047470413894,0.9979714048349697,0.0001,3.1622776601683795e-05,10
3.75,0.016527131,0.17934469139618092,0.9974010470471626,0.0001,3.1622776601683795e-05,10
3.75,0.016527131,0.2033277818537947,0.9966670375301246,0.0001,3.1622776601683795e-05,10
3.75,0.016527131,0.23051804071667475,0.9957231820976687,0.0001,3.1622776601683795e-05,10
3.75,0.016527131,0.2613443505426349,0.9945341417581801,0.00012379358391826847,3.914696848969199e-05,10
3.75,0.016527131,0.29629294673946555,0.9930108631825298,0.00015994942419353454,5.0580449088400995e-05,10
3.75,0.016527131,0.33591508714566226,0.9911058213029638,0.0002058820740399476,6.510562833656585e-05,10
3.75,0.016527131,0.3808357472353155,0.9886619196585651,0.00026623607043710135,8.419123778742606e-05,10
3.75,0.016527131,0.431763478100016,0.9856174469401171,0.0003431778983390786,0.00010852238013812034,10
3.75,0.016527131,0.4895015827015728,0.9818132086325821,0.0004414465571835242,0.00013959765859397014,10
3.75,0.016527131,0.554960786682934,0.9770739252493232,0.000565552728877226,0.00017884347601757161,10
3.75,0.016527131,0.629173603598956,0.9712151559347421,0.0007227644215723281,0.00022855817839026937,10
3.75,0.016527131,0.7133106211554061,0.9640044841493609,0.0009207675121564806,0.00029117225339012553,10
3.75,0.016527131,0.8086989653453974,0.9551856573102777,0.0011702827540619942,0.000370075900925057,10
3.75,0.016527131,0.9168432337252881,0.9445364394520182,0.0014792264022155063,0.0004677724606057341,10
3.75,0.016527131,1.0394492280187604,0.9317049867177142,0.0018606818033006312,0.00058839924992594,10
3.75,0.016527131,1.178450860392705,0.9162941927238771,0.002332355458932904,0.0007375555563355291,10
3.75,0.016527131,1.3360406578081019,0.8978915273620967,0.0029083220969683466,0.0009196921995817057,10
3.75,0.016527131,1.514704345602899,0.8760613530921597,0.0035973016534072066,0.0011375666655456384,10
3.75,0.016527131,1.7172600558072562,0.8506085821568827,0.004380028998655623,0.001385086785333835,10
3.75,0.016527131,1.9469027786391924,0.821826623070168,0.005168541471110854,0.0016344363229747663,10
3.75,0.016527131,2.207254758331398,0.7906968655412999,0.0058337502844898,0.0018447938199643021,10
3.75,0.016527131,2.5024226282022712,0.7589316368292525,0.006199620651966158,0.00196049218892311,10
3.75,0.016527131,2.837062186184932,0.7288851115518871,0.0060985221476780515,0.0019285220347644387,10
3.75,0.016527131,3.2164518325438594,0.703133003710995,0.005659776577642785,0.0017897785033024023,10
3.75,0.016527131,3.646575828140975,0.6854514338153793,0.005247823724542013,0.0016595075728620824,10
3.75,0.016527131,4.1342186865161805,0.68088970788059,0.0047568794188771685,0.001504257351843001,10
3.75,0.016527131,4.687072188665535,0.6921674297086728,0.0039030254056578455,0.001234245004738143,10
3.75,0.016527131,5.313856708502876,0.7200337841682648,0.0029662344373370506,0.0009380056896013077,10
3.75,0.016527131,6.024458762718662,0.7610119746677562,0.0031970563919084902,0.001010998000643074,10
3.75,0.016527131,6.83008695466369,0.8041986053905074,0.003631461320607576,0.0011483689007922898,10
3.75,0.016527131,7.743448772021364,0.8307450067770784,0.0037445119738474704,0.0011841186563130858,10
3.75,0.016527131,8.778951026967068,0.8233892654205268,0.005249037151123176,0.0016598912920390693,10
3.75,0.016527131,9.95292710043558,0.7871636261065575,0.007064118342632165,0.002233870362369137,10
3.75,0.016527131,11.283894574908956,0.7578752788713968,0.007021187435727482,0.0022202944175855922,10
3.75,0.016527131,12.792847319467203,0.7653184099811291,0.00536328670875147,0.0016960201744162765,10
3.75,0.016527131,14.503586634273342,0.7889260341773723,0.004120008260768315,0.0013028610082736819,10
3.75,0.016527131,16.443096677763943,0.7827926267266843,0.004587921075988003,0.0014508280325212536,10
3.75,0.016527131,18.641970098304427,0.7641019941303184,0.004045405004339659,0.0012792693871556669,10
3.75,0.016527131,21.134890583963625,0.7722850257090211,0.005895690293238971,0.0018643809705581158,10
3.75,0.016527131,23.961179941852937,0.7689928214888326,0.004940687238172576,0.0015623824879152145,10
3.75,0.016527131,27.165418336326272,0.7639977374605463,0.005150469931097779,0.0016287216002479478,10
3.75,0.016527131,30.798147469299685,0.7644985017219119,0.0051248887579211306,0.0016206321230022064,10
3.75,0.016527131,34.91666779422786,0.7587586163992192,0.0064715306691775845,0.0020464776862234796,10
3.75,0.016527131,39.58594233850491,0.7550579710632588,0.005630451812224596,0.0017805051982452405,10
3.75,0.016527131,44.87962139063247,0.7519862136749347,0.006803619933391699,0.0021514935323640847,10
3.75,0.016527131,50.88120421494526,0.7457306891278599,0.006764732592018568,0.002139196275275325,10
3.75,0.016527131,57.685356118073884,0.7422644573491067,0.0061906048016530085,0.0019576411267198408,10
3.75,0.016527131,65.39940164174803,0.7365005929446152,0.004964578542858699,0.0015699375818233347,10
3.75,0.016527131,74.14501743465152,0.7293476733380567,0.004369922917171805,0.0013818909617630232,10
3.75,0.016527131,84.06015150565901,0.7227143500065109,0.003991324576567582,0.0012621676542960679,10
3.75,0.016527131,95.30119913158204,0.7161512366913951,0.004750106925130556,0.001502115701275147,10
3.75,0.016527131,108.04546974086797,0.710376492409843,0.004937955735338089,0.0015615187108759961,10
3.75,0.016527131,122.49398368436887,0.7033649507287482,0.006172995964289858,0.0019520727234183378,10
3.75,0.016527131,138.87464300773826,0.6926682795385075,0.008922622410337465,0.0028215809518327903,10
3.75,0.016527131,157.44582623928363,0.6851326874844372,0.009397741637248491,0.002971826843550511,10
3.75,0.016527131,178.50046389526534,0.6795306093079845,0.008470355717273174,0.0026785616658412466,10
3.75,0.016527131,202.37065898718035,0.6670108880739278,0.009017133377228183,0.0028514679437567332,10
3.75,0.016527131,229.43292541208916,0.6577326398605322,0.009900011661312767,0.0031306585711975803,10
3.75,0.016527131,260.1141268531607,0.6476467763283388,0.01314595280211992,0.004157115286777173,10
3.75,0.016527131,294.8982098670356,0.6370993615106093,0.012771378149537624,0.00403866438118454,10
3.75,0.016527131,334.3338373616119,0.6253381789366805,0.012927805809269116,0.004088131150564672,10
3.75,0.016527131,379.0430428700798,0.6130254952045502,0.015287350434577298,0.004834284676242915,10
3.75,0.016527131,429.73104212844976,0.5995991792668713,0.01600013979932559,0.0050596884646978285,10
3.75,0.016527131,487.1973567184048,0.5851068596744247,0.020470061451268468,0.0064732018029620185,10
3.75,0.016527131,552.3484252330346,0.5735890723211783,0.019131135419109335,0.006049796214950547,10
3.75,0.016527131,626.2119008863003,0.5565638547687214,0.01987579893800743,0.0062852794959659284,10
3.75,0.016527131,709.9528610879825,0.5415233523254975,0.02437087228060452,0.007706746497177248,10
3.75,0.016527131,804.8921846640648,0.5271547802014166,0.0267833574937559,0.008469641306680764,10
3.75,0.016527131,912.5273865936354,0.5076020766545455,0.023527241775502482,0.007439967107205173,10
3.75,0.016527131,1034.556238896709,0.4918368903572959,0.025428507025463083,0.008041199969805658,10
3.75,0.016527131,1172.903550254468,0.4745562333743617,0.027106874248864408,0.008571946287417743,10
3.75,0.016527131,1329.7515267672984,0.45252124651736014,0.027238268369373365,0.008613496756614037,10
3.75,0.016527131,1507.5741927427293,0.43027725744083234,0.028640354993470545,0.00905687547751438,10
3.75,0.016527131,1709.1764144457532,0.4090143422518128,0.02921096419694746,0.009237317951198531,10
3.75,0.016527131,1937.7381423483669,0.3873124589455969,0.034582306046566244,0.010935885384816229,10
3.75,0.016527131,2196.8645697286343,0.3628632764984939,0.0358512429577147,0.01133715846944501,10
3.75,0.016527131,2490.6429987903543,0.3407416691448284,0.0405664644907472,0.01282824244111037,10
3.75,0.016527131,2823.7073112748385,0.3146922331622024,0.03867529993994856,0.01223020370004108,10
3.75,0.016527131,3201.311060484955,0.2924785320097564,0.03717454235581481,0.011755622481877637,10
3.75,0.016527131,3629.41033763036,0.2704748379528582,0.039480121773401516,0.012484710710475482,10
3.75,0.016527131,4114.757719577124,0.24709927385139388,0.04029681861237949,0.0127429729273785,10
3.75,0.016527131,4665.008779876326,0.22108451883786556,0.0381238496387046,0.012055819803209388,10
3.75,0.016527131,5288.842843111497,0.19567370594462016,0.03832407799719001,0.012119137569706449,10
3.75,0.016527131,5996.099887270353,0.17313794775396749,0.038358712769229836,0.012130090046295105,10
3.75,0.016527131,6797.935753555457,0.15012663087515893,0.03604120312913905,0.011397229150086709,10
3.75,0.016527131,7706.998111818494,0.12969159576496067,0.03327517379275273,0.010522533872304228,10
3.75,0.016527131,8737.625957189644,0.11195769764485138,0.033886600149842565,0.01071588386329056,10
3.75,0.016527131,9906.075784640372,0.09445639905690355,0.03308394046280362,0.010462060583586459,10
3.75,0.016527131,11230.778009018944,0.07487023923099789,0.03327400787774435,0.010522165177605762,10
3.75,0.016527131,12732.627675172007,0.06156078365275354,0.026923842237405755,0.008514066483324605,10
3.75,0.016527131,14435.314043636587,0.0459582631471677,0.022795850644204505,0.007208680923670286,10
3.75,0.016527131,16365.694250585795,0.03389979394839403,0.017983731967042903,0.005686955384583571,10
3.75,0.016527131,18554.216935912424,0.0264136001661269,0.01433195834502629,0.004532163170094041,10
3.75,0.016527131,21035.402521501765,0.02109945908801881,0.011044881903940457,0.00349269833040289,10
3.75,0.016527131,23848.387715309585,0.014987162993073446,0.00887259217471781,0.002805760002189491,10
3.75,0.016527131,27037.542829920905,0.009908358830073107,0.006758483157894695,0.002137220030683463,10
3.75,0.016527131,30653.171652795572,0.004451390783721631,0.005296777033094093,0.0016749879682646399,10
3.75,0.016527131,34752.30490752768,0.0007665325700968084,0.0034667786666409423,0.0010962916730266972,10
3.75,0.016527131,39399.599821691874,0.0010206746071072536,0.0018090025741402723,0.0005720568427390875,10
3.75,0.016527131,44668.35999051133,-6.790220031591124e-05,0.00321980012449185,0.0010181902003887943,10
3.815,0.0068171315,0.00999999999476131,0.9999965962788153,0.0001,3.1622776601683795e-05,10
3.815,0.0068171315,0.01133087805636538,0.9999952376518054,0.0001,3.1622776601683795e-05,10
3.815,0.0068171315,0.012838879759548139,0.9999936982081076,0.0001,3.1622776601683795e-05,10
3.815,0.0068171315,0.014547578101198786,0.9999919538832251,0.0001,3.1622776601683795e-05,10
3.815,0.0068171315,0.016483683356648782,0.9999899774099704,0.0001,3.1622776601683795e-05,10
3.815,0.0068171315,0.01867746061317724,0.9999877378922267,0.0001,3.1622776601683795e-05,10
3.815,0.0068171315,0.02116320287213461,0.9999844092481476,0.0001,3.1622776601683795e-05,10
3.815,0.0068171315,0.023979767115190134,0.9999796184624156,0.0001,3.1622776601683795e-05,10
3.815,0.0068171315,0.027171181714460153,0.9999741900815206,0.0001,3.1622776601683795e-05,10
3.815,0.0068171315,0.030787334681517824,0.9999675046712634,0.0001,3.1622776601683795e-05,10
3.815,0.0068171315,0.03488475351395375,0.9999577532064571,0.0001,3.1622776601683795e-05,10
3.815,0.0068171315,0.03952748883000458,0.9999467039405918,0.0001,3.1622776601683795e-05,10
3.815,0.0068171315,0.044788115604175775,0.9999309372701164,0.0001,3.1622776601683795e-05,10
3.815,0.0068171315,0.050748867655116894,0.9999122022850756,0.0001,3.1622776601683795e-05,10
3.815,0.0068171315,0.05750292311999947,0.9998869764916147,0.0001,3.1622776601683795e-05,10
3.815,0.0068171315,0.06515586100985987,0.9998549108571279,0.0001,3.1622776601683795e-05,10
3.815,0.0068171315,0.07382731161469726,0.9998140875739493,0.0001,3.1622776601683795e-05,10
3.815,0.0068171315,0.08365282655736536,0.9997616743149693,0.0001,3.1622776601683795e-05,10
3.815,0.0068171315,0.09478599772883445,0.9996943748855006,0.0001,3.1622776601683795e-05,10
3.815,0.0068171315,0.10740085822789887,0.9996083582091234,0.0001,3.1622776601683795e-05,10
3.815,0.0068171315,0.12169460283668292,0.999495290895573,0.0001,3.1622776601683795e-05,10
3.815,0.0068171315,0.13789067055826376,0.9993564255920516,0.0001,3.1622776601683795e-05,10
3.815,0.0068171315,0.1562422374024643,0.9991737472199984,0.0001,3.1622776601683795e-05,10
3.815,0.0068171315,0.17703617401884503,0.9989422955163842,0.0001,3.1622776601683795e-05,10
3.815,0.0068171315,0.20059753004238828,0.9986472413926686,0.0001,3.1622776601683795e-05,10
3.815,0.0068171315,0.2272946152509119,0.998264035736274,0.0001,3.1622776601683795e-05,10
3.815,0.0068171315,0.25754475696257667,0.9977815027434327,0.0001,3.1622776601683795e-05,10
3.815,0.0068171315,0.29182082367279727,0.9971624714700689,0.0001,3.1622776601683795e-05,10
3.815,0.0068171315,0.3306586169076789,0.9963858981594524,0.0001,3.1622776601683795e-05,10
3.815,0.0068171315,0.37466524684301017,0.9953854859066364,0.0001,3.1622776601683795e-05,10
3.815,0.0068171315,0.42452862261601554,0.9941367810129785,0.00010819832905300145,3.4215315883185376e-05,10
3.815,0.0068171315,0.4810282056818787,0.9925653615072536,0.0001384998072338367,4.379748463531887e-05,10
3.815,0.0068171315,0.5450471943108947,0.9905915781464294,0.00017650035978926395,5.581431447732707e-05,10
3.815,0.0068171315,0.6175863296936179,0.9881281834473341,0.00022357488325525614,7.0700585869285e-05,10
3.815,0.0068171315,0.6997795394702577,0.9850666164718589,0.00028150455565067426,8.901955675697534e-05,10
3.815,0.0068171315,0.7929116632230832,0.9812833485733231,0.0003537140617029237,0.00011185420754105752,10
3.815,0.0068171315,0.8984385370157254,0.9765910730339916,0.00044334258263343705,0.00014019723448630716,10
3.815,0.0068171315,1.0180097509397539,0.970794617628246,0.0005596599933132267,0.00017698002941444012,10
3.815,0.0068171315,1.1534944354132035,0.9636099673446893,0.0007030904435290281,0.0002223367202649723,10
3.815,0.0068171315,1.307010479321007,0.9546900354962347,0.000870854318303461,0.0002753883156032197,10
3.815,0.0068171315,1.4809576367336277,0.9435641284049575,0.001050116981998443,0.00033207614727371167,10
3.815,0.0068171315,1.6780550397262608,0.929782474276178,0.0012364640731963804,0.0003910042716269713,10
3.815,0.0068171315,1.9013837036968393,0.913013798928235,0.001441175809993174,0.00045573980683164824,10
3.815,0.0068171315,2.154434689623565,0.8931095415919572,0.001697166533053118,0.0005366911813059294,10
3.815,0.0068171315,2.441163676131652,0.8701711279669843,0.002023669157884181,0.0006399403769548902,10
3.815,0.0068171315,2.766052794436688,0.8442115797650335,0.0024453534093894025,0.0007732886457728688,10
3.815,0.0068171315,3.134180692764979,0.8150484179608469,0.0029867693160782268,0.0009444993884310565,10
3.815,0.0068171315,3.5513019254938922,0.7832378735548056,0.0035729633177353777,0.0011298702080275679,10
3.815,0.0068171315,4.023936908018704,0.7511985695403924,0.004215912637138375,0.001333188634964424,10
3.815,0.0068171315,4.559473843515358,0.720880752622451,0.004818701439429164,0.0015238071912928057,10
3.815,0.0068171315,5.166284214912466,0.6953076027972358,0.005381560180535566,0.001701798753575933,10
3.815,0.0068171315,5.853853647436499,0.6784963283385195,0.006037357383247643,0.0019091800379496644,10
3.815,0.0068171315,6.632930187366056,0.6743598611220136,0.006283444620426837,0.0019869996552080967,10
3.815,0.0068171315,7.515692314880196,0.6869349733720137,0.00628078401311089,0.0019861582973003267,10
3.815,0.0068171315,8.515939317368224,0.7172780144442634,0.006733418597693057,0.002129293920804705,10
3.815,0.0068171315,9.649306999105654,0.7606487837294594,0.006735671373964172,0.002130006311212255,10
3.815,0.0068171315,10.933512099257646,0.8042858489979079,0.005525497052862068,0.0017473155891591936,10
3.815,0.0068171315,12.388629238938407,0.8294455528198522,0.0036209310443202805,0.0011450389350464182,10
3.815,0.0068171315,14.03740472654714,0.8211637222829207,0.003096210176878329,0.0009791076273528326,10
3.815,0.0068171315,15.90561212676771,0.784082438615876,0.002292682366326755,0.0007250098228897073,10
3.815,0.0068171315,18.022455151466545,0.755455879134252,0.003713794157781214,0.0011744048299615374,10
3.815,0.0068171315,20.421024170456096,0.7621111760365559,0.00560220885887662,0.0017715739922022924,10
3.815,0.0068171315,23.138813478274493,0.7839052369089096,0.0053773679669926215,0.001700473059252582,10
3.815,0.0068171315,26.218307402866163,0.7792029140848032,0.003918089993580814,0.0012390088457229875,10
3.815,0.0068171315,29.707644418180745,0.7649829541324854,0.0036960914144012567,0.0011688067309701242,10
3.815,0.0068171315,33.661369642061125,0.7699511419715883,0.004037616683643866,0.0012768065039010137,10
3.815,0.0068171315,38.14128748242447,0.7676335381348113,0.00472490334994687,0.0014941456309991725,10
3.815,0.0068171315,43.21742776025294,0.7632758273192254,0.003236679675518274,0.0010235279831012475,10
3.815,0.0068171315,48.969140411774035,0.7623110655010256,0.005574647448536947,0.0017628583089823041,10
3.815,0.0068171315,55.48633588215215,0.7589821603435779,0.003736082800654331,0.0011814531177048503,10
3.815,0.0068171315,62.870890600455745,0.7547883703233484,0.004730946078502382,0.0014960565095509283,10
3.815,0.0068171315,71.23823950620478,0.7539265665836307,0.005100206548329381,0.0016128269230026482,10
3.815,0.0068171315,80.719180521782,0.747023134439986,0.0034293067536172385,0.001084442013682834,10
3.815,0.0068171315,91.46191917811964,0.744665753432692,0.0045681245109229175,0.0014445678089759146,10
3.815,0.0068171315,103.63438535513285,0.7407847513158037,0.004432504956342277,0.00140168114020268,10
3.815,0.0068171315,117.42685835205519,0.7382905193326699,0.004794105907886162,0.0015160294012989655,10
3.815,0.0068171315,133.05494132262592,0.7319763857760382,0.0038704882144737986,0.0012239558414575491,10
3.815,0.0068171315,150.7629315713326,0.7276646580902305,0.0032213585377614115,0.0010186830139355587,10
3.815,0.0068171315,170.82763939498415,0.723841117295097,0.0029688625930950575,0.0009388367854254065,10
3.815,0.0068171315,193.56271516553397,0.716936477983112,0.0052544199503890875,0.0016615934826258454,10
3.815,0.0068171315,219.32355229486203,0.7089937559618928,0.004871409508249382,0.001540474946146885,10
3.815,0.0068171315,248.51284272438394,0.7022474941079161,0.006419048877304711,0.0020298814864229604,10
3.815,0.0068171315,281.58687178258504,0.695094544447444,0.007864411443811644,0.002486945261913811,10
3.815,0.0068171315,319.0626508113336,0.6872967506375844,0.008227941347472074,0.0026019035112286653,10
3.815,0.0068171315,361.52599905778334,0.6789481878126822,0.011346596624158765,0.003588108902351921,10
3.815,0.0068171315,409.6407011675382,0.6718793370407273,0.010772482937927564,0.0034065582139153365,10
3.815,0.0068171315,464.1588834284973,0.6620274519133245,0.012487096371146252,0.003948766589484543,10
3.815,0.0068171315,525.9327709662217,0.6506014954686429,0.013615235303119875,0.004305515443699183,10
3.815,0.0068171315,595.9280096786484,0.640814125938952,0.014323769907174155,0.004529573758684893,10
3.815,0.0068171315,675.2387611578663,0.6316347814457969,0.01762404644180373,0.005573212834468595,10
3.815,0.0068171315,765.104806561916,0.6204494099918318,0.018454649844865646,0.0058358726930648475,10
3.815,0.0068171315,866.9309268033678,0.6079624356533294,0.020547771520762186,0.00649777588463503,10
3.815,0.0068171315,982.3088620046776,0.5939354977876474,0.0241811263556185,0.00764674356720812,10
3.815,0.0068171315,1113.0421934892938,0.5812964093088734,0.025162617066225326,0.007957118181989594,10
3.815,0.0068171315,1261.1745372623534,0.5696562133922105,0.027180130942892566,0.008595112088116046,10
3.815,0.0068171315,1429.0214896998968,0.5578506518613235,0.027454651792835065,0.008681923203218407,10
3.815,0.0068171315,1619.2068248197654,0.5398070665956685,0.027407477220765995,0.008667005293680204,10
3.815,0.0068171315,1834.7035089678793,0.5262378922883546,0.03010996416814549,0.009521606703739686,10
3.815,0.0068171315,2078.880174059132,0.5105049590355029,0.033340297312278604,0.010543127737399047,10
3.815,0.0068171315,2355.5537758399687,0.49533453870116756,0.03558331880287331,0.01125243341249757,10
3.815,0.0068171315,2669.049260323605,0.4813152978755819,0.037850501279440806,0.01196937946221503,10
3.815,0.0068171315,3024.2671711002126,0.4662870421145997,0.0397005212759822,0.012554407152807794,10
3.815,0.0068171315,3426.760254355735,0.44721420587021743,0.03881254384684996,0.012273604034119933,10
3.815,0.0068171315,3882.8202590845353,0.42555821783937936,0.04042344205269226,0.012783014775033973,10
3.815,0.0068171315,4399.576289351993,0.400514233434966,0.038341232964041294,0.012124562446549924,10
3.815,0.0068171315,4985.106246043937,0.3814693368624037,0.039463610736501994,0.012479489462162124,10
3.815,0.0068171315,5648.563100154032,0.35801747757115987,0.0387621127836282,0.012257656331659459,10
3.815,0.0068171315,6400.317971505983,0.33923609745632366,0.04303201896060355,0.013607919223105874,10
3.815,0.0068171315,7252.122249508962,0.31840057123799814,0.04347786255486794,0.013748907346913019,10
3.815,0.0068171315,8217.291290208812,0.29632692637442526,0.04745652757111025,0.015007071696728668,10
3.815,0.0068171315,9310.91256117664,0.2713600351422489,0.04877284663602655,0.015423328333992525,10
3.815,0.0068171315,10550.08148794417,0.24578032371009328,0.0490415471693779,0.015508298903381753,10
3.815,0.0068171315,11954.168688723743,0.22165414256069202,0.049044347660565375,0.015509184496453719,10
3.815,0.0068171315,13545.122774810872,0.20306234486406088,0.04832833396245427,0.01528276108426259,10
3.815,0.0068171315,15347.813450028194,0.18338728657144648,0.04770594512927606,0.015085944453952818,10
3.815,0.0068171315,17390.4202725217,0.15492744030477662,0.044565640111996194,0.01409289281372694,10
3.815,0.0068171315,19704.873156011556,0.13040796739572963,0.041593977891440315,0.013153170708363917,10
3.815,0.0068171315,22327.351496388073,0.11037479215053239,0.0397122507993725,0.012558116353785953,10
3.815,0.0068171315,25298.849725971326,0.09047908557686099,0.03538032395654812,0.011188240805731223,10
3.815,0.0068171315,28665.818136146525,0.07285695525200148,0.02663915150368808,0.00842403936859537,10
3.815,0.0068171315,32480.88898567808,0.057904206910177905,0.02236455754205598,0.0070722940694793865,10
3.815,0.0068171315,36803.699245186304,0.04624632162766471,0.01719867827940408,0.005438699610738266,10
3.815,0.0068171315,41701.82283888156,0.034651956371419344,0.01390787904059744,0.004398057519040531,10
3.815,0.0068171315,47251.826956305755,0.024748790451980536,0.012059388682661869,0.0038135135426469007,10
3.815,0.0068171315,53540.468946285895,0.015571999045632137,0.010175545577664208,0.003217790046027267,10
3.815,0.0068171315,60666.05250287938,0.00851370109371311,0.008119597141228195,0.0025676420649272955,10
3.815,0.0068171315,68739.96434312935,0.004984529543923994,0.004709804199340803,0.0014893708603342642,10
3.815,0.0068171315,77888.41539789367,0.0010720856040706554,0.00376032776976703,0.0011891200501245062,10
3.815,0.0068171315,88254.41373394025,0.0016421150874805935,0.0026333263763776323,0.0008327309171951135,10
3.815,0.0068171315,100000.00004791653,-0.0011989099913757247,0.004200259969887635,0.0013282388269675177,10
3.85,0.0025044372,0.00999999999476131,0.9999987457799453,0.0001,3.1622776601683795e-05,10
3.85,0.0025044372,0.01133087805636538,0.9999982409463957,0.0001,3.1622776601683795e-05,10
3.85,0.0025044372,0.012838879759548139,0.9999976689256564,0.0001,3.1622776601683795e-05,10
3.85,0.0025044372,0.014547578101198786,0.999997020775932,0.0001,3.1622776601683795e-05,10
3.85,0.0025044372,0.016483683356648782,0.9999962863653822,0.0001,3.1622776601683795e-05,10
3.85,0.0025044372,0.01867746061317724,0.9999954542137439,0.0001,3.1622776601683795e-05,10
3.85,0.0025044372,0.02116320287213461,0.9999942197060184,0.0001,3.1622776601683795e-05,10
3.85,0.0025044372,0.023979767115190134,0.9999924452235204,0.0001,3.1622776601683795e-05,10
3.85,0.0025044372,0.027171181714460153,0.9999904345790398,0.0001,3.1622776601683795e-05,10
3.85,0.0025044372,0.030787334681517824,0.9999879612256315,0.0001,3.1622776601683795e-05,10
3.85,0.0025044372,0.03488475351395375,0.9999843643642506,0.0001,3.1622776601683795e-05,10
3.85,0.0025044372,0.03952748883000458,0.9999802888044794,0.0001,3.1622776601683795e-05,10
3.85,0.0025044372,0.044788115604175775,0.9999744725051288,0.0001,3.1622776601683795e-05,10
3.85,0.0025044372,0.050748867655116894,0.9999675609615262,0.0001,3.1622776601683795e-05,10
3.85,0.0025044372,0.05750292311999947,0.9999582535585043,0.0001,3.1622776601683795e-05,10
3.85,0.0025044372,0.06515586100985987,0.9999464209196434,0.0001,3.1622776601683795e-05,10
3.85,0.0025044372,0.07382731161469726,0.9999313430803479,0.0001,3.1622776601683795e-05,10
3.85,0.0025044372,0.08365282655736536,0.9999119789491242,0.0001,3.1622776601683795e-05,10
3.85,0.0025044372,0.09478599772883445,0.9998871296844823,0.0001,3.1622776601683795e-05,10
3.85,0.0025044372,0.10740085822789887,0.9998553614655636,0.0001,3.1622776601683795e-05,10
3.85,0.0025044372,0.12169460283668292,0.999813594497924,0.0001,3.1622776601683795e-05,10
3.85,0.0025044372,0.13789067055826376,0.9997622831397462,0.0001,3.1622776601683795e-05,10
3.85,0.0025044372,0.1562422374024643,0.9996947591866746,0.0001,3.1622776601683795e-05,10
3.85,0.0025044372,0.17703617401884503,0.9996091504398473,0.0001,3.1622776601683795e-05,10
3.85,0.0025044372,0.20059753004238828,0.9994999619529785,0.0001,3.1622776601683795e-05,10
3.85,0.0025044372,0.2272946152509119,0.9993580399182271,0.0001,3.1622776601683795e-05,10
3.85,0.0025044372,0.25754475696257667,0.9991793022873938,0.0001,3.1622776601683795e-05,10
3.85,0.0025044372,0.29182082367279727,0.9989498725759034,0.0001,3.1622776601683795e-05,10
3.85,0.0025044372,0.3306586169076789,0.998661920613559,0.0001,3.1622776601683795e-05,10
3.85,0.0025044372,0.37466524684301017,0.9982907092311765,0.0001,3.1622776601683795e-05,10
3.85,0.0025044372,0.42452862261601554,0.9978269476696677,0.0001,3.1622776601683795e-05,10
3.85,0.0025044372,0.4810282056818787,0.9972427007114758,0.0001,3.1622776601683795e-05,10
3.85,0.0025044372,0.5450471943108947,0.9965076083251903,0.00011698699270925641,3.699453535747626e-05,10
3.85,0.0025044372,0.6175863296936179,0.9955882035067155,0.00014954124769180286,4.7289094684949437e-05,10
3.85,0.0025044372,0.6997795394702577,0.9944417178403036,0.00019141582907674057,6.0531000009198555e-05,10
3.85,0.0025044372,0.7929116632230832,0.9930176452387529,0.0002452451584534739,7.75533285841875e-05,10
3.85,0.0025044372,0.8984385370157254,0.9912353090913462,0.0003137625398195845,9.922042702691637e-05,10
3.85,0.0025044372,1.0180097509397539,0.9890062391617397,0.0003995860579352947,0.000126360206432353,10
3.85,0.0025044372,1.1534944354132035,0.9861975081467055,0.0005044687023591993,0.00015952701077246275,10
3.85,0.0025044372,1.307010479321007,0.9826411819512622,0.0006304694928478263,0.00019937195926503687,10
3.85,0.0025044372,1.4809576367336277,0.9780920045849129,0.0007799645469606752,0.0002466464462577094,10
3.85,0.0025044372,1.6780550397262608,0.9722817445919961,0.0009601152907824437,0.0003036151135227389,10
3.85,0.0025044372,1.9013837036968393,0.9649622397796718,0.0011740271331127756,0.0003712599775474058,10
3.85,0.0025044372,2.154434689623565,0.9559000050602497,0.001411218906802481,0.0004462666022588728,10
3.85,0.0025044372,2.441163676131652,0.944863371138369,0.0016470981433577545,0.0005208581662845042,10
3.85,0.0025044372,2.766052794436688,0.9315237750691405,0.0018785104136069468,0.0005940371515342909,10
3.85,0.0025044372,3.134180692764979,0.9154623167386436,0.0021074398614773634,0.0006664309994098209,10
3.85,0.0025044372,3.5513019254938922,0.8963410400573878,0.0023472307392107734,0.0007422595329866739,10
3.85,0.0025044372,4.023936908018704,0.8740591904936126,0.002625021806704911,0.0008301047816797778,10
3.85,0.0025044372,4.559473843515358,0.8485273622486366,0.002976248394564546,0.0009411723809243467,10
3.85,0.0025044372,5.166284214912466,0.8201533263632752,0.003146741840674288,0.0009950871425081426,10
3.85,0.0025044372,5.853853647436499,0.7897027346825245,0.003180764520944452,0.0010058460586838817,10
3.85,0.0025044372,6.632930187366056,0.758399696250431,0.0034688668611308027,0.0010969520181052345,10
3.85,0.0025044372,7.515692314880196,0.7284204131971089,0.004126539548946145,0.0013049263829433694,10
3.85,0.0025044372,8.515939317368224,0.7023370949380079,0.005057658130073888,0.0015993719317501634,10
3.85,0.0025044372,9.649306999105654,0.683635584684218,0.00605270703493631,0.0019140340240123082,10
3.85,0.0025044372,10.933512099257646,0.675822830049845,0.006511367251545282,0.0020590751196713623,10
3.85,0.0025044372,12.388629238938407,0.6820580651282301,0.0073341540728827995,0.0023192631580910205,10
3.85,0.0025044372,14.03740472654714,0.7030943955271132,0.007881631842644633,0.002492390830166686,10
3.85,0.0025044372,15.90561212676771,0.7371995848706039,0.007490957918761968,0.0023688488879762388,10
3.85,0.0025044372,18.022455151466545,0.7739800961279493,0.006233827899881046,0.0019713094705128198,10
3.85,0.0025044372,20.421024170456096,0.8000270729559247,0.0058779216381101805,0.0018587620284416149,10
3.85,0.0025044372,23.138813478274493,0.8031934756428127,0.0059325863045996035,0.0018760485138056204,10
3.85,0.0025044372,26.218307402866163,0.7851993325517759,0.006399939613079554,0.002023838606486813,10
3.85,0.0025044372,29.707644418180745,0.7645438992211013,0.005261043914058049,0.0016636881638590578,10
3.85,0.0025044372,33.661369642061125,0.7571790432093483,0.004379855890214288,0.0013850320436381532,10
3.85,0.0025044372,38.14128748242447,0.7636191779645785,0.004182330886688063,0.001322569153040587,10
3.85,0.0025044372,43.21742776025294,0.7664347581382074,0.0030766191429367046,0.0009729123984555127,10
3.85,0.0025044372,48.969140411774035,0.7595992198333812,0.002919507326625401,0.0009232292797685414,10
3.85,0.0025044372,55.48633588215215,0.756571821404026,0.004316136178288807,0.0013648821014847219,10
3.85,0.0025044372,62.870890600455745,0.7569936080352111,0.00579570322570372,0.0018327622835608687,10
3.85,0.0025044372,71.23823950620478,0.7504756529973864,0.0057758632372174375,0.0018264883283240518,10
3.85,0.0025044372,80.719180521782,0.748240931445087,0.006142895289803759,0.0019425540543699987,10
3.85,0.0025044372,91.46191917811964,0.7455603797210391,0.005714680157739629,0.001807140539782754,10
3.85,0.0025044372,103.63438535513285,0.7419423071649757,0.00599878571636227,0.0018969826058989575,10
3.85,0.0025044372,117.42685835205519,0.7358532354518755,0.005909940691887069,0.0018688873422874532,10
3.85,0.0025044372,133.05494132262592,0.7315203198717348,0.004322996530576737,0.0013670515353628224,10
3.85,0.0025044372,150.7629315713326,0.7286493315101767,0.006618036595107681,0.0020928069278885824,10
3.85,0.0025044372,170.82763939498415,0.723507634296263,0.00720195795885246,0.0022774590762750994,10
3.85,0.0025044372,193.56271516553397,0.7177732089056241,0.008366858876918936,0.0026458330912262247,10
3.85,0.0025044372,219.32355229486203,0.7104061749792618,0.00806782132005971,0.0025512691126654986,10
3.85,0.0025044372,248.51284272438394,0.7047159108045059,0.005819981957522018,0.0018404398926854912,10
3.85,0.0025044372,281.58687178258504,0.7009037728850979,0.008344926537707579,0.0026388974765938935,10
3.85,0.0025044372,319.0626508113336,0.6943902265525199,0.005646140065686582,0.0017854662595902303,10
3.85,0.0025044372,361.52599905778334,0.6863545999038451,0.008205279323830889,0.0025947371501191924,10
3.85,0.0025044372,409.6407011675382,0.67660830992561,0.008391795068783943,0.0026537186074726627,10
3.85,0.0025044372,464.1588834284973,0.667767107157486,0.006917734206133601,0.0021875796339038923,10
3.85,0.0025044372,525.9327709662217,0.6566851375760491,0.007178213696577824,0.002269950481260273,10
3.85,0.0025044372,595.9280096786484,0.6461021023384633,0.007227068879386865,0.0022853998465783205,10
3.85,0.0025044372,675.2387611578663,0.6361336543695739,0.006422631632825854,0.002031014453197596,10
3.85,0.0025044372,765.104806561916,0.6235685739942104,0.008469409327106173,0.0026782623909929553,10
3.85,0.0025044372,866.9309268033678,0.6137128042515196,0.008592053079881689,0.002717045750949078,10
3.85,0.0025044372,982.3088620046776,0.5992423401163179,0.00817688592064728,0.0025857583676608246,10
3.85,0.0025044372,1113.0421934892938,0.5874254034970765,0.012677471853874606,0.004008968603092107,10
3.85,0.0025044372,1261.1745372623534,0.575081825049733,0.014382414439642747,0.004548118788176537,10
3.85,0.0025044372,1429.0214896998968,0.5595533275046971,0.014407301922226933,0.004555988901195918,10
3.85,0.0025044372,1619.2068248197654,0.5452571214252082,0.01133548843141806,0.0035845961833770434,10
3.85,0.0025044372,1834.7035089678793,0.5303239251211466,0.013288848514140887,0.004202302878562949,10
3.85,0.0025044372,2078.880174059132,0.5139585258839905,0.012561063934452077,0.003972157186786453,10
3.85,0.0025044372,2355.5537758399687,0.4950430128473566,0.013491825691441736,0.0042664898978932,10
3.85,0.0025044372,2669.049260323605,0.4752213601678125,0.012631106368663832,0.003994306549283617,10
3.85,0.0025044372,3024.2671711002126,0.4562981459399412,0.016098037238663192,0.005090646353238327,10
3.85,0.0025044372,3426.760254355735,0.4352414137705735,0.01997841214488649,0.0063177286411411175,10
3.85,0.0025044372,3882.8202590845353,0.41288701431322006,0.022573834855174658,0.007138473366684912,10
3.85,0.0025044372,4399.576289351993,0.39156036984457815,0.023249594095534783,0.0073521672016292295,10
3.85,0.0025044372,4985.106246043937,0.36778775156780275,0.02226313919420206,0.007040222771904422,10
3.85,0.0025044372,5648.563100154032,0.34577319408772633,0.02215086053445858,0.007004717142162377,10
3.85,0.0025044372,6400.317971505983,0.3208136438759334,0.024099177744896356,0.007620829141111273,10
3.85,0.0025044372,7252.122249508962,0.2952263935800873,0.021070127998737705,0.006662959506729653,10
3.85,0.0025044372,8217.291290208812,0.27433892715554026,0.02238296541213494,0.007078115149111584,10
3.85,0.0025044372,9310.91256117664,0.24958947955919278,0.019080450474136614,0.0060337682280311375,10
3.85,0.0025044372,10550.08148794417,0.2242777921180778,0.02237913747921076,0.0070769046504345085,10
3.85,0.0025044372,11954.168688723743,0.19995208097732892,0.025060230471732878,0.007924740697943177,10
3.85,0.0025044372,13545.122774810872,0.17726676506896627,0.02389061901640969,0.007554877080318622,10
3.85,0.0025044372,15347.813450028194,0.15226189353396244,0.02442951430568592,0.007725290733763442,10
3.85,0.0025044372,17390.4202725217,0.13083097482580397,0.023961896024785618,0.007577416849445705,10
3.85,0.0025044372,19704.873156011556,0.11023636331975566,0.027554698894824634,0.008713560874777027,10
3.85,0.0025044372,22327.351496388073,0.08863995173984876,0.023490647889787455,0.007428395104475635,10
3.85,0.0025044372,25298.849725971326,0.06829142653984735,0.017787478761282116,0.005624894671752195,10
3.85,0.0025044372,28665.818136146525,0.05348704940524135,0.01633687724960444,0.005166174196333716,10
3.85,0.0025044372,32480.88898567808,0.0397625088419532,0.013776442420938997,0.0043564936104331375,10
3.85,0.0025044372,36803.699245186304,0.02907003410087274,0.011215088567437945,0.0035465224033618807,10
3.85,0.0025044372,41701.82283888156,0.021069313247545764,0.010329994910054534,0.0032666312133718517,10
3.85,0.0025044372,47251.826956305755,0.013443332256130675,0.007042964486281009,0.0022271809256325698,10
3.85,0.0025044372,53540.468946285895,0.006936456692087601,0.0037168000663089164,0.0011753553817001037,10
3.85,0.0025044372,60666.05250287938,0.004977275550236996,0.003158325900474002,0.0009987503438600115,10
3.85,0.0025044372,68739.96434312935,0.003986744808844625,0.003756834670306281,0.001188015435085559,10
3.85,0.0025044372,77888.41539789367,0.0014702178509438256,0.003974905257734516,0.0012569754097819692,10
3.85,0.0025044372,88254.41373394025,-0.00048308236696020004,0.002234692399959163,0.0007066717853738922,10
3.85,0.0025044372,100000.00004791653,0.0005059259740428104,0.0016489943722734453,0.0005214578065183696,10
