p0,T,q,t,Fs_mean,Fs_std,Fs_sem,n_idx
3.75,0.1507937,6.7,0.010000000000218279,0.9996225839412471,0.0001,3.1622776601683795e-05,10
3.75,0.1507937,6.7,0.011351307054675233,0.9994698125257404,0.0001,3.1622776601683795e-05,10
3.75,0.1507937,6.7,0.012885217184670714,0.9992963970010844,0.0001,3.1622776601683795e-05,10
3.75,0.1507937,6.7,0.014626405672618265,0.9990995477142469,0.0001,3.1622776601683795e-05,10
3.75,0.1507937,6.7,0.016602882189250948,0.9988760980444136,0.0001,3.1622776601683795e-05,10
3.75,0.1507937,6.7,0.018846441371867226,0.9986224534630646,0.0001,3.1622776601683795e-05,10
3.75,0.1507937,6.7,0.021393174289532996,0.9982301770382355,0.0001,3.1622776601683795e-05,10
3.75,0.1507937,6.7,0.024284049022937213,0.997686807538769,0.0001,3.1622776601683795e-05,10
3.75,0.1507937,6.7,0.027565569698412937,0.9970700121355234,0.0001,3.1622776601683795e-05,10
3.75,0.1507937,6.7,0.03129052457769065,0.9962739681011975,0.0001,3.1622776601683795e-05,10
3.75,0.1507937,6.7,0.035518835237547564,0.9951650023234808,0.0001,3.1622776601683795e-05,10
3.75,0.1507937,6.7,0.040318520499702026,0.9938827965364,0.0001,3.1622776601683795e-05,10
3.75,0.1507937,6.7,0.045766790617234585,0.992053876759261,0.0001,3.1622776601683795e-05,10
3.75,0.1507937,6.7,0.051951289319191934,0.9898366292033287,0.00010257603451407503,3.243739024125201e-05,10
3.75,0.1507937,6.7,0.05897150369355452,0.9869720822621261,0.00013033171284308002,4.121450639351522e-05,10
3.75,0.1507937,6.7,0.06694036458868406,0.983227380371033,0.00016534734181722455,5.22874205196834e-05,10
3.75,0.1507937,6.7,0.0759860632781475,0.9784782191236603,0.00020971595312010342,6.631800735326222e-05,10
3.75,0.1507937,6.7,0.08625411361274073,0.9724218446017181,0.0002661627955253179,8.41680662257677e-05,10
3.75,0.1507937,6.7,0.09790969283256912,0.9647167496097581,0.00033535411334516914,0.00010604828208770028,10
3.75,0.1507937,6.7,0.11114029869471674,0.9548772647200542,0.00042296393384657976,0.00013375293990599754,10
3.75,0.1507937,6.7,0.12615876566045128,0.9423092458339358,0.0005328764013374086,0.00016851031395802066,10
3.75,0.1507937,6.7,0.14320668866193417,0.9266568514415237,0.0006641914394262769,0.00021003577509727945,10
3.75,0.1507937,6.7,0.16255830952494102,0.9070273495477261,0.000825677291112153,0.00026110208521923047,10
3.75,0.1507937,6.7,0.1845249285666265,0.8825395152560963,0.0010226962385728503,0.00032340494683771555,10
3.75,0.1507937,6.7,0.209459912335607,0.8524175392744112,0.0012593448402255592,0.00039823980546936026,10
3.75,0.1507937,6.7,0.23776437805149325,0.8157265114535122,0.0015356865959320145,0.0004856267415335834,10
3.75,0.1507937,6.7,0.2698936461867474,0.7720445928124307,0.001851499190044872,0.0005854954526498747,10
3.75,0.1507937,6.7,0.3063645649904774,0.7206884816341317,0.0022011465147294264,0.0006960636450286353,10
3.75,0.1507937,6.7,0.3477638247803005,0.66184989005358,0.00258031069829902,0.0008159658877524461,10
3.75,0.1507937,6.7,0.3947573957503299,0.596354195905118,0.0029626036149692793,0.0009368575227551435,10
3.75,0.1507937,6.7,0.4481012411168134,0.5257242560029141,0.0033341890302739023,0.0010543631485213632,10
3.75,0.1507937,6.7,0.5086534779386983,0.45333810340324493,0.0036061218744302594,0.001140355864335533,10
3.75,0.1507937,6.7,0.5773881812384607,0.3821609394832441,0.0037527171468057347,0.0011867133598274595,10
3.75,0.1507937,6.7,0.6554110534835178,0.3154718764695187,0.003749241767893588,0.0011856143485180094,10
3.75,0.1507937,6.7,0.7439772114957187,0.2560313731987936,0.003580118516383273,0.0011321328805113985,10
3.75,0.1507937,6.7,0.8445113769184625,0.20685226771844775,0.003137020825865615,0.0009920130877117794,10
3.75,0.1507937,6.7,0.9586307950358789,0.1676804729965716,0.0026648524345120814,0.0008427003321302873,10
3.75,0.1507937,6.7,1.088171250628218,0.138821613267642,0.0031336482457946955,0.0009909465842502395,10
3.75,0.1507937,6.7,1.2352165993681232,0.11974742726909782,0.0042496490243982546,0.0013438570173410947,10
3.75,0.1507937,6.7,1.402132289815328,0.1094753633513174,0.004876177061566018,0.0015419825788815708,10
3.75,0.1507937,6.7,1.5916034152621248,0.10889346010876937,0.005722780622226119,0.0018097021315710152,10
3.75,0.1507937,6.7,1.80667790755158,0.11805060981809261,0.006322609479569553,0.001999384671121162,10
3.75,0.1507937,6.7,2.0508155677068496,0.13611597440186718,0.005725488719313148,0.0018105585070630032,10
3.75,0.1507937,6.7,2.3279437221040404,0.16231350598399236,0.00476579884030389,0.001507077920554936,10
3.75,0.1507937,6.7,2.642520399502972,0.18859151809303,0.004852616945689285,0.001534532216070774,10
3.75,0.1507937,6.7,2.9996060452346534,0.1972116399923475,0.004853120629937116,0.0015346914950152433,10
3.75,0.1507937,6.7,3.404944926177538,0.19172844582594703,0.0051993115232108434,0.0016441666678105678,10
3.75,0.1507937,6.7,3.865057536045609,0.1900084212736632,0.005910253854977694,0.0018689863731520006,10
3.75,0.1507937,6.7,4.3873454874682505,0.18332290537526535,0.006431095923492276,0.0020336910969259558,10
3.75,0.1507937,6.7,4.980210578210885,0.17108732057080778,0.005672715789680224,0.00179387024141902,10
3.75,0.1507937,6.7,5.653189946897943,0.1617893003864762,0.007085359304597924,0.002240587344319618,10
3.75,0.1507937,6.7,6.417109492424104,0.15484622690081815,0.005786071962663743,0.0018297166107658163,10
3.75,0.1507937,6.7,7.284258025038717,0.14898010343234228,0.006413281817289254,0.0020280577819177872,10
3.75,0.1507937,6.7,8.268584950589176,0.14255463530788617,0.004840009531983727,0.0015305454017994153,10
3.75,0.1507937,6.7,9.385924667975567,0.13727196300477756,0.005303264452264219,0.0016770394703360236,10
3.75,0.1507937,6.7,10.65425128959158,0.1302367428660775,0.005524014133066271,0.0017468466487449866,10
3.75,0.1507937,6.7,12.093967782318368,0.12188809585232245,0.00506856296541241,0.0016028203434680457,10
3.75,0.1507937,6.7,13.728234180344895,0.11302697836769374,0.00358771231521246,0.0011345342505507338,10
3.75,0.1507937,6.7,15.583340149618108,0.10275511250219345,0.0030452171367076363,0.0009629822121772476,10
3.75,0.1507937,6.7,17.689127897190275,0.09575427744410783,0.008572721977462956,0.0027109327196165596,10
3.75,0.1507937,6.7,20.07947222860456,0.08626595908682197,0.005983385363638826,0.0018921125867613511,10
3.75,0.1507937,6.7,22.792825475773903,0.07378377792395015,0.005931532279057523,0.001875715201663124,10
3.75,0.1507937,6.7,25.872836061348632,0.06636191656969367,0.004563796246706474,0.0014431990916520178,10
3.75,0.1507937,6.7,29.369050650123167,0.056773439928497725,0.0026637224509637792,0.000842342999957172,10
3.75,0.1507937,6.7,33.33771118265806,0.048670726971872066,0.0034373638763862194,0.0010869898996165924,10
3.75,0.1507937,6.7,37.842659612617176,0.04173638566207276,0.0029919762694556764,0.0009461459716653613,10
3.75,0.1507937,6.7,42.95636490189982,0.033685369142398815,0.0023791562789106653,0.0007523552750848526,10
3.75,0.1507937,6.7,48.76108879434957,0.0254110307238068,0.0031481228884613355,0.000995523868164603,10
3.75,0.1507937,6.7,55.350209121286355,0.01923394452353512,0.003886864761802304,0.0012291345604343114,10
3.75,0.1507937,6.7,62.82972192624931,0.014114565479710614,0.00406089069748304,0.0012841663933036206,10
3.75,0.1507937,6.7,71.31994657291497,0.010183760100027126,0.0034949861986779966,0.0011052116778676234,10
3.75,0.1507937,6.7,80.95746126545187,0.0070423387261982166,0.002384075129067677,0.000753910752081376,10
3.75,0.1507937,6.7,91.89730011710618,0.005784524454644635,0.002580492252305892,0.0008160233001704507,10
3.75,0.1507937,6.7,104.31544711021446,0.002504862124773593,0.0034246729390662468,0.0010829766728592378,10
3.75,0.1507937,6.7,118.41166706679324,0.0020041495894370723,0.0020603991476439106,0.0006515554195624309,10
3.75,0.1507937,6.7,134.41271917018034,0.0014302972833976466,0.00243416617076999,0.0007697509302963547,10
3.75,0.1507937,6.7,152.57600473212457,0.00028807468587757043,0.0028879044842371054,0.0009132355835203083,10
3.75,0.1507937,6.7,173.19370788521238,0.001478883747220614,0.0021073834834774135,0.0006664131711208443,10
3.75,0.1507937,6.7,196.59749580998604,0.0013378049178539564,0.0022607886790089447,0.0007149241533991567,10
3.75,0.1507937,6.7,223.1638541070668,-0.000789624831449116,0.002589701722334122,0.0008189355903036768,10
3.75,0.1507937,6.7,253.32014314187637,-0.0006752499627259011,0.0032275244816216096,0.0010206328565878545,10
3.75,0.1507937,6.7,287.5514727874956,-0.001055211270345831,0.001763142718295875,0.0005575546829755595,10
3.75,0.1507937,6.7,326.40850615637055,-0.0003092577769961101,0.0021323599415284398,0.0006743114206533336,10
3.75,0.1507937,6.7,370.5163178557939,0.0008637135139176282,0.001934833392342953,0.0006118480412753921,10
3.75,0.1507937,6.7,420.58444926569615,6.451739100440422e-05,0.0009752090513880135,0.0003083881797198312,10
3.75,0.1507937,6.7,477.4183225932176,-9.21349552155165e-05,0.0014886805575737223,0.00047076212703423887,10
3.75,0.1507937,6.7,541.9321973165318,-0.00013899880545765894,0.0012729868779437822,0.00040255379658091136,10
3.75,0.1507937,6.7,615.1638774420524,-0.00029814951583406426,0.002347730691265001,0.0007424176317078979,10
3.75,0.1507937,6.7,698.2914061636919,-0.000574784958490908,0.0010806562198166717,0.00034173350222482704,10
3.75,0.1507937,6.7,792.652016483199,0.00027178705297076466,0.0020954217345462173,0.0006626305339786779,10
3.75,0.1507937,6.7,899.7636426411872,0.00035479531844577716,0.0011404764301446478,0.0003606503136995003,10
3.75,0.1507937,6.7,1021.3493384030259,-0.0006930908365372316,0.0023069985933276216,0.0007295370113719813,10
3.75,0.1507937,6.7,1159.3649950049091,-0.00069101126101768,0.0018026274321577972,0.0005700408458319293,10
3.75,0.1507937,6.7,1316.0308046455484,0.0005923553063849515,0.0008078812044449266,0.00025547446848861146,10
3.75,0.1507937,6.7,1493.8669756616864,0.00016498928145520234,0.0007067198944965496,0.00022348445343629925,10
3.75,0.1507937,6.7,1695.7342739204687,0.00024602429713688635,0.0009785576032187505,0.00030944708478465675,10
3.75,0.1507937,6.7,1924.8800425987847,0.0003258341937216756,0.0010674980981041356,0.00033757253879069404,10
3.75,0.1507937,6.7,2184.990440647822,0.0002748937952732155,0.0013879708466277504,0.0004389149201255927,10
3.75,0.1507937,6.7,2480.2497402782196,0.00029335210442619125,0.0011860499332679384,0.00037506192078173986,10
3.75,0.1507937,6.7,2815.4076373562034,-0.0007214883557182816,0.0012430359317082249,0.00039308247576275065,10
3.75,0.1507937,6.7,3195.8556575010366,0.0003532514036022781,0.0015127957566346201,0.0004783880225603179,10
3.75,0.1507937,6.7,3627.7138869923433,-0.000497347399366273,0.0012332686122464446,0.00038999377814937907,10
3.75,0.1507937,6.7,4117.929423686066,-0.00024260800507248432,0.0004141784594783412,0.00013097472897313127,10
3.75,0.1507937,6.7,4674.388131672206,0.0005914604582171669,0.0006871253734426157,0.00021728812181724384,10
3.75,0.1507937,6.7,5306.041497418272,7.107463151253472e-06,0.0005509095081287044,0.0001742128830329752,10
3.75,0.1507937,6.7,6023.050628072877,-7.156180863553615e-05,0.0007287394382630466,0.00023044764457028858,10
3.75,0.1507937,6.7,6836.949708361742,-0.0001276381289646066,0.0006236721118468966,0.00019722243865634756,10
3.75,0.1507937,6.7,7760.831545529242,-4.7260121555323714e-05,0.0009440423712576218,0.0002985324100880361,10
3.75,0.1507937,6.7,8809.558187098928,0.00040299268406786086,0.0011688262914068127,0.00036961532699332196,10
3.75,0.1507937,6.7,9999.99999956053,-0.0006190092616095207,0.000755318104544444,0.00023885255683216196,10
3.75,0.09518981,6.7,0.010000000000218279,0.9997611958841169,0.0001,3.1622776601683795e-05,10
3.75,0.09518981,6.7,0.011351307054675233,0.999664615322736,0.0001,3.1622776601683795e-05,10
3.75,0.09518981,6.7,0.012885217184670714,0.9995549837619635,0.0001,3.1622776601683795e-05,10
3.75,0.09518981,6.7,0.014626405672618265,0.9994305376110448,0.0001,3.1622776601683795e-05,10
3.75,0.09518981,6.7,0.016602882189250948,0.999289274963963,0.0001,3.1622776601683795e-05,10
3.75,0.09518981,6.7,0.018846441371867226,0.9991289233957286,0.0001,3.1622776601683795e-05,10
3.75,0.09518981,6.7,0.021393174289532996,0.9988808681412003,0.0001,3.1622776601683795e-05,10
3.75,0.09518981,6.7,0.024284049022937213,0.9985372266813671,0.0001,3.1622776601683795e-05,10
3.75,0.09518981,6.7,0.027565569698412937,0.9981471487086473,0.0001,3.1622776601683795e-05,10
3.75,0.09518981,6.7,0.03129052457769065,0.9976435426701423,0.0001,3.1622776601683795e-05,10
3.75,0.09518981,6.7,0.035518835237547564,0.9969416576788941,0.0001,3.1622776601683795e-05,10
3.75,0.09518981,6.7,0.040318520499702026,0.9961300564446978,0.0001,3.1622776601683795e-05,10
3.75,0.09518981,6.7,0.045766790617234585,0.9949713116190347,0.0001,3.1622776601683795e-05,10
3.75,0.09518981,6.7,0.051951289319191934,0.9935656423473075,0.0001,3.1622776601683795e-05,10
3.75,0.09518981,6.7,0.05897150369355452,0.9917475466609644,0.0001,3.1622776601683795e-05,10
3.75,0.09518981,6.7,0.06694036458868406,0.9893676822244932,0.00011183897476693066,3.536658914415999e-05,10
3.75,0.09518981,6.7,0.0759860632781475,0.9863441935917237,0.00014362182340851235,4.541720836773866e-05,10
3.75,0.09518981,6.7,0.08625411361274073,0.9824809774065107,0.00018323003230802298,5.794242378395914e-05,10
3.75,0.09518981,6.7,0.09790969283256912,0.9775534275343014,0.00023287573034691387,7.364177196714412e-05,10
3.75,0.09518981,6.7,0.11114029869471674,0.971236486249774,0.00029529832483521964,9.338152957115603e-05,10
3.75,0.09518981,6.7,0.12615876566045128,0.9631270236363448,0.0003732545137156841,0.00011803344102801196,10
3.75,0.09518981,6.7,0.14320668866193417,0.9529667023960837,0.0004693883767661006,0.0001484336377790138,10
3.75,0.09518981,6.7,0.16255830952494102,0.9401239423587455,0.0005847560133336989,0.0001849160877614279,10
3.75,0.09518981,6.7,0.1845249285666265,0.9239336532020879,0.0007235644210434272,0.0002288111604358297,10
3.75,0.09518981,6.7,0.209459912335607,0.9037487305801737,0.0008886060396686616,0.00028100190279349053,10
3.75,0.09518981,6.7,0.23776437805149325,0.8787129389073529,0.0010799155638149317,0.0003414992862320098,10
3.75,0.09518981,6.7,0.2698936461867474,0.848310115843903,0.00129523959946414,0.0004095907249950889,10
3.75,0.09518981,6.7,0.3063645649904774,0.8115188698113339,0.0015309707965141842,0.0004841354748186994,10
3.75,0.09518981,6.7,0.3477638247803005,0.7681546903192336,0.0017941170268309249,0.0005673496193675146,10
3.75,0.09518981,6.7,0.3947573957503299,0.717609401993635,0.00206472846821548,0.0006529244709351489,10
3.75,0.09518981,6.7,0.4481012411168134,0.6604634875979714,0.0023505461480507694,0.0007433079573175783,10
3.75,0.09518981,6.7,0.5086534779386983,0.5979957291111161,0.0026158379597778533,0.0008272005942825937,10
3.75,0.09518981,6.7,0.5773881812384607,0.5320579525300685,0.0028411771841943064,0.0008984591138157755,10
3.75,0.09518981,6.7,0.6554110534835178,0.4651308902474144,0.0030253901527153484,0.0009567123693225147,10
3.75,0.09518981,6.7,0.7439772114957187,0.39991189963982393,0.00321489871154632,0.0010166402375227034,10
3.75,0.09518981,6.7,0.8445113769184625,0.3399219977949066,0.0035421108222675876,0.0011201137923097441,10
3.75,0.09518981,6.7,0.9586307950358789,0.28639824758674765,0.004103756652116752,0.0012977217983756184,10
3.75,0.09518981,6.7,1.088171250628218,0.24092942704303924,0.004578250557790691,0.0014477699461554923,10
3.75,0.09518981,6.7,1.2352165993681232,0.2044293628208424,0.00454236515775106,0.0014364219862683394,10
3.75,0.09518981,6.7,1.402132289815328,0.1771404510143886,0.004283503190206056,0.0013545626445648593,10
3.75,0.09518981,6.7,1.5916034152621248,0.16104361230764141,0.004236790571089117,0.0013397908173767143,10
3.75,0.09518981,6.7,1.80667790755158,0.15669374395112712,0.0043364380083716165,0.0013713021038578622,10
3.75,0.09518981,6.7,2.0508155677068496,0.16683387487966062,0.004486133780471446,0.001418640063451157,10
3.75,0.09518981,6.7,2.3279437221040404,0.19389693209505166,0.004354546421850218,0.0013770284869983095,10
3.75,0.09518981,6.7,2.642520399502972,0.2301186937394446,0.003498959473247142,0.0011064681376083956,10
3.75,0.09518981,6.7,2.9996060452346534,0.2568028903125686,0.004150123897208812,0.0013123844087074357,10
3.75,0.09518981,6.7,3.404944926177538,0.2670703814137071,0.004415180045318609,0.001396202522293225,10
3.75,0.09518981,6.7,3.865057536045609,0.27174793479375203,0.004606122767840837,0.001456583912873602,10
3.75,0.09518981,6.7,4.3873454874682505,0.2668200892471455,0.005659375256095965,0.001789651594286197,10
3.75,0.09518981,6.7,4.980210578210885,0.2612099216881505,0.006991768626781566,0.002210991373353749,10
3.75,0.09518981,6.7,5.653189946897943,0.24709877737415176,0.005339919856333947,0.001688630926877438,10
3.75,0.09518981,6.7,6.417109492424104,0.22843722285437126,0.006647488164814671,0.002102120331982713,10
3.75,0.09518981,6.7,7.284258025038717,0.2220326686860891,0.005019056512812467,0.0015871650285589473,10
3.75,0.09518981,6.7,8.268584950589176,0.22056464861364425,0.004172239217080205,0.001319377886905114,10
3.75,0.09518981,6.7,9.385924667975567,0.2152406259387289,0.004299692269498322,0.0013596820809433222,10
3.75,0.09518981,6.7,10.65425128959158,0.20394124971063735,0.00326902713113922,0.0010337571467285882,10
3.75,0.09518981,6.7,12.093967782318368,0.19445512216911603,0.00274064650569876,0.0008666685219389719,10
3.75,0.09518981,6.7,13.728234180344895,0.18711660180485312,0.0029344954003546375,0.0009279689248408334,10
3.75,0.09518981,6.7,15.583340149618108,0.17672754465608498,0.005980273155203086,0.0018911284200403384,10
3.75,0.09518981,6.7,17.689127897190275,0.1671957990389023,0.005714246737415022,0.0018070034802417571,10
3.75,0.09518981,6.7,20.07947222860456,0.15609771295627714,0.005612379815137167,0.00177479033097882,10
3.75,0.09518981,6.7,22.792825475773903,0.1427102232684887,0.004985812707813652,0.0015766524143702727,10
3.75,0.09518981,6.7,25.872836061348632,0.13367607038315182,0.00575247040458805,0.0018190908651208547,10
3.75,0.09518981,6.7,29.369050650123167,0.12187114816374016,0.004659853933883381,0.0014735751994767153,10
3.75,0.09518981,6.7,33.33771118265806,0.109583748678534,0.0050173754337648905,0.0015866334246872344,10
3.75,0.09518981,6.7,37.842659612617176,0.09645345311754314,0.005549161578025104,0.0017547989690853496,10
3.75,0.09518981,6.7,42.95636490189982,0.08262473058970463,0.0055739136069964815,0.0017626262479113525,10
3.75,0.09518981,6.7,48.76108879434957,0.07213743675194309,0.005560158767587464,0.0017582765857731184,10
3.75,0.09518981,6.7,55.350209121286355,0.06126468566506701,0.005306385839340898,0.0016780265395981557,10
3.75,0.09518981,6.7,62.82972192624931,0.05005459951776421,0.0064195988883083204,0.0020300554151739163,10
3.75,0.09518981,6.7,71.31994657291497,0.042395292292618306,0.005002485751408144,0.00158192489369886,10
3.75,0.09518981,6.7,80.95746126545187,0.030343395786610557,0.004081853364392321,0.0012907953706300975,10
3.75,0.09518981,6.7,91.89730011710618,0.025559316700736377,0.0037441393816335226,0.0011840008323096337,10
3.75,0.09518981,6.7,104.31544711021446,0.019384032435186195,0.0027202289076951043,0.000860211910534846,10
3.75,0.09518981,6.7,118.41166706679324,0.013998794473294999,0.0024592938159066426,0.0007776969893831822,10
3.75,0.09518981,6.7,134.41271917018034,0.009856194207753053,0.0038285817008017545,0.0012107038382574845,10
3.75,0.09518981,6.7,152.57600473212457,0.006280608937446979,0.0034472729575295855,0.0010901234262098386,10
3.75,0.09518981,6.7,173.19370788521238,0.003915473791493333,0.0018269860263706254,0.0005777437096631626,10
3.75,0.09518981,6.7,196.59749580998604,0.002511672781231904,0.0018393927288181259,0.0005816670534617713,10
3.75,0.09518981,6.7,223.1638541070668,-0.0012477656059684823,0.002947800141979675,0.0009321762535623502,10
3.75,0.09518981,6.7,253.32014314187637,0.00019218217651236204,0.0033126847017327394,0.0010475628827470993,10
3.75,0.09518981,6.7,287.5514727874956,0.0006883647430409218,0.0016062388144327127,0.000507937311977591,10
3.75,0.09518981,6.7,326.40850615637055,0.00027240568422364723,0.0025155604772691257,0.0007954900700070662,10
3.75,0.09518981,6.7,370.5163178557939,0.00020298958345272718,0.001446520745580982,0.0004574300238720847,10
3.75,0.09518981,6.7,420.58444926569615,-8.604100790826519e-06,0.001957437600010364,0.0006189961193686382,10
3.75,0.09518981,6.7,477.4183225932176,-0.0009364705154113175,0.0016210350119176822,0.0005126162804538069,10
3.75,0.09518981,6.7,541.9321973165318,-0.0006423705243073513,0.002243688180609307,0.0007095165009924647,10
3.75,0.09518981,6.7,615.1638774420524,0.0007156898571526447,0.0018389383657077987,0.000581523371230432,10
3.75,0.09518981,6.7,698.2914061636919,9.239131066572439e-05,0.0015389028148898186,0.00048664379926963077,10
3.75,0.09518981,6.7,792.652016483199,-0.00025605327470016204,0.0028382496305197507,0.0008975333400573764,10
3.75,0.09518981,6.7,899.7636426411872,-0.00038515237108823044,0.002302254008368692,0.000728036641869742,10
3.75,0.09518981,6.7,1021.3493384030259,-0.00026451825147297676,0.0020329634876620306,0.0006428795020971634,10
3.75,0.09518981,6.7,1159.3649950049091,-0.0007042439421897325,0.0021322427373845084,0.0006742743574487303,10
3.75,0.09518981,6.7,1316.0308046455484,-0.0003692441272756078,0.001572146113539924,0.0004971562533367842,10
3.75,0.09518981,6.7,1493.8669756616864,-0.0006051888539322091,0.000991354768205809,0.0003134939036798631,10
3.75,0.09518981,6.7,1695.7342739204687,-0.0005259697269159899,0.0012710869979817227,0.00040195300178480915,10
3.75,0.09518981,6.7,1924.8800425987847,2.9972631514772415e-05,0.0014055663270658375,0.00044447909959652196,10
3.75,0.09518981,6.7,2184.990440647822,0.0004900161846412579,0.0007415807040410783,0.00023450840936010403,10
3.75,0.09518981,6.7,2480.2497402782196,-0.0001353279326307291,0.001427636374508109,0.00045145826139507704,10
3.75,0.09518981,6.7,2815.4076373562034,0.00017865983083138347,0.0016050220410894459,0.0005075525344615009,10
3.75,0.09518981,6.7,3195.8556575010366,0.00042311304158139585,0.0016269329079609343,0.000514481358943764,10
3.75,0.09518981,6.7,3627.7138869923433,0.0004124843359495711,0.0013389399485427644,0.0004234099887583783,10
3.75,0.09518981,6.7,4117.929423686066,-6.810978001759379e-05,0.0015383268078544004,0.0004864616498516105,10
3.75,0.09518981,6.7,4674.388131672206,6.539039028886536e-05,0.0009830133961784455,0.00031085613023813466,10
3.75,0.09518981,6.7,5306.041497418272,-1.1540890609105766e-05,0.0007725236588405936,0.00024429343083031476,10
3.75,0.09518981,6.7,6023.050628072877,-0.00016735475866154625,0.0008674317579669737,0.00027430600699395455,10
3.75,0.09518981,6.7,6836.949708361742,0.0002805668817746411,0.0010718660642554116,0.00033895381096874926,10
3.75,0.09518981,6.7,7760.831545529242,-5.129325397724262e-05,0.0008017323907074913,0.0002535300428567686,10
3.75,0.09518981,6.7,8809.558187098928,-0.00013857029458508663,0.001266313502713045,0.00040044349003990324,10
3.75,0.09518981,6.7,9999.99999956053,-0.0006491410435444379,0.0008648974100313301,0.0002735045758079566,10
3.75,0.05939491,6.7,0.010000000000218279,0.9998507682324534,0.0001,3.1622776601683795e-05,10
3.75,0.05939491,6.7,0.011351307054675233,0.9997903913225306,0.0001,3.1622776601683795e-05,10
3.75,0.05939491,6.7,0.012885217184670714,0.9997218556381773,0.0001,3.1622776601683795e-05,10
3.75,0.05939491,6.7,0.014626405672618265,0.9996440586784493,0.0001,3.1622776601683795e-05,10
3.75,0.05939491,6.7,0.016602882189250948,0.9995557489606719,0.0001,3.1622776601683795e-05,10
3.75,0.05939491,6.7,0.018846441371867226,0.9994555058884341,0.0001,3.1622776601683795e-05,10
3.75,0.05939491,6.7,0.021393174289532996,0.9993003300564813,0.0001,3.1622776601683795e-05,10
3.75,0.05939491,6.7,0.024284049022937213,0.999085285850944,0.0001,3.1622776601683795e-05,10
3.75,0.05939491,6.7,0.027565569698412937,0.998841182570211,0.0001,3.1622776601683795e-05,10
3.75,0.05939491,6.7,0.03129052457769065,0.9985259366016074,0.0001,3.1622776601683795e-05,10
3.75,0.05939491,6.7,0.035518835237547564,0.9980863860919061,0.0001,3.1622776601683795e-05,10
3.75,0.05939491,6.7,0.040318520499702026,0.9975780671256602,0.0001,3.1622776601683795e-05,10
3.75,0.05939491,6.7,0.045766790617234585,0.9968513947341322,0.0001,3.1622776601683795e-05,10
3.75,0.05939491,6.7,0.051951289319191934,0.9959696685296539,0.0001,3.1622776601683795e-05,10
3.75,0.05939491,6.7,0.05897150369355452,0.9948287753568359,0.0001,3.1622776601683795e-05,10
3.75,0.05939491,6.7,0.06694036458868406,0.9933333312679091,0.0001,3.1622776601683795e-05,10
3.75,0.05939491,6.7,0.0759860632781475,0.9914306661297074,0.0001,3.1622776601683795e-05,10
3.75,0.05939491,6.7,0.08625411361274073,0.9889949877582696,0.00012518787981495434,3.9587883566267405e-05,10
3.75,0.05939491,6.7,0.09790969283256912,0.9858814502205824,0.00015927753458802948,5.03679789394422e-05,10
3.75,0.05939491,6.7,0.11114029869471674,0.9818784650010499,0.0002030968536770011,6.422486432332667e-05,10
3.75,0.05939491,6.7,0.12615876566045128,0.9767192995618814,0.00025928148559383124,8.19920049588642e-05,10
3.75,0.05939491,6.7,0.14320668866193417,0.9702284782082412,0.00032800288119865255,0.00010372361836853618,10
3.75,0.05939491,6.7,0.16255830952494102,0.9619791031567722,0.0004148553304925758,0.00013118877438184423,10
3.75,0.05939491,6.7,0.1845249285666265,0.9514999285434491,0.0005234143525655388,0.0001655181514129499,10
3.75,0.05939491,6.7,0.209459912335607,0.9383127308782709,0.0006578250077966433,0.0002080225326455415,10
3.75,0.05939491,6.7,0.23776437805149325,0.9217530661735858,0.0008238097957906336,0.0002605115313456595,10
3.75,0.05939491,6.7,0.2698936461867474,0.9013655197969139,0.0010205458339442397,0.00032272492918597776,10
3.75,0.05939491,6.7,0.3063645649904774,0.8762048591702403,0.001254811483918293,0.00039680623233175516,10
3.75,0.05939491,6.7,0.3477638247803005,0.8459726159307669,0.001524986075867695,0.0004822429399784253,10
3.75,0.05939491,6.7,0.3947573957503299,0.8095954774313618,0.0018244771452231817,0.0005769503317827047,10
3.75,0.05939491,6.7,0.4481012411168134,0.7670993746864346,0.002152974956326307,0.0006808304607292672,10
3.75,0.05939491,6.7,0.5086534779386983,0.7184644748682548,0.0024925117085873726,0.0007882014093773965,10
3.75,0.05939491,6.7,0.5773881812384607,0.6644061699910405,0.0028661695543403523,0.0009063623951945255,10
3.75,0.05939491,6.7,0.6554110534835178,0.6061646542081034,0.003327349299881302,0.0010522002358591537,10
3.75,0.05939491,6.7,0.7439772114957187,0.5454522714531802,0.00391083715779768,0.0012367152976660001,10
3.75,0.05939491,6.7,0.8445113769184625,0.4849906098846736,0.0045403094758399,0.0014357719225699319,10
3.75,0.05939491,6.7,0.9586307950358789,0.42651380088364543,0.005038347517671642,0.0015932653799297842,10
3.75,0.05939491,6.7,1.088171250628218,0.37207072995474233,0.005170762427726267,0.0016351386511236788,10
3.75,0.05939491,6.7,1.2352165993681232,0.3232594283485215,0.0048053642335829,0.0015195895964831348,10
3.75,0.05939491,6.7,1.402132289815328,0.28085108361041083,0.00422135883630095,0.001334910874358888,10
3.75,0.05939491,6.7,1.5916034152621248,0.24783905144025264,0.004323265062345351,0.0013671364525641159,10
3.75,0.05939491,6.7,1.80667790755158,0.22730472753641395,0.005154851241866937,0.0016301070923647042,10
3.75,0.05939491,6.7,2.0508155677068496,0.2231323752239122,0.005951214892626414,0.001881939390581387,10
3.75,0.05939491,6.7,2.3279437221040404,0.2382991772637236,0.006329275805393459,0.002001492748443996,10
3.75,0.05939491,6.7,2.642520399502972,0.2694827808704972,0.005553834480191908,0.0017562766704983732,10
3.75,0.05939491,6.7,2.9996060452346534,0.3046156869680229,0.004849033500836384,0.0015333990313102963,10
3.75,0.05939491,6.7,3.404944926177538,0.33369312411898233,0.0055887023403577915,0.0017673028560244181,10
3.75,0.05939491,6.7,3.865057536045609,0.3554971109330641,0.0049055216316101855,0.0015512621467113628,10
3.75,0.05939491,6.7,4.3873454874682505,0.3571445658250365,0.0034765107081855527,0.0010993692147831325,10
3.75,0.05939491,6.7,4.980210578210885,0.3533655216789614,0.0036234111963963428,0.0011458232279968135,10
3.75,0.05939491,6.7,5.653189946897943,0.3508900487432628,0.004536865536622826,0.001434682853365019,10
3.75,0.05939491,6.7,6.417109492424104,0.336588046207981,0.0063946788984456816,0.0020221750224504917,10
3.75,0.05939491,6.7,7.284258025038717,0.3184001940434523,0.004671630695176084,0.0014772993383912205,10
3.75,0.05939491,6.7,8.268584950589176,0.3084195056340152,0.0048774449006565085,0.0015423835048048256,10
3.75,0.05939491,6.7,9.385924667975567,0.30837506570042394,0.00571923989983348,0.0018085824568387053,10
3.75,0.05939491,6.7,10.65425128959158,0.3065331229548845,0.0038950098098851625,0.0012317102507936534,10
3.75,0.05939491,6.7,12.093967782318368,0.29192976596335873,0.005796442766260723,0.0018329961468190887,10
3.75,0.05939491,6.7,13.728234180344895,0.28543111294769874,0.006323915034554431,0.001999797523857442,10
3.75,0.05939491,6.7,15.583340149618108,0.27895208050081166,0.006092611585720895,0.001926652950960823,10
3.75,0.05939491,6.7,17.689127897190275,0.26589856965114944,0.0051227914204097025,0.0016199688866463842,10
3.75,0.05939491,6.7,20.07947222860456,0.25808134041603836,0.00640542085076384,0.0020255719260347223,10
3.75,0.05939491,6.7,22.792825475773903,0.24462715876973462,0.004160541341962927,0.0013156786939896334,10
3.75,0.05939491,6.7,25.872836061348632,0.2312161188783012,0.005418845665162265,0.0017135894590842892,10
3.75,0.05939491,6.7,29.369050650123167,0.22286286662617555,0.005723230693260346,0.0018098444565287177,10
3.75,0.05939491,6.7,33.33771118265806,0.20845218765939144,0.006189802366550645,0.001957387374460047,10
3.75,0.05939491,6.7,37.842659612617176,0.1933819604170546,0.0063249357580293835,0.0020001203049616473,10
3.75,0.05939491,6.7,42.95636490189982,0.17881896098716962,0.005558769337158202,0.0017578372092924373,10
3.75,0.05939491,6.7,48.76108879434957,0.16156638688783304,0.003937707336655334,0.001245212394298629,10
3.75,0.05939491,6.7,55.350209121286355,0.14978298425774755,0.003803136415411666,0.001202657332502916,10
3.75,0.05939491,6.7,62.82972192624931,0.13102887539833313,0.004351410693574603,0.001376036882650876,10
3.75,0.05939491,6.7,71.31994657291497,0.11665022321657315,0.0036055018504724777,0.0011401597955444868,10
3.75,0.05939491,6.7,80.95746126545187,0.10256010580180161,0.007237687828297132,0.002288757853069661,10
3.75,0.05939491,6.7,91.89730011710618,0.08786259100994451,0.0064328832803731565,0.002034256308799471,10
3.75,0.05939491,6.7,104.31544711021446,0.07320961464521152,0.005988997740015787,0.0018938873760050833,10
3.75,0.05939491,6.7,118.41166706679324,0.05996906986586985,0.0055023249072902024,0.0017399879133311856,10
3.75,0.05939491,6.7,134.41271917018034,0.04807217435272561,0.003801407015473616,0.0012021104482239568,10
3.75,0.05939491,6.7,152.57600473212457,0.03845826274753568,0.00342721025761432,0.001083779043435368,10
3.75,0.05939491,6.7,173.19370788521238,0.028277860759970498,0.0019744550558706045,0.0006243775114186122,10
3.75,0.05939491,6.7,196.59749580998604,0.020300589574103533,0.0028473362985619796,0.000900406796792907,10
3.75,0.05939491,6.7,223.1638541070668,0.017936468438942112,0.004111119054392841,0.0013000499943999033,10
3.75,0.05939491,6.7,253.32014314187637,0.00981490010655648,0.0037550887999504346,0.0011874633424031748,10
3.75,0.05939491,6.7,287.5514727874956,0.005899069481200956,0.0023731468107501714,0.0007504549143935104,10
3.75,0.05939491,6.7,326.40850615637055,0.003979842751793921,0.00319377857169583,0.0010099614628798197,10
3.75,0.05939491,6.7,370.5163178557939,0.0028634681183519793,0.0018143119559133642,0.0005737358166761229,10
3.75,0.05939491,6.7,420.58444926569615,0.002417449797236894,0.0023834649553363617,0.00075371779820544,10
3.75,0.05939491,6.7,477.4183225932176,0.0005966733710929125,0.001380871045891377,0.0004366697659995646,10
3.75,0.05939491,6.7,541.9321973165318,0.0011861020448741158,0.0018560285024113914,0.0005869277469811316,10
3.75,0.05939491,6.7,615.1638774420524,0.0002531800467532425,0.0026972716174387492,0.0008529521779232788,10
3.75,0.05939491,6.7,698.2914061636919,0.0004830031008011297,0.0025786910815414096,0.0008154537199633836,10
3.75,0.05939491,6.7,792.652016483199,-0.0009492905842586397,0.001606065063511098,0.0005078823671118054,10
3.75,0.05939491,6.7,899.7636426411872,-0.0010797624724530226,0.0030633419880704924,0.0009687137934331107,10
3.75,0.05939491,6.7,1021.3493384030259,-0.00016585718767459946,0.002932049031949661,0.0009271953152252735,10
3.75,0.05939491,6.7,1159.3649950049091,0.0006046207327160241,0.001956360816941596,0.0006186556106643168,10
3.75,0.05939491,6.7,1316.0308046455484,0.0008735715590306989,0.0017011483648040075,0.0005379503470651681,10
3.75,0.05939491,6.7,1493.8669756616864,0.00033285650573473005,0.0022205000097550542,0.0007021837575252076,10
3.75,0.05939491,6.7,1695.7342739204687,-0.00036536579196251703,0.0015236309808964166,0.00048181442132291726,10
3.75,0.05939491,6.7,1924.8800425987847,-0.001055044253283465,0.0008295246911437975,0.00026231873993621055,10
3.75,0.05939491,6.7,2184.990440647822,-0.00030123150569901413,0.0020686235110734417,0.0006541561916366621,10
3.75,0.05939491,6.7,2480.2497402782196,-0.00046062348393461716,0.0015796347702826555,0.0004995243745290051,10
3.75,0.05939491,6.7,2815.4076373562034,0.00015600874697903525,0.001688040244472603,0.0005338051954560882,10
3.75,0.05939491,6.7,3195.8556575010366,-1.7704315508208079e-06,0.0014981373172165548,0.00047375261700985,10
3.75,0.05939491,6.7,3627.7138869923433,-0.0001797372687815397,0.0016733045231954052,0.0005291453512359532,10
3.75,0.05939491,6.7,4117.929423686066,0.0002417310714091946,0.0012733278235252535,0.0004026616130404733,10
3.75,0.05939491,6.7,4674.388131672206,4.455633626916874e-05,0.0010692393423244176,0.0003381231685605636,10
3.75,0.05939491,6.7,5306.041497418272,-0.00023181570190505116,0.0008154642050344915,0.0002578724238247539,10
3.75,0.05939491,6.7,6023.050628072877,-5.378316237393384e-05,0.0006903991862562391,0.00021832339232965328,10
3.75,0.05939491,6.7,6836.949708361742,0.00011868501414216219,0.0011523802342262948,0.0003644146270713416,10
3.75,0.05939491,6.7,7760.831545529242,-0.0002541730337996941,0.0012342672098442167,0.00039030956243687234,10
3.75,0.05939491,6.7,8809.558187098928,-0.0003734956797909935,0.0017784532880336353,0.0005623963102401765,10
3.75,0.05939491,6.7,9999.99999956053,-0.00042524844253113297,0.0014649531926507352,0.00046325887543117636,10
3.75,0.03830322,6.7,0.010000000000218279,0.9999039453886043,0.0001,3.1622776601683795e-05,10
3.75,0.03830322,6.7,0.011351307054675233,0.9998650154362718,0.0001,3.1622776601683795e-05,10
3.75,0.03830322,6.7,0.012885217184670714,0.9998208248520178,0.0001,3.1622776601683795e-05,10
3.75,0.03830322,6.7,0.014626405672618265,0.9997706627629395,0.0001,3.1622776601683795e-05,10
3.75,0.03830322,6.7,0.016602882189250948,0.9997137222353778,0.0001,3.1622776601683795e-05,10
3.75,0.03830322,6.7,0.018846441371867226,0.9996490872941584,0.0001,3.1622776601683795e-05,10
3.75,0.03830322,6.7,0.021393174289532996,0.999549041939701,0.0001,3.1622776601683795e-05,10
3.75,0.03830322,6.7,0.024284049022937213,0.9994104044702812,0.0001,3.1622776601683795e-05,10
3.75,0.03830322,6.7,0.027565569698412937,0.9992530328218179,0.0001,3.1622776601683795e-05,10
3.75,0.03830322,6.7,0.03129052457769065,0.9990497633202964,0.0001,3.1622776601683795e-05,10
3.75,0.03830322,6.7,0.035518835237547564,0.9987662811983986,0.0001,3.1622776601683795e-05,10
3.75,0.03830322,6.7,0.040318520499702026,0.9984384378041081,0.0001,3.1622776601683795e-05,10
3.75,0.03830322,6.7,0.045766790617234585,0.9979696094209418,0.0001,3.1622776601683795e-05,10
3.75,0.03830322,6.7,0.051951289319191934,0.9974005091563412,0.0001,3.1622776601683795e-05,10
3.75,0.03830322,6.7,0.05897150369355452,0.9966635897887122,0.0001,3.1622776601683795e-05,10
3.75,0.03830322,6.7,0.06694036458868406,0.9956968268618441,0.0001,3.1622776601683795e-05,10
3.75,0.03830322,6.7,0.0759860632781475,0.9944659112200878,0.0001,3.1622776601683795e-05,10
3.75,0.03830322,6.7,0.08625411361274073,0.9928885576299393,0.0001,3.1622776601683795e-05,10
3.75,0.03830322,6.7,0.09790969283256912,0.9908694559834064,0.0001,3.1622776601683795e-05,10
3.75,0.03830322,6.7,0.11114029869471674,0.9882690174126981,0.0001237870202021221,3.9144892860398256e-05,10
3.75,0.03830322,6.7,0.12615876566045128,0.9849093935913349,0.00016063143246347549,5.079611904000943e-05,10
3.75,0.03830322,6.7,0.14320668866193417,0.9806706457397615,0.0002077234761604004,6.568793081545531e-05,10
3.75,0.03830322,6.7,0.16255830952494102,0.9752637817135847,0.00026856747845862666,8.492849373774674e-05,10
3.75,0.03830322,6.7,0.1845249285666265,0.9683613551709787,0.00034683011997490226,0.00010967731402701521,10
3.75,0.03830322,6.7,0.209459912335607,0.9596253678984275,0.0004474547123623043,0.00014149760408403828,10
3.75,0.03830322,6.7,0.23776437805149325,0.9485659438544767,0.0005783258323113369,0.0001828826859816425,10
3.75,0.03830322,6.7,0.2698936461867474,0.9348313010474726,0.0007416290805692097,0.00023452370736152267,10
3.75,0.03830322,6.7,0.3063645649904774,0.9176670789157244,0.0009468628298557625,0.0002994243174096691,10
3.75,0.03830322,6.7,0.3477638247803005,0.8967853716760752,0.001199248331019986,0.0003792356206178715,10
3.75,0.03830322,6.7,0.3947573957503299,0.871150263727824,0.0015073065190737537,0.0004766521732293094,10
3.75,0.03830322,6.7,0.4481012411168134,0.8405647437370483,0.0018808564751141902,0.0005947790413236647,10
3.75,0.03830322,6.7,0.5086534779386983,0.8045035132934519,0.002327774506797358,0.0007361069320754751,10
3.75,0.03830322,6.7,0.5773881812384607,0.7630469440989873,0.0028559016606971785,0.0009031154021260462,10
3.75,0.03830322,6.7,0.6554110534835178,0.7165314283327648,0.003473200117330014,0.0010983223140326897,10
3.75,0.03830322,6.7,0.7439772114957187,0.6656508290500904,0.004171171887762673,0.0013190403677394266,10
3.75,0.03830322,6.7,0.8445113769184625,0.6117907051764279,0.00490151040070494,0.0015499936841232192,10
3.75,0.03830322,6.7,0.9586307950358789,0.5561183163613477,0.005569839223507362,0.0017613378147226923,10
3.75,0.03830322,6.7,1.088171250628218,0.5001583402372404,0.005990673397655191,0.001894417265477001,10
3.75,0.03830322,6.7,1.2352165993681232,0.4454814922178419,0.006036032527731727,0.001908761081849571,10
3.75,0.03830322,6.7,1.402132289815328,0.3934050227983703,0.005892599642569187,0.0018634036210012717,10
3.75,0.03830322,6.7,1.5916034152621248,0.34744352862816397,0.005579791248757851,0.0017644849214349975,10
3.75,0.03830322,6.7,1.80667790755158,0.31182511705027094,0.004947822836733041,0.0015646389623071833,10
3.75,0.03830322,6.7,2.0508155677068496,0.2921078573942052,0.0042815578852998205,0.0013539474851401389,10
3.75,0.03830322,6.7,2.3279437221040404,0.2925118293443544,0.0038602605868108524,0.0012207215816100437,10
3.75,0.03830322,6.7,2.642520399502972,0.31148525236218527,0.004632867585922748,0.0014650413669481715,10
3.75,0.03830322,6.7,2.9996060452346534,0.34207516233128543,0.005384296591814884,0.001702664082801695,10
3.75,0.03830322,6.7,3.404944926177538,0.3796887927615078,0.005152058650662864,0.0016292239974868418,10
3.75,0.03830322,6.7,3.865057536045609,0.41928616023337284,0.0069393601948644435,0.0021944183720081518,10
3.75,0.03830322,6.7,4.3873454874682505,0.43613037881120614,0.007576110518457947,0.002395776504348624,10
3.75,0.03830322,6.7,4.980210578210885,0.43449866418473365,0.0067779927267627,0.0021433894980625442,10
3.75,0.03830322,6.7,5.653189946897943,0.4349640159757694,0.003989558714232373,0.0012616092395947114,10
3.75,0.03830322,6.7,6.417109492424104,0.4352472917555577,0.0042495289114986515,0.0013438190343071834,10
3.75,0.03830322,6.7,7.284258025038717,0.4271897520460109,0.0037472787486736705,0.0011849935873354466,10
3.75,0.03830322,6.7,8.268584950589176,0.39998693772306615,0.005630489832694335,0.001780517221373449,10
3.75,0.03830322,6.7,9.385924667975567,0.3857114003292935,0.006003608361474352,0.001898507660189043,10
3.75,0.03830322,6.7,10.65425128959158,0.3966590675169872,0.007175883395692219,0.002269213575417071,10
3.75,0.03830322,6.7,12.093967782318368,0.39988392906211573,0.005099049853813795,0.0016124611440800204,10
3.75,0.03830322,6.7,13.728234180344895,0.3795139738736461,0.0030246750115407216,0.0009564862218264758,10
3.75,0.03830322,6.7,15.583340149618108,0.37632758740224953,0.006101307748273933,0.0019294029190178893,10
3.75,0.03830322,6.7,17.689127897190275,0.37535798963301126,0.008601808110820282,0.0027201305625902147,10
3.75,0.03830322,6.7,20.07947222860456,0.3580900274133374,0.005789085964309556,0.0018306697217730429,10
3.75,0.03830322,6.7,22.792825475773903,0.3560685774559784,0.008314978028440485,0.002629426926412826,10
3.75,0.03830322,6.7,25.872836061348632,0.34379112744831053,0.004441662323538118,0.0014045769539736165,10
3.75,0.03830322,6.7,29.369050650123167,0.33390504061576964,0.0037066836566319373,0.0011721562920678414,10
3.75,0.03830322,6.7,33.33771118265806,0.32205111898072236,0.004577560079265921,0.0014475515976741216,10
3.75,0.03830322,6.7,37.842659612617176,0.31154501305287263,0.0055826854794148555,0.0017654001575299995,10
3.75,0.03830322,6.7,42.95636490189982,0.29870302036867846,0.0046753443585750495,0.001478473701871614,10
3.75,0.03830322,6.7,48.76108879434957,0.2840474018712898,0.005130145773048219,0.0016222945371517623,10
3.75,0.03830322,6.7,55.350209121286355,0.26802783637159056,0.005791797796352058,0.0018315272783616559,10
3.75,0.03830322,6.7,62.82972192624931,0.25353252092602513,0.007088219868586084,0.0022414919340791417,10
3.75,0.03830322,6.7,71.31994657291497,0.23505523790950864,0.0062430391189726205,0.00197422231374844,10
3.75,0.03830322,6.7,80.95746126545187,0.22255478854070967,0.006308549495121223,0.001994938513648835,10
3.75,0.03830322,6.7,91.89730011710618,0.20528624927518108,0.007918439909571865,0.002504030562942483,10
3.75,0.03830322,6.7,104.31544711021446,0.18431616047964597,0.0073860197858503516,0.0023356645366356204,10
3.75,0.03830322,6.7,118.41166706679324,0.16690038005899752,0.006870814335617138,0.002172742268068672,10
3.75,0.03830322,6.7,134.41271917018034,0.14996600214912675,0.006201654588991334,0.0019611353762848008,10
3.75,0.03830322,6.7,152.57600473212457,0.13147981837106842,0.006051373788969868,0.0019136124146187895,10
3.75,0.03830322,6.7,173.19370788521238,0.11526356434865356,0.006162134390396621,0.0019486379921706527,10
3.75,0.03830322,6.7,196.59749580998604,0.09817581582824142,0.0038057814359865566,0.0012034937614503823,10
3.75,0.03830322,6.7,223.1638541070668,0.08118695409724971,0.0038067464251473693,0.0012037989178169364,10
3.75,0.03830322,6.7,253.32014314187637,0.06736261067342438,0.006295513970766799,0.0019908163189033775,10
3.75,0.03830322,6.7,287.5514727874956,0.0543100055097336,0.0035477792331506243,0.0011219063012201523,10
3.75,0.03830322,6.7,326.40850615637055,0.043387432179122346,0.0030477562307339562,0.0009637851442088974,10
3.75,0.03830322,6.7,370.5163178557939,0.030517278941849822,0.0036932544363671247,0.0011679095997441517,10
3.75,0.03830322,6.7,420.58444926569615,0.02308467176291639,0.0032735005451317812,0.0010351717644419244,10
3.75,0.03830322,6.7,477.4183225932176,0.01612806549116935,0.0034401128096443177,0.0010878591886397302,10
3.75,0.03830322,6.7,541.9321973165318,0.011020106555941012,0.0024571252121086177,0.0007770112166487572,10
3.75,0.03830322,6.7,615.1638774420524,0.006174088577138379,0.0028196283313167937,0.0008916447682100942,10
3.75,0.03830322,6.7,698.2914061636919,0.0035761470948796337,0.003068061614576662,0.0009702062703795906,10
3.75,0.03830322,6.7,792.652016483199,0.0026045728702124007,0.0028049936218018908,0.0008870168667138911,10
3.75,0.03830322,6.7,899.7636426411872,0.0006808275321087332,0.0021642282172832945,0.0006843890543020999,10
3.75,0.03830322,6.7,1021.3493384030259,0.00036518913058832436,0.002338211175323103,0.0007394072964480298,10
3.75,0.03830322,6.7,1159.3649950049091,0.00043674555148625943,0.0019320178429239469,0.0006109576863725098,10
3.75,0.03830322,6.7,1316.0308046455484,0.0017175141108298861,0.0020360275814417313,0.0006438484536279842,10
3.75,0.03830322,6.7,1493.8669756616864,0.00071996556054286,0.0013620501657704012,0.0004307180811244377,10
3.75,0.03830322,6.7,1695.7342739204687,0.0006565719626205209,0.001917018169366289,0.0006062143731123898,10
3.75,0.03830322,6.7,1924.8800425987847,9.093794591142814e-05,0.001361915635871487,0.0004306755390350416,10
3.75,0.03830322,6.7,2184.990440647822,-0.000685698856158898,0.0021128886423026176,0.0006681540551977066,10
3.75,0.03830322,6.7,2480.2497402782196,0.0008617519659057389,0.0017343181209969116,0.0005484395449653734,10
3.75,0.03830322,6.7,2815.4076373562034,-0.00029392648885565823,0.0022185610584645327,0.0007015706072901905,10
3.75,0.03830322,6.7,3195.8556575010366,0.0006219919050697579,0.00180352448069073,0.0005703245174855072,10
3.75,0.03830322,6.7,3627.7138869923433,0.000884285469013717,0.0017153488560113705,0.0005424409366760142,10
3.75,0.03830322,6.7,4117.929423686066,0.001050069031135059,0.0015141292339892665,0.00047880970512521176,10
3.75,0.03830322,6.7,4674.388131672206,0.00027655020730223807,0.0009831215541457967,0.00031089033279052704,10
3.75,0.03830322,6.7,5306.041497418272,-0.00013851756758950678,0.0011740131517447407,0.0003712555562506263,10
3.75,0.03830322,6.7,6023.050628072877,-0.0001926204085699575,0.0013945767801339798,0.00044100389972072336,10
3.75,0.03830322,6.7,6836.949708361742,0.00017221841232069383,0.0019084213952965323,0.0006034958344533592,10
3.75,0.03830322,6.7,7760.831545529242,0.0006071816026795908,0.0011631468683753498,0.0003678193357358179,10
3.75,0.03830322,6.7,8809.558187098928,0.0005053491413834701,0.001197165154607805,0.0003785768623948285,10
3.75,0.03830322,6.7,9999.99999956053,0.0005740331732350245,0.0017795526071675615,0.0005627439454740375,10
3.75,0.02871607,6.7,0.010000000000218279,0.9999283587168449,0.0001,3.1622776601683795e-05,10
3.75,0.02871607,6.7,0.011351307054675233,0.9998993440571082,0.0001,3.1622776601683795e-05,10
3.75,0.02871607,6.7,0.012885217184670714,0.9998664086259333,0.0001,3.1622776601683795e-05,10
3.75,0.02871607,6.7,0.014626405672618265,0.9998290226067098,0.0001,3.1622776601683795e-05,10
3.75,0.02871607,6.7,0.016602882189250948,0.999786584588335,0.0001,3.1622776601683795e-05,10
3.75,0.02871607,6.7,0.018846441371867226,0.9997384118905994,0.0001,3.1622776601683795e-05,10
3.75,0.02871607,6.7,0.021393174289532996,0.9996638384339558,0.0001,3.1622776601683795e-05,10
3.75,0.02871607,6.7,0.024284049022937213,0.9995604921902664,0.0001,3.1622776601683795e-05,10
3.75,0.02871607,6.7,0.027565569698412937,0.9994431806957623,0.0001,3.1622776601683795e-05,10
3.75,0.02871607,6.7,0.03129052457769065,0.9992916441201535,0.0001,3.1622776601683795e-05,10
3.75,0.02871607,6.7,0.035518835237547564,0.9990802888985723,0.0001,3.1622776601683795e-05,10
3.75,0.02871607,6.7,0.040318520499702026,0.9988358542351919,0.0001,3.1622776601683795e-05,10
3.75,0.02871607,6.7,0.045766790617234585,0.9984862236405905,0.0001,3.1622776601683795e-05,10
3.75,0.02871607,6.7,0.051951289319191934,0.998061785561951,0.0001,3.1622776601683795e-05,10
3.75,0.02871607,6.7,0.05897150369355452,0.9975121195219459,0.0001,3.1622776601683795e-05,10
3.75,0.02871607,6.7,0.06694036458868406,0.9967907011727414,0.0001,3.1622776601683795e-05,10
3.75,0.02871607,6.7,0.0759860632781475,0.9958718565087141,0.0001,3.1622776601683795e-05,10
3.75,0.02871607,6.7,0.08625411361274073,0.9946935647094926,0.0001,3.1622776601683795e-05,10
3.75,0.02871607,6.7,0.09790969283256912,0.9931845094862547,0.0001,3.1622776601683795e-05,10
3.75,0.02871607,6.7,0.11114029869471674,0.99123895785924,0.00010000770200799467,3.162521219046579e-05,10
3.75,0.02871607,6.7,0.12615876566045128,0.9887228455070289,0.00012840572250512311,4.060545477157309e-05,10
3.75,0.02871607,6.7,0.14320668866193417,0.985543804877692,0.000163681872733245,5.176075295188645e-05,10
3.75,0.02871607,6.7,0.16255830952494102,0.9814820300986445,0.00020872182949848404,6.600363786125295e-05,10
3.75,0.02871607,6.7,0.1845249285666265,0.9762847882712558,0.00026627022973748694,8.420203990667569e-05,10
3.75,0.02871607,6.7,0.209459912335607,0.9696869037758148,0.0003393109900391573,0.00010729955636504426,10
3.75,0.02871607,6.7,0.23776437805149325,0.9613010500783336,0.00043248055056546047,0.00013676235835104766,10
3.75,0.02871607,6.7,0.2698936461867474,0.9508413003369481,0.0005487719536856898,0.00017353692896672132,10
3.75,0.02871607,6.7,0.3063645649904774,0.9376858342903367,0.0006953483779303625,0.00021988846415635046,10
3.75,0.02871607,6.7,0.3477638247803005,0.9215786955223692,0.0008796155942879037,0.000278158874335237,10
3.75,0.02871607,6.7,0.3947573957503299,0.9016001854927351,0.0011149203907546397,0.0003525687844549597,10
3.75,0.02871607,6.7,0.4481012411168134,0.8775012492977707,0.0014129919000402057,0.0004468272719496014,10
3.75,0.02871607,6.7,0.5086534779386983,0.8486494316283159,0.0017825830295381043,0.0005637022491703617,10
3.75,0.02871607,6.7,0.5773881812384607,0.8148865510125072,0.002230912430484638,0.0007054764540713514,10
3.75,0.02871607,6.7,0.6554110534835178,0.7761823545144722,0.002752809616860148,0.0008705148354093521,10
3.75,0.02871607,6.7,0.7439772114957187,0.7327519732481071,0.003326641139580407,0.00105197629590922,10
3.75,0.02871607,6.7,0.8445113769184625,0.6852423938233226,0.0038807649158415177,0.0012272056197730852,10
3.75,0.02871607,6.7,0.9586307950358789,0.634255799475711,0.004315643290562093,0.0013647262367000059,10
3.75,0.02871607,6.7,1.088171250628218,0.58059276477615,0.004540711498913639,0.0014358990534284275,10
3.75,0.02871607,6.7,1.2352165993681232,0.5252857038321276,0.004578251342415954,0.0014477701942757866,10
3.75,0.02871607,6.7,1.402132289815328,0.4696386372031364,0.004598258326006322,0.001454096958001304,10
3.75,0.02871607,6.7,1.5916034152621248,0.41735744918670525,0.004663977419384826,0.0014748791600850404,10
3.75,0.02871607,6.7,1.80667790755158,0.37340921275975114,0.004555066789314849,0.0014404385948425251,10
3.75,0.02871607,6.7,2.0508155677068496,0.34401663635463114,0.004612832763582569,0.0014587057998369922,10
3.75,0.02871607,6.7,2.3279437221040404,0.33365391966691726,0.005423520548301533,0.0017150677869358095,10
3.75,0.02871607,6.7,2.642520399502972,0.3416456692311259,0.0064015769437562224,0.002024356375908927,10
3.75,0.02871607,6.7,2.9996060452346534,0.36353418335690046,0.006665648608913336,0.0021078631686499076,10
3.75,0.02871607,6.7,3.404944926177538,0.39853160469657256,0.0061245710035019,0.001936759406248909,10
3.75,0.02871607,6.7,3.865057536045609,0.4437363349067319,0.0054113756056484805,0.0017112272188522322,10
3.75,0.02871607,6.7,4.3873454874682505,0.4737678271434903,0.005043968802002289,0.00159504298611581,10
3.75,0.02871607,6.7,4.980210578210885,0.48133388156785406,0.00550187871154887,0.0017398468138486978,10
3.75,0.02871607,6.7,5.653189946897943,0.47998241167412214,0.005794610934760721,0.0018324168708361236,10
3.75,0.02871607,6.7,6.417109492424104,0.4849586724378597,0.006242499529592442,0.0019740516806041795,10
3.75,0.02871607,6.7,7.284258025038717,0.49349990053883364,0.006628121205639816,0.0020959959617483093,10
3.75,0.02871607,6.7,8.268584950589176,0.47359478852643155,0.006243865898323383,0.00197448376433552,10
3.75,0.02871607,6.7,9.385924667975567,0.4420682736301192,0.006030294121235992,0.0019069464383829286,10
3.75,0.02871607,6.7,10.65425128959158,0.440845166361082,0.005447055162168218,0.0017225100853029405,10
3.75,0.02871607,6.7,12.093967782318368,0.45813885677538185,0.004680758385993014,0.0014801857676671507,10
3.75,0.02871607,6.7,13.728234180344895,0.45524606064153367,0.004804907441646098,0.0015194451461894255,10
3.75,0.02871607,6.7,15.583340149618108,0.43013940820640534,0.0032832359604987506,0.001038250373094667,10
3.75,0.02871607,6.7,17.689127897190275,0.4442151692247026,0.006312848038487366,0.001996297832414637,10
3.75,0.02871607,6.7,20.07947222860456,0.42765792957594206,0.005358180737058589,0.0016944055243944918,10
3.75,0.02871607,6.7,22.792825475773903,0.4261384627160454,0.0034460042188849834,0.0010897222158225968,10
3.75,0.02871607,6.7,25.872836061348632,0.41518257098852135,0.003331190731759083,0.0010534150032801704,10
3.75,0.02871607,6.7,29.369050650123167,0.4093954554754574,0.0020871649737688653,0.0006600195169635204,10
3.75,0.02871607,6.7,33.33771118265806,0.4002601015134113,0.004014971118555747,0.0012696453474430086,10
3.75,0.02871607,6.7,37.842659612617176,0.3909861938081608,0.0050370503702795305,0.0015928551859077822,10
3.75,0.02871607,6.7,42.95636490189982,0.3808307027591612,0.004700388466141238,0.0014863933440591552,10
3.75,0.02871607,6.7,48.76108879434957,0.3683092251111015,0.005796965583992118,0.0018331614763023216,10
3.75,0.02871607,6.7,55.350209121286355,0.3575975129660634,0.007852486728205842,0.002483174335737402,10
3.75,0.02871607,6.7,62.82972192624931,0.34441728415930173,0.009038805546320722,0.002858321285373606,10
3.75,0.02871607,6.7,71.31994657291497,0.3295974128111749,0.00824803231028129,0.0026082568315149504,10
3.75,0.02871607,6.7,80.95746126545187,0.3151837477840287,0.007847149840765025,0.002481486663744509,10
3.75,0.02871607,6.7,91.89730011710618,0.30120655486299,0.009875439715380132,0.0031228882396286167,10
3.75,0.02871607,6.7,104.31544711021446,0.2855972991549153,0.009053153215966708,0.0028628584168933035,10
3.75,0.02871607,6.7,118.41166706679324,0.2691358158274223,0.008587320887108858,0.002715549300200165,10
3.75,0.02871607,6.7,134.41271917018034,0.25253196760911845,0.006693392780156133,0.002116636645942006,10
3.75,0.02871607,6.7,152.57600473212457,0.2335519761214646,0.0036620687956317836,0.0011580478342426111,10
3.75,0.02871607,6.7,173.19370788521238,0.21555642201754419,0.004847274778485354,0.0015328428744701863,10
3.75,0.02871607,6.7,196.59749580998604,0.197253611538578,0.0043849349156212,0.0013866381724961237,10
3.75,0.02871607,6.7,223.1638541070668,0.17761049737129897,0.005538221610373446,0.0017513394475545693,10
3.75,0.02871607,6.7,253.32014314187637,0.15984227171779045,0.006696128368440785,0.002117501714914003,10
3.75,0.02871607,6.7,287.5514727874956,0.1415745859063831,0.006900788395184386,0.0021822208979640784,10
3.75,0.02871607,6.7,326.40850615637055,0.12245720519723632,0.004951224902213389,0.0015657147898738768,10
3.75,0.02871607,6.7,370.5163178557939,0.10377199351218638,0.00416321118407608,0.0013165229721966932,10
3.75,0.02871607,6.7,420.58444926569615,0.08890160168419996,0.0045538299022130505,0.0014400474567975083,10
3.75,0.02871607,6.7,477.4183225932176,0.07381923967119605,0.004923295039663013,0.0015568825918344138,10
3.75,0.02871607,6.7,541.9321973165318,0.05954612451165727,0.005110877991265097,0.0016162015295623855,10
3.75,0.02871607,6.7,615.1638774420524,0.046617501358151334,0.00362995287000589,0.0011478918868283719,10
3.75,0.02871607,6.7,698.2914061636919,0.036844853590570895,0.003942235696662131,0.0012466443874672984,10
3.75,0.02871607,6.7,792.652016483199,0.026590592321442896,0.0029166664712885104,0.0009223309224317794,10
3.75,0.02871607,6.7,899.7636426411872,0.01937874966483529,0.002431548162223357,0.00076892304330224,10
3.75,0.02871607,6.7,1021.3493384030259,0.013686225767662628,0.0026671283051233597,0.0008434200256094353,10
3.75,0.02871607,6.7,1159.3649950049091,0.009667787463223994,0.0014834740097219618,0.00046911567203841687,10
3.75,0.02871607,6.7,1316.0308046455484,0.0051866296692828105,0.0021931069625789,0.0006935213154122985,10
3.75,0.02871607,6.7,1493.8669756616864,0.002244758697785925,0.0023554538297095233,0.0007448599025248479,10
3.75,0.02871607,6.7,1695.7342739204687,0.001596547974555616,0.0023751709056726435,0.0007510949894090497,10
3.75,0.02871607,6.7,1924.8800425987847,0.00014402096176716446,0.0019558383870992772,0.0006184904038423799,10
3.75,0.02871607,6.7,2184.990440647822,0.0014172858583048015,0.0018404923139520458,0.0005820147728122161,10
3.75,0.02871607,6.7,2480.2497402782196,0.0013110064909652593,0.002642189999843267,0.0008355338410424656,10
3.75,0.02871607,6.7,2815.4076373562034,-0.0006929953008126494,0.002737343243062206,0.0008656239385748476,10
3.75,0.02871607,6.7,3195.8556575010366,-0.00017999223793761337,0.003080255615966594,0.0009740623521979351,10
3.75,0.02871607,6.7,3627.7138869923433,-0.00026249479463625203,0.0019365844050609475,0.0006124017601154706,10
3.75,0.02871607,6.7,4117.929423686066,8.538489351774827e-05,0.0023029021623994185,0.0007282416061709134,10
3.75,0.02871607,6.7,4674.388131672206,-0.0003334249977577242,0.001428651250175639,0.00045177919326020496,10
3.75,0.02871607,6.7,5306.041497418272,-0.0001851375875632902,0.0016044689425618534,0.0005073776293497331,10
3.75,0.02871607,6.7,6023.050628072877,0.00035062435018573486,0.001919791504863392,0.0006070913788010539,10
3.75,0.02871607,6.7,6836.949708361742,-7.018826650986443e-05,0.0015632888857316227,0.0004943553519738628,10
3.75,0.02871607,6.7,7760.831545529242,0.00013494056218165055,0.0013764358254441662,0.000435267226145751,10
3.75,0.02871607,6.7,8809.558187098928,-0.00020668288752160699,0.0012155219245686096,0.0003843817827508188,10
3.75,0.02871607,6.7,9999.99999956053,0.0006927883894101034,0.001004877204805168,0.0003177700735967828,10
3.75,0.021317,6.7,0.010000000000218279,0.9999467843238008,0.0001,3.1622776601683795e-05,10
3.75,0.021317,6.7,0.011351307054675233,0.9999251925017865,0.0001,3.1622776601683795e-05,10
3.75,0.021317,6.7,0.012885217184670714,0.9999006829616311,0.0001,3.1622776601683795e-05,10
3.75,0.021317,6.7,0.014626405672618265,0.9998728614300247,0.0001,3.1622776601683795e-05,10
3.75,0.021317,6.7,0.016602882189250948,0.9998412803552259,0.0001,3.1622776601683795e-05,10
3.75,0.021317,6.7,0.018846441371867226,0.9998054317075107,0.0001,3.1622776601683795e-05,10
3.75,0.021317,6.7,0.021393174289532996,0.999749950918867,0.0001,3.1622776601683795e-05,10
3.75,0.021317,6.7,0.024284049022937213,0.9996730738861326,0.0001,3.1622776601683795e-05,10
3.75,0.021317,6.7,0.027565569698412937,0.9995858084057325,0.0001,3.1622776601683795e-05,10
3.75,0.021317,6.7,0.03129052457769065,0.9994730880118968,0.0001,3.1622776601683795e-05,10
3.75,0.021317,6.7,0.035518835237547564,0.9993158798008602,0.0001,3.1622776601683795e-05,10
3.75,0.021317,6.7,0.040318520499702026,0.9991340664142904,0.0001,3.1622776601683795e-05,10
3.75,0.021317,6.7,0.045766790617234585,0.9988740016791748,0.0001,3.1622776601683795e-05,10
3.75,0.021317,6.7,0.051951289319191934,0.9985582887792278,0.0001,3.1622776601683795e-05,10
3.75,0.021317,6.7,0.05897150369355452,0.9981494166820873,0.0001,3.1622776601683795e-05,10
3.75,0.021317,6.7,0.06694036458868406,0.997612738556638,0.0001,3.1622776601683795e-05,10
3.75,0.021317,6.7,0.0759860632781475,0.9969291374758014,0.0001,3.1622776601683795e-05,10
3.75,0.021317,6.7,0.08625411361274073,0.9960525259538956,0.0001,3.1622776601683795e-05,10
3.75,0.021317,6.7,0.09790969283256912,0.9949295251017123,0.0001,3.1622776601683795e-05,10
3.75,0.021317,6.7,0.11114029869471674,0.9934810483152503,0.0001,3.1622776601683795e-05,10
3.75,0.021317,6.7,0.12615876566045128,0.9916068280384411,0.0001,3.1622776601683795e-05,10
3.75,0.021317,6.7,0.14320668866193417,0.9892374808054141,0.00010750555023684205,3.39962399858075e-05,10
3.75,0.021317,6.7,0.16255830952494102,0.9862072340671283,0.00013598744772177893,4.3003006799389686e-05,10
3.75,0.021317,6.7,0.1845249285666265,0.9823254537731433,0.0001703335415338479,5.3864195316984996e-05,10
3.75,0.021317,6.7,0.209459912335607,0.9773912938010619,0.00021259042913553442,6.722699648209094e-05,10
3.75,0.021317,6.7,0.23776437805149325,0.9711071056107075,0.000262825341816472,8.311267069523476e-05,10
3.75,0.021317,6.7,0.2698936461867474,0.9632502421716242,0.00032116701735592466,0.00010156192841675507,10
3.75,0.021317,6.7,0.3063645649904774,0.9533314931727194,0.0003860188316470088,0.00012206987277216345,10
3.75,0.021317,6.7,0.3477638247803005,0.9411422068701112,0.0004568177262205583,0.00014445844903961862,10
3.75,0.021317,6.7,0.3947573957503299,0.9259228219762866,0.0005269084476490548,0.00016662308129546062,10
3.75,0.021317,6.7,0.4481012411168134,0.9074284935969839,0.0005899122907867666,0.00018654664586137447,10
3.75,0.021317,6.7,0.5086534779386983,0.8850450173483843,0.0006343047927853233,0.00020058478759627608,10
3.75,0.021317,6.7,0.5773881812384607,0.8584971908684047,0.0006588497341764768,0.00020834657957941475,10
3.75,0.021317,6.7,0.6554110534835178,0.8275453759099243,0.0007106176369926672,0.00022471702783835544,10
3.75,0.021317,6.7,0.7439772114957187,0.7920805220956784,0.0009157731162520803,0.00028959288673067335,10
3.75,0.021317,6.7,0.8445113769184625,0.7521955198655007,0.0013643394102907194,0.00043144200380496424,10
3.75,0.021317,6.7,0.9586307950358789,0.7080640755534015,0.002004674614775732,0.0006339337750211949,10
3.75,0.021317,6.7,1.088171250628218,0.6599723423427193,0.002728252817351284,0.0008627492935601406,10
3.75,0.021317,6.7,1.2352165993681232,0.6083615064711118,0.0034139199169780526,0.0010795762687063582,10
3.75,0.021317,6.7,1.402132289815328,0.5539164544781316,0.00394546503020852,0.0012476655924003963,10
3.75,0.021317,6.7,1.5916034152621248,0.49924460581818747,0.00415503903422721,0.0013139387115064303,10
3.75,0.021317,6.7,1.80667790755158,0.44885265101773963,0.004007559948261661,0.0012673017296173396,10
3.75,0.021317,6.7,2.0508155677068496,0.40918764784033523,0.0040068084198052484,0.0012670640754524703,10
3.75,0.021317,6.7,2.3279437221040404,0.38586441836175256,0.004676869508507916,0.001478955996627725,10
3.75,0.021317,6.7,2.642520399502972,0.38008799865767606,0.005473711729481335,0.0017309396320340448,10
3.75,0.021317,6.7,2.9996060452346534,0.3898972219231641,0.005419443250793386,0.0017137784322534225,10
3.75,0.021317,6.7,3.404944926177538,0.4170980844468154,0.004509089126581969,0.001425899181269831,10
3.75,0.021317,6.7,3.865057536045609,0.46257647278079983,0.0037781259064786697,0.0011947483151360904,10
3.75,0.021317,6.7,4.3873454874682505,0.5054935551360339,0.0039826644707061445,0.0012594290883660363,10
3.75,0.021317,6.7,4.980210578210885,0.5287946620533683,0.003045532053390139,0.0009630817975762369,10
3.75,0.021317,6.7,5.653189946897943,0.5295368891059409,0.0030736708726294792,0.000971980073522645,10
3.75,0.021317,6.7,6.417109492424104,0.5265330842054008,0.004259659571420554,0.001347022630262563,10
3.75,0.021317,6.7,7.284258025038717,0.5450912069865791,0.0030501497992465017,0.0009645420570324279,10
3.75,0.021317,6.7,8.268584950589176,0.5492952066761982,0.003707287167714704,0.0011723471390293113,10
3.75,0.021317,6.7,9.385924667975567,0.5140049593515101,0.00391359736532216,0.0012375881519252094,10
3.75,0.021317,6.7,10.65425128959158,0.4843272723770281,0.0038925056480428114,0.0012309183652885023,10
3.75,0.021317,6.7,12.093967782318368,0.5008756263959746,0.0011977200645338756,0.0003787523403210904,10
3.75,0.021317,6.7,13.728234180344895,0.5207648679936223,0.0039582225999308445,0.001251699890173491,10
3.75,0.021317,6.7,15.583340149618108,0.5078203311821924,0.0047438205744654415,0.0015001277826479193,10
3.75,0.021317,6.7,17.689127897190275,0.4819268589053582,0.004446503200684571,0.0014061077737392014,10
3.75,0.021317,6.7,20.07947222860456,0.5121992447797972,0.003418470542980185,0.001081015303000991,10
3.75,0.021317,6.7,22.792825475773903,0.48223837274187054,0.00426749553176746,0.0013495005784976617,10
3.75,0.021317,6.7,25.872836061348632,0.4890243014320273,0.0029690547712962223,0.000938897557508638,10
3.75,0.021317,6.7,29.369050650123167,0.48071214022967396,0.004382171497105989,0.001385764302832489,10
3.75,0.021317,6.7,33.33771118265806,0.47353714613386727,0.006534143884158052,0.002066277723319885,10
3.75,0.021317,6.7,37.842659612617176,0.4692429150832294,0.005302452947080276,0.0016767828498645942,10
3.75,0.021317,6.7,42.95636490189982,0.4638712507877898,0.007314062919067664,0.0023129097774033597,10
3.75,0.021317,6.7,48.76108879434957,0.4561764761555338,0.006636453005989117,0.002098630708359667,10
3.75,0.021317,6.7,55.350209121286355,0.4489764290727159,0.008630125321695768,0.0027290852509251973,10
3.75,0.021317,6.7,62.82972192624931,0.4379981390532645,0.006235646750838758,0.0019718846416878944,10
3.75,0.021317,6.7,71.31994657291497,0.4305924549925221,0.005834321286877333,0.0018449743867737017,10
3.75,0.021317,6.7,80.95746126545187,0.42026132204053734,0.004988815431324721,0.0015776019589181442,10
3.75,0.021317,6.7,91.89730011710618,0.40883380187735846,0.004943959441927825,0.0015634172495986886,10
3.75,0.021317,6.7,104.31544711021446,0.39790939406655124,0.004315238092966864,0.0013645981019696713,10
3.75,0.021317,6.7,118.41166706679324,0.3865834068329444,0.004886722717673241,0.0015453174081535399,10
3.75,0.021317,6.7,134.41271917018034,0.374169456425712,0.004222348043909196,0.0013352236892709703,10
3.75,0.021317,6.7,152.57600473212457,0.3607949845795121,0.005378093263618898,0.001700702418184409,10
3.75,0.021317,6.7,173.19370788521238,0.3434617836531319,0.004944520775684654,0.0015635947589186005,10
3.75,0.021317,6.7,196.59749580998604,0.3252560615398822,0.008643318499402372,0.00273325730003802,10
3.75,0.021317,6.7,223.1638541070668,0.3102027818232092,0.0068792576859266425,0.0021754122898747443,10
3.75,0.021317,6.7,253.32014314187637,0.2940159778456438,0.007322270613799632,0.0023155052783725982,10
3.75,0.021317,6.7,287.5514727874956,0.2751896087852564,0.008281151801093165,0.002618730134106005,10
3.75,0.021317,6.7,326.40850615637055,0.2557448213074339,0.008115932889503966,0.0025664833267904194,10
3.75,0.021317,6.7,370.5163178557939,0.2365084137405468,0.008052117573164442,0.002546303151866714,10
3.75,0.021317,6.7,420.58444926569615,0.21656231189049305,0.009550635705058434,0.003020176193051276,10
3.75,0.021317,6.7,477.4183225932176,0.1989588361540831,0.00903345016995591,0.0028566277666695825,10
3.75,0.021317,6.7,541.9321973165318,0.17943586244433782,0.008547185752117834,0.002702857456123169,10
3.75,0.021317,6.7,615.1638774420524,0.15993078475463687,0.005373842625492435,0.0016993582483855317,10
3.75,0.021317,6.7,698.2914061636919,0.13877267892447245,0.006395830650027716,0.0020225392382802847,10
3.75,0.021317,6.7,792.652016483199,0.11971359959499486,0.007284615495577345,0.0023035976844580646,10
3.75,0.021317,6.7,899.7636426411872,0.10036701720542754,0.005814517640604614,0.0018387119239538922,10
3.75,0.021317,6.7,1021.3493384030259,0.08260427306513334,0.0071223696734898975,0.0022522910505937857,10
3.75,0.021317,6.7,1159.3649950049091,0.06642224559722265,0.0062314956047920655,0.001970571934047139,10
3.75,0.021317,6.7,1316.0308046455484,0.05363750921524466,0.004195315168451254,0.001326675143455894,10
3.75,0.021317,6.7,1493.8669756616864,0.04261283722541132,0.0035874672400036263,0.001134456750964938,10
3.75,0.021317,6.7,1695.7342739204687,0.03256065555871704,0.004273592070608084,0.0013514284733556672,10
3.75,0.021317,6.7,1924.8800425987847,0.023003036381345453,0.0037972356673601224,0.0012007913521287481,10
3.75,0.021317,6.7,2184.990440647822,0.017579146852424506,0.0032523479466815045,0.0010284827254885421,10
3.75,0.021317,6.7,2480.2497402782196,0.01159765135984801,0.0028520986593967186,0.0009019127875206426,10
3.75,0.021317,6.7,2815.4076373562034,0.00809726288161033,0.0031460865620617333,0.000994879925216376,10
3.75,0.021317,6.7,3195.8556575010366,0.006481139361641919,0.0032575320562129436,0.0010301220848644556,10
3.75,0.021317,6.7,3627.7138869923433,0.0041768450798604535,0.0023258330414401207,0.000735492986822757,10
3.75,0.021317,6.7,4117.929423686066,0.0021801802004885753,0.002637769509014286,0.000834135959102919,10
3.75,0.021317,6.7,4674.388131672206,0.001591268627514435,0.002370577079643004,0.0007496422940662268,10
3.75,0.021317,6.7,5306.041497418272,0.0001862595014402946,0.0019936728938739546,0.000630454725398085,10
3.75,0.021317,6.7,6023.050628072877,-0.0004062448562314628,0.0014752529931542394,0.0004665159583348186,10
3.75,0.021317,6.7,6836.949708361742,0.0005725423285869388,0.0018390484867066262,0.0005815581945478828,10
3.75,0.021317,6.7,7760.831545529242,0.000548656798391726,0.0016964697585055957,0.000536470841847349,10
3.75,0.021317,6.7,8809.558187098928,0.0007337237179257816,0.001792938011686716,0.0005669767820423615,10
3.75,0.021317,6.7,9999.99999956053,0.001065752917284232,0.0030151668815896404,0.0009534794871330476,10
3.75,0.0173726,6.7,0.010000000000218279,0.9999566207929764,0.0001,3.1622776601683795e-05,10
3.75,0.0173726,6.7,0.011348930950786602,0.9999390670890544,0.0001,3.1622776601683795e-05,10
3.75,0.0173726,6.7,0.012879823372291061,0.9999191455116812,0.0001,3.1622776601683795e-05,10
3.75,0.0173726,6.7,0.014617222610726805,0.9998965366510774,0.0001,3.1622776601683795e-05,10
3.75,0.0173726,6.7,0.016588985009779414,0.9998708780112914,0.0001,3.1622776601683795e-05,10
3.75,0.0173726,6.7,0.0188267245415511,0.9998417581981695,0.0001,3.1622776601683795e-05,10
3.75,0.0173726,6.7,0.021366319684687912,0.9997968887083619,0.0001,3.1622776601683795e-05,10
3.75,0.0173726,6.7,0.024248488676866263,0.9997344459194071,0.0001,3.1622776601683795e-05,10
3.75,0.0173726,6.7,0.027519442364867905,0.999663580029386,0.0001,3.1622776601683795e-05,10
3.75,0.0173726,6.7,0.03123162511962202,0.9995724948817374,0.0001,3.1622776601683795e-05,10
3.75,0.0173726,6.7,0.03544455569557056,0.9994447571901981,0.0001,3.1622776601683795e-05,10
3.75,0.0173726,6.7,0.04022578151615598,0.9992978413736895,0.0001,3.1622776601683795e-05,10
3.75,0.0173726,6.7,0.04565196168583171,0.9990865208409254,0.0001,3.1622776601683795e-05,10
3.75,0.0173726,6.7,0.05181009609291505,0.9988311160993172,0.0001,3.1622776601683795e-05,10
3.75,0.0173726,6.7,0.058798920309927706,0.9984987899166609,0.0001,3.1622776601683795e-05,10
3.75,0.0173726,6.7,0.06673048865636076,0.9980639187639412,0.0001,3.1622776601683795e-05,10
3.75,0.0173726,6.7,0.07573197080567556,0.9975098605923691,0.0001,3.1622776601683795e-05,10
3.75,0.0173726,6.7,0.08594769074218378,0.9967990060503477,0.0001,3.1622776601683795e-05,10
3.75,0.0173726,6.7,0.09754144075913132,0.9958875816361046,0.0001,3.1622776601683795e-05,10
3.75,0.0173726,6.7,0.11069910759914599,0.994716097778297,0.0001,3.1622776601683795e-05,10
3.75,0.0173726,6.7,0.1256316528428981,0.9931879931239267,0.00010858526173584193,3.433767474107893e-05,10
3.75,0.0173726,6.7,0.14257849533161215,0.9912683353177739,0.00013887444666373376,4.3915956025297036e-05,10
3.75,0.0173726,6.7,0.16181134985501963,0.9888042793944327,0.0001778656132673154,5.6246045534738e-05,10
3.75,0.0173726,6.7,0.1836385836518106,0.985640929601512,0.00022784464219452507,7.205080220008043e-05,10
3.75,0.0173726,6.7,0.2084101605719156,0.9816099535071319,0.00029096027000221085,9.200971618245512e-05,10
3.75,0.0173726,6.7,0.23652325217213901,0.9764652023704535,0.0003707033369870072,0.00011722668811038834,10
3.75,0.0173726,6.7,0.2684286057098499,0.9700180502294472,0.0004689045260164004,0.00014828063073735054,10
3.75,0.0173726,6.7,0.30463777113505125,0.9618506181970117,0.0005913473340283743,0.00018700044637980564,10
3.75,0.0173726,6.7,0.34573130295377624,0.9517757739411117,0.0007405846244130801,0.0002341934213245673,10
3.75,0.0173726,6.7,0.3923680684662243,0.9391234453262257,0.000921846400294929,0.0002915134277759291,10
3.75,0.0173726,6.7,0.44529581162194903,0.9236678241805679,0.0011401487047614687,0.00036054667783371055,10
3.75,0.0173726,6.7,0.5053631418661665,0.9048539786312132,0.0013966013599216742,0.00044164412806410884,10
3.75,0.0173726,6.7,0.5735331401986506,0.8822693060154185,0.0016908323713075832,0.0005346881434875496,10
3.75,0.0173726,6.7,0.650898800596022,0.8556477532928823,0.0020146336438371026,0.0006370830965329689,10
3.75,0.0173726,6.7,0.7387005543752824,0.8247497676401508,0.0023562504671795852,0.0007451118214123309,10
3.75,0.0173726,6.7,0.8383461584729869,0.7894461516376827,0.0026917841132963792,0.0008512168767473289,10
3.75,0.0173726,6.7,0.9514332665159447,0.7497065770184892,0.0030210470881278043,0.0009553389717103289,10
3.75,0.0173726,6.7,1.079775044573511,0.7055316608056506,0.003352796165410938,0.0010602472412977214,10
3.75,0.0173726,6.7,1.2254292422979816,0.6570528413333887,0.003691266996052672,0.0011672811159334205,10
3.75,0.0173726,6.7,1.3907311855610969,0.6046106572336702,0.004074803636121673,0.0012885660508080447,10
3.75,0.0173726,6.7,1.5783312195693944,0.5496670091858913,0.004524831373008103,0.0014308773166892537,10
3.75,0.0173726,6.7,1.7912372027972874,0.49657651436086353,0.0051917606018037415,0.0016417788568026312,10
3.75,0.0173726,6.7,2.0328627330582822,0.4515680081344513,0.006178350510895537,0.0019537659797294847,10
3.75,0.0173726,6.7,2.307081878940219,0.42083575157780206,0.007036888404316622,0.0022252594998068364,10
3.75,0.0173726,6.7,2.618291294133204,0.40654404964685087,0.007187343104806266,0.002272837453629409,10
3.75,0.0173726,6.7,2.9714807105514813,0.40706061725221937,0.007166598758960446,0.002266277515485105,10
3.75,0.0173726,6.7,3.372312940490693,0.4247621390220385,0.007490632936340152,0.0023687461195109932,10
3.75,0.0173726,6.7,3.8272146705237597,0.4634763042708482,0.006903275735529981,0.0021830074640448896,10
3.75,0.0173726,6.7,4.343479502866355,0.5093957981860255,0.005979842707044485,0.0018909923003807582,10
3.75,0.0173726,6.7,4.929384896311119,0.5428075949474186,0.004890385718173759,0.0015464757506187374,10
3.75,0.0173726,6.7,5.594324881686415,0.5531002435910691,0.0035719586786063847,0.0011295525132401533,10
3.75,0.0173726,6.7,6.348960679714063,0.5421949294155284,0.0061044920601574185,0.001930409886851105,10
3.75,0.0173726,6.7,7.205391636176128,0.5531301364611723,0.007208698101120907,0.002279590496407286,10
3.75,0.0173726,6.7,8.177349215055322,0.5773595237500586,0.005174487115775772,0.0016363165009046833,10
3.75,0.0173726,6.7,9.280417160010616,0.5711025285618154,0.004218926066185863,0.0013341415649001614,10
3.75,0.0173726,6.7,10.532281354115659,0.5262488919429475,0.0029779530737781192,0.0009417114478238303,10
3.75,0.0173726,6.7,11.953013383950672,0.5103842048653658,0.002987885029562431,0.0009448522080136813,10
3.75,0.0173726,6.7,13.56539235453231,0.5385171956530324,0.0050798998178740225,0.001606405370995644,10
3.75,0.0173726,6.7,15.395270114855519,0.5486273879556388,0.005166905379155175,0.001633918945270624,10
3.75,0.0173726,6.7,17.471985749839003,0.5242355366993372,0.0026620038852929544,0.0008417995417743338,10
3.75,0.0173726,6.7,19.82883598437221,0.5213514205398805,0.003652376181120471,0.0011549827604088363,10
3.75,0.0173726,6.7,22.50360904162008,0.5399898129564475,0.004298800619414569,0.0013594001164292683,10
3.75,0.0173726,6.7,25.53919051512684,0.5164248718816393,0.004158779002063954,0.0013151213931804186,10
3.75,0.0173726,6.7,28.984250968883195,0.5198528736261101,0.003039090389883521,0.0009610447647161067,10
3.75,0.0173726,6.7,32.8940262898945,0.5164516899545719,0.005465801502877365,0.0017284381987463845,10
3.75,0.0173726,6.7,37.33120330492232,0.5107321860499943,0.005621186457208766,0.0017775752357272318,10
3.75,0.0173726,6.7,42.36692486080921,0.5054976199897981,0.005290078160963565,0.0016728695988959704,10
3.75,0.0173726,6.7,48.08193048319922,0.5027954579191967,0.006601529399422935,0.0020875868942739923,10
3.75,0.0173726,6.7,54.56785090224384,0.4975610066826633,0.0070578129182180035,0.002231876412092859,10
3.75,0.0173726,6.7,61.9286772008866,0.49407134396241326,0.007230909111458571,0.0022866142345873424,10
3.75,0.0173726,6.7,70.28242814110733,0.487364642579634,0.0051861670562583255,0.0016400100223906908,10
3.75,0.0173726,6.7,79.76304240096376,0.48228631149738177,0.005827637902216841,0.0018428609149730834,10
3.75,0.0173726,6.7,90.52252606134415,0.4737378297616197,0.004785499755714144,0.0015133078970236075,10
3.75,0.0173726,6.7,102.73338977385504,0.46497466361117173,0.005234410680978349,0.0016552659960604587,10
3.75,0.0173726,6.7,116.59141468582777,0.45805342698891466,0.004553710449191494,0.0014400096824353575,10
3.75,0.0173726,6.7,132.3187914695104,0.4493273271545192,0.005076045433696157,0.0016051865076977068,10
3.75,0.0173726,6.7,150.1676827846226,0.4378625236852917,0.0036567511644453967,0.0011563662516120385,10
3.75,0.0173726,6.7,170.42426629251077,0.42771452442794267,0.004836383179797383,0.0015293986485487375,10
3.75,0.0173726,6.7,193.4133230449955,0.4179981910713618,0.002973793538583406,0.0009403960873015378,10
3.75,0.0173726,6.7,219.5034448151924,0.40799817420174705,0.003959469289107309,0.0012520941279066816,10
3.75,0.0173726,6.7,249.11294386130345,0.3947003382952721,0.0056016203225426504,0.0017713878806721814,10
3.75,0.0173726,6.7,282.71655987674006,0.38145702357093036,0.007201722209308937,0.0022773845257236117,10
3.75,0.0173726,6.7,320.85307166150136,0.36597246770178093,0.006133690518215716,0.0019396432500140167,10
3.75,0.0173726,6.7,364.1339355554681,0.352345963519215,0.006404945591021044,0.0020254216357079805,10
3.75,0.0173726,6.7,413.2530891366981,0.3354088885322383,0.006672810891100385,0.0021101280811455002,10
3.75,0.0173726,6.7,468.99807737092755,0.31793034790486463,0.00863660103822552,0.0027311330522967595,10
3.75,0.0173726,6.7,532.2626796018146,0.3007155038448226,0.0075641250289529526,0.0023919863597778417,10
3.75,0.0173726,6.7,604.0612398349792,0.2825094853035627,0.008881151785842206,0.002808466788893331,10
3.75,0.0173726,6.7,685.5449300784085,0.2636290467811064,0.011053917556932039,0.0034955556547629214,10
3.75,0.0173726,6.7,778.0202074951861,0.2462493597063918,0.010481831525463947,0.0033146461670623285,10
3.75,0.0173726,6.7,882.9697612986797,0.22680314010160013,0.01120692478924551,0.0035439407900218294,10
3.75,0.0173726,6.7,1002.0762852392492,0.20777390050855202,0.012741877613311211,0.004029335492517363,10
3.75,0.0173726,6.7,1137.249456835274,0.18973583461672794,0.011039029561675438,0.0034908476572824572,10
3.75,0.0173726,6.7,1290.6565559161368,0.16821609734015794,0.012093828297983342,0.0038244043052624893,10
3.75,0.0173726,6.7,1464.7572133952558,0.14798886523507715,0.01312327764726661,0.004149944773213825,10
3.75,0.0173726,6.7,1662.3428474126497,0.12974770141094555,0.012034660317964413,0.0038056937471213745,10
3.75,0.0173726,6.7,1886.581419140835,0.11348826506544744,0.01244380078147112,0.003935075321883194,10
3.75,0.0173726,6.7,2141.068225839898,0.09511566304065774,0.013854402093000845,0.00438114662336866,10
3.75,0.0173726,6.7,2429.8835455449785,0.07891480423154612,0.011955351944188335,0.003780614237255737,10
3.75,0.0173726,6.7,2757.658057624055,0.06620984509901884,0.010627372402254701,0.0033606702333940004,10
3.75,0.0173726,6.7,3129.6470881172563,0.05302500248628491,0.009843511074211558,0.0031127915167599254,10
3.75,0.0173726,6.7,3551.8148702597805,0.04337515980819819,0.008505253424918032,0.002689597289968889,10
3.75,0.0173726,6.7,4030.9301711675366,0.03430404409623866,0.00762809155831448,0.002412214352457688,10
3.75,0.0173726,6.7,4574.6748179024235,0.026508306372251562,0.00663642970460167,0.0020986233398139695,10
3.75,0.0173726,6.7,5191.766862954362,0.02098592290748965,0.00628362807044946,0.0019870576671989267,10
3.75,0.0173726,6.7,5892.100363896489,0.013828692702527536,0.004741095503023804,0.001499266039393694,10
3.75,0.0173726,6.7,6686.904018350626,0.00940853193271754,0.003920881228250084,0.0012398915116268797,10
3.75,0.0173726,6.7,7588.921197714221,0.005880763591559274,0.0029593658016033608,0.0009358336362676595,10
3.75,0.0173726,6.7,8612.61426619395,0.0032323714605973566,0.0032711036758769608,0.001034413807832038,10
3.75,0.0173726,6.7,9774.39646106612,0.001745434312100972,0.002234550539453492,0.0007066269251430978,10
3.75,0.0173726,6.7,11092.895051983096,4.083360514073298e-06,0.0016541343710943272,0.0005230832168628262,10
3.75,0.0173726,6.7,12589.249998653047,-0.0007849131536890351,0.002082130491951927,0.0006584274740254975,10
3.75,0.01513379,6.7,0.00999999999839929,0.999962117889383,0.0001,3.1622776601683795e-05,10
3.75,0.01513379,6.7,0.011341252430847252,0.9999468705727106,0.0001,3.1622776601683795e-05,10
3.75,0.01513379,6.7,0.012862400672078781,0.9999295782059805,0.0001,3.1622776601683795e-05,10
3.75,0.01513379,6.7,0.014587573291209535,0.9999099664963559,0.0001,3.1622776601683795e-05,10
3.75,0.01513379,6.7,0.016544135107557503,0.9998877243614068,0.0001,3.1622776601683795e-05,10
3.75,0.01513379,6.7,0.01876312125348864,0.9998624989946971,0.0001,3.1622776601683795e-05,10
3.75,0.01513379,6.7,0.021279729456047256,0.9998242146919096,0.0001,3.1622776601683795e-05,10
3.75,0.01513379,6.7,0.02413387834597993,0.9997701896135878,0.0001,3.1622776601683795e-05,10
3.75,0.01513379,6.7,0.02737084065009298,0.9997089184084933,0.0001,3.1622776601683795e-05,10
3.75,0.01513379,6.7,0.031041961310688912,0.9996315607837654,0.0001,3.1622776601683795e-05,10
3.75,0.01513379,6.7,0.03520547192294711,0.9995213104206598,0.0001,3.1622776601683795e-05,10
3.75,0.01513379,6.7,0.0399274144089161,0.9993962727007826,0.0001,3.1622776601683795e-05,10
3.75,0.01513379,6.7,0.045282688579504994,0.9992146296031017,0.0001,3.1622776601683795e-05,10
3.75,0.01513379,6.7,0.05135624020098169,0.998997832399285,0.0001,3.1622776601683795e-05,10
3.75,0.01513379,6.7,0.05824440841117919,0.9987118374623533,0.0001,3.1622776601683795e-05,10
3.75,0.01513379,6.7,0.06605645385822836,0.9983422058012165,0.0001,3.1622776601683795e-05,10
3.75,0.01513379,6.7,0.07491629180127019,0.9978715178368166,0.0001,3.1622776601683795e-05,10
3.75,0.01513379,6.7,0.08496445766372214,0.9972676970580426,0.0001,3.1622776601683795e-05,10
3.75,0.01513379,6.7,0.09636033621685526,0.9964935036285911,0.0001,3.1622776601683795e-05,10
3.75,0.01513379,6.7,0.10928468975316025,0.9955057286386415,0.0001,3.1622776601683795e-05,10
3.75,0.01513379,6.7,0.12394252535158132,0.9942043328087342,0.0001,3.1622776601683795e-05,10
3.75,0.01513379,6.7,0.14056634671539753,0.9926005772710773,0.00010275022240294368,3.2492473288216134e-05,10
3.75,0.01513379,6.7,0.15941984216365065,0.9905165076850148,0.00013118276281595605,4.148363202520649e-05,10
3.75,0.01513379,6.7,0.18080206727532008,0.9878561060709481,0.0001669436459731098,5.2792216216782385e-05,10
3.75,0.01513379,6.7,0.20505218853166624,0.9844511612662636,0.00021170984676229264,6.694853188540689e-05,10
3.75,0.01513379,6.7,0.2325548632007564,0.9801092993657585,0.0002671770644940187,8.448880623588016e-05,10
3.75,0.01513379,6.7,0.2637463408003112,0.9746734796667097,0.00033425508691270977,0.0001057007394141702,10
3.75,0.01513379,6.7,0.2991213829207405,0.9677818351949826,0.00041439566794667336,0.0001310434163218319,10
3.75,0.01513379,6.7,0.339241111171127,0.9592605431544181,0.0005076874583506619,0.00016054487078899626,10
3.75,0.01513379,6.7,0.38474190773287287,0.9485299766236268,0.0006137836416809185,0.00019409542982643617,10
3.75,0.01513379,6.7,0.43634550970227187,0.935403740322348,0.0007311166163038079,0.00023119937427154281,10
3.75,0.01513379,6.7,0.4948704573392323,0.9194124617024781,0.00085637895820315,0.00027081080481640917,10
3.75,0.01513379,6.7,0.5612450778151453,0.9000862301252065,0.000984192978447854,0.0003112291469040228,10
3.75,0.01513379,6.7,0.6365222104090963,0.8770382442530037,0.0011092176025632072,0.0003507654044851158,10
3.75,0.01513379,6.7,0.7218959067245982,0.8500307142145559,0.0012430844179888685,0.00039309780847096104,10
3.75,0.01513379,6.7,0.8187203708269569,0.8188035841452855,0.0014010222165382897,0.0004430421256758619,10
3.75,0.01513379,6.7,0.9285314397311702,0.7831915836133688,0.001612623156668008,0.0005099562182601454,10
3.75,0.01513379,6.7,1.05307094496549,0.7429725802461267,0.0018859815437572026,0.0005963997303313274,10
3.75,0.01513379,6.7,1.1943143416356246,0.6979600695750855,0.002232299818690252,0.0007059151847442107,10
3.75,0.01513379,6.7,1.3545020432438934,0.6481329240313021,0.002647373688743594,0.0008371730674031423,10
3.75,0.01513379,6.7,1.5361749592986353,0.594375327647646,0.003036762825436193,0.0009603087242106681,10
3.75,0.01513379,6.7,1.7422147994141117,0.5396396252292867,0.003251660002550101,0.001028265178452724,10
3.75,0.01513379,6.7,1.9758897832076188,0.4891746817400963,0.003234530654558439,0.0010228484030039957,10
3.75,0.01513379,6.7,2.240906481047671,0.44917847753035345,0.0031182685687633598,0.0009860831033405599,10
3.75,0.01513379,6.7,2.5414686079551454,0.42525517171754873,0.003262280929255666,0.0010316238103778533,10
3.75,0.01513379,6.7,2.8823437032507084,0.4157272005754923,0.0035818711906625404,0.0011326871247832864,10
3.75,0.01513379,6.7,3.268938753626201,0.4221343324090038,0.0037980420025303927,0.0012010463376983035,10
3.75,0.01513379,6.7,3.7073859591788403,0.449876245089097,0.003497316776074868,0.0011059486711513652,10
3.75,0.01513379,6.7,4.204640002835642,0.49437011403299813,0.00277529111620398,0.0008776241097235611,10
3.75,0.01513379,6.7,4.768588366063048,0.5380705001242674,0.0036122340517648907,0.0011422887045195622,10
3.75,0.01513379,6.7,5.408176440697948,0.5645948639444254,0.00551369266367774,0.0017435827135382402,10
3.75,0.01513379,6.7,6.13354942143345,0.562009741366206,0.007763300160249874,0.0024549710665939775,10
3.75,0.01513379,6.7,6.956213229668879,0.5561555308657505,0.007667136729129674,0.0024245615195983227,10
3.75,0.01513379,6.7,7.8892170213102375,0.5782257516304716,0.006834938964790027,0.002161397479696989,10
3.75,0.01513379,6.7,8.947360173473841,0.6088083130877306,0.006565012754591941,0.002076039317256657,10
3.75,0.01513379,6.7,10.147427033331924,0.5797824492346596,0.005071134671830155,0.0016036335884433803,10
3.75,0.01513379,6.7,11.508453152704268,0.52192483050723,0.003584087381010023,0.001133387945705939,10
3.75,0.01513379,6.7,13.052027231429157,0.5303644276143474,0.0047259414595026295,0.001494473910064871,10
3.75,0.01513379,6.7,14.802633558962526,0.5668198003659348,0.0053980224055607305,0.0017070045662193071,10
3.75,0.01513379,6.7,16.78804038603977,0.5619987397324271,0.003120728417847906,0.0009868609759213045,10
3.75,0.01513379,6.7,19.03974038678126,0.5352389154521536,0.0033581720645761196,0.0010619472498810587,10
3.75,0.01513379,6.7,21.593450197884852,0.5584009595881531,0.004640830982517708,0.0014675596140633017,10
3.75,0.01513379,6.7,24.489676958634192,0.538726828241024,0.00438264040213695,0.0013859125836229037,10
3.75,0.01513379,6.7,27.77436083822328,0.5462391884497289,0.004668599787796365,0.0014763408813215282,10
3.75,0.01513379,6.7,31.49960374221504,0.5449166691248394,0.00454597522266961,0.001437563589032708,10
3.75,0.01513379,6.7,35.72449575693062,0.5367811049698548,0.0047317431621334595,0.0014963085695269124,10
3.75,0.01513379,6.7,40.516052440893645,0.53402667253055,0.004396496161770996,0.0013902941595384443,10
3.75,0.01513379,6.7,45.950277830717354,0.5352522763183417,0.0037443456263803543,0.0011840660526251771,10
3.75,0.01513379,6.7,52.11337002291485,0.5304228226507275,0.0033354736137567276,0.0010547693694863993,10
3.75,0.01513379,6.7,59.10308845466325,0.5230666644322699,0.004773327838088355,0.001509458798704663,10
3.75,0.01513379,6.7,67.03030457143262,0.5197511726007009,0.005410786760767833,0.0017110410097510946,10
3.75,0.01513379,6.7,76.02076047828794,0.5164767834075052,0.004341005297062079,0.0013727464073572011,10
3.75,0.01513379,6.7,86.21706347072488,0.5136047577521723,0.005075590768192561,0.00160504272984122,10
3.75,0.01513379,6.7,97.78094808243908,0.5094114688996434,0.00503874065961359,0.001593389702327814,10
3.75,0.01513379,6.7,110.89584153080227,0.5026100220483116,0.0030896711150422943,0.0009770397944365774,10
3.75,0.01513379,6.7,125.76977325333844,0.49380443386137224,0.0034091765127685918,0.0010780762725898856,10
3.75,0.01513379,6.7,142.63867468648593,0.4905123694967287,0.005650623687727185,0.0017868841053717938,10
3.75,0.01513379,6.7,161.77012162798866,0.4846221505151405,0.004794852017378597,0.0015162653418369623,10
3.75,0.01513379,6.7,183.46757854455615,0.476485418736157,0.005759060134461821,0.0018211747206774917,10
3.75,0.01513379,6.7,208.07521214831755,0.4691289874701653,0.005898584861689537,0.001865296313472821,10
3.75,0.01513379,6.7,235.98335059539062,0.46035466039649436,0.005453015076259559,0.0017243947756216973,10
3.75,0.01513379,6.7,267.634674900786,0.451109332545501,0.005909651940798045,0.0018687960311756361,10
3.75,0.01513379,6.7,303.53124077834207,0.43967034981870035,0.006932546091222632,0.0021922635632360948,10
3.75,0.01513379,6.7,344.24244228664884,0.42949336445944103,0.005406236111893452,0.0017096019682236222,10
3.75,0.01513379,6.7,390.4140436009193,0.41743747742786014,0.007889769055172018,0.002494964042705825,10
3.75,0.01513379,6.7,442.77842217345926,0.4055559311637701,0.008636393268558211,0.00273106734975902,10
3.75,0.01513379,6.7,502.1661857605281,0.39358181717703333,0.005622946500948132,0.0017781318104270233,10
3.75,0.01513379,6.7,569.519347585752,0.38103223676472436,0.008001787356938912,0.00253038734002657,10
3.75,0.01513379,6.7,645.9062686255376,0.3666167310427575,0.010340622358319828,0.003269991907595245,10
3.75,0.01513379,6.7,732.5386040321442,0.35314613922140764,0.010758630882891989,0.0034021778094966942,10
3.75,0.01513379,6.7,830.7905224998867,0.33538266463920674,0.011549727904804848,0.003652344653438771,10
3.75,0.01513379,6.7,942.2205034334926,0.32020628083183883,0.012146291376300512,0.003840994587317094,10
3.75,0.01513379,6.7,1068.5960576669736,0.30413048060210757,0.012294686417366722,0.003887921219641439,10
3.75,0.01513379,6.7,1211.9217638549296,0.2864878014990182,0.01405436533307711,0.0044443805520634665,10
3.75,0.01513379,6.7,1374.4710652516549,0.27063330348051273,0.013465653877275434,0.004258213643566782,10
3.75,0.01513379,6.7,1558.8223312409773,0.2516975436312252,0.013615311029151693,0.004305539390373054,10
3.75,0.01513379,6.7,1767.8997556275617,0.23415009767923692,0.012862848178151516,0.004067589743990608,10
3.75,0.01513379,6.7,2005.0197404214812,0.21440999771848354,0.015707730236450414,0.004967220441867852,10
3.75,0.01513379,6.7,2273.9435008591786,0.196753384780915,0.014444902882826205,0.004567879368966313,10
3.75,0.01513379,6.7,2578.9367260856666,0.1746852451977787,0.012845999468336746,0.004062261714125617,10
3.75,0.01513379,6.7,2924.837241840215,0.15623371955794854,0.01399844476704179,0.00442669691639172,10
3.75,0.01513379,6.7,3317.131748416269,0.13801112646589248,0.013341117287563037,0.004218831716014676,10
3.75,0.01513379,6.7,3762.042851118857,0.12008709074886977,0.011220796891246287,0.003548327533847493,10
3.75,0.01513379,6.7,4266.627763703292,0.10303910454272128,0.010551622924031133,0.0033367161451184203,10
3.75,0.01513379,6.7,4838.8902504366015,0.08664085710085176,0.010358545676500885,0.00327565975846325,10
3.75,0.01513379,6.7,5487.907582415175,0.07139064710080281,0.009556820370699718,0.0030221319560505807,10
3.75,0.01513379,6.7,6223.974521929398,0.05878658498464097,0.008755354873498556,0.002768686312331083,10
3.75,0.01513379,6.7,7058.766618766223,0.047029449419718844,0.009614195778909554,0.003040275653213081,10
3.75,0.01513379,6.7,8005.5254086680425,0.03513253827242212,0.007501222658128008,0.002372094883574707,10
3.75,0.01513379,6.7,9079.268451579921,0.027488719811575125,0.007555920840937126,0.0023893919677296146,10
3.75,0.01513379,6.7,10297.027541327803,0.022617181602010053,0.005404527104963022,0.0017090615327799048,10
3.75,0.01513379,6.7,11678.118865227887,0.01901800011090713,0.004568876814089511,0.0014448057081256536,10
3.75,0.01513379,6.7,13244.449398918952,0.014890033865887409,0.004700229829649968,0.0014863431787959119,10
3.75,0.01513379,6.7,15020.864396476712,0.011571111369109722,0.0035051057102427926,0.0011084117484029402,10
3.75,0.01513379,6.7,17035.54148772375,0.007798014545220645,0.002679518018327573,0.000847337996937593,10
3.75,0.01513379,6.7,19320.437633937272,0.005183586088569257,0.0032130162080947528,0.0010160449376616953,10
3.75,0.01513379,6.7,21911.796031599835,0.003368746061639305,0.0030314379882323823,0.0009586248628373036,10
3.75,0.01513379,6.7,24850.72100473897,0.0028481448455628194,0.0029062142662000853,0.0009190256449667168,10
3.75,0.01513379,6.7,28183.83000484169,0.0015233199790952807,0.003029995959837984,0.0009581688534196102,10
3.75,0.01508705,6.7,0.010000000002037268,0.9999625251316668,0.0001,3.1622776601683795e-05,10
3.75,0.01508705,6.7,0.011338235021392827,0.9999474971224253,0.0001,3.1622776601683795e-05,10
3.75,0.01508705,6.7,0.01285555733741486,0.9999304580123599,0.0001,3.1622776601683795e-05,10
3.75,0.01508705,6.7,0.014575933039290554,0.9999111386689166,0.0001,3.1622776601683795e-05,10
3.75,0.01508705,6.7,0.016526535442189197,0.9998892339432786,0.0001,3.1622776601683795e-05,10
3.75,0.01508705,6.7,0.018738174289474465,0.9998643978505479,0.0001,3.1622776601683795e-05,10
3.75,0.01508705,6.7,0.02124578239225987,0.9998269115967318,0.0001,3.1622776601683795e-05,10
3.75,0.01508705,6.7,0.024088967392773625,0.9997736980059122,0.0001,3.1622776601683795e-05,10
3.75,0.01508705,6.7,0.027312637366629262,0.9997133631860194,0.0001,3.1622776601683795e-05,10
3.75,0.01508705,6.7,0.030967710145382875,0.9996377307081907,0.0001,3.1622776601683795e-05,10
3.75,0.01508705,6.7,0.03511191756311897,0.9995292326322488,0.0001,3.1622776601683795e-05,10
3.75,0.01508705,6.7,0.03981071733013083,0.9994062149638341,0.0001,3.1622776601683795e-05,10
3.75,0.01508705,6.7,0.04513832693673006,0.9992284028170666,0.0001,3.1622776601683795e-05,10
3.75,0.01508705,6.7,0.05117889591768469,0.9990164417406902,0.0001,3.1622776601683795e-05,10
3.75,0.01508705,6.7,0.05802783499318927,0.9987351904835824,0.0001,3.1622776601683795e-05,10
3.75,0.01508705,6.7,0.06579332308013439,0.9983734107970058,0.0001,3.1622776601683795e-05,10
3.75,0.01508705,6.7,0.07459801597690165,0.9979127714730603,0.0001,3.1622776601683795e-05,10
3.75,0.01508705,6.7,0.08458098371034138,0.9973217423300558,0.0001,3.1622776601683795e-05,10
3.75,0.01508705,6.7,0.09589990714530751,0.9965636869552613,0.0001,3.1622776601683795e-05,10
3.75,0.01508705,6.7,0.10873356855217264,0.9955961744246047,0.0001,3.1622776601683795e-05,10
3.75,0.01508705,6.7,0.12328467547080978,0.9943227138090652,0.0001,3.1622776601683795e-05,10
3.75,0.01508705,6.7,0.1397830624739409,0.9927593677364266,0.00011682836060932501,3.694437148289639e-05,10
3.75,0.01508705,6.7,0.1584893214016693,0.9907126743082637,0.00014875719976198876,4.7041156959654196e-05,10
3.75,0.01508705,6.7,0.17969891740670949,0.9881198001197943,0.0001890752824687986,5.979085418411078e-05,10
3.75,0.01508705,6.7,0.20374685582320437,0.9847912435043794,0.00023973890644657272,7.581209881291939e-05,10
3.75,0.01508705,6.7,0.23101297357226958,0.9805422092118532,0.00030344157777969344,9.595665225789703e-05,10
3.75,0.01508705,6.7,0.2619279386819585,0.9752237871863688,0.0003822687443122986,0.00012088399103194,10
3.75,0.01508705,6.7,0.2969800526839987,0.9684792437643803,0.0004808515873194299,0.00015205862324367376,10
3.75,0.01508705,6.7,0.3367229633310806,0.9601336614420564,0.0006018557853320509,0.00019032351045986402,10
3.75,0.01508705,6.7,0.3817844094569832,0.9496177500384562,0.0007546483299223123,0.00023864075549967045,10
3.75,0.01508705,6.7,0.4328761361045061,0.9367577596770543,0.0009431745365319183,0.000298257976651455,10
3.75,0.01508705,6.7,0.49080513653054175,0.9210784904971913,0.0011768122763656619,0.0003721407171763029,10
3.75,0.01508705,6.7,0.5564863986556365,0.9021418695284329,0.0014647670026638135,0.0004631999969875574,10
3.75,0.01508705,6.7,0.6309573572880679,0.8795848168484646,0.0018140780134774826,0.0005736618375822475,10
3.75,0.01508705,6.7,0.7153942803951588,0.853090318703319,0.0022205053879614848,0.0007021854582634123,10
3.75,0.01508705,6.7,0.8111308482428019,0.822440923665771,0.0026570866438669696,0.0008402445735032293,10
3.75,0.01508705,6.7,0.919679218860497,0.787444476574499,0.0030909355856101046,0.00097743965513943,10
3.75,0.01508705,6.7,1.0427539125606917,0.7478525917860185,0.0034552603444473837,0.001092649259731166,10
3.75,0.01508705,6.7,1.1822988927681368,0.703477813340123,0.0036616683749823788,0.0011579212101151828,10
3.75,0.01508705,6.7,1.3405182709006658,0.6543387628491639,0.0036487491030333806,0.001153835777608187,10
3.75,0.01508705,6.7,1.5199111202846418,0.6013209477436092,0.003471996474749944,0.0010979416888285114,10
3.75,0.01508705,6.7,1.7233109489904885,0.5470329930102554,0.0034356125258896927,0.0010864360739615633,10
3.75,0.01508705,6.7,1.9539304550612986,0.49610968227448843,0.003712616921248187,0.0011740325550826248,10
3.75,0.01508705,6.7,2.215412271042865,0.4545511461167065,0.004148105039475648,0.0013117459898365712,10
3.75,0.01508705,6.7,2.5118864993244245,0.42680409508999484,0.004460160861775052,0.0014104267053948593,10
3.75,0.01508705,6.7,2.848035947060178,0.41394746124502957,0.004297187771706005,0.0013588900892014635,10
3.75,0.01508705,6.7,3.2291700910564716,0.41619061447172845,0.004407761532431728,0.0013938565825358394,10
3.75,0.01508705,6.7,3.6613089408991684,0.44084285142235247,0.004842846721870799,0.0015314426000191696,10
3.75,0.01508705,6.7,4.151278124938436,0.48538216920031624,0.00556720107996898,0.001760503560485118,10
3.75,0.01508705,6.7,4.706816701012988,0.5314165094795918,0.0057577082651419234,0.001820747222062514,10
3.75,0.01508705,6.7,5.336699394782983,0.5621235477314442,0.004892147180947009,0.0015470327740564438,10
3.75,0.01508705,6.7,6.050875196424707,0.5633637616169873,0.0038693739685151394,0.001223603485947249,10
3.75,0.01508705,6.7,6.860624504820288,0.5560402257326802,0.0041899843585372866,0.0013249893933457398,10
3.75,0.01508705,6.7,7.778737301333185,0.5739612003649531,0.005107195621210621,0.0016150370619064116,10
3.75,0.01508705,6.7,8.819715167422252,0.6067208831695284,0.003577261478625289,0.0011312294058437656,10
3.75,0.01508705,6.7,10.00000033696038,0.5888277565703252,0.0068300726488491155,0.0021598586154782623,10
3.75,0.01508705,6.7,11.338235401136522,0.5246488536443269,0.005663909093873577,0.001791085319678094,10
3.75,0.01508705,6.7,12.855557767977187,0.5250415068092058,0.004561441324002874,0.0014424543997063164,10
3.75,0.01508705,6.7,14.57593352747223,0.565648719127049,0.0045056441608364315,0.0014248097874481151,10
3.75,0.01508705,6.7,16.526535995701057,0.5661342106515413,0.0037826268824607367,0.0011961716487157948,10
3.75,0.01508705,6.7,18.73817491705922,0.5417901698413885,0.004294475164246838,0.0013580322874045707,10
3.75,0.01508705,6.7,21.245783103830213,0.5509670412300138,0.004297952060167422,0.00135913177843421,10
3.75,0.01508705,6.7,24.088968199568804,0.5470832140310435,0.0032980465348666026,0.001042933887940439,10
3.75,0.01508705,6.7,27.312638281392598,0.5448494535057237,0.004736802504682977,0.0014979084741188601,10
3.75,0.01508705,6.7,30.967711182563043,0.5471401532904223,0.0051496943505499665,0.0016284763401439469,10
3.75,0.01508705,6.7,35.11191873909822,0.5373439981765548,0.004547018512796939,0.001437893506338981,10
3.75,0.01508705,6.7,39.81071866348374,0.5367934779525263,0.004055671471293074,0.0012825159290652311,10
3.75,0.01508705,6.7,45.13832844851695,0.5375728022001295,0.003044832369636675,0.0009628605381459606,10
3.75,0.01508705,6.7,51.178897631784196,0.5315903838527124,0.003361321237619178,0.0010629431058372654,10
3.75,0.01508705,6.7,58.02783693667558,0.5280273614122117,0.004644992344288115,0.0014688755521995455,10
3.75,0.01508705,6.7,65.79332528370486,0.5220831441015935,0.005519768285147053,0.001745503993742645,10
3.75,0.01508705,6.7,74.59801847536157,0.5176091996168343,0.005478540344626391,0.001732466574214321,10
3.75,0.01508705,6.7,84.58098654315397,0.5140014072454772,0.004106869392335933,0.0012987061332613208,10
3.75,0.01508705,6.7,95.899910357217,0.5101191966366011,0.003923490943772312,0.0012407167761364132,10
3.75,0.01508705,6.7,108.73357219391116,0.5051804793488135,0.005309277219926682,0.0016789408744215025,10
3.75,0.01508705,6.7,123.28467959989848,0.5006815894980645,0.004473247043374304,0.0014145649193676813,10
3.75,0.01508705,6.7,139.78306715559873,0.4936898658058867,0.007186296086593348,0.002272506357398959,10
3.75,0.01508705,6.7,158.48932670984297,0.48913877867395694,0.005935093549981664,0.0018768413744116455,10
3.75,0.01508705,6.7,179.69892342524165,0.4771914092299617,0.00429162985268181,0.00135713252088474,10
3.75,0.01508705,6.7,203.74686264715757,0.47357908876952876,0.006959100938146189,0.0022006609431556505,10
3.75,0.01508705,6.7,231.01298130942808,0.4650824559104413,0.00658657744124496,0.0020828586699417942,10
3.75,0.01508705,6.7,261.9279474545307,0.45587739537316496,0.005909479149200592,0.0018687413896747872,10
3.75,0.01508705,6.7,296.9800626305472,0.4472316758669125,0.008076588981292234,0.002554041690590252,10
3.75,0.01508705,6.7,336.72297460871107,0.4381319411778872,0.006725312470025329,0.002126730538161292,10
3.75,0.01508705,6.7,381.7844222438258,0.42818971416278256,0.00771285394850204,0.0024390185737489475,10
3.75,0.01508705,6.7,432.8761506025288,0.41718791952564016,0.00975583307122839,0.0030850652977477406,10
3.75,0.01508705,6.7,490.80515296874063,0.40570457267216103,0.010214807543913311,0.0032302057699036494,10
3.75,0.01508705,6.7,556.4864172936527,0.3929447005130719,0.010262198385923838,0.0032451920700022952,10
3.75,0.01508705,6.7,630.9573784202887,0.3784175341006589,0.012666629234955444,0.004005539865933529,10
3.75,0.01508705,6.7,715.3943043553674,0.36533721244663975,0.011586660726479955,0.0036640238371297884,10
3.75,0.01508705,6.7,811.1308754094479,0.3471473205336643,0.012217956433578153,0.0038636570682814716,10
3.75,0.01508705,6.7,919.679249662679,0.33291240224349333,0.01215318640712666,0.003843174987511865,10
3.75,0.01508705,6.7,1042.7539474849295,0.3165469470479052,0.012244305791018047,0.0038719894667206683,10
3.75,0.01508705,6.7,1182.2989323660586,0.2982950554121636,0.01199742924487424,0.003793920248051659,10
3.75,0.01508705,6.7,1340.51831579772,0.28016287339391954,0.011116370594069887,0.0035153050391779897,10
3.75,0.01508705,6.7,1519.9111711899773,0.26339259304040175,0.012426174067590142,0.003929501265530395,10
3.75,0.01508705,6.7,1723.3110067081543,0.24361398050115973,0.012498730447330866,0.003952445607406073,10
3.75,0.01508705,6.7,1953.9305205029443,0.22632076181910438,0.011757472065570825,0.0037180391253008385,10
3.75,0.01508705,6.7,2215.4123452421413,0.20679308333743274,0.010806659512708037,0.003417365795808273,10
3.75,0.01508705,6.7,2511.8865834533076,0.1871670015937153,0.009710216073329427,0.0030706399364097566,10
3.75,0.01508705,6.7,2848.0360424474857,0.16770283547656203,0.010145667285247288,0.0032083417003638667,10
3.75,0.01508705,6.7,3229.1701992088424,0.14933981990476042,0.010333013227477487,0.0032675856891476417,10
3.75,0.01508705,6.7,3661.309063524868,0.13042693278605902,0.009530894174377308,0.003013933372906231,10
3.75,0.01508705,6.7,4151.278263974337,0.11415007532633488,0.008088538457320034,0.0025578204466995946,10
3.75,0.01508705,6.7,4706.81685865516,0.09888505324486366,0.00848417590857014,0.0026829319940610114,10
3.75,0.01508705,6.7,5336.699573521382,0.08239593306947243,0.007090274683272824,0.0022421417235371083,10
3.75,0.01508705,6.7,6050.875399082504,0.0689246430993021,0.007204356568365268,0.0022782175832028813,10
3.75,0.01508705,6.7,6860.624734598462,0.05686830892866683,0.0056508474271729425,0.0017869548579968959,10
3.75,0.01508705,6.7,7778.737561861079,0.045082481088422534,0.0055923589246765675,0.001768459169514797,10
3.75,0.01508705,6.7,8819.715462814902,0.03596570984116376,0.006134504191876846,0.0019399005562181426,10
3.75,0.01508705,6.7,10000.000671883508,0.026717996024000608,0.005998453507615195,0.0018968775522690184,10
3.75,0.01508705,6.7,11338.235780880237,0.021454652984620494,0.005791607136344325,0.001831466986373342,10
3.75,0.01508705,6.7,12855.558198539533,0.015107261548281719,0.004704853960208378,0.0014878054572721683,10
3.75,0.01508705,6.7,14575.934015653955,0.009938872425372945,0.002468655269763987,0.0007806573410231599,10
3.75,0.01508705,6.7,16526.536549212968,0.007298015262903135,0.0034804170478510586,0.0011006045078488583,10
3.75,0.01508705,6.7,18738.175544644033,0.004663645700601676,0.001636182776734953,0.0005174064242821208,10
3.75,0.01508705,6.7,21245.78381540058,0.0035303077300395365,0.0015059056550397506,0.0004762091811253433,10
3.75,0.01508705,6.7,24088.969006364012,0.0038014795649478823,0.00233740716772487,0.0007391530469213801,10
3.75,0.01508705,6.7,27312.639196155964,0.002121291479177295,0.002186830416233036,0.0006915364971830448,10
3.75,0.01508705,6.7,30967.712219743247,0.0010095734262122876,0.001457106409562389,0.00046077750474473,10
3.75,0.01508705,6.7,35111.91991507751,-7.321713930894146e-05,0.0014172587814909345,0.00044817657833862406,10
3.75,0.01508705,6.7,39810.719996836684,-0.0009264379104200275,0.002010237210991382,0.0006356928223957237,10
3.75,0.01499281,6.7,0.00999999999476131,0.9999627083197321,0.0001,3.1622776601683795e-05,10
3.75,0.01499281,6.7,0.011330878056378953,0.9999478230689706,0.0001,3.1622776601683795e-05,10
3.75,0.01499281,6.7,0.012838879759578904,0.9999309567728398,0.0001,3.1622776601683795e-05,10
3.75,0.01499281,6.7,0.014547578101251088,0.9999118457783578,0.0001,3.1622776601683795e-05,10
3.75,0.01499281,6.7,0.016483683356727792,0.9998901913435454,0.0001,3.1622776601683795e-05,10
3.75,0.01499281,6.7,0.018677460613289138,0.9998656549675082,0.0001,3.1622776601683795e-05,10
3.75,0.01499281,6.7,0.021163202872286763,0.9998291863606841,0.0001,3.1622776601683795e-05,10
3.75,0.01499281,6.7,0.02397976711539128,0.9997766988756933,0.0001,3.1622776601683795e-05,10
3.75,0.01499281,6.7,0.02717118171472063,0.9997172259464705,0.0001,3.1622776601683795e-05,10
3.75,0.01499281,6.7,0.030787334681849847,0.9996439889994633,0.0001,3.1622776601683795e-05,10
3.75,0.01499281,6.7,0.034884753514371765,0.9995371938065754,0.0001,3.1622776601683795e-05,10
3.75,0.01499281,6.7,0.0395274888305256,0.9994161854757497,0.0001,3.1622776601683795e-05,10
3.75,0.01499281,6.7,0.044788115604819795,0.9992435765278147,0.0001,3.1622776601683795e-05,10
3.75,0.01499281,6.7,0.050748867655907436,0.9990384933423486,0.0001,3.1622776601683795e-05,10
3.75,0.01499281,6.7,0.05750292312096411,0.9987624830503048,0.0001,3.1622776601683795e-05,10
3.75,0.01499281,6.7,0.06515586101103102,0.9984117350538952,0.0001,3.1622776601683795e-05,10
3.75,0.01499281,6.7,0.0738273116161127,0.9979654668528799,0.0001,3.1622776601683795e-05,10
3.75,0.01499281,6.7,0.08365282655906939,0.9973930709882417,0.0001,3.1622776601683795e-05,10
3.75,0.01499281,6.7,0.09478599773087891,0.9966589241998977,0.0001,3.1622776601683795e-05,10
3.75,0.01499281,6.7,0.10740085823034413,0.9957218380317464,0.0001,3.1622776601683795e-05,10
3.75,0.01499281,6.7,0.12169460283959939,0.9944928559920945,0.0001,3.1622776601683795e-05,10
3.75,0.01499281,6.7,0.13789067056173357,0.9929856045346493,0.0001,3.1622776601683795e-05,10
3.75,0.01499281,6.7,0.15624223740658313,0.9910102494345463,0.0001,3.1622776601683795e-05,10
3.75,0.01499281,6.7,0.1770361740237242,0.9885161261430164,0.0001,3.1622776601683795e-05,10
3.75,0.01499281,6.7,0.2005975300481571,0.9853519410684252,0.00010023406099550211,3.16967931874031e-05,10
3.75,0.01499281,6.7,0.22729461525772093,0.9812746491590445,0.00013056096388898542,4.12870019396189e-05,10
3.75,0.01499281,6.7,0.2575447569706005,0.976180124886009,0.0001695089702159152,5.3603442971193575e-05,10
3.75,0.01499281,6.7,0.2918208236822387,0.9697224143753743,0.00022048856149799805,6.97246052347781e-05,10
3.75,0.01499281,6.7,0.33065861691877296,0.9617213748286815,0.0002856928842796044,9.034402256264629e-05,10
3.75,0.01499281,6.7,0.3746652468560296,0.9516264462683173,0.0003718491784380859,0.00011758903499267244,10
3.75,0.01499281,6.7,0.42452862263127666,0.939284419842533,0.00048281743911186966,0.0001526802801643172,10
3.75,0.01499281,6.7,0.48102820569974736,0.9241810999379393,0.0006281438540556322,0.00019863652770521923,10
3.75,0.01499281,6.7,0.5450471943317944,0.9058799754037541,0.0008172867758317837,0.00025844877131638917,10
3.75,0.01499281,6.7,0.617586329718039,0.8840180888109327,0.0010597879577017146,0.0003351343783155603,10
3.75,0.01499281,6.7,0.6997795394987675,0.8582481540459804,0.0013657272926362013,0.0004318808907385702,10
3.75,0.01499281,6.7,0.7929116632563379,0.8283017785129966,0.0017423083858288076,0.0005509662885630468,10
3.75,0.01499281,6.7,0.8984385370544822,0.7939134828753245,0.0022039033119020234,0.0006969354208398872,10
3.75,0.01499281,6.7,1.0180097509848882,0.754909288258958,0.002758545930350033,0.0008723288170094307,10
3.75,0.01499281,6.7,1.1534944354657282,0.7110768352084635,0.0033904994505365308,0.0010721700669244836,10
3.75,0.01499281,6.7,1.307010479382087,0.6623371956130358,0.004033003516184195,0.0012753476922609801,10
3.75,0.01499281,6.7,1.4809576368046116,0.6093913804545081,0.004559207250476832,0.0014417479236260586,10
3.75,0.01499281,6.7,1.6780550398087013,0.5545538074700345,0.0048564340664336075,0.0015357392956363675,10
3.75,0.01499281,6.7,1.90138370379253,0.5020949511851491,0.004842947142504508,0.0015314743558118296,10
3.75,0.01499281,6.7,2.1544346897345754,0.45783519258202593,0.004515458475400149,0.001427913346217586,10
3.75,0.01499281,6.7,2.4411636762603592,0.4264539727086468,0.004329082293360915,0.0013689760225325716,10
3.75,0.01499281,6.7,2.76605279458584,0.4091103035547311,0.004663883864850148,0.0014748495755435383,10
3.75,0.01499281,6.7,3.134180692937737,0.4061638147270708,0.005175703680294573,0.001636701212384679,10
3.75,0.01499281,6.7,3.551301925693899,0.42431785921228843,0.006320830319557744,0.0019988220513252413,10
3.75,0.01499281,6.7,4.023936908250147,0.4668449754125617,0.00842286291186043,0.0026635431220837025,10
3.75,0.01499281,6.7,4.559473843783067,0.5146607220670649,0.009304652926334428,0.0029423896084567695,10
3.75,0.01499281,6.7,5.166284215221996,0.5527631013507216,0.00827300935357757,0.002616155266118239,10
3.75,0.01499281,6.7,5.85385364779424,0.5633863484295805,0.006812297497490631,0.002154237619073558,10
3.75,0.01499281,6.7,6.632930187779356,0.5526568907688874,0.004790534677565369,0.0015149000791126897,10
3.75,0.01499281,6.7,7.515692315357501,0.5592854313490563,0.004582449623765481,0.0014490978074080574,10
3.75,0.01499281,6.7,8.515939317919267,0.5906056547607792,0.004222975768114258,0.001335422193094012,10
3.75,0.01499281,6.7,9.649306999741599,0.5964439389527295,0.0045971938049615855,0.001453760326889449,10
3.75,0.01499281,6.7,10.933512099991317,0.5428339537988938,0.0029622026710762603,0.0009367307331635559,10
3.75,0.01499281,6.7,12.388629239784569,0.5107268804587028,0.00695233887941951,0.002198522592430838,10
3.75,0.01499281,6.7,14.037404727522723,0.5518990761930349,0.004877950419850474,0.001542543364010212,10
3.75,0.01499281,6.7,15.905612127892212,0.5684864509862046,0.003636513715723774,0.0011499666084129195,10
3.75,0.01499281,6.7,18.0224551527623,0.5489586478321788,0.005985641371135332,0.0018928259989720888,10
3.75,0.01499281,6.7,20.421024171948755,0.5284298768322806,0.006213676932210164,0.001964937175023179,10
3.75,0.01499281,6.7,23.13881347999356,0.5587973381138995,0.005457416955009135,0.0017257867719049527,10
3.75,0.01499281,6.7,26.21830740484541,0.5372678742654683,0.0037660569401642835,0.0011909317728803596,10
3.75,0.01499281,6.7,29.707644420459008,0.5469382852680597,0.004755155528490248,0.0015037122098370873,10
3.75,0.01499281,6.7,33.66136964468294,0.5366781320843863,0.004706488082030695,0.0014883222119654387,10
3.75,0.01499281,6.7,38.141287485440884,0.5342696021435398,0.00509848542918929,0.001612282657341928,10
3.75,0.01499281,6.7,43.21742776372264,0.5342534454915839,0.003953915212216752,0.001250337774579295,10
3.75,0.01499281,6.7,48.969140415764144,0.5308103302207614,0.005457996854318985,0.0017259701521682214,10
3.75,0.01499281,6.7,55.48633588673979,0.531657364078645,0.006067385284085312,0.001918675693949736,10
3.75,0.01499281,6.7,62.87089060572936,0.5295736333537165,0.005027269406787955,0.001589762173673349,10
3.75,0.01499281,6.7,71.23823951226554,0.526935040132497,0.004020034686988983,0.0012712465883767243,10
3.75,0.01499281,6.7,80.71918052874612,0.5226876594836327,0.006024854089839087,0.0019052261494072239,10
3.75,0.01499281,6.7,91.46191918612011,0.5171802986263527,0.0031780600279848557,0.0010049908229170603,10
3.75,0.01499281,6.7,103.6343853643223,0.5139377261337367,0.0053439705589556925,0.0016899118715183112,10
3.75,0.01499281,6.7,117.42685836260836,0.5075240036229002,0.005779054576072924,0.001827497518280925,10
3.75,0.01499281,6.7,133.05494133474332,0.5018291298055066,0.005055816167793652,0.001598789452133197,10
3.75,0.01499281,6.7,150.76293158524305,0.4950189526845759,0.006885048808161462,0.0021772436035217913,10
3.75,0.01499281,6.7,170.82763941095064,0.4922901517972006,0.00785489671960054,0.0024839364419322676,10
3.75,0.01499281,6.7,193.5627151838574,0.4863787824479437,0.006957566798626064,0.002200175805642443,10
3.75,0.01499281,6.7,219.32355231588687,0.47952467328732035,0.006256550760221031,0.0019784950698756455,10
3.75,0.01499281,6.7,248.5128427485048,0.4719456486791234,0.009349715119206996,0.002956639525040682,10
3.75,0.01499281,6.7,281.58687181025294,0.46486096489956125,0.010586575814294933,0.0033477692195223734,10
3.75,0.01499281,6.7,319.06265084306614,0.4563815772421525,0.010531942942431876,0.003330492788502035,10
3.75,0.01499281,6.7,361.5259990941724,0.44818138809382335,0.012410739054360995,0.003924620285778501,10
3.75,0.01499281,6.7,409.6407012092619,0.4396896176448622,0.012935205402666353,0.004090471107454113,10
3.75,0.01499281,6.7,464.1588834763302,0.4298423369562359,0.013107697197418982,0.004145017802364972,10
3.75,0.01499281,6.7,525.9327710210498,0.42025612256125033,0.014612803737397616,0.004620974281119748,10
3.75,0.01499281,6.7,595.9280097414877,0.4117045400113729,0.014029704647677464,0.004436582158611093,10
3.75,0.01499281,6.7,675.2387612298779,0.4006580512996886,0.01450521328979372,0.004586951194229216,10
3.75,0.01499281,6.7,765.1048066444284,0.38652680949942797,0.015288995114294324,0.004834804769635643,10
3.75,0.01499281,6.7,866.9309268979006,0.37058377638687723,0.017329524107815974,0.005480076694749581,10
3.75,0.01499281,6.7,982.3088621129689,0.35574606538905734,0.017098527200594068,0.005407029058821999,10
3.75,0.01499281,6.7,1113.042193613331,0.34271162531676314,0.01789271987962821,0.005658174835499893,10
3.75,0.01499281,6.7,1261.17453740441,0.3239721878384008,0.01881116155309961,0.005948611594118521,10
3.75,0.01499281,6.7,1429.021489862572,0.3081765232039357,0.020335069332093864,0.006430513546685555,10
3.75,0.01499281,6.7,1619.2068250060279,0.2910572815672367,0.022256637999803305,0.007038166913723263,10
3.75,0.01499281,6.7,1834.7035091811297,0.2711982812537757,0.021967611813927843,0.006946768808643498,10
3.75,0.01499281,6.7,2078.880174303255,0.2543778385679838,0.0216383518141499,0.006842647654475015,10
3.75,0.01499281,6.7,2355.553776119404,0.2369082661637815,0.022113523967321386,0.0069929102829458445,10
3.75,0.01499281,6.7,2669.0492606434286,0.21690898104555795,0.022604447706407252,0.007148154000241601,10
3.75,0.01499281,6.7,3024.2671714662256,0.19748944687407874,0.02066073009038032,0.006533496520757831,10
3.75,0.01499281,6.7,3426.7602547745664,0.1777210765837588,0.019514723591370346,0.006171097445735129,10
3.75,0.01499281,6.7,3882.8202595637613,0.15736731435358975,0.017901175003745932,0.005660848580511036,10
3.75,0.01499281,6.7,4399.576289900271,0.13766278688685835,0.016887760619180993,0.005340378813630736,10
3.75,0.01499281,6.7,4985.106246671158,0.11756946664758683,0.015633809294876056,0.004943844587651931,10
3.75,0.01499281,6.7,5648.563100871487,0.10044179009054555,0.013686133127740752,0.004327935304394496,10
3.75,0.01499281,6.7,6400.317972326593,0.08775779305671233,0.014551534456107455,0.004601599233171903,10
3.75,0.01499281,6.7,7252.122250447491,0.07247039364202382,0.012729550497307453,0.004025437316162064,10
3.75,0.01499281,6.7,8217.291291282094,0.06150745198087861,0.0099403244338713,0.0031434065892057103,10
3.75,0.01499281,6.7,9310.912562403922,0.04945860210208909,0.010152694015878353,0.0032105637476937303,10
3.75,0.01499281,6.7,10550.081489347433,0.0398784056941874,0.011213382912645013,0.0035459830279571153,10
3.75,0.01499281,6.7,11954.16869032809,0.031682292190690096,0.008192483892144945,0.0025906908793419253,10
3.75,0.01499281,6.7,13545.12277664497,0.024644091807162396,0.005523802682701214,0.001746779782268421,10
3.75,0.01499281,6.7,15347.813452124781,0.019005874882472913,0.00373827051824149,0.0011821449347501132,10
3.75,0.01499281,6.7,17390.420274918157,0.014145064235098443,0.004800409778894916,0.001518022860345322,10
3.75,0.01499281,6.7,19704.873158750488,0.009665386571213947,0.004115702424164307,0.001301499383183563,10
3.75,0.01499281,6.7,22327.35149951828,0.007008661722355522,0.0045129351780607155,0.0014271154095369407,10
3.75,0.01499281,6.7,25298.849729548445,0.005110338476790418,0.003538702697906651,0.0011190360487567776,10
3.75,0.01499281,6.7,28665.818140234067,0.0038368181739720656,0.0015258718861331363,0.0004825230577797806,10
3.75,0.01499281,6.7,32480.888990348554,0.002055386105890768,0.0019614039536798174,0.0006202503905287621,10
3.75,0.01499281,6.7,36803.69925052246,0.0012827599642702531,0.0019466970410280165,0.0006155996563958783,10
3.75,0.01499281,6.7,41701.82284497788,0.00012126198173212619,0.001674970385246984,0.0005296721430710161,10
3.75,0.01499281,6.7,47251.82696327005,-0.00018740747396784737,0.0020640495375829327,0.0006527097742179381,10
3.75,0.01499281,6.7,53540.468954241434,0.0002582274133962082,0.001755102403611778,0.0005550121122249352,10
3.75,0.01499281,6.7,60666.0525119664,0.00019074046744153292,0.000802102358179461,0.0002536470368439285,10
3.75,0.01499281,6.7,68739.96435350785,0.0008228053164049409,0.0013509728197285697,0.0004272151167322339,10
3.75,0.01499281,6.7,77888.41540974675,-0.00019844519104240773,0.0022479462679228716,0.0007108630264311379,10
3.75,0.01499281,6.7,88254.41374747662,-0.0005446205315009116,0.002092118626686721,0.0006615859995593567,10
3.75,0.01499281,6.7,100000.00006337416,0.0005300582124363452,0.0017106274984684693,0.0005409479123276559,10
3.775,0.12396405,6.7,0.010000000000218279,0.9996912317808192,0.0001,3.1622776601683795e-05,10
3.775,0.12396405,6.7,0.011351307054675233,0.9995663081859517,0.0001,3.1622776601683795e-05,10
3.775,0.12396405,6.7,0.012885217184670714,0.9994245035775832,0.0001,3.1622776601683795e-05,10
3.775,0.12396405,6.7,0.014626405672618265,0.9992635368124508,0.0001,3.1622776601683795e-05,10
3.775,0.12396405,6.7,0.016602882189250948,0.9990808184947932,0.0001,3.1622776601683795e-05,10
3.775,0.12396405,6.7,0.018846441371867226,0.9988734093219731,0.0001,3.1622776601683795e-05,10
3.775,0.12396405,6.7,0.021393174289532996,0.998552598119549,0.0001,3.1622776601683795e-05,10
3.775,0.12396405,6.7,0.024284049022937213,0.998108192097318,0.0001,3.1622776601683795e-05,10
3.775,0.12396405,6.7,0.027565569698412937,0.9976037331758002,0.0001,3.1622776601683795e-05,10
3.775,0.12396405,6.7,0.03129052457769065,0.9969525608696725,0.0001,3.1622776601683795e-05,10
3.775,0.12396405,6.7,0.035518835237547564,0.9960452059473133,0.0001,3.1622776601683795e-05,10
3.775,0.12396405,6.7,0.040318520499702026,0.9949960405475045,0.0001,3.1622776601683795e-05,10
3.775,0.12396405,6.7,0.045766790617234585,0.9934984970854718,0.0001,3.1622776601683795e-05,10
3.775,0.12396405,6.7,0.051951289319191934,0.9916824384352829,0.0001,3.1622776601683795e-05,10
3.775,0.12396405,6.7,0.05897150369355452,0.9893349407874987,0.0001,3.1622776601683795e-05,10
3.775,0.12396405,6.7,0.06694036458868406,0.9862630574116062,0.0001,3.1622776601683795e-05,10
3.775,0.12396405,6.7,0.0759860632781475,0.9823638549920484,0.00012575841799502898,3.976830358037972e-05,10
3.775,0.12396405,6.7,0.08625411361274073,0.9773858307233951,0.00016003672617788183,5.060805639987998e-05,10
3.775,0.12396405,6.7,0.09790969283256912,0.9710436575912078,0.00020367882193021117,6.440889884393201e-05,10
3.775,0.12396405,6.7,0.11114029869471674,0.9629290619339331,0.0002614422130019525,8.267528696010575e-05,10
3.775,0.12396405,6.7,0.12615876566045128,0.952534578524256,0.0003378709117145235,0.00010684416361355603,10
3.775,0.12396405,6.7,0.14320668866193417,0.9395478508793191,0.00043723079005391334,0.0001382645159725261,10
3.775,0.12396405,6.7,0.16255830952494102,0.923193836481289,0.0005641707685136257,0.00017840646177906644,10
3.775,0.12396405,6.7,0.1845249285666265,0.9026792643564819,0.0007309285431910648,0.00023113990033125223,10
3.775,0.12396405,6.7,0.209459912335607,0.8772643933074432,0.0009478444488358358,0.0002997347325868174,10
3.775,0.12396405,6.7,0.23776437805149325,0.8460162528835135,0.001220374743349472,0.00038591637879277545,10
3.775,0.12396405,6.7,0.2698936461867474,0.8084343824543601,0.0015584394637869847,0.000492821830105837,10
3.775,0.12396405,6.7,0.3063645649904774,0.7635963749009278,0.0019647412489127453,0.0006213057359448095,10
3.775,0.12396405,6.7,0.3477638247803005,0.7114865167137824,0.0024300121881968193,0.0007684373256671681,10
3.775,0.12396405,6.7,0.3947573957503299,0.6521133975010087,0.0029508798420615568,0.0009331501402392456,10
3.775,0.12396405,6.7,0.4481012411168134,0.5865586123576653,0.0035108251457858604,0.0011102203927276018,10
3.775,0.12396405,6.7,0.5086534779386983,0.517161400378225,0.004108324286446623,0.0012991662111757354,10
3.775,0.12396405,6.7,0.5773881812384607,0.44646952653155003,0.004726133176156645,0.0014945345361940786,10
3.775,0.12396405,6.7,0.6554110534835178,0.37754901937582697,0.0053104223171108545,0.0016793029859459255,10
3.775,0.12396405,6.7,0.7439772114957187,0.31338351409119747,0.005735572250935948,0.0018137471997416413,10
3.775,0.12396405,6.7,0.8445113769184625,0.2575747931410059,0.005744279553940576,0.0018165006907188267,10
3.775,0.12396405,6.7,0.9586307950358789,0.2107419812746644,0.005314874790452416,0.001680710981643977,10
3.775,0.12396405,6.7,1.088171250628218,0.17378207003619534,0.005026701971883554,0.0015895827350011704,10
3.775,0.12396405,6.7,1.2352165993681232,0.1464667578162815,0.005593569089541538,0.0017688418572465586,10
3.775,0.12396405,6.7,1.402132289815328,0.1276431357527052,0.00640804299119605,0.0020264011196457826,10
3.775,0.12396405,6.7,1.5916034152621248,0.1182537261744931,0.006729754333060265,0.0021281351785857826,10
3.775,0.12396405,6.7,1.80667790755158,0.11964310178162826,0.006495027240846401,0.002053907954591364,10
3.775,0.12396405,6.7,2.0508155677068496,0.1337830963685907,0.0057986380191625015,0.00183369034674006,10
3.775,0.12396405,6.7,2.3279437221040404,0.16103315468924917,0.005746039998906527,0.0018170573922976047,10
3.775,0.12396405,6.7,2.642520399502972,0.1940471120891301,0.005587096974251131,0.0017667951946868697,10
3.775,0.12396405,6.7,2.9996060452346534,0.21352797452852998,0.005932237610635682,0.001875938247092386,10
3.775,0.12396405,6.7,3.404944926177538,0.21557780687675368,0.005815571909710243,0.001839045313117946,10
3.775,0.12396405,6.7,3.865057536045609,0.21558557173543239,0.0056363779095695175,0.0017823791947698235,10
3.775,0.12396405,6.7,4.3873454874682505,0.20934303371821797,0.0053968174199717465,0.0017066235163184203,10
3.775,0.12396405,6.7,4.980210578210885,0.20066318725517157,0.009248385773795614,0.002924596372509292,10
3.775,0.12396405,6.7,5.653189946897943,0.18598454736916875,0.005417175930647499,0.0017130614426688435,10
3.775,0.12396405,6.7,6.417109492424104,0.17428268887519038,0.006004886789990584,0.0018989119347827435,10
3.775,0.12396405,6.7,7.284258025038717,0.1664266879265791,0.004847746517447338,0.0015329920514282776,10
3.775,0.12396405,6.7,8.268584950589176,0.1631245578019136,0.005634303607525642,0.0017817232428684446,10
3.775,0.12396405,6.7,9.385924667975567,0.15616270922141037,0.006040265136321439,0.0019100995502083196,10
3.775,0.12396405,6.7,10.65425128959158,0.14642723066987018,0.0050400883940897034,0.0015938158933903792,10
3.775,0.12396405,6.7,12.093967782318368,0.1386867292785001,0.005209028090485819,0.0016472393161732855,10
3.775,0.12396405,6.7,13.728234180344895,0.13008749098293773,0.00594918276017186,0.001881296773875033,10
3.775,0.12396405,6.7,15.583340149618108,0.11998383623461373,0.008014532298295098,0.0025344176443596526,10
3.775,0.12396405,6.7,17.689127897190275,0.11100227365522516,0.005105345185582186,0.0016144519027814733,10
3.775,0.12396405,6.7,20.07947222860456,0.10132715821828801,0.005086290260724257,0.0016084262064620318,10
3.775,0.12396405,6.7,22.792825475773903,0.091677798412295,0.0062817995050394836,0.001986479424044314,10
3.775,0.12396405,6.7,25.872836061348632,0.08038954523262173,0.0030892892077690553,0.0009769190247527354,10
3.775,0.12396405,6.7,29.369050650123167,0.07064419698594045,0.0032396857132092087,0.0010244785756848144,10
3.775,0.12396405,6.7,33.33771118265806,0.062050612149815096,0.005154957144929238,0.0016301405818535098,10
3.775,0.12396405,6.7,37.842659612617176,0.053761668980593334,0.004280394968208781,0.0013535797384663767,10
3.775,0.12396405,6.7,42.95636490189982,0.043749407385536794,0.00553984130218763,0.0017518516390786045,10
3.775,0.12396405,6.7,48.76108879434957,0.03724837029495877,0.0030257144237353473,0.000956814912822753,10
3.775,0.12396405,6.7,55.350209121286355,0.02853008425999968,0.0036362263945535294,0.0011498757494811237,10
3.775,0.12396405,6.7,62.82972192624931,0.02184862275308181,0.005315953310388993,0.0016810520395941254,10
3.775,0.12396405,6.7,71.31994657291497,0.017368082207210297,0.003049413456812112,0.0009643092051093774,10
3.775,0.12396405,6.7,80.95746126545187,0.012218124142124937,0.0034133355843668813,0.0010793914865101168,10
3.775,0.12396405,6.7,91.89730011710618,0.0080118998320757,0.002696581434884205,0.0008527339230359114,10
3.775,0.12396405,6.7,104.31544711021446,0.006017950999085368,0.003861002535287906,0.001220956206319442,10
3.775,0.12396405,6.7,118.41166706679324,0.0031697165247735865,0.001775374252195578,0.0005614226336156218,10
3.775,0.12396405,6.7,134.41271917018034,0.002607809283149224,0.0027099536938263624,0.0008569626026077886,10
3.775,0.12396405,6.7,152.57600473212457,0.002257360056380318,0.0016318727169710267,0.0005160434637115754,10
3.775,0.12396405,6.7,173.19370788521238,0.0025911370409491185,0.0014215724585224952,0.0004495406827896326,10
3.775,0.12396405,6.7,196.59749580998604,0.001919048197556165,0.002525533865051808,0.0007986439321452034,10
3.775,0.12396405,6.7,223.1638541070668,0.00041746095306367066,0.002909807584366949,0.0009201619519432118,10
3.775,0.12396405,6.7,253.32014314187637,0.0009650673438334976,0.0021796272513012432,0.0006892586564284131,10
3.775,0.12396405,6.7,287.5514727874956,0.0004375134181393716,0.0019694135286627474,0.0006227832405323584,10
3.775,0.12396405,6.7,326.40850615637055,0.0007957068905877827,0.0018083726710150733,0.0005718576498809988,10
3.775,0.12396405,6.7,370.5163178557939,0.0001442782032966182,0.002194762894460193,0.0006940449670517957,10
3.775,0.12396405,6.7,420.58444926569615,0.00033526135839989396,0.0027155512657546276,0.0008587327102737824,10
3.775,0.12396405,6.7,477.4183225932176,-2.1598036918827776e-05,0.0017686453594253674,0.0005592947708871313,10
3.775,0.12396405,6.7,541.9321973165318,-0.00015058377987538164,0.0018060221414580406,0.0005711143471702218,10
3.775,0.12396405,6.7,615.1638774420524,0.0005918618164075558,0.00204164546758115,0.0006456249852115895,10
3.775,0.12396405,6.7,698.2914061636919,-0.0002731810942730154,0.0015278348623519215,0.0004831438053641912,10
3.775,0.12396405,6.7,792.652016483199,0.000320102316588005,0.0022746921044418415,0.0007193208025637833,10
3.775,0.12396405,6.7,899.7636426411872,0.001064717886176331,0.0014330153181221382,0.0004531592327176721,10
3.775,0.12396405,6.7,1021.3493384030259,-0.0003757727925726564,0.001659471395674682,0.0005247709322230488,10
3.775,0.12396405,6.7,1159.3649950049091,-0.0002756113958274119,0.0014148626243164024,0.0004474188469082965,10
3.775,0.12396405,6.7,1316.0308046455484,-0.0005613838265684309,0.001360469412408577,0.00043021820302020444,10
3.775,0.12396405,6.7,1493.8669756616864,-0.0003358829002744181,0.000415467947173245,0.0001313825007861969,10
3.775,0.12396405,6.7,1695.7342739204687,0.00024045396974315246,0.0007897071494135437,0.00024972732766657014,10
3.775,0.12396405,6.7,1924.8800425987847,0.000311292344308574,0.0011520424758694318,0.0003643078185006973,10
3.775,0.12396405,6.7,2184.990440647822,9.53674549287386e-05,0.001358033307295322,0.0004294478389424576,10
3.775,0.12396405,6.7,2480.2497402782196,0.00028998213331958756,0.0019062495610387587,0.0006028090401578646,10
3.775,0.12396405,6.7,2815.4076373562034,-0.0002983027505256953,0.0024854691323941574,0.0007859743512408127,10
3.775,0.12396405,6.7,3195.8556575010366,0.0001331994176230258,0.0016067897390471277,0.0005081115296376511,10
3.775,0.12396405,6.7,3627.7138869923433,0.00027051707261493377,0.000987213662394573,0.00031218437104033666,10
3.775,0.12396405,6.7,4117.929423686066,0.00043036203855763213,0.0010981579637207655,0.0003472680396010174,10
3.775,0.12396405,6.7,4674.388131672206,0.0002848533117517344,0.0008535256190008529,0.0002699084997347785,10
3.775,0.12396405,6.7,5306.041497418272,0.00011005065037496481,0.0007228772306159241,0.00022859385174211222,10
3.775,0.12396405,6.7,6023.050628072877,-0.0002671728171906343,0.0009381420520282607,0.000296666565319349,10
3.775,0.12396405,6.7,6836.949708361742,-0.00041149091952552623,0.0012218182348195464,0.00038637285087562143,10
3.775,0.12396405,6.7,7760.831545529242,-0.00039889865362391217,0.0010176758925863397,0.0003218173740417697,10
3.775,0.12396405,6.7,8809.558187098928,-0.000466393475837474,0.0012288485781922094,0.00038859604065468996,10
3.775,0.12396405,6.7,9999.99999956053,0.00026425546607908426,0.0006123703647961163,0.00019364851243439194,10
3.775,0.07946596,6.7,0.010000000000218279,0.9998008068260825,0.0001,3.1622776601683795e-05,10
3.775,0.07946596,6.7,0.011351307054675233,0.9997202030227269,0.0001,3.1622776601683795e-05,10
3.775,0.07946596,6.7,0.012885217184670714,0.9996287071705623,0.0001,3.1622776601683795e-05,10
3.775,0.07946596,6.7,0.014626405672618265,0.9995248474193499,0.0001,3.1622776601683795e-05,10
3.775,0.07946596,6.7,0.016602882189250948,0.9994069530266886,0.0001,3.1622776601683795e-05,10
3.775,0.07946596,6.7,0.018846441371867226,0.9992731274815796,0.0001,3.1622776601683795e-05,10
3.775,0.07946596,6.7,0.021393174289532996,0.9990660696300961,0.0001,3.1622776601683795e-05,10
3.775,0.07946596,6.7,0.024284049022937213,0.9987791981416475,0.0001,3.1622776601683795e-05,10
3.775,0.07946596,6.7,0.027565569698412937,0.9984535615065934,0.0001,3.1622776601683795e-05,10
3.775,0.07946596,6.7,0.03129052457769065,0.9980330803550619,0.0001,3.1622776601683795e-05,10
3.775,0.07946596,6.7,0.035518835237547564,0.9974469135832897,0.0001,3.1622776601683795e-05,10
3.775,0.07946596,6.7,0.040318520499702026,0.9967690884642968,0.0001,3.1622776601683795e-05,10
3.775,0.07946596,6.7,0.045766790617234585,0.9958008568765422,0.0001,3.1622776601683795e-05,10
3.775,0.07946596,6.7,0.051951289319191934,0.9946260738673838,0.0001,3.1622776601683795e-05,10
3.775,0.07946596,6.7,0.05897150369355452,0.9931060892463226,0.0001,3.1622776601683795e-05,10
3.775,0.07946596,6.7,0.06694036458868406,0.9911148620036576,0.0001278104420188164,4.04172105532349e-05,10
3.775,0.07946596,6.7,0.0759860632781475,0.9885831651601625,0.00016356171148677932,5.1722754629354804e-05,10
3.775,0.07946596,6.7,0.08625411361274073,0.9853454623014664,0.00020967927228188475,6.63064078537367e-05,10
3.775,0.07946596,6.7,0.09790969283256912,0.9812103339638529,0.00026934824875205117,8.517539498340869e-05,10
3.775,0.07946596,6.7,0.11114029869471674,0.975902126730211,0.00034498371138724977,0.00010909342836418757,10
3.775,0.07946596,6.7,0.12615876566045128,0.9690737288805625,0.00044098657225914543,0.00013945219858893244,10
3.775,0.07946596,6.7,0.14320668866193417,0.9605016318095524,0.0005597168856749798,0.00017699802035890072,10
3.775,0.07946596,6.7,0.16255830952494102,0.9496375926480365,0.000706464652761227,0.00022340373891254392,10
3.775,0.07946596,6.7,0.1845249285666265,0.9358895784866513,0.0008851096872390283,0.00027989625907546005,10
3.775,0.07946596,6.7,0.209459912335607,0.9186729667811333,0.00109714762120874,0.00034694854124552775,10
3.775,0.07946596,6.7,0.23776437805149325,0.8971925856840377,0.0013399943552793007,0.0004237434214451463,10
3.775,0.07946596,6.7,0.2698936461867474,0.870937223199568,0.0016062244462659984,0.0005079327683643292,10
3.775,0.07946596,6.7,0.3063645649904774,0.8388680129616081,0.001881099892734219,0.0005948560167338556,10
3.775,0.07946596,6.7,0.3477638247803005,0.8007257225503507,0.002147969056346453,0.0006792474561617343,10
3.775,0.07946596,6.7,0.3947573957503299,0.7555933388585259,0.0023548104835245404,0.0007446564585979953,10
3.775,0.07946596,6.7,0.4481012411168134,0.7037718144254891,0.0024796663116195966,0.0007841393381906773,10
3.775,0.07946596,6.7,0.5086534779386983,0.6458877855508472,0.002500570494697827,0.0007907498213059131,10
3.775,0.07946596,6.7,0.5773881812384607,0.5833194204236932,0.002438733438792048,0.0007711952272597703,10
3.775,0.07946596,6.7,0.6554110534835178,0.5180628255423059,0.0024204207909203092,0.0007654042595334373,10
3.775,0.07946596,6.7,0.7439772114957187,0.4524915207303759,0.002625253461113386,0.0008301780372358577,10
3.775,0.07946596,6.7,0.8445113769184625,0.3899971569865496,0.00315829677669401,0.0009987411341121268,10
3.775,0.07946596,6.7,0.9586307950358789,0.33231316735799055,0.00391962958445249,0.0012394957071049176,10
3.775,0.07946596,6.7,1.088171250628218,0.28147809159681086,0.0045566863592219585,0.0014409507478161585,10
3.775,0.07946596,6.7,1.2352165993681232,0.23862240355831754,0.004718318213679002,0.001492063228068268,10
3.775,0.07946596,6.7,1.402132289815328,0.2037349707073913,0.004464902018199104,0.0014119259906991738,10
3.775,0.07946596,6.7,1.5916034152621248,0.17881161855198963,0.003874907037388594,0.0012253531959563189,10
3.775,0.07946596,6.7,1.80667790755158,0.16611657324733223,0.003299160172330617,0.001043286051027837,10
3.775,0.07946596,6.7,2.0508155677068496,0.16923099163351055,0.004046350163515698,0.0012795682727304361,10
3.775,0.07946596,6.7,2.3279437221040404,0.19009573490865658,0.005682786870060141,0.0017970549966689368,10
3.775,0.07946596,6.7,2.642520399502972,0.2232524022144174,0.006407064816751584,0.0020260917937264347,10
3.775,0.07946596,6.7,2.9996060452346534,0.25468267405898093,0.005293856675894387,0.0016740644702314055,10
3.775,0.07946596,6.7,3.404944926177538,0.2756357937548629,0.004190660024489633,0.0013252030576804239,10
3.775,0.07946596,6.7,3.865057536045609,0.2887456470544302,0.005143900996639085,0.001626644320778964,10
3.775,0.07946596,6.7,4.3873454874682505,0.2870885313301005,0.005354704651814643,0.0016933062897233145,10
3.775,0.07946596,6.7,4.980210578210885,0.2829341011692549,0.005549484306330892,0.0017549010247365192,10
3.775,0.07946596,6.7,5.653189946897943,0.2731185266160056,0.006894792005237458,0.0021803246729669955,10
3.775,0.07946596,6.7,6.417109492424104,0.2549894694492515,0.006001910833662776,0.0018979708547614369,10
3.775,0.07946596,6.7,7.284258025038717,0.2427520689614684,0.0034490407992132034,0.0010906824668361205,10
3.775,0.07946596,6.7,8.268584950589176,0.23751532805715395,0.004669284215831315,0.0014765573164700195,10
3.775,0.07946596,6.7,9.385924667975567,0.2339071429695708,0.0025006247402380205,0.0007907669752519049,10
3.775,0.07946596,6.7,10.65425128959158,0.2277174120699569,0.0052608970602923315,0.001663641724620794,10
3.775,0.07946596,6.7,12.093967782318368,0.2159970850545801,0.0051880122504782055,0.0016405935240367106,10
3.775,0.07946596,6.7,13.728234180344895,0.20933938856771467,0.0034469833194031947,0.0010900318345921768,10
3.775,0.07946596,6.7,15.583340149618108,0.1992581436300373,0.0033478066430068093,0.001058669415774373,10
3.775,0.07946596,6.7,17.689127897190275,0.18795725423775522,0.00382710624511865,0.0012102372582029595,10
3.775,0.07946596,6.7,20.07947222860456,0.17813474218349445,0.008039754524245145,0.002542393612525808,10
3.775,0.07946596,6.7,22.792825475773903,0.16436338947286927,0.0027739455819572986,0.000877198614434634,10
3.775,0.07946596,6.7,25.872836061348632,0.15396304007906542,0.004802897138524515,0.0015188094325242708,10
3.775,0.07946596,6.7,29.369050650123167,0.1427839918073376,0.005300348328417309,0.0016761173110064866,10
3.775,0.07946596,6.7,33.33771118265806,0.1308723400844149,0.004025287870556169,0.0012729077908806518,10
3.775,0.07946596,6.7,37.842659612617176,0.11717045073075145,0.003537230376563641,0.0011185704598676185,10
3.775,0.07946596,6.7,42.95636490189982,0.10455083113982795,0.003562387461351377,0.0011265258285895405,10
3.775,0.07946596,6.7,48.76108879434957,0.09248181390084771,0.0031306863023409853,0.0009900099354888045,10
3.775,0.07946596,6.7,55.350209121286355,0.08061850908295769,0.003464844540149023,0.0010956800485269636,10
3.775,0.07946596,6.7,62.82972192624931,0.06395701865964555,0.0037456465920457037,0.0011844774540911952,10
3.775,0.07946596,6.7,71.31994657291497,0.05490034232468425,0.0041595859586236895,0.0013153765752505766,10
3.775,0.07946596,6.7,80.95746126545187,0.04310606341696492,0.003958966340257012,0.0012519350815153316,10
3.775,0.07946596,6.7,91.89730011710618,0.03512195152195281,0.003044831850564977,0.0009628603740010771,10
3.775,0.07946596,6.7,104.31544711021446,0.026202648641326383,0.0032064085862082963,0.0010139554241538572,10
3.775,0.07946596,6.7,118.41166706679324,0.019627918135386335,0.0038146404930331575,0.0012062952412692446,10
3.775,0.07946596,6.7,134.41271917018034,0.014919917605857133,0.004100417485598582,0.001296665861207219,10
3.775,0.07946596,6.7,152.57600473212457,0.01012663609183249,0.0024821579835722857,0.0007849272740459229,10
3.775,0.07946596,6.7,173.19370788521238,0.006231840427752653,0.0020493210032535986,0.0006480522027102705,10
3.775,0.07946596,6.7,196.59749580998604,0.002226440607227338,0.0020553559371902317,0.0006499606163871112,10
3.775,0.07946596,6.7,223.1638541070668,0.00203745837177765,0.003103771700251359,0.00098149879099677,10
3.775,0.07946596,6.7,253.32014314187637,0.002062295018871699,0.002450284583555514,0.0007748480199632581,10
3.775,0.07946596,6.7,287.5514727874956,0.001528970647166919,0.0027859438543830503,0.0008809928013198908,10
3.775,0.07946596,6.7,326.40850615637055,0.0002507755782363885,0.0035029332612742346,0.0011077247597188276,10
3.775,0.07946596,6.7,370.5163178557939,0.00026580641218557137,0.002658967360159825,0.0008408393082150303,10
3.775,0.07946596,6.7,420.58444926569615,0.000281182068323348,0.002819242447280207,0.0008915227409632627,10
3.775,0.07946596,6.7,477.4183225932176,3.300474399265253e-05,0.001918904047435328,0.0006068107401211422,10
3.775,0.07946596,6.7,541.9321973165318,-0.0005648224691645573,0.0017458729468349389,0.0005520935017268464,10
3.775,0.07946596,6.7,615.1638774420524,-0.00043861527393193025,0.001851678711812735,0.0005855522224174775,10
3.775,0.07946596,6.7,698.2914061636919,0.00023723850756602363,0.0020010196623089444,0.0006327779775677249,10
3.775,0.07946596,6.7,792.652016483199,-0.0009829059167508138,0.0016685315176821626,0.0005276359943653143,10
3.775,0.07946596,6.7,899.7636426411872,-0.000561858244086922,0.0020786616811247164,0.0006573305397268738,10
3.775,0.07946596,6.7,1021.3493384030259,0.00016747478460052168,0.0022024516771008023,0.0006964763736096248,10
3.775,0.07946596,6.7,1159.3649950049091,0.0008722212235351872,0.002082259606479105,0.0006584683036239874,10
3.775,0.07946596,6.7,1316.0308046455484,0.0010695413009597504,0.001717454236878864,0.0005431067165643563,10
3.775,0.07946596,6.7,1493.8669756616864,-0.00020977611223878026,0.0019259459272884189,0.000609037578055644,10
3.775,0.07946596,6.7,1695.7342739204687,-0.0010036027688035555,0.0015780846935171682,0.0004990341972163005,10
3.775,0.07946596,6.7,1924.8800425987847,-0.001208043985954619,0.001057674059921443,0.0003344659051429171,10
3.775,0.07946596,6.7,2184.990440647822,-0.0004915035354024681,0.0009922121411296313,0.0003137650288042068,10
3.775,0.07946596,6.7,2480.2497402782196,-0.00012423529167704625,0.0016885472995417485,0.0005339655403478516,10
3.775,0.07946596,6.7,2815.4076373562034,-0.0003466749220602752,0.0015163809700096936,0.00047952176657661106,10
3.775,0.07946596,6.7,3195.8556575010366,0.0003491639284832537,0.0017402797766198428,0.0005503247860047747,10
3.775,0.07946596,6.7,3627.7138869923433,0.0004378740959474178,0.0012472970753552547,0.00039442996769892773,10
3.775,0.07946596,6.7,4117.929423686066,4.701628164499622e-05,0.0006506561689160362,0.00020575554674139246,10
3.775,0.07946596,6.7,4674.388131672206,-1.8113184954819825e-05,0.0009473956086678733,0.000299592796863204,10
3.775,0.07946596,6.7,5306.041497418272,-0.0004801552063620867,0.0010487957177483507,0.00033165832683158705,10
3.775,0.07946596,6.7,6023.050628072877,-5.054252909066515e-05,0.0005501719814991362,0.00017397965663452892,10
3.775,0.07946596,6.7,6836.949708361742,0.00022554571821931435,0.0005243538258690542,0.00016581523895695306,10
3.775,0.07946596,6.7,7760.831545529242,-0.000523330665926097,0.0010899379133660256,0.0003446686314407921,10
3.775,0.07946596,6.7,8809.558187098928,-0.00028078521724350864,0.0009974185404855195,0.00031541143684151086,10
3.775,0.07946596,6.7,9999.99999956053,0.00027427909922646704,0.0011704275405619489,0.00037012168643648703,10
3.775,0.05356109,6.7,0.010000000000218279,0.9998662005617829,0.0001,3.1622776601683795e-05,10
3.775,0.05356109,6.7,0.011351307054675233,0.9998120402827168,0.0001,3.1622776601683795e-05,10
3.775,0.05356109,6.7,0.012885217184670714,0.9997505612869334,0.0001,3.1622776601683795e-05,10
3.775,0.05356109,6.7,0.014626405672618265,0.9996807745910798,0.0001,3.1622776601683795e-05,10
3.775,0.05356109,6.7,0.016602882189250948,0.999601557569785,0.0001,3.1622776601683795e-05,10
3.775,0.05356109,6.7,0.018846441371867226,0.9995116358965195,0.0001,3.1622776601683795e-05,10
3.775,0.05356109,6.7,0.021393174289532996,0.9993724475452964,0.0001,3.1622776601683795e-05,10
3.775,0.05356109,6.7,0.024284049022937213,0.9991795658417134,0.0001,3.1622776601683795e-05,10
3.775,0.05356109,6.7,0.027565569698412937,0.9989606198974579,0.0001,3.1622776601683795e-05,10
3.775,0.05356109,6.7,0.03129052457769065,0.9986778316037643,0.0001,3.1622776601683795e-05,10
3.775,0.05356109,6.7,0.035518835237547564,0.9982834775903651,0.0001,3.1622776601683795e-05,10
3.775,0.05356109,6.7,0.040318520499702026,0.9978274332148377,0.0001,3.1622776601683795e-05,10
3.775,0.05356109,6.7,0.045766790617234585,0.9971756005593433,0.0001,3.1622776601683795e-05,10
3.775,0.05356109,6.7,0.051951289319191934,0.9963845339554516,0.0001,3.1622776601683795e-05,10
3.775,0.05356109,6.7,0.05897150369355452,0.9953606046458796,0.0001,3.1622776601683795e-05,10
3.775,0.05356109,6.7,0.06694036458868406,0.9940180892556356,0.0001,3.1622776601683795e-05,10
3.775,0.05356109,6.7,0.0759860632781475,0.9923095311596206,0.0001,3.1622776601683795e-05,10
3.775,0.05356109,6.7,0.08625411361274073,0.9901217973371782,0.00010482280370734745,3.3147881043996e-05,10
3.775,0.05356109,6.7,0.09790969283256912,0.9873236977237438,0.0001367193802352525,4.323446418300052e-05,10
3.775,0.05356109,6.7,0.11114029869471674,0.9837242096825332,0.00017792182449407397,5.6263821085400924e-05,10
3.775,0.05356109,6.7,0.12615876566045128,0.9790817300948099,0.00023254302159083913,7.353656022047637e-05,10
3.775,0.05356109,6.7,0.14320668866193417,0.9732356966425005,0.0003016168518755752,9.537962326164464e-05,10
3.775,0.05356109,6.7,0.16255830952494102,0.9657975442857307,0.000391000891553007,0.00012364533844639932,10
3.775,0.05356109,6.7,0.1845249285666265,0.9563339265972612,0.0005063176961733616,0.00016011171395569423,10
3.775,0.05356109,6.7,0.209459912335607,0.9444057191679713,0.0006532182032183442,0.00020656573312526983,10
3.775,0.05356109,6.7,0.23776437805149325,0.9293887704912349,0.0008357344564226248,0.000264282440137823,10
3.775,0.05356109,6.7,0.2698936461867474,0.9108477988902275,0.0010563587361933197,0.0003340499632587837,10
3.775,0.05356109,6.7,0.3063645649904774,0.8878715615435373,0.0013191237501730207,0.0004171435566169677,10
3.775,0.05356109,6.7,0.3477638247803005,0.8601474998424068,0.0016216208080451445,0.0005128015254545356,10
3.775,0.05356109,6.7,0.3947573957503299,0.8265573525305095,0.00194397009730899,0.000614737321075557,10
3.775,0.05356109,6.7,0.4481012411168134,0.7870193690901885,0.002269192095258237,0.0007175815469465798,10
3.775,0.05356109,6.7,0.5086534779386983,0.7413014464288239,0.002547909144459945,0.0008057196167664412,10
3.775,0.05356109,6.7,0.5773881812384607,0.6898785128067175,0.002763913735615428,0.00087402626607692,10
3.775,0.05356109,6.7,0.6554110534835178,0.6337038709512337,0.0029030517210906393,0.0009180255603918292,10
3.775,0.05356109,6.7,0.7439772114957187,0.5741877445548091,0.003008617424675877,0.0009514083670045846,10
3.775,0.05356109,6.7,0.8445113769184625,0.5136974200974407,0.003180617873443519,0.0010057996846722698,10
3.775,0.05356109,6.7,0.9586307950358789,0.45387470096119903,0.0035042942129404975,0.001108155130423907,10
3.775,0.05356109,6.7,1.088171250628218,0.39670126774274955,0.003869213812163639,0.0012235528400620008,10
3.775,0.05356109,6.7,1.2352165993681232,0.3438102720440764,0.003929490490064877,0.0012426139992576255,10
3.775,0.05356109,6.7,1.402132289815328,0.2960379417175102,0.0033906469309498504,0.0010722167043261189,10
3.775,0.05356109,6.7,1.5916034152621248,0.2564113175069447,0.002526797630066562,0.0007990435697325894,10
3.775,0.05356109,6.7,1.80667790755158,0.22863366178905403,0.002287466156693011,0.0007233603125701531,10
3.775,0.05356109,6.7,2.0508155677068496,0.21746752982986073,0.0037483383806599753,0.0011853286723912757,10
3.775,0.05356109,6.7,2.3279437221040404,0.22558579436626264,0.004786339958081516,0.0015135735923412434,10
3.775,0.05356109,6.7,2.642520399502972,0.2504588242028155,0.0048084733492060995,0.0015205727851709473,10
3.775,0.05356109,6.7,2.9996060452346534,0.2835020546988569,0.004979267539927543,0.0015745826505514432,10
3.775,0.05356109,6.7,3.404944926177538,0.3179836929053641,0.005364861905951103,0.0016965182955077523,10
3.775,0.05356109,6.7,3.865057536045609,0.34818378732104094,0.006602934145011361,0.0020880311138332425,10
3.775,0.05356109,6.7,4.3873454874682505,0.3557062628905173,0.007435425751433781,0.002351288074759973,10
3.775,0.05356109,6.7,4.980210578210885,0.3541695650213712,0.0038256185802479823,0.0012097668172643267,10
3.775,0.05356109,6.7,5.653189946897943,0.3526110632812541,0.004049573784521448,0.0012805876711995691,10
3.775,0.05356109,6.7,6.417109492424104,0.34005455334145956,0.004304382272441597,0.0013611651900966863,10
3.775,0.05356109,6.7,7.284258025038717,0.3228976941172774,0.004787201520576041,0.001513846042324171,10
3.775,0.05356109,6.7,8.268584950589176,0.30724966227206474,0.00329751801121156,0.001042766754085718,10
3.775,0.05356109,6.7,9.385924667975567,0.3042421570958137,0.005759697191154482,0.001821376175692238,10
3.775,0.05356109,6.7,10.65425128959158,0.3050780879604357,0.004815881830059048,0.0015229155525206537,10
3.775,0.05356109,6.7,12.093967782318368,0.29748421528733104,0.003608534811149726,0.00114111890192387,10
3.775,0.05356109,6.7,13.728234180344895,0.2830636272942937,0.004306928173578968,0.001361970274725857,10
3.775,0.05356109,6.7,15.583340149618108,0.28194981295631155,0.007224366604196331,0.0022845453121316554,10
3.775,0.05356109,6.7,17.689127897190275,0.26157605201124695,0.0045383474649003585,0.0014351514802336202,10
3.775,0.05356109,6.7,20.07947222860456,0.26040642572781986,0.006244027116658907,0.0019745347460496036,10
3.775,0.05356109,6.7,22.792825475773903,0.24653527195559294,0.00957331940917027,0.0030273494101275495,10
3.775,0.05356109,6.7,25.872836061348632,0.23438820275815037,0.005794117690932711,0.0018322608934422905,10
3.775,0.05356109,6.7,29.369050650123167,0.22427047464850017,0.005391904691714817,0.0017050699752366838,10
3.775,0.05356109,6.7,33.33771118265806,0.20982209324108198,0.007103959572516055,0.002246469265490683,10
3.775,0.05356109,6.7,37.842659612617176,0.19635709359120906,0.005819639443417193,0.001840331580215293,10
3.775,0.05356109,6.7,42.95636490189982,0.18204274956417593,0.006729840861617095,0.002128162541318006,10
3.775,0.05356109,6.7,48.76108879434957,0.1668734163004535,0.006066915706182883,0.0019185272003786797,10
3.775,0.05356109,6.7,55.350209121286355,0.15043255547464168,0.006850734218486626,0.0021663923774871336,10
3.775,0.05356109,6.7,62.82972192624931,0.13627729055616528,0.004494653892965333,0.001421334359591311,10
3.775,0.05356109,6.7,71.31994657291497,0.12476080274746804,0.008507939563199911,0.0026904467214769797,10
3.775,0.05356109,6.7,80.95746126545187,0.1082856713934753,0.003984233890427235,0.0012599253824583795,10
3.775,0.05356109,6.7,91.89730011710618,0.09392436126670829,0.0049394259991630786,0.001561983649120828,10
3.775,0.05356109,6.7,104.31544711021446,0.07914947403670641,0.004138242847259859,0.0013086272908241438,10
3.775,0.05356109,6.7,118.41166706679324,0.06463476058125409,0.005225121921491427,0.0016523286323988414,10
3.775,0.05356109,6.7,134.41271917018034,0.05223010875837151,0.003711092306651601,0.0011735504296147097,10
3.775,0.05356109,6.7,152.57600473212457,0.04075048341870468,0.0028983257828511743,0.0009165310875000297,10
3.775,0.05356109,6.7,173.19370788521238,0.03223372877201225,0.0033364895365279065,0.0010550906324747749,10
3.775,0.05356109,6.7,196.59749580998604,0.02337303794681596,0.002440652421867014,0.000771802062990591,10
3.775,0.05356109,6.7,223.1638541070668,0.015397616124115485,0.0035494929440332383,0.00112244822418416,10
3.775,0.05356109,6.7,253.32014314187637,0.011203959933210243,0.004564115298874742,0.0014432999848064323,10
3.775,0.05356109,6.7,287.5514727874956,0.008406769101383353,0.0032839150109331625,0.0010384651076965538,10
3.775,0.05356109,6.7,326.40850615637055,0.0051150195602765545,0.003657899383670852,0.001156729350412602,10
3.775,0.05356109,6.7,370.5163178557939,0.0032486037773243473,0.0024993312726550123,0.0007903579448877149,10
3.775,0.05356109,6.7,420.58444926569615,0.0011224251928750849,0.0019697462731961073,0.0006228884635927971,10
3.775,0.05356109,6.7,477.4183225932176,0.0002722895950698097,0.0015389955653416763,0.0004866731295378188,10
3.775,0.05356109,6.7,541.9321973165318,0.00021966729508556053,0.0019335935829203844,0.0006114559791114066,10
3.775,0.05356109,6.7,615.1638774420524,0.0004740933300357819,0.0015938768048536218,0.0005040281013049164,10
3.775,0.05356109,6.7,698.2914061636919,-0.0006438323440556439,0.0027340763539176033,0.0008645908575188252,10
3.775,0.05356109,6.7,792.652016483199,0.0021263498879428135,0.0022619342067094965,0.0007152864010648125,10
3.775,0.05356109,6.7,899.7636426411872,-0.0009917652757325962,0.0022177143959954586,0.0007013028691090249,10
3.775,0.05356109,6.7,1021.3493384030259,0.00023243070630359102,0.002202042732495893,0.0006963470539707896,10
3.775,0.05356109,6.7,1159.3649950049091,0.0007566830908820852,0.0017371827149111473,0.0005493454090994176,10
3.775,0.05356109,6.7,1316.0308046455484,-0.0004324713310271542,0.0018811040298862094,0.0005948573250161871,10
3.775,0.05356109,6.7,1493.8669756616864,0.0004393102097431854,0.0013728520715815128,0.0004341339436678098,10
3.775,0.05356109,6.7,1695.7342739204687,9.018786854199595e-07,0.001111056402255797,0.00035134688400405593,10
3.775,0.05356109,6.7,1924.8800425987847,0.0004047708994185096,0.0011580152908300032,0.00036619658843251073,10
3.775,0.05356109,6.7,2184.990440647822,-0.0006380810884345572,0.0012643279770354083,0.0003998156116904951,10
3.775,0.05356109,6.7,2480.2497402782196,-0.0005778654882603611,0.0015458248664346117,0.0004888327441658941,10
3.775,0.05356109,6.7,2815.4076373562034,-0.001059974660164119,0.0014921282188165685,0.00047185237324704697,10
3.775,0.05356109,6.7,3195.8556575010366,-2.2081655787007953e-05,0.0022022188446491568,0.0006964027455235846,10
3.775,0.05356109,6.7,3627.7138869923433,-0.000553611405664063,0.0011917505918005024,0.0003768646272943174,10
3.775,0.05356109,6.7,4117.929423686066,0.00022573586735856214,0.0015696665033343134,0.0004963721317408714,10
3.775,0.05356109,6.7,4674.388131672206,0.0001556411067179557,0.0018490637988498504,0.0005847253143328959,10
3.775,0.05356109,6.7,5306.041497418272,0.00032457712892784344,0.0006983456859453672,0.00022083629617399974,10
3.775,0.05356109,6.7,6023.050628072877,5.886285187717173e-05,0.0010534383112649128,0.0003331264438078537,10
3.775,0.05356109,6.7,6836.949708361742,-0.00012270620810929546,0.00045475795986277685,0.00014380709372578077,10
3.775,0.05356109,6.7,7760.831545529242,-0.00018237388254756384,0.0008849467799851152,0.00027984474327848717,10
3.775,0.05356109,6.7,8809.558187098928,0.0003529510553871575,0.0013690857269641377,0.00043294292092340775,10
3.775,0.05356109,6.7,9999.99999956053,0.00041956744594897786,0.0017302405910027132,0.0005471501167644414,10
3.775,0.03610087,6.7,0.010000000000218279,0.9999101328804627,0.0001,3.1622776601683795e-05,10
3.775,0.03610087,6.7,0.011351307054675233,0.9998737605887239,0.0001,3.1622776601683795e-05,10
3.775,0.03610087,6.7,0.012885217184670714,0.9998324732835439,0.0001,3.1622776601683795e-05,10
3.775,0.03610087,6.7,0.014626405672618265,0.9997856067956891,0.0001,3.1622776601683795e-05,10
3.775,0.03610087,6.7,0.016602882189250948,0.9997324072062688,0.0001,3.1622776601683795e-05,10
3.775,0.03610087,6.7,0.018846441371867226,0.9996720187188005,0.0001,3.1622776601683795e-05,10
3.775,0.03610087,6.7,0.021393174289532996,0.9995784970197219,0.0001,3.1622776601683795e-05,10
3.775,0.03610087,6.7,0.024284049022937213,0.9994488657485728,0.0001,3.1622776601683795e-05,10
3.775,0.03610087,6.7,0.027565569698412937,0.9993017173123058,0.0001,3.1622776601683795e-05,10
3.775,0.03610087,6.7,0.03129052457769065,0.9991116421663502,0.0001,3.1622776601683795e-05,10
3.775,0.03610087,6.7,0.035518835237547564,0.9988465413259007,0.0001,3.1622776601683795e-05,10
3.775,0.03610087,6.7,0.040318520499702026,0.9985399574237622,0.0001,3.1622776601683795e-05,10
3.775,0.03610087,6.7,0.045766790617234585,0.9981015587956253,0.0001,3.1622776601683795e-05,10
3.775,0.03610087,6.7,0.051951289319191934,0.9975693758096176,0.0001,3.1622776601683795e-05,10
3.775,0.03610087,6.7,0.05897150369355452,0.9968802123580035,0.0001,3.1622776601683795e-05,10
3.775,0.03610087,6.7,0.06694036458868406,0.9959762238350762,0.0001,3.1622776601683795e-05,10
3.775,0.03610087,6.7,0.0759860632781475,0.9948252509782691,0.0001,3.1622776601683795e-05,10
3.775,0.03610087,6.7,0.08625411361274073,0.9933503550947475,0.0001,3.1622776601683795e-05,10
3.775,0.03610087,6.7,0.09790969283256912,0.99146224492066,0.00010864293017200785,3.435591110181736e-05,10
3.775,0.03610087,6.7,0.11114029869471674,0.989029143578195,0.00013819988405563302,4.3702640598698845e-05,10
3.775,0.03610087,6.7,0.12615876566045128,0.9858857953171272,0.00017624120856890907,5.5732363665853705e-05,10
3.775,0.03610087,6.7,0.14320668866193417,0.981919307875238,0.00022273900936385925,7.043625933593676e-05,10
3.775,0.03610087,6.7,0.16255830952494102,0.9768576248282976,0.0002797268867080962,8.845740847854638e-05,10
3.775,0.03610087,6.7,0.1845249285666265,0.9703939896654082,0.00035199256773040444,0.00011130982334791631,10
3.775,0.03610087,6.7,0.209459912335607,0.9622074110690099,0.0004415148348545687,0.00013961924988935338,10
3.775,0.03610087,6.7,0.23776437805149325,0.9518359677055278,0.0005490344188775906,0.0001736199277480133,10
3.775,0.03610087,6.7,0.2698936461867474,0.9389435585380159,0.0006764075589278609,0.0002138988512766601,10
3.775,0.03610087,6.7,0.3063645649904774,0.9228069111963183,0.0008251905353328613,0.0002609481595265493,10
3.775,0.03610087,6.7,0.3477638247803005,0.9031453742119819,0.000996815265742694,0.00031522066461729274,10
3.775,0.03610087,6.7,0.3947573957503299,0.878942355109887,0.0011886148996410305,0.00037587303436781104,10
3.775,0.03610087,6.7,0.4481012411168134,0.8499762204262027,0.0013988659438996204,0.00044236025239641224,10
3.775,0.03610087,6.7,0.5086534779386983,0.8156700386553799,0.0016232047279850022,0.0005133024049186663,10
3.775,0.03610087,6.7,0.5773881812384607,0.7760015168934231,0.001863464591984195,0.0005892792449746404,10
3.775,0.03610087,6.7,0.6554110534835178,0.7311598543998991,0.002113706562853484,0.0006684127043862861,10
3.775,0.03610087,6.7,0.7439772114957187,0.681638338474361,0.0023754283461965304,0.0007511763992508007,10
3.775,0.03610087,6.7,0.8445113769184625,0.6285184950376391,0.002682064113743032,0.0008481431430028892,10
3.775,0.03610087,6.7,0.9586307950358789,0.5727185286791184,0.0031524709717188014,0.0009968988528195669,10
3.775,0.03610087,6.7,1.088171250628218,0.5154867767962532,0.0038713747729450672,0.0012242361958623618,10
3.775,0.03610087,6.7,1.2352165993681232,0.45823028811015953,0.004812533048291988,0.0015218565747435787,10
3.775,0.03610087,6.7,1.402132289815328,0.40234339273761577,0.005864770322625839,0.0018546032173258188,10
3.775,0.03610087,6.7,1.5916034152621248,0.35138813481946574,0.00664191599045188,0.0021003582557321114,10
3.775,0.03610087,6.7,1.80667790755158,0.30977798261680833,0.006813900479959104,0.002154744526638527,10
3.775,0.03610087,6.7,2.0508155677068496,0.28325272208359176,0.006376020722384844,0.0020162747891168246,10
3.775,0.03610087,6.7,2.3279437221040404,0.2764349775804622,0.005435148514152684,0.0017187448726002392,10
3.775,0.03610087,6.7,2.642520399502972,0.28873939844729224,0.004629383357000917,0.0014639395570199296,10
3.775,0.03610087,6.7,2.9996060452346534,0.3142166294507017,0.00418222096176128,0.001322534391726561,10
3.775,0.03610087,6.7,3.404944926177538,0.35016057209975787,0.0037991079909031906,0.0012013834328200334,10
3.775,0.03610087,6.7,3.865057536045609,0.3927463114940432,0.004761509409011127,0.0015057214832797428,10
3.775,0.03610087,6.7,4.3873454874682505,0.4176892061424118,0.00568846703913411,0.001798851223845796,10
3.775,0.03610087,6.7,4.980210578210885,0.4228137272776536,0.006624746256285773,0.00209492870905366,10
3.775,0.03610087,6.7,5.653189946897943,0.42084063539463906,0.007277873297806643,0.0023014656143189914,10
3.775,0.03610087,6.7,6.417109492424104,0.41894450057249877,0.008144039071992518,0.0025753712820900357,10
3.775,0.03610087,6.7,7.284258025038717,0.4188851915270284,0.006205510439633057,0.0019623547033193276,10
3.775,0.03610087,6.7,8.268584950589176,0.3984922422626043,0.006075244582114543,0.0019211610222079798,10
3.775,0.03610087,6.7,9.385924667975567,0.3760057485993392,0.004607916092012358,0.001457151011770106,10
3.775,0.03610087,6.7,10.65425128959158,0.3757616367059341,0.005376042688306799,0.0017000539693344146,10
3.775,0.03610087,6.7,12.093967782318368,0.3849638689273716,0.004993093581119226,0.001578954828670346,10
3.775,0.03610087,6.7,13.728234180344895,0.3753205124064321,0.005096253426876684,0.0016115768362368686,10
3.775,0.03610087,6.7,15.583340149618108,0.3594747098742914,0.004673914220820854,0.0014780214526045083,10
3.775,0.03610087,6.7,17.689127897190275,0.36561224396161274,0.006551717939549026,0.0020718351275960285,10
3.775,0.03610087,6.7,20.07947222860456,0.34525993360104446,0.004158852536195448,0.001315144646714547,10
3.775,0.03610087,6.7,22.792825475773903,0.34231760547420176,0.00569652394371676,0.0018013990407829785,10
3.775,0.03610087,6.7,25.872836061348632,0.32979455761320464,0.003060931673459234,0.0009679515850281947,10
3.775,0.03610087,6.7,29.369050650123167,0.319469395874169,0.0049319668179424354,0.001559624848907109,10
3.775,0.03610087,6.7,33.33771118265806,0.3086599800404815,0.004360545781935876,0.0013789256512357277,10
3.775,0.03610087,6.7,37.842659612617176,0.295954528469769,0.004077911285123925,0.0012895487757095916,10
3.775,0.03610087,6.7,42.95636490189982,0.2826780453182116,0.00446486801104506,0.0014119152366928217,10
3.775,0.03610087,6.7,48.76108879434957,0.26694097305025305,0.004846708158757675,0.0015326636935795214,10
3.775,0.03610087,6.7,55.350209121286355,0.25025409748764893,0.005583507667951173,0.0017656601563740839,10
3.775,0.03610087,6.7,62.82972192624931,0.2375246929547655,0.005826510463701511,0.0018425043876100593,10
3.775,0.03610087,6.7,71.31994657291497,0.22075775392647295,0.005629410059000047,0.0017801757669503005,10
3.775,0.03610087,6.7,80.95746126545187,0.20169568625083048,0.006420025792930876,0.002030190414269009,10
3.775,0.03610087,6.7,91.89730011710618,0.18631001590203095,0.009155054481190176,0.00289508242634921,10
3.775,0.03610087,6.7,104.31544711021446,0.16812744150674092,0.007381310320446982,0.002334175272911979,10
3.775,0.03610087,6.7,118.41166706679324,0.15354783460191093,0.005955383175059333,0.001883257517223276,10
3.775,0.03610087,6.7,134.41271917018034,0.1355995749786014,0.008622104635187488,0.0027265488871487625,10
3.775,0.03610087,6.7,152.57600473212457,0.11760012540297785,0.007312272581738195,0.002312343623029245,10
3.775,0.03610087,6.7,173.19370788521238,0.10071910733796867,0.005254209353678618,0.0016615268860985632,10
3.775,0.03610087,6.7,196.59749580998604,0.08482317338479668,0.006577436276376807,0.0020799679797967466,10
3.775,0.03610087,6.7,223.1638541070668,0.07001046550820127,0.004978555668855132,0.0015743575371525225,10
3.775,0.03610087,6.7,253.32014314187637,0.056246038283482444,0.006049140274951695,0.001912906115470455,10
3.775,0.03610087,6.7,287.5514727874956,0.04575795042224538,0.002995636142485414,0.0009473033251374604,10
3.775,0.03610087,6.7,326.40850615637055,0.033889220081978436,0.0022479518412147274,0.0007108647888607708,10
3.775,0.03610087,6.7,370.5163178557939,0.025262981243095405,0.0025814180550984235,0.0008163160647193051,10
3.775,0.03610087,6.7,420.58444926569615,0.01916990051332182,0.0031987917318675686,0.0010115467633216133,10
3.775,0.03610087,6.7,477.4183225932176,0.012276624651803774,0.0027225303097053294,0.0008609396777512462,10
3.775,0.03610087,6.7,541.9321973165318,0.00649932938331033,0.0023270043407246786,0.0007358633841788499,10
3.775,0.03610087,6.7,615.1638774420524,0.0026814598707791317,0.003870638613365875,0.001224003401763202,10
3.775,0.03610087,6.7,698.2914061636919,0.0013721419949062647,0.0028167362894840316,0.0008907302242820925,10
3.775,0.03610087,6.7,792.652016483199,0.00036741060010979376,0.00349075900054185,0.0011038749204445191,10
3.775,0.03610087,6.7,899.7636426411872,0.0007168315175744079,0.0026264145610177393,0.0008305452092647337,10
3.775,0.03610087,6.7,1021.3493384030259,0.0006647731098566697,0.002381890571458643,0.0007532199343089362,10
3.775,0.03610087,6.7,1159.3649950049091,0.000540071586308111,0.002002382663790648,0.0006332089964813616,10
3.775,0.03610087,6.7,1316.0308046455484,0.00016574926734163833,0.002172463564030429,0.0006869932996063203,10
3.775,0.03610087,6.7,1493.8669756616864,-5.588585307918217e-05,0.0017136187083228382,0.0005418938159375905,10
3.775,0.03610087,6.7,1695.7342739204687,-0.0003005061242392325,0.0014786291612854869,0.00046758359644066025,10
3.775,0.03610087,6.7,1924.8800425987847,0.0008825172280041632,0.002781890418388706,0.000879710992310707,10
3.775,0.03610087,6.7,2184.990440647822,0.0011528537424357348,0.002392286644038571,0.0007565074611162357,10
3.775,0.03610087,6.7,2480.2497402782196,-5.3850571438517376e-05,0.0019515180435851908,0.000617124191264495,10
3.775,0.03610087,6.7,2815.4076373562034,-0.0004550153230431871,0.0016643414494225482,0.0005263109784401184,10
3.775,0.03610087,6.7,3195.8556575010366,-0.00012700630585662414,0.0021047445007026425,0.0006655786514934216,10
3.775,0.03610087,6.7,3627.7138869923433,-0.0009780159914557292,0.0012007774458161632,0.0003797191691738499,10
3.775,0.03610087,6.7,4117.929423686066,-3.9066534351716976e-05,0.0015351052726182647,0.0004854429109607428,10
3.775,0.03610087,6.7,4674.388131672206,0.00018665577902892962,0.0016310135088015776,0.0005157717582316071,10
3.775,0.03610087,6.7,5306.041497418272,-0.0001984702219655121,0.001108068968123493,0.000350402174382275,10
3.775,0.03610087,6.7,6023.050628072877,0.00013381252849392573,0.0015747037605206157,0.000497965052327748,10
3.775,0.03610087,6.7,6836.949708361742,-0.000274092191318715,0.0009575300574435765,0.0003027975909593567,10
3.775,0.03610087,6.7,7760.831545529242,-0.0005357045475799258,0.0012237054351451,0.00038696963601859746,10
3.775,0.03610087,6.7,8809.558187098928,0.000754915767430394,0.0010216379276567654,0.0003230702795409708,10
3.775,0.03610087,6.7,9999.99999956053,-0.0001269456322704259,0.0015954895995311618,0.0005045381117628387,10
3.775,0.02445457,6.7,0.010000000000218279,0.9999388156340462,0.0001,3.1622776601683795e-05,10
3.775,0.02445457,6.7,0.011351307054675233,0.9999141107693544,0.0001,3.1622776601683795e-05,10
3.775,0.02445457,6.7,0.012885217184670714,0.999886067518869,0.0001,3.1622776601683795e-05,10
3.775,0.02445457,6.7,0.014626405672618265,0.9998542347641625,0.0001,3.1622776601683795e-05,10
3.775,0.02445457,6.7,0.016602882189250948,0.9998181004268563,0.0001,3.1622776601683795e-05,10
3.775,0.02445457,6.7,0.018846441371867226,0.9997770832310591,0.0001,3.1622776601683795e-05,10
3.775,0.02445457,6.7,0.021393174289532996,0.9997135889029314,0.0001,3.1622776601683795e-05,10
3.775,0.02445457,6.7,0.024284049022937213,0.9996255979092163,0.0001,3.1622776601683795e-05,10
3.775,0.02445457,6.7,0.027565569698412937,0.999525716630448,0.0001,3.1622776601683795e-05,10
3.775,0.02445457,6.7,0.03129052457769065,0.9993966774156711,0.0001,3.1622776601683795e-05,10
3.775,0.02445457,6.7,0.035518835237547564,0.9992166663825106,0.0001,3.1622776601683795e-05,10
3.775,0.02445457,6.7,0.040318520499702026,0.9990084839851011,0.0001,3.1622776601683795e-05,10
3.775,0.02445457,6.7,0.045766790617234585,0.9987107443829046,0.0001,3.1622776601683795e-05,10
3.775,0.02445457,6.7,0.051951289319191934,0.9983492751328337,0.0001,3.1622776601683795e-05,10
3.775,0.02445457,6.7,0.05897150369355452,0.9978810993100513,0.0001,3.1622776601683795e-05,10
3.775,0.02445457,6.7,0.06694036458868406,0.9972666007351242,0.0001,3.1622776601683795e-05,10
3.775,0.02445457,6.7,0.0759860632781475,0.9964838877891712,0.0001,3.1622776601683795e-05,10
3.775,0.02445457,6.7,0.08625411361274073,0.9954801835240623,0.0001,3.1622776601683795e-05,10
3.775,0.02445457,6.7,0.09790969283256912,0.9941945480843689,0.0001,3.1622776601683795e-05,10
3.775,0.02445457,6.7,0.11114029869471674,0.9925365567436666,0.0001,3.1622776601683795e-05,10
3.775,0.02445457,6.7,0.12615876566045128,0.9903911715251545,0.00010641422127990055,3.36511314677644e-05,10
3.775,0.02445457,6.7,0.14320668866193417,0.987680354955819,0.0001358018630380167,4.294431976943662e-05,10
3.775,0.02445457,6.7,0.16255830952494102,0.9842150624464878,0.00017339869856646383,5.483348307789993e-05,10
3.775,0.02445457,6.7,0.1845249285666265,0.9797773001438725,0.0002213629247572551,7.000110317494016e-05,10
3.775,0.02445457,6.7,0.209459912335607,0.9741384749738506,0.0002835580625056515,8.966893264222506e-05,10
3.775,0.02445457,6.7,0.23776437805149325,0.9669616306990637,0.0003634979933759756,0.00011494815839688812,10
3.775,0.02445457,6.7,0.2698936461867474,0.9579946177508433,0.00046505285172412675,0.00014706262438048037,10
3.775,0.02445457,6.7,0.3063645649904774,0.9466879125534048,0.0005964776068213117,0.0001886227810841732,10
3.775,0.02445457,6.7,0.3477638247803005,0.9328071844799837,0.0007638046598893271,0.0002415362412700526,10
3.775,0.02445457,6.7,0.3947573957503299,0.9155089399994211,0.0009747539928923052,0.0003082442775883264,10
3.775,0.02445457,6.7,0.4481012411168134,0.894531065025728,0.0012276990156097826,0.0003882325170473526,10
3.775,0.02445457,6.7,0.5086534779386983,0.8692197156403416,0.0015154162763578662,0.0004792167036582031,10
3.775,0.02445457,6.7,0.5773881812384607,0.8393244416091855,0.0018248923922493554,0.0005770816444221368,10
3.775,0.02445457,6.7,0.6554110534835178,0.8046640838003123,0.0021320952145419464,0.0006742277066297905,10
3.775,0.02445457,6.7,0.7439772114957187,0.7652286050500557,0.00242141768532434,0.0007657195052237787,10
3.775,0.02445457,6.7,0.8445113769184625,0.7212873417222891,0.002683949887567759,0.0008487394770466957,10
3.775,0.02445457,6.7,0.9586307950358789,0.6731303149698815,0.002925400118360577,0.0009250927441345584,10
3.775,0.02445457,6.7,1.088171250628218,0.6211373830149436,0.0031520652984278912,0.0009967705676610496,10
3.775,0.02445457,6.7,1.2352165993681232,0.5658695132683285,0.003340674543466116,0.0010564140478696096,10
3.775,0.02445457,6.7,1.402132289815328,0.5081959667969513,0.003522594412649174,0.0011139421616954436,10
3.775,0.02445457,6.7,1.5916034152621248,0.45117055766559505,0.0038283119057619308,0.0012106185215747588,10
3.775,0.02445457,6.7,1.80667790755158,0.3996023952215171,0.00432303361595848,0.0013670632627902429,10
3.775,0.02445457,6.7,2.0508155677068496,0.36008326332779517,0.004693310922357438,0.0014841552281995177,10
3.775,0.02445457,6.7,2.3279437221040404,0.338172386942146,0.004858755823320432,0.0015364734996299223,10
3.775,0.02445457,6.7,2.642520399502972,0.3341848610541179,0.005104211781222403,0.0016140934888527855,10
3.775,0.02445457,6.7,2.9996060452346534,0.34484492338270234,0.0052946854785754435,0.0016743265606517048,10
3.775,0.02445457,6.7,3.404944926177538,0.3715536207784615,0.005050661634805001,0.001597159445681336,10
3.775,0.02445457,6.7,3.865057536045609,0.41546591236116964,0.004463508971750469,0.001411485470732764,10
3.775,0.02445457,6.7,4.3873454874682505,0.4569262645947882,0.0047300623416858265,0.001495777047431682,10
3.775,0.02445457,6.7,4.980210578210885,0.4801959841208509,0.005190714265275688,0.0016414479761398628,10
3.775,0.02445457,6.7,5.653189946897943,0.48198145600295456,0.007001318310494418,0.0022140112485004317,10
3.775,0.02445457,6.7,6.417109492424104,0.4767957359622125,0.0065307651831433035,0.002065209284245952,10
3.775,0.02445457,6.7,7.284258025038717,0.48771925867474586,0.004123942393533819,0.001304105090289331,10
3.775,0.02445457,6.7,8.268584950589176,0.49151794966672124,0.0042312027896828,0.0013380238057456044,10
3.775,0.02445457,6.7,9.385924667975567,0.4620174205538615,0.0057626833435589124,0.0018223204799960768,10
3.775,0.02445457,6.7,10.65425128959158,0.43502969471641195,0.005983620969903604,0.0018921870920041216,10
3.775,0.02445457,6.7,12.093967782318368,0.4445544558353701,0.004682877097114089,0.0014808557629518032,10
3.775,0.02445457,6.7,13.728234180344895,0.4606767158294135,0.006754593770324426,0.002135990098340944,10
3.775,0.02445457,6.7,15.583340149618108,0.4469978090106442,0.004701884057916102,0.0014868662917049936,10
3.775,0.02445457,6.7,17.689127897190275,0.4229694133940482,0.009092545827353629,0.002875315454389759,10
3.775,0.02445457,6.7,20.07947222860456,0.4451754949197001,0.004985126669320148,0.0015764354699500703,10
3.775,0.02445457,6.7,22.792825475773903,0.42247452534923696,0.004636154409349714,0.0014660807517777727,10
3.775,0.02445457,6.7,25.872836061348632,0.42109836280722346,0.006475917231579816,0.0020478648390524308,10
3.775,0.02445457,6.7,29.369050650123167,0.4093449876806116,0.005272036035812657,0.0016671641779653025,10
3.775,0.02445457,6.7,33.33771118265806,0.402625048675829,0.006310381795456526,0.0019955179378905396,10
3.775,0.02445457,6.7,37.842659612617176,0.3933773317431818,0.0039876637065463846,0.0012610099855475867,10
3.775,0.02445457,6.7,42.95636490189982,0.38156420155149046,0.00378938078982702,0.0011983074217541193,10
3.775,0.02445457,6.7,48.76108879434957,0.3701943994372438,0.003850260205954236,0.0012175591835124383,10
3.775,0.02445457,6.7,55.350209121286355,0.3611993441900033,0.005419331245701848,0.0017137430131335429,10
3.775,0.02445457,6.7,62.82972192624931,0.3481253894781485,0.004735419463957793,0.0014974711182400248,10
3.775,0.02445457,6.7,71.31994657291497,0.33503589743839557,0.0038536503343593073,0.0012186312362444842,10
3.775,0.02445457,6.7,80.95746126545187,0.3185189983696877,0.008564126339591928,0.0027082145402551145,10
3.775,0.02445457,6.7,91.89730011710618,0.3061581753666491,0.005440709768463087,0.0017205034956270693,10
3.775,0.02445457,6.7,104.31544711021446,0.2891317583286527,0.007961715590093241,0.002517715534716616,10
3.775,0.02445457,6.7,118.41166706679324,0.2726742747521679,0.007099517845691471,0.002245064668139688,10
3.775,0.02445457,6.7,134.41271917018034,0.25716543989284235,0.006198978934456463,0.0019602892600286055,10
3.775,0.02445457,6.7,152.57600473212457,0.24010191198622938,0.008247364431403358,0.0026080456296694123,10
3.775,0.02445457,6.7,173.19370788521238,0.22353306254410743,0.0073719712682342115,0.00233122200529402,10
3.775,0.02445457,6.7,196.59749580998604,0.20340059646023761,0.007055803654700684,0.0022312410271794376,10
3.775,0.02445457,6.7,223.1638541070668,0.18591081412967303,0.01001613817262233,0.003167380998444333,10
3.775,0.02445457,6.7,253.32014314187637,0.1671294701509868,0.009431934081076994,0.0029826394436770548,10
3.775,0.02445457,6.7,287.5514727874956,0.1473837188270643,0.008931676548438957,0.002824444121697833,10
3.775,0.02445457,6.7,326.40850615637055,0.12871508879131832,0.010218271462564326,0.003231301157160324,10
3.775,0.02445457,6.7,370.5163178557939,0.111686117529704,0.009191876214951546,0.002906726480957435,10
3.775,0.02445457,6.7,420.58444926569615,0.09498118312764602,0.009900200229163757,0.0031307182015878417,10
3.775,0.02445457,6.7,477.4183225932176,0.07704422530654266,0.0076262323483809145,0.0024116264186538404,10
3.775,0.02445457,6.7,541.9321973165318,0.06073502074918395,0.007433282584634995,0.0023506103459109916,10
3.775,0.02445457,6.7,615.1638774420524,0.049275022078171415,0.0058318604774271286,0.0018441962104986706,10
3.775,0.02445457,6.7,698.2914061636919,0.03767712488118955,0.004733032007730445,0.0014967161382907876,10
3.775,0.02445457,6.7,792.652016483199,0.02854380612948536,0.00391019386620658,0.0012365118710032492,10
3.775,0.02445457,6.7,899.7636426411872,0.020340423772660286,0.0035677946889221468,0.0011282357440845897,10
3.775,0.02445457,6.7,1021.3493384030259,0.014946976562498807,0.004030612773710595,0.0012745916731094322,10
3.775,0.02445457,6.7,1159.3649950049091,0.010749605302772795,0.0035901463751668995,0.0011353039678924772,10
3.775,0.02445457,6.7,1316.0308046455484,0.007846461984601141,0.0021580713325686264,0.0006824420764031571,10
3.775,0.02445457,6.7,1493.8669756616864,0.004946359360889933,0.0019363749864401984,0.0006123355361328688,10
3.775,0.02445457,6.7,1695.7342739204687,0.0029318696972398294,0.0013120159276631162,0.00041489586578341645,10
3.775,0.02445457,6.7,1924.8800425987847,0.0014540700934075669,0.0021401598885331797,0.0006767779804696922,10
3.775,0.02445457,6.7,2184.990440647822,0.00019018982298150633,0.0028334229672393953,0.0008960070151109141,10
3.775,0.02445457,6.7,2480.2497402782196,0.0007977939797066162,0.0023988828138866054,0.0007585933531715472,10
3.775,0.02445457,6.7,2815.4076373562034,-0.0010586574047495214,0.0033779418184744308,0.0010681989949910243,10
3.775,0.02445457,6.7,3195.8556575010366,-0.0003873186206395258,0.0024371965924880226,0.000770709233786337,10
3.775,0.02445457,6.7,3627.7138869923433,-0.00027744667427816465,0.0014447860131737713,0.00045688145331831547,10
3.775,0.02445457,6.7,4117.929423686066,-0.0006528005961692221,0.0021747175759132893,0.0006877060807486126,10
3.775,0.02445457,6.7,4674.388131672206,-7.577093779991559e-05,0.0017660334000724766,0.0005584687968160398,10
3.775,0.02445457,6.7,5306.041497418272,-0.0009367975092366157,0.0015274442770012307,0.00048302029143130337,10
3.775,0.02445457,6.7,6023.050628072877,-0.0005009304463322882,0.0017375158525377399,0.000549450756466851,10
3.775,0.02445457,6.7,6836.949708361742,0.00017200679692000925,0.0016664652433076705,0.0005269825810358909,10
3.775,0.02445457,6.7,7760.831545529242,0.00019638779336177405,0.0021133242420073033,0.0006682918039191968,10
3.775,0.02445457,6.7,8809.558187098928,-0.0007289781742575452,0.0013910740071993756,0.00043989622566074926,10
3.775,0.02445457,6.7,9999.99999956053,0.00045191014811756837,0.002086659317834531,0.0006598596145170327,10
3.775,0.0182283,6.7,0.010000000000218279,0.9999543690924945,0.0001,3.1622776601683795e-05,10
3.775,0.0182283,6.7,0.011351307054675233,0.9999358858963904,0.0001,3.1622776601683795e-05,10
3.775,0.0182283,6.7,0.012885217184670714,0.9999149050529577,0.0001,3.1622776601683795e-05,10
3.775,0.0182283,6.7,0.014626405672618265,0.9998910890533509,0.0001,3.1622776601683795e-05,10
3.775,0.0182283,6.7,0.016602882189250948,0.9998640547809166,0.0001,3.1622776601683795e-05,10
3.775,0.0182283,6.7,0.018846441371867226,0.9998333673481774,0.0001,3.1622776601683795e-05,10
3.775,0.0182283,6.7,0.021393174289532996,0.9997858543971677,0.0001,3.1622776601683795e-05,10
3.775,0.0182283,6.7,0.024284049022937213,0.9997200043165575,0.0001,3.1622776601683795e-05,10
3.775,0.0182283,6.7,0.027565569698412937,0.9996452558681013,0.0001,3.1622776601683795e-05,10
3.775,0.0182283,6.7,0.03129052457769065,0.9995487077133604,0.0001,3.1622776601683795e-05,10
3.775,0.0182283,6.7,0.035518835237547564,0.9994140621264229,0.0001,3.1622776601683795e-05,10
3.775,0.0182283,6.7,0.040318520499702026,0.9992583397556348,0.0001,3.1622776601683795e-05,10
3.775,0.0182283,6.7,0.045766790617234585,0.9990355490656408,0.0001,3.1622776601683795e-05,10
3.775,0.0182283,6.7,0.051951289319191934,0.9987650447958751,0.0001,3.1622776601683795e-05,10
3.775,0.0182283,6.7,0.05897150369355452,0.9984146263223102,0.0001,3.1622776601683795e-05,10
3.775,0.0182283,6.7,0.06694036458868406,0.9979546271594776,0.0001,3.1622776601683795e-05,10
3.775,0.0182283,6.7,0.0759860632781475,0.9973686266235438,0.0001,3.1622776601683795e-05,10
3.775,0.0182283,6.7,0.08625411361274073,0.9966168470248629,0.0001,3.1622776601683795e-05,10
3.775,0.0182283,6.7,0.09790969283256912,0.9956534410341741,0.0001,3.1622776601683795e-05,10
3.775,0.0182283,6.7,0.11114029869471674,0.9944106076738402,0.0001,3.1622776601683795e-05,10
3.775,0.0182283,6.7,0.12615876566045128,0.9928015259959494,0.0001,3.1622776601683795e-05,10
3.775,0.0182283,6.7,0.14320668866193417,0.9907661829623267,0.0001,3.1622776601683795e-05,10
3.775,0.0182283,6.7,0.16255830952494102,0.988161244386996,0.00012127518648374334,3.835058129502957e-05,10
3.775,0.0182283,6.7,0.1845249285666265,0.9848203399099071,0.00015541438425845,4.9146343540932064e-05,10
3.775,0.0182283,6.7,0.209459912335607,0.9805676768508704,0.0001997635850147272,6.317079222072186e-05,10
3.775,0.0182283,6.7,0.23776437805149325,0.9751413053280885,0.00025803222937645256,8.159695545605989e-05,10
3.775,0.0182283,6.7,0.2698936461867474,0.9683423117472962,0.0003332451016066295,0.00010538135401711861,10
3.775,0.0182283,6.7,0.3063645649904774,0.959731617480546,0.000431557058694501,0.00013647032457975945,10
3.775,0.0182283,6.7,0.3477638247803005,0.9491163221401152,0.0005559058318746376,0.00017579285932944856,10
3.775,0.0182283,6.7,0.3947573957503299,0.9357949430007568,0.0007151801970554299,0.00022615983601432052,10
3.775,0.0182283,6.7,0.4481012411168134,0.9195180032499366,0.0009103327596532748,0.00028787249491709813,10
3.775,0.0182283,6.7,0.5086534779386983,0.8996649415219083,0.0011373210721160694,0.0003596525018791396,10
3.775,0.0182283,6.7,0.5773881812384607,0.8759146415066695,0.0013929839995106856,0.0004405002182624641,10
3.775,0.0182283,6.7,0.6554110534835178,0.8479583207805476,0.0016699159950092327,0.0005280738045375547,10
3.775,0.0182283,6.7,0.7439772114957187,0.815581945865006,0.0019631097789413955,0.000620789819840446,10
3.775,0.0182283,6.7,0.8445113769184625,0.7786987940640289,0.0022727195665969467,0.0007186970313277086,10
3.775,0.0182283,6.7,0.9586307950358789,0.7373003196883444,0.0026092574512642237,0.0008251196547760738,10
3.775,0.0182283,6.7,1.088171250628218,0.6913595328557228,0.002959226319400755,0.0009357895281223304,10
3.775,0.0182283,6.7,1.2352165993681232,0.6408813598293752,0.0032771108715258365,0.001036313449892108,10
3.775,0.0182283,6.7,1.402132289815328,0.5861201848912156,0.0035388360002524192,0.0011190782026597845,10
3.775,0.0182283,6.7,1.5916034152621248,0.529073574547023,0.0036401564741129423,0.0011511185497604653,10
3.775,0.0182283,6.7,1.80667790755158,0.47381529029097874,0.0036202918898898162,0.0011448368166687326,10
3.775,0.0182283,6.7,2.0508155677068496,0.42645602558718976,0.0037939175983423825,0.0011997420865757786,10
3.775,0.0182283,6.7,2.3279437221040404,0.39294418752275795,0.003976745785965145,0.001257557435912632,10
3.775,0.0182283,6.7,2.642520399502972,0.37525049545789674,0.004147719638565521,0.0013116241153677411,10
3.775,0.0182283,6.7,2.9996060452346534,0.3723877126804103,0.005085292490668791,0.0016081106838663935,10
3.775,0.0182283,6.7,3.404944926177538,0.3874635422676519,0.00613647404033221,0.001940523476994574,10
3.775,0.0182283,6.7,3.865057536045609,0.42339844332154647,0.006367061512349017,0.002013441638141919,10
3.775,0.0182283,6.7,4.3873454874682505,0.4679563710975031,0.0054787306420904435,0.001732526751556257,10
3.775,0.0182283,6.7,4.980210578210885,0.5061188827527703,0.005342083345826497,0.0016893150823264682,10
3.775,0.0182283,6.7,5.653189946897943,0.5238800545048404,0.004111977097819991,0.0013003213315560163,10
3.775,0.0182283,6.7,6.417109492424104,0.5179463701239587,0.004876846674859919,0.0015421943291975963,10
3.775,0.0182283,6.7,7.284258025038717,0.5218910873801573,0.005981337170827996,0.0018914648913244106,10
3.775,0.0182283,6.7,8.268584950589176,0.5383354043972248,0.004352258210787155,0.0013763048911256623,10
3.775,0.0182283,6.7,9.385924667975567,0.5348200684800791,0.005366439872884339,0.0016970172924658982,10
3.775,0.0182283,6.7,10.65425128959158,0.4960335264906293,0.006151405067897048,0.0019452450824857385,10
3.775,0.0182283,6.7,12.093967782318368,0.4744769101987464,0.005701344289138776,0.001802923367847212,10
3.775,0.0182283,6.7,13.728234180344895,0.4987306432023179,0.006602171889747494,0.0020877900675540153,10
3.775,0.0182283,6.7,15.583340149618108,0.5126862719561183,0.004117881545293778,0.001302188481790216,10
3.775,0.0182283,6.7,17.689127897190275,0.4889979934060257,0.0063319781637772065,0.0020023473091986656,10
3.775,0.0182283,6.7,20.07947222860456,0.4790783139678691,0.00797460411788828,0.0025217912450684874,10
3.775,0.0182283,6.7,22.792825475773903,0.4994075738473741,0.006598010072329258,0.0020864739853292762,10
3.775,0.0182283,6.7,25.872836061348632,0.4728084466828612,0.0062617833378349795,0.001980149756205014,10
3.775,0.0182283,6.7,29.369050650123167,0.4781084753843533,0.005003754001067433,0.0015823259494553686,10
3.775,0.0182283,6.7,33.33771118265806,0.47095367044942166,0.0031805286698940176,0.00100577147603309,10
3.775,0.0182283,6.7,37.842659612617176,0.46271832277366676,0.0035451242000850967,0.0011210667060451397,10
3.775,0.0182283,6.7,42.95636490189982,0.455947325695741,0.004300032896195505,0.0013597897965628178,10
3.775,0.0182283,6.7,48.76108879434957,0.4509977906456729,0.004041267223189599,0.0012779609058663167,10
3.775,0.0182283,6.7,55.350209121286355,0.441679459915265,0.005631022826954736,0.0017806857689577154,10
3.775,0.0182283,6.7,62.82972192624931,0.4312484286131239,0.005974086611100577,0.0018891720630194375,10
3.775,0.0182283,6.7,71.31994657291497,0.42236597142729615,0.004415384528198777,0.001396267185457609,10
3.775,0.0182283,6.7,80.95746126545187,0.41213436872949993,0.005423612257674235,0.0017150967879858618,10
3.775,0.0182283,6.7,91.89730011710618,0.4037289436054559,0.0046255218120322406,0.0014627184292811115,10
3.775,0.0182283,6.7,104.31544711021446,0.39192413230975454,0.004951072932028761,0.0015656667326818907,10
3.775,0.0182283,6.7,118.41166706679324,0.3809011800737731,0.004487626992920123,0.0014191122586879905,10
3.775,0.0182283,6.7,134.41271917018034,0.36632768278653255,0.005533629650302391,0.001749887342279661,10
3.775,0.0182283,6.7,152.57600473212457,0.34935671441778526,0.004662092036661153,0.0014742829497182465,10
3.775,0.0182283,6.7,173.19370788521238,0.3346266426244523,0.006880711159498754,0.0021758719185754173,10
3.775,0.0182283,6.7,196.59749580998604,0.31909817462310347,0.009589398470825279,0.0030324340558743595,10
3.775,0.0182283,6.7,223.1638541070668,0.3004024158636841,0.008134046071023459,0.002572211217717786,10
3.775,0.0182283,6.7,253.32014314187637,0.2854425515000578,0.008324562433512338,0.0026324577814172984,10
3.775,0.0182283,6.7,287.5514727874956,0.26560547219172836,0.006223430798937271,0.001968021618508318,10
3.775,0.0182283,6.7,326.40850615637055,0.24761446955774727,0.009331787728232026,0.0029509703862421566,10
3.775,0.0182283,6.7,370.5163178557939,0.2269990454758724,0.011330719158065116,0.003583088006719118,10
3.775,0.0182283,6.7,420.58444926569615,0.20961860862781684,0.00817997527258581,0.0025867353065227856,10
3.775,0.0182283,6.7,477.4183225932176,0.19028242333614426,0.00957419628144263,0.0030276267014873195,10
3.775,0.0182283,6.7,541.9321973165318,0.17121843132488979,0.009847334405728403,0.0031140005603442393,10
3.775,0.0182283,6.7,615.1638774420524,0.15173421404044415,0.008409035092567836,0.0026591703816799205,10
3.775,0.0182283,6.7,698.2914061636919,0.132345812066675,0.006950117205499573,0.002197820037450318,10
3.775,0.0182283,6.7,792.652016483199,0.11379961903775797,0.0063275079525113255,0.0020009337042764326,10
3.775,0.0182283,6.7,899.7636426411872,0.09660041845926966,0.006911234451222158,0.00218552423092859,10
3.775,0.0182283,6.7,1021.3493384030259,0.08083254024322759,0.007549160407699867,0.0023872541310296902,10
3.775,0.0182283,6.7,1159.3649950049091,0.06624897781813387,0.006313164488387739,0.001996397902659688,10
3.775,0.0182283,6.7,1316.0308046455484,0.05340423407083054,0.004587979248904561,0.0014508464284126992,10
3.775,0.0182283,6.7,1493.8669756616864,0.041286847170316734,0.004218230916747559,0.0013339217393462388,10
3.775,0.0182283,6.7,1695.7342739204687,0.030310606974718914,0.0034399854015365844,0.0010878188986584492,10
3.775,0.0182283,6.7,1924.8800425987847,0.023963983557602247,0.0038646398433229093,0.0012221064241136662,10
3.775,0.0182283,6.7,2184.990440647822,0.016011189598788632,0.004721733206494208,0.001493143143617184,10
3.775,0.0182283,6.7,2480.2497402782196,0.010167064305435854,0.004643637364226527,0.0014684470698816722,10
3.775,0.0182283,6.7,2815.4076373562034,0.005795514702185773,0.002330791619938215,0.0007370610270238284,10
3.775,0.0182283,6.7,3195.8556575010366,0.00413292066401727,0.0032996335035498452,0.0010434357315018796,10
3.775,0.0182283,6.7,3627.7138869923433,0.0014396779869965191,0.0012735785019908298,0.00040274088453163106,10
3.775,0.0182283,6.7,4117.929423686066,0.00047298981771313076,0.0016196970109480537,0.0005121931673962529,10
3.775,0.0182283,6.7,4674.388131672206,0.001105622209813349,0.001957044739337651,0.0006188718859157502,10
3.775,0.0182283,6.7,5306.041497418272,0.0006826161838710532,0.0014054014970863327,0.00044442697578033055,10
3.775,0.0182283,6.7,6023.050628072877,0.0004200204061979206,0.0010960590935062203,0.0003466043185619125,10
3.775,0.0182283,6.7,6836.949708361742,0.0005861413643710721,0.0012445401581765135,0.00039355815393840094,10
3.775,0.0182283,6.7,7760.831545529242,-0.00040644053014460307,0.0021545730300437205,0.0006813358160108552,10
3.775,0.0182283,6.7,8809.558187098928,-0.00043263478322237757,0.002012530733225904,0.0006364180978082563,10
3.775,0.0182283,6.7,9999.99999956053,-0.0005900662089796717,0.0015444670065582122,0.0004884033511706163,10
3.775,0.01531428,6.7,0.010000000000218279,0.9999615377984176,0.0001,3.1622776601683795e-05,10
3.775,0.01531428,6.7,0.011351307054675233,0.9999459977760166,0.0001,3.1622776601683795e-05,10
3.775,0.01531428,6.7,0.012885217184670714,0.9999283578194259,0.0001,3.1622776601683795e-05,10
3.775,0.01531428,6.7,0.014626405672618265,0.9999083341630571,0.0001,3.1622776601683795e-05,10
3.775,0.01531428,6.7,0.016602882189250948,0.999885604695878,0.0001,3.1622776601683795e-05,10
3.775,0.01531428,6.7,0.018846441371867226,0.9998598037797641,0.0001,3.1622776601683795e-05,10
3.775,0.01531428,6.7,0.021393174289532996,0.9998198464749869,0.0001,3.1622776601683795e-05,10
3.775,0.01531428,6.7,0.024284049022937213,0.9997644611152623,0.0001,3.1622776601683795e-05,10
3.775,0.01531428,6.7,0.027565569698412937,0.9997015914928067,0.0001,3.1622776601683795e-05,10
3.775,0.01531428,6.7,0.03129052457769065,0.9996203537084938,0.0001,3.1622776601683795e-05,10
3.775,0.01531428,6.7,0.035518835237547564,0.9995069981517938,0.0001,3.1622776601683795e-05,10
3.775,0.01531428,6.7,0.040318520499702026,0.9993759015959116,0.0001,3.1622776601683795e-05,10
3.775,0.01531428,6.7,0.045766790617234585,0.999188392131814,0.0001,3.1622776601683795e-05,10
3.775,0.01531428,6.7,0.051951289319191934,0.9989607299116067,0.0001,3.1622776601683795e-05,10
3.775,0.01531428,6.7,0.05897150369355452,0.9986658214146071,0.0001,3.1622776601683795e-05,10
3.775,0.01531428,6.7,0.06694036458868406,0.9982786037175971,0.0001,3.1622776601683795e-05,10
3.775,0.01531428,6.7,0.0759860632781475,0.9977851874320214,0.0001,3.1622776601683795e-05,10
3.775,0.01531428,6.7,0.08625411361274073,0.9971520129100273,0.0001,3.1622776601683795e-05,10
3.775,0.01531428,6.7,0.09790969283256912,0.9963404411184078,0.0001,3.1622776601683795e-05,10
3.775,0.01531428,6.7,0.11114029869471674,0.9952931927808584,0.0001,3.1622776601683795e-05,10
3.775,0.01531428,6.7,0.12615876566045128,0.9939368301617394,0.0001,3.1622776601683795e-05,10
3.775,0.01531428,6.7,0.14320668866193417,0.9922202712379757,0.00011148434337719962,3.5254444852025894e-05,10
3.775,0.01531428,6.7,0.16255830952494102,0.990022416021396,0.00014269892623603787,4.51253626566238e-05,10
3.775,0.01531428,6.7,0.1845249285666265,0.9872019295761353,0.0001831448948260791,5.7915500948239735e-05,10
3.775,0.01531428,6.7,0.209459912335607,0.9836085258310249,0.0002347999697525188,7.425026989566013e-05,10
3.775,0.01531428,6.7,0.23776437805149325,0.9790189795863645,0.00030084121790646256,9.513434626434539e-05,10
3.775,0.01531428,6.7,0.2698936461867474,0.9732622250611958,0.0003835908503355579,0.00012130207766611269,10
3.775,0.01531428,6.7,0.3063645649904774,0.9659618995527521,0.0004874162101358503,0.00015413453925165356,10
3.775,0.01531428,6.7,0.3477638247803005,0.9569489465873309,0.0006130214625842843,0.0001938544076334028,10
3.775,0.01531428,6.7,0.3947573957503299,0.9456103919289207,0.0007654103500575372,0.00024204400508486088,10
3.775,0.01531428,6.7,0.4481012411168134,0.9317205124808137,0.0009403780246173288,0.0002973736419360649,10
3.775,0.01531428,6.7,0.5086534779386983,0.9147132255168862,0.0011338179561958086,0.00035854471935757755,10
3.775,0.01531428,6.7,0.5773881812384607,0.8942649226238817,0.0013377289503246868,0.00042302703749722524,10
3.775,0.01531428,6.7,0.6554110534835178,0.8700261416071224,0.0015504578805178822,0.0004902978318593713,10
3.775,0.01531428,6.7,0.7439772114957187,0.8416898784871976,0.00178670050936867,0.0005650043106188009,10
3.775,0.01531428,6.7,0.8445113769184625,0.808980812684721,0.002077497595172362,0.0006569624234267091,10
3.775,0.01531428,6.7,0.9586307950358789,0.7716850656842171,0.0024571372725129626,0.0007770150304834805,10
3.775,0.01531428,6.7,1.088171250628218,0.7295106606428942,0.002906291830384185,0.0009190501729153777,10
3.775,0.01531428,6.7,1.2352165993681232,0.6822068727607553,0.003342862110042778,0.0010571058171611608,10
3.775,0.01531428,6.7,1.402132289815328,0.6298112875244752,0.003678340651624762,0.0011631934469122183,10
3.775,0.01531428,6.7,1.5916034152621248,0.5737943486557342,0.003802806575160154,0.001202553027857038,10
3.775,0.01531428,6.7,1.80667790755158,0.5177137721048589,0.003713164687254843,0.0011742057739032095,10
3.775,0.01531428,6.7,2.0508155677068496,0.467401078690736,0.0037692029575731026,0.0011919266309374005,10
3.775,0.01531428,6.7,2.3279437221040404,0.4287065718064267,0.004194272791939982,0.001326345515060386,10
3.775,0.01531428,6.7,2.642520399502972,0.40376578207902886,0.004539458084266002,0.0014355026889145124,10
3.775,0.01531428,6.7,2.9996060452346534,0.3923124420006195,0.00484751676213326,0.0015329193964185761,10
3.775,0.01531428,6.7,3.404944926177538,0.3987877719515516,0.004944892640857502,0.0015637123530114698,10
3.775,0.01531428,6.7,3.865057536045609,0.4288653532365765,0.004717260442310301,0.0014917287313913872,10
3.775,0.01531428,6.7,4.3873454874682505,0.4725873205411236,0.005231262671404057,0.0016542705080253804,10
3.775,0.01531428,6.7,4.980210578210885,0.5157852948873326,0.005352795833482665,0.001692702668366461,10
3.775,0.01531428,6.7,5.653189946897943,0.5433607578308532,0.005261954611240552,0.0016639761515945986,10
3.775,0.01531428,6.7,6.417109492424104,0.5405670847033381,0.005308549472038582,0.0016787107403326252,10
3.775,0.01531428,6.7,7.284258025038717,0.5377409859103786,0.004558269185056595,0.0014414512812938394,10
3.775,0.01531428,6.7,8.268584950589176,0.553190943198773,0.004267675635659343,0.0013495575323490428,10
3.775,0.01531428,6.7,9.385924667975567,0.5689452894556378,0.005152207435819237,0.0016292710474844583,10
3.775,0.01531428,6.7,10.65425128959158,0.5423067821240737,0.004448012184160832,0.0014065849562128556,10
3.775,0.01531428,6.7,12.093967782318368,0.500331361767933,0.0047636722724099315,0.0015064054407405464,10
3.775,0.01531428,6.7,13.728234180344895,0.5101863318700349,0.0038469803548337894,0.0012165220035197516,10
3.775,0.01531428,6.7,15.583340149618108,0.5400553981046253,0.00508054065460206,0.0016066080213625327,10
3.775,0.01531428,6.7,17.689127897190275,0.5280444670994093,0.004933698738284095,0.001560172530207671,10
3.775,0.01531428,6.7,20.07947222860456,0.4993009960814899,0.005096744276289863,0.0016117320564502486,10
3.775,0.01531428,6.7,22.792825475773903,0.5214938362245605,0.005248615706541142,0.0016597580195603927,10
3.775,0.01531428,6.7,25.872836061348632,0.5096678310050524,0.00328324540294844,0.001038253359059438,10
3.775,0.01531428,6.7,29.369050650123167,0.5063589774390375,0.003483005625118526,0.0011014230878553114,10
3.775,0.01531428,6.7,33.33771118265806,0.5005501929474726,0.00406712652341702,0.0012861383346079928,10
3.775,0.01531428,6.7,37.842659612617176,0.4970385269072054,0.004273546140323857,0.0013514139489244935,10
3.775,0.01531428,6.7,42.95636490189982,0.492283439000483,0.004078682048465576,0.0012897925124792495,10
3.775,0.01531428,6.7,48.76108879434957,0.48527885332262316,0.002601079613826414,0.0008225335955122663,10
3.775,0.01531428,6.7,55.350209121286355,0.4803893576365102,0.007055791054663625,0.0022312370426978666,10
3.775,0.01531428,6.7,62.82972192624931,0.4741615388141184,0.005210021491954768,0.0016475534573005691,10
3.775,0.01531428,6.7,71.31994657291497,0.4662437862762017,0.005330912235874218,0.0016857824671823304,10
3.775,0.01531428,6.7,80.95746126545187,0.4574669563085639,0.005116303904288392,0.0016179173539163441,10
3.775,0.01531428,6.7,91.89730011710618,0.45120439111121957,0.0065773599200268235,0.00207994383379877,10
3.775,0.01531428,6.7,104.31544711021446,0.44121604966775213,0.006000957021871882,0.001897669232989602,10
3.775,0.01531428,6.7,118.41166706679324,0.43107908543312323,0.0046546118601558314,0.001471917510212557,10
3.775,0.01531428,6.7,134.41271917018034,0.4218630818588779,0.0034493771724419474,0.0010907888373907942,10
3.775,0.01531428,6.7,152.57600473212457,0.4095409428686948,0.003057951016807645,0.0009670090186339995,10
3.775,0.01531428,6.7,173.19370788521238,0.3965135157029741,0.003965020335186636,0.0012538495228074037,10
3.775,0.01531428,6.7,196.59749580998604,0.3840725719410559,0.005840933181907638,0.001847065251568273,10
3.775,0.01531428,6.7,223.1638541070668,0.3715015571414221,0.004605230786780221,0.001456301843695474,10
3.775,0.01531428,6.7,253.32014314187637,0.3576550852489964,0.005943218669665597,0.0018794107628579153,10
3.775,0.01531428,6.7,287.5514727874956,0.3403079669453663,0.005798146535990525,0.001833534926114551,10
3.775,0.01531428,6.7,326.40850615637055,0.32766883198334096,0.005653038418249222,0.0017876477102103103,10
3.775,0.01531428,6.7,370.5163178557939,0.3084821249187314,0.006836521808983006,0.0021618980189800877,10
3.775,0.01531428,6.7,420.58444926569615,0.2917903489129493,0.006173832509655988,0.001952337262290641,10
3.775,0.01531428,6.7,477.4183225932176,0.2732112168345467,0.006256944815473468,0.0019786196810878108,10
3.775,0.01531428,6.7,541.9321973165318,0.255629960916805,0.00601183151492848,0.0019011080496354556,10
3.775,0.01531428,6.7,615.1638774420524,0.2360379311496282,0.0064716342888303845,0.0020465104536348,10
3.775,0.01531428,6.7,698.2914061636919,0.21903314611271205,0.007461109396682293,0.002359409956520079,10
3.775,0.01531428,6.7,792.652016483199,0.19581598784970616,0.006388222406959591,0.0020201333005715385,10
3.775,0.01531428,6.7,899.7636426411872,0.17572678911638265,0.007194972521910766,0.0022752500871563762,10
3.775,0.01531428,6.7,1021.3493384030259,0.15661300296514713,0.007704567932790961,0.0024363983055114523,10
3.775,0.01531428,6.7,1159.3649950049091,0.13602402915893194,0.005965846505081957,0.0018865663127014271,10
3.775,0.01531428,6.7,1316.0308046455484,0.11721154003337682,0.005605891018081195,0.0017727383931816735,10
3.775,0.01531428,6.7,1493.8669756616864,0.09945443138986025,0.005057988656205383,0.0015994764532903363,10
3.775,0.01531428,6.7,1695.7342739204687,0.08253554388117348,0.006582575388153785,0.0020815931096332912,10
3.775,0.01531428,6.7,1924.8800425987847,0.06702377066409777,0.005053731631133099,0.0015981302637618502,10
3.775,0.01531428,6.7,2184.990440647822,0.051964518183697364,0.005566452704632704,0.0017602669034243853,10
3.775,0.01531428,6.7,2480.2497402782196,0.04064687872460056,0.005136232272109298,0.001624219257152711,10
3.775,0.01531428,6.7,2815.4076373562034,0.030780623302492933,0.005618717407014144,0.0017767944535000031,10
3.775,0.01531428,6.7,3195.8556575010366,0.023798370374655327,0.005236206185882806,0.0016558337845652671,10
3.775,0.01531428,6.7,3627.7138869923433,0.016041021174016654,0.004751695421081621,0.001502618027801079,10
3.775,0.01531428,6.7,4117.929423686066,0.012323062704957692,0.004629766986493825,0.0014640608713174501,10
3.775,0.01531428,6.7,4674.388131672206,0.008248157919909658,0.0028056635387971687,0.0008872287130687245,10
3.775,0.01531428,6.7,5306.041497418272,0.004943339741738456,0.0031230629380944977,0.0009875992160436051,10
3.775,0.01531428,6.7,6023.050628072877,0.002589343021970743,0.0026693881516129904,0.0008441346518163922,10
3.775,0.01531428,6.7,6836.949708361742,0.002493617068157536,0.001740697399884718,0.0005504568500768628,10
3.775,0.01531428,6.7,7760.831545529242,0.0012270421559509436,0.003699568692467637,0.001169906342844875,10
3.775,0.01531428,6.7,8809.558187098928,-0.00016239536559038088,0.0027108575674992725,0.0008572484325601343,10
3.775,0.01531428,6.7,9999.99999956053,-0.00041318499070829267,0.001612234641987826,0.0005098333591307667,10
3.775,0.01305204,6.7,0.00999999999839929,0.9999673232487447,0.0001,3.1622776601683795e-05,10
3.775,0.01305204,6.7,0.011341252430848697,0.9999541950079159,0.0001,3.1622776601683795e-05,10
3.775,0.01305204,6.7,0.01286240067208205,0.9999393059385925,0.0001,3.1622776601683795e-05,10
3.775,0.01305204,6.7,0.014587573291215107,0.9999224198692239,0.0001,3.1622776601683795e-05,10
3.775,0.01305204,6.7,0.01654413510756593,0.9999032689516932,0.0001,3.1622776601683795e-05,10
3.775,0.01305204,6.7,0.018763121253500575,0.9998815494126904,0.0001,3.1622776601683795e-05,10
3.775,0.01305204,6.7,0.0212797294560635,0.999848578892269,0.0001,3.1622776601683795e-05,10
3.775,0.01305204,6.7,0.024133878346001423,0.9998020466664771,0.0001,3.1622776601683795e-05,10
3.775,0.01305204,6.7,0.02737084065012084,0.9997492732945809,0.0001,3.1622776601683795e-05,10
3.775,0.01305204,6.7,0.031041961310724463,0.9996826468332554,0.0001,3.1622776601683795e-05,10
3.775,0.01305204,6.7,0.03520547192299189,0.9995876963994459,0.0001,3.1622776601683795e-05,10
3.775,0.01305204,6.7,0.03992741440897199,0.9994800107156033,0.0001,3.1622776601683795e-05,10
3.775,0.01305204,6.7,0.045282688579574126,0.9993236264186672,0.0001,3.1622776601683795e-05,10
3.775,0.01305204,6.7,0.051356240201066654,0.9991369622937271,0.0001,3.1622776601683795e-05,10
3.775,0.01305204,6.7,0.05824440841128294,0.9988906626743201,0.0001,3.1622776601683795e-05,10
3.775,0.01305204,6.7,0.06605645385835444,0.9985723705948333,0.0001,3.1622776601683795e-05,10
3.775,0.01305204,6.7,0.0749162918014227,0.9981670839133401,0.0001,3.1622776601683795e-05,10
3.775,0.01305204,6.7,0.0849644576639059,0.9976471536567486,0.0001,3.1622776601683795e-05,10
3.775,0.01305204,6.7,0.09636033621707599,0.9969804618791234,0.0001,3.1622776601683795e-05,10
3.775,0.01305204,6.7,0.10928468975342442,0.996129754670102,0.0001,3.1622776601683795e-05,10
3.775,0.01305204,6.7,0.1239425253518967,0.9950086262636135,0.0001,3.1622776601683795e-05,10
3.775,0.01305204,6.7,0.1405663467157732,0.993626803397094,0.0001,3.1622776601683795e-05,10
3.775,0.01305204,6.7,0.1594198421640969,0.9918305226823787,0.0001047870329189926,3.3136569327505884e-05,10
3.775,0.01305204,6.7,0.18080206727584922,0.9895360450765572,0.00013451673751904258,4.25379273975202e-05,10
3.775,0.01305204,6.7,0.20505218853229243,0.9865969375455312,0.0001723905027406553,5.4514663564197e-05,10
3.775,0.01305204,6.7,0.23255486320149607,0.9828445961137193,0.0002202357530104771,6.964466017153926e-05,10
3.775,0.01305204,6.7,0.26374634080118375,0.9781403423946882,0.0002793221778180229,8.832942829035135e-05,10
3.775,0.01305204,6.7,0.2991213829217682,0.9721642243566437,0.00035221220133485967,0.00011137927759199542,10
3.775,0.01305204,6.7,0.3392411111723355,0.9647596440530004,0.00043978203160228557,0.00013907128938793717,10
3.775,0.01305204,6.7,0.3847419077342925,0.9554015595316592,0.0005454251494186769,0.0001724785765300682,10
3.775,0.01305204,6.7,0.4363455097039377,0.9439125558395866,0.0006708905237069466,0.00021215421155371415,10
3.775,0.01305204,6.7,0.4948704573411843,0.9298538993775433,0.0008200446479917893,0.00025932088706850774,10
3.775,0.01305204,6.7,0.5612450778174306,0.9127691356430905,0.000999014258311241,0.000315916047124732,10
3.775,0.01305204,6.7,0.636522210411769,0.8922655355831225,0.0012099682943234175,0.0003826255706650981,10
3.775,0.01305204,6.7,0.7218959067277211,0.8680687101197739,0.0014533461763236207,0.000459588414587932,10
3.775,0.01305204,6.7,0.8187203708306032,0.8398291841631569,0.0017139913823782497,0.0005420116658215857,10
3.775,0.01305204,6.7,0.9285314397354238,0.8072451692970745,0.0019665754123180746,0.0006218857493409866,10
3.775,0.01305204,6.7,1.0530709449704487,0.769845100186758,0.0021707412701891336,0.0006864486624724628,10
3.775,0.01305204,6.7,1.1943143416413986,0.7271002253552268,0.00229918404015764,0.0007270658326806182,10
3.775,0.01305204,6.7,1.354502043250615,0.6786559373845875,0.002376257285123899,0.0007514385327559668,10
3.775,0.01305204,6.7,1.5361749593064533,0.6249720565207868,0.002516278766283916,0.0007957172129375678,10
3.775,0.01305204,6.7,1.742214799423201,0.5683443347922273,0.0028732135022427126,0.0009085898871036279,10
3.775,0.01305204,6.7,1.9758897832181799,0.5132123774480125,0.00332256592724779,0.0010506876006172322,10
3.775,0.01305204,6.7,2.2409064810599326,0.4653583482964124,0.0034757242291555556,0.0010991205082764573,10
3.775,0.01305204,6.7,2.5414686079693736,0.4302815215261811,0.0035204890238318713,0.0011132763792931512,10
3.775,0.01305204,6.7,2.882343703267211,0.40727246484382673,0.004175691075802028,0.001320469460477322,10
3.775,0.01305204,6.7,3.268938753645334,0.3993151833508813,0.005187652720292866,0.0016404798306093851,10
3.775,0.01305204,6.7,3.707385959201014,0.4124200792157701,0.006156433982759288,0.0019468353649981138,10
3.775,0.01305204,6.7,4.204640002861323,0.44638481026150645,0.0068188077287481925,0.0021562963349603895,10
3.775,0.01305204,6.7,4.768588366092783,0.49151889191045794,0.0074116322078372765,0.002343763895622826,10
3.775,0.01305204,6.7,5.40817644073235,0.5364934051118182,0.007536780177395243,0.0023833391584576853,10
3.775,0.01305204,6.7,6.133549421473251,0.5570310608890019,0.00616949853452979,0.0019509667390185108,10
3.775,0.01305204,6.7,6.9562132297149075,0.5512505010915038,0.005045147517254836,0.001595415728606893,10
3.775,0.01305204,6.7,7.88921702136344,0.5469845874634063,0.006672621445202448,0.0021100681730924146,10
3.775,0.01305204,6.7,8.947360173535325,0.5707597185532534,0.004793003529063819,0.0015156807985066717,10
3.775,0.01305204,6.7,10.14742703340295,0.5924830784267314,0.003682368123136272,0.0011644670452309997,10
3.775,0.01305204,6.7,11.508453152786267,0.5533044748474223,0.005343039075188314,0.0016896173104874721,10
3.775,0.01305204,6.7,13.052027231523823,0.5086419048927207,0.007288805133624615,0.0023049225643381717,10
3.775,0.01305204,6.7,14.802633559071767,0.5285020700708218,0.004945382052296022,0.001563867118497336,10
3.775,0.01305204,6.7,16.78804038616581,0.5569515574915921,0.004968183378901917,0.0015710775310721387,10
3.775,0.01305204,6.7,19.03974038692664,0.5412426903157659,0.004985851028273341,0.0015766645323636328,10
3.775,0.01305204,6.7,21.593450198052466,0.5207274036432346,0.006039420699465777,0.0019098325158279114,10
3.775,0.01305204,6.7,24.489676958827392,0.5452079499407614,0.003928652634483877,0.0012423490460590015,10
3.775,0.01305204,6.7,27.774360838445915,0.5205273687747783,0.004583529347325444,0.0014494392459773403,10
3.775,0.01305204,6.7,31.49960374247156,0.531567131569749,0.007684422813103792,0.0024300278593166373,10
3.775,0.01305204,6.7,35.724495757226116,0.5279999077194402,0.005173979528981786,0.0016361559878667615,10
3.775,0.01305204,6.7,40.51605244123391,0.5213733580764851,0.006960290466117224,0.0022010371049285453,10
3.775,0.01305204,6.7,45.950277831109084,0.5157694341771081,0.0058809077879814564,0.0018597063319443997,10
3.775,0.01305204,6.7,52.113370023365725,0.516035333364557,0.0052195902943663495,0.00165057937831064,10
3.775,0.01305204,6.7,59.10308845518216,0.5111631428141616,0.004449666329625928,0.0014071080429379499,10
3.775,0.01305204,6.7,67.03030457202969,0.5065032183268406,0.0047738062107447994,0.001509610073421134,10
3.775,0.01305204,6.7,76.02076047897474,0.5004260189537487,0.004010332893293099,0.0012681786118299188,10
3.775,0.01305204,6.7,86.2170634715148,0.49284665272903877,0.004980562792015452,0.0015749922452256314,10
3.775,0.01305204,6.7,97.78094808334725,0.4880450898592871,0.004489848704842491,0.001419814825685934,10
3.775,0.01305204,6.7,110.89584153184666,0.4810157037147557,0.00658920778056146,0.002083690456267717,10
3.775,0.01305204,6.7,125.76977325453886,0.47240094574787816,0.005032828672093319,0.0015915201677215592,10
3.775,0.01305204,6.7,142.63867468786512,0.46532005709970925,0.00347549917343394,0.0010990493394083816,10
3.775,0.01305204,6.7,161.77012162957337,0.45768164183331084,0.003297791873026907,0.0010428533567957824,10
3.775,0.01305204,6.7,183.46757854637704,0.44946382907035626,0.003478771959985759,0.0011000842853883133,10
3.775,0.01305204,6.7,208.07521215040907,0.44108601395067,0.005246692149749836,0.0016591497374934714,10
3.775,0.01305204,6.7,235.9833505977926,0.4314295739768859,0.005184123293587817,0.0016393637278871273,10
3.775,0.01305204,6.7,267.63467490354464,0.4193681313923811,0.0052470372581484475,0.001659258870351398,10
3.775,0.01305204,6.7,303.53124078150915,0.4102816791822854,0.00652555770713736,0.0020635625357420064,10
3.775,0.01305204,6.7,344.2424422902844,0.40055938397157786,0.005653409356929036,0.0017877650113203572,10
3.775,0.01305204,6.7,390.41404360509273,0.3850549815069527,0.006952282925440691,0.002198504898229116,10
3.775,0.01305204,6.7,442.7784221782486,0.37104860910323867,0.0077489497211908915,0.0024504330593089945,10
3.775,0.01305204,6.7,502.1661857660235,0.3561561570621489,0.007862819099257186,0.0024864417183526255,10
3.775,0.01305204,6.7,569.5193475920579,0.3424675644808996,0.008319123492552136,0.002630737837267956,10
3.775,0.01305204,6.7,645.9062686327698,0.325844581726827,0.012746322812261585,0.00403074118785094,10
3.775,0.01305204,6.7,732.5386040404393,0.3107686126307103,0.009793421527045964,0.003096951811158955,10
3.775,0.01305204,6.7,830.7905225093997,0.2957362613916822,0.010444133873030306,0.0033027251226491585,10
3.775,0.01305204,6.7,942.2205034444029,0.2742597631672993,0.010367100680281528,0.0032783650881970682,10
3.775,0.01305204,6.7,1068.5960576794828,0.2550139597671671,0.008731954343224555,0.002761286414918926,10
3.775,0.01305204,6.7,1211.9217638692703,0.2374541612754455,0.008326046667089415,0.002632927137285625,10
3.775,0.01305204,6.7,1374.471065268096,0.21963557654477,0.00989725485115526,0.00312978679128014,10
3.775,0.01305204,6.7,1558.822331259821,0.20198143725649093,0.01094918952975237,0.003462437744688544,10
3.775,0.01305204,6.7,1767.8997556491572,0.18226320561163117,0.010553686507115446,0.003337368707387163,10
3.775,0.01305204,6.7,2005.0197404462317,0.16353597967897576,0.0118488137124712,0.0037469238902444434,10
3.775,0.01305204,6.7,2273.943500887537,0.14453262657607172,0.013253405703226147,0.004191094877646023,10
3.775,0.01305204,6.7,2578.93672611815,0.12441366699019349,0.011129252052799224,0.0035193785140950062,10
3.775,0.01305204,6.7,2924.8372418774265,0.10856483191512675,0.011611138408319264,0.003671764359775104,10
3.775,0.01305204,6.7,3317.1317484588994,0.09357294118472381,0.008940272047450301,0.0028271622571479902,10
3.775,0.01305204,6.7,3762.0428511676814,0.07888930392234915,0.009351306520064936,0.0029571427701788255,10
3.775,0.01305204,6.7,4266.627763759206,0.0660235054123698,0.00792317524212965,0.0025055280065785783,10
3.775,0.01305204,6.7,4838.890250500639,0.054073506314583145,0.007761426033825123,0.0024543784157814454,10
3.775,0.01305204,6.7,5487.907582488498,0.043647564397005796,0.0059620490831011706,0.00188536546243182,10
3.775,0.01305204,6.7,6223.974522013344,0.03469788283692835,0.005640262585080846,0.001783607637028471,10
3.775,0.01305204,6.7,7058.766618862337,0.026966070683222775,0.00491210574414019,0.0015533442259079296,10
3.775,0.01305204,6.7,8005.525408778063,0.020216397969391037,0.002602047149098768,0.0008228395570299854,10
3.775,0.01305204,6.7,9079.26845170585,0.01592184144592197,0.0033592848596073984,0.0010622991465678345,10
3.775,0.01305204,6.7,10297.02754147197,0.009562726236355935,0.0034001288025927077,0.001075215135413398,10
3.775,0.01305204,6.7,11678.118865392824,0.006962722341174085,0.0034078092110431755,0.0010776438938197863,10
3.775,0.01305204,6.7,13244.449399107689,0.0051470982670844215,0.0031092334474645293,0.0009832259471165394,10
3.775,0.01305204,6.7,15020.864396692668,0.0038139066710415363,0.0028590483404593815,0.000904110469637618,10
3.775,0.01305204,6.7,17035.541487970833,0.0012007445448660625,0.0016627992861315492,0.0005258233035877727,10
3.775,0.01305204,6.7,19320.437634219943,0.0011725814979043647,0.0016307087169476796,0.0005156753745845488,10
3.775,0.01305204,6.7,21911.796031923197,0.0005780197158124037,0.001873177406572292,0.0005923507066335701,10
3.775,0.01305204,6.7,24850.721005108957,-6.679365239844288e-06,0.002007673319668695,0.0006348820487704403,10
3.775,0.01305204,6.7,28183.830005264823,0.0013925125908014597,0.0017828644491367069,0.0005637912418613412,10
3.775,0.01235791,6.7,0.010000000002037268,0.9999690736174041,0.0001,3.1622776601683795e-05,10
3.775,0.01235791,6.7,0.011334438225563579,0.9999566970092687,0.0001,3.1622776601683795e-05,10
3.775,0.01235791,6.7,0.012846948986294415,0.9999426688192361,0.0001,3.1622776601683795e-05,10
3.775,0.01235791,6.7,0.01456129496424554,0.9999267686539055,0.0001,3.1622776601683795e-05,10
3.775,0.01235791,6.7,0.016504409822282715,0.9999087467097374,0.0001,3.1622776601683795e-05,10
3.775,0.01235791,6.7,0.01870682135419374,0.9998883198484538,0.0001,3.1622776601683795e-05,10
3.775,0.01235791,6.7,0.021203131099256606,0.9998577387631015,0.0001,3.1622776601683795e-05,10
3.775,0.01235791,6.7,0.024032557958408918,0.9998140269992934,0.0001,3.1622776601683795e-05,10
3.775,0.01235791,6.7,0.027239554352636794,0.9997644821706422,0.0001,3.1622776601683795e-05,10
3.775,0.01235791,6.7,0.030874504603894355,0.9997029308822085,0.0001,3.1622776601683795e-05,10
3.775,0.01235791,6.7,0.03499451651064258,0.9996138636468606,0.0001,3.1622776601683795e-05,10
3.775,0.01235791,6.7,0.03966431855425361,0.999512910939184,0.0001,3.1622776601683795e-05,10
3.775,0.01235791,6.7,0.04495727683206728,0.999368052344221,0.0001,3.1622776601683795e-05,10
3.775,0.01235791,6.7,0.050956547693881506,0.9991956686611758,0.0001,3.1622776601683795e-05,10
3.775,0.01235791,6.7,0.05775638419066188,0.9989652738433412,0.0001,3.1622776601683795e-05,10
3.775,0.01235791,6.7,0.0654636168607607,0.9986707385611799,0.0001,3.1622776601683795e-05,10
3.775,0.01235791,6.7,0.07419933211790905,0.9982959074523026,0.0001,3.1622776601683795e-05,10
3.775,0.01235791,6.7,0.08410077460971797,0.9978151369746348,0.0001,3.1622776601683795e-05,10
3.775,0.01235791,6.7,0.09532350343416945,0.9971984797960115,0.0001,3.1622776601683795e-05,10
3.775,0.01235791,6.7,0.1080438360898777,0.9964114729493844,0.0001,3.1622776601683795e-05,10
3.775,0.01235791,6.7,0.12246161855641483,0.9953775400270729,0.0001,3.1622776601683795e-05,10
3.775,0.01235791,6.7,0.13880336502474344,0.9941090359399816,0.0001,3.1622776601683795e-05,10
3.775,0.01235791,6.7,0.15732581660527917,0.9924473691681884,0.0001,3.1622776601683795e-05,10
3.775,0.01235791,6.7,0.17831997492355958,0.9903456747100202,0.00012295158417997945,3.8880704793466095e-05,10
3.775,0.01235791,6.7,0.20211567397433683,0.9876632802396216,0.00015423448195506765,4.877322567141534e-05,10
3.775,0.01235791,6.7,0.22908676206135578,0.9842207289365593,0.00019233719597946768,6.0822361806529806e-05,10
3.775,0.01235791,6.7,0.2596569752349828,0.9799127406721778,0.00023753034781580877,7.51136912509957e-05,10
3.775,0.01235791,6.7,0.29430659450380225,0.9744447296421525,0.0002908950473250087,9.198909096094985e-05,10
3.775,0.01235791,6.7,0.3335799914099744,0.9676650235895664,0.00035250082436342827,0.00011147054820754067,10
3.775,0.01235791,6.7,0.3780941805150104,0.9590938342368791,0.00042256490611462756,0.00013362675625774352,10
3.775,0.01235791,6.7,0.42854851316194015,0.9485819896595087,0.0005025885779897804,0.00015893246324328756,10
3.775,0.01235791,6.7,0.4857356648101557,0.9356874323479589,0.0005949730670448397,0.000188147003831776,10
3.775,0.01235791,6.7,0.5505540885622139,0.9199969006066674,0.0007053742659053954,0.0002230589283130302,10
3.775,0.01235791,6.7,0.6240221305368572,0.9011457425024908,0.0008416075806102737,0.00026613968507922266,10
3.775,0.01235791,6.7,0.7072940288513632,0.8787655074791987,0.0010105236684262759,0.00031955564217358103,10
3.775,0.01235791,6.7,0.8016780475692525,0.852479247199672,0.001208916872073894,0.00038229308175599094,10
3.775,0.01235791,6.7,0.9086570305112934,0.821987782069149,0.0014243199071623696,0.00045040950233526613,10
3.775,0.01235791,6.7,1.0299116978456093,0.7868503051606273,0.001631468694714548,0.000515915700655988,10
3.775,0.01235791,6.7,1.167347051463816,0.7465433977571639,0.0018204833240435562,0.000575687374633201,10
3.775,0.01235791,6.7,1.3231223039914854,0.7006497479052456,0.0020269055072259855,0.0006409638004772991,10
3.775,0.01235791,6.7,1.4996848016401583,0.6493937046556304,0.002346928928301114,0.0007421640919969528,10
3.775,0.01235791,6.7,1.6998084738543977,0.5945958891552904,0.002894596649441269,0.0009153518319726366,10
3.775,0.01235791,6.7,1.9266374138267095,0.5399767520522991,0.003594135348130867,0.001136565391901574,10
3.775,0.01235791,6.7,2.1837352745629555,0.49059793302474775,0.004156289140856651,0.0013143340299331412,10
3.775,0.01235791,6.7,2.475141256547541,0.4505538293923723,0.004422765528284289,0.0013986012626256207,10
3.775,0.01235791,6.7,2.8054335666166494,0.4211917120601608,0.004297280332512273,0.0013589193594984504,10
3.775,0.01235791,6.7,3.1798013450260805,0.40481764869438575,0.003899171136927475,0.0012330261779479094,10
3.775,0.01235791,6.7,3.6041261907419515,0.40845803471804565,0.0038349382586590542,0.0012127139583482552,10
3.775,0.01235791,6.7,4.085074565777803,0.4348464498493708,0.003427764311291668,0.0010839542505920092,10
3.775,0.01235791,6.7,4.630202530319649,0.4749563354122753,0.003123252954928769,0.0009876593046426122,10
3.775,0.01235791,6.7,5.24807445410645,0.5209539722206766,0.0032948123759138415,0.001041911157079864,10
3.775,0.01235791,6.7,5.948397569110937,0.5526846427129929,0.0033606434596207104,0.0010627287736149546,10
3.775,0.01235791,6.7,6.742174477444485,0.5570368261860763,0.0038931234912082087,0.0012311137444524446,10
3.775,0.01235791,6.7,7.641876010499736,0.5512391688117588,0.003934590340333929,0.0012442267135152284,10
3.775,0.01235791,6.7,8.661637155077942,0.5646981040415763,0.0040194004123886426,0.0012710460131368174,10
3.775,0.01235791,6.7,9.817479124647635,0.5980414508892554,0.005385138788970513,0.0017029304089267653,10
3.775,0.01235791,6.7,11.127561064640878,0.5864564366509145,0.005075541547461667,0.0016050271648794475,10
3.775,0.01235791,6.7,12.612465346266353,0.5196054821785627,0.004537889118605536,0.0014350065384087461,10
3.775,0.01235791,6.7,14.295520931019349,0.5104319891380553,0.0038301737822391095,0.0012112072986137361,10
3.775,0.01235791,6.7,16.203169886187972,0.5566299614981436,0.004293884528424097,0.0013578455119578159,10
3.775,0.01235791,6.7,18.36538280958944,0.5605990957652097,0.0029354975737281718,0.0009282858398879078,10
3.775,0.01235791,6.7,20.81612969017107,0.5352739594116442,0.0033040837067454865,0.0010448430093167582,10
3.775,0.01235791,6.7,23.59391360204968,0.537119493454912,0.004111242095969917,0.0013000889035629493,10
3.775,0.01235791,6.7,26.742375616723493,0.5419481052409691,0.0017481994681144222,0.000552829212353648,10
3.775,0.01235791,6.7,30.31098043708185,0.5348154010609354,0.003278728705264792,0.0010368250538411647,10
3.775,0.01235791,6.7,34.35579352503783,0.5374104653362487,0.0031753477807161855,0.0010041331350224036,10
3.775,0.01235791,6.7,38.94036193204265,0.526009855064722,0.002506445418993775,0.0007926076354915387,10
3.775,0.01235791,6.7,44.13671267099067,0.5281726770616905,0.0028266437071950887,0.0008938632248518558,10
3.775,0.01235791,6.7,50.02648431468756,0.5231261100070355,0.004197956964718697,0.0013275105527878193,10
3.775,0.01235791,6.7,56.70220959914337,0.5204034182176035,0.005517542187011855,0.001744800039702417,10
3.775,0.01235791,6.7,64.26876918235159,0.5189674207997537,0.003944241110067623,0.0012472785548684573,10
3.775,0.01235791,6.7,72.84503939819635,0.5140355440458004,0.004462681144602627,0.001411223688803154,10
3.775,0.01235791,6.7,82.5657598929393,0.5082707455840956,0.0033720338675566393,0.001066330736870554,10
3.775,0.01235791,6.7,93.58365048625802,0.5046080273568789,0.0034560761197513536,0.001092907230533112,10
3.775,0.01235791,6.7,106.07181051431293,0.49942303169399943,0.00464194627748428,0.0014679123012990305,10
3.775,0.01235791,6.7,120.22643835032316,0.49381091297186697,0.0040386842660866855,0.0012771441031119452,10
3.775,0.01235791,6.7,136.26991382836474,0.4878991380442149,0.004046929755137666,0.0012797515556942532,10
3.775,0.01235791,6.7,154.45429199758073,0.4793613264945287,0.0041860128947526784,0.0013237335062253163,10
3.775,0.01235791,6.7,175.06526309630826,0.47148898574036435,0.004841518500512055,0.001531022579546118,10
3.775,0.01235791,6.7,198.42664096028926,0.46268300566796494,0.003935000411996852,0.001244356389561101,10
3.775,0.01235791,6.7,224.90545038122895,0.45554501450117757,0.005469471588131221,0.0017295987816073025,10
3.775,0.01235791,6.7,254.91769334192583,0.44551167926141827,0.008861521976077242,0.0028022592980040213,10
3.775,0.01235791,6.7,288.934884719858,0.4353094920438199,0.008180711292233196,0.002586968056371623,10
3.775,0.01235791,6.7,327.49146014003765,0.42452679934075643,0.00756356031476618,0.0023918077814721202,10
3.775,0.01235791,6.7,371.1931723600653,0.4146556577343925,0.00637215773147299,0.0020150532041306253,10
3.775,0.01235791,6.7,420.7266081009001,0.40126311430305456,0.007717391107044285,0.002440453349258826,10
3.775,0.01235791,6.7,476.86997483990365,0.3896286405326761,0.00966475016592791,0.0030562623540822467,10
3.775,0.01235791,6.7,540.5053270347792,0.37816180366704,0.009175198913369232,0.002901452655134871,10
3.775,0.01235791,6.7,612.6324238615647,0.36421709385535656,0.010661348917947322,0.0033714145510485138,10
3.775,0.01235791,6.7,694.3844361821539,0.3485256369781097,0.012412118304336467,0.003925056442917023,10
3.775,0.01235791,6.7,787.0457495095994,0.3304412102160597,0.015301575866818493,0.004838783152901172,10
3.775,0.01235791,6.7,892.072142669155,0.3170881619376726,0.013761414023347246,0.004351741213835885,10
3.775,0.01235791,6.7,1011.1136591769766,0.3028289636464233,0.011754236600250698,0.0037170159813306298,10
3.775,0.01235791,6.7,1146.0405306630194,0.28267103585687875,0.011553358377368938,0.003653492709667299,10
3.775,0.01235791,6.7,1298.972559614574,0.266318427325355,0.012955086937754198,0.004096758200879928,10
3.775,0.01235791,6.7,1472.3124230654093,0.24826725497988003,0.012171237156405957,0.0038488831356313868,10
3.775,0.01235791,6.7,1668.7834204564952,0.23078092900183278,0.010744792026305128,0.003397801578794004,10
3.775,0.01235791,6.7,1891.4722587155397,0.2123098388468013,0.01235974056394794,0.003908493147084949,10
3.775,0.01235791,6.7,2143.877546741084,0.19282739281156053,0.01235667046719026,0.003907522297245813,10
3.775,0.01235791,6.7,2429.964761175912,0.17310695324447503,0.011480956811575627,0.0036305973242603587,10
3.775,0.01235791,6.7,2754.2285470233624,0.15428056928045455,0.010655336934007434,0.003369513394797874,10
3.775,0.01235791,6.7,3121.763331896016,0.13565058944199154,0.010600693895437758,0.0033522337487826136,10
3.775,0.01235791,6.7,3538.3433632996366,0.12117143826602524,0.012342006980015145,0.0039028852954544097,10
3.775,0.01235791,6.7,4010.5134263982104,0.10370299956985543,0.01024505300232679,0.003239770223649899,10
3.775,0.01235791,6.7,4545.691667504304,0.08820262373436431,0.009223723110763254,0.002916797353674543,10
3.775,0.01235791,6.7,5152.286138729004,0.07382841705444812,0.00812714196943328,0.0025700279490955703,10
3.775,0.01235791,6.7,5839.826894795409,0.06005101694283319,0.00617812427766221,0.001953694438499511,10
3.775,0.01235791,6.7,6619.115717355842,0.049832069693107654,0.006365275900084526,0.002012876977964547,10
3.775,0.01235791,6.7,7502.395819094235,0.04014414302625952,0.0054485614439213435,0.001722986413416723,10
3.775,0.01235791,6.7,8503.544193792606,0.03119776432035748,0.005672134910367336,0.0017936865512515798,10
3.775,0.01235791,6.7,9638.289634325634,0.024461026731440565,0.00498807120328066,0.0015773666133463637,10
3.775,0.01235791,6.7,10924.459843809762,0.018390688189325776,0.005388693572776284,0.001704054530268337,10
3.775,0.01235791,6.7,12382.261522208568,0.01522514894654844,0.00487209071288625,0.0015406903619674022,10
3.775,0.01235791,6.7,14034.59782876536,0.009824567465012726,0.0035658524630279155,0.0011276215583289567,10
3.775,0.01235791,6.7,15907.4282078362,0.006696846770407423,0.005353659975142123,0.0016929759339529534,10
3.775,0.01235791,6.7,18030.17623125746,0.0038744023007566387,0.0015996853364688677,0.0005058649202814438,10
3.775,0.01235791,6.7,20436.191864757842,0.0025898796894256114,0.0032467444023049925,0.0010267107291685813,10
3.775,0.01235791,6.7,23163.27542096729,0.0026290133637435053,0.0027169952298580643,0.0008591893318164207,10
3.775,0.01235791,6.7,26254.271430718192,0.0021345027748152163,0.0014412065583483732,0.00045574953031532163,10
3.775,0.01235791,6.7,29757.74176280295,0.0005032587325898513,0.0016059953057473958,0.0005078603077700275,10
3.775,0.01235791,6.7,33728.7285674049,0.0003944674318556756,0.001551744672594303,0.000490704751243026,10
3.775,0.01235791,6.7,38229.619029616835,0.0009193902835870646,0.0015031160698078525,0.0004753270368193466,10
3.775,0.01235791,6.7,43331.12551897447,0.0001854622344241355,0.0011055173165306238,0.0003495952712994087,10
3.775,0.01235791,6.7,49113.396533890045,0.0002918354021448908,0.0014461283714678713,0.0004573059442828529,10
3.775,0.01235791,6.7,55667.275894757586,-0.0002748478055515868,0.001427363697244694,0.00045137203327322376,10
3.775,0.01235791,6.7,63095.7299685992,-0.0007511809832915542,0.0021670411739576874,0.0006852785893071453,10
3.775,0.01135263,6.7,0.010000000009313226,0.9999717910418886,0.0001,3.1622776601683795e-05,10
3.775,0.01135263,6.7,0.011326728169739368,0.9999605665629548,0.0001,3.1622776601683795e-05,10
3.775,0.01135263,6.7,0.012829477091168351,0.9999478529007938,0.0001,3.1622776601683795e-05,10
3.775,0.01135263,6.7,0.01453159994362263,0.9999334524812733,0.0001,3.1622776601683795e-05,10
3.775,0.01135263,6.7,0.016459548227952196,0.9999171415175446,0.0001,3.1622776601683795e-05,10
3.775,0.01135263,6.7,0.018643282840110076,0.9998986665323276,0.0001,3.1622776601683795e-05,10
3.775,0.01135263,6.7,0.02111673967248284,0.9998714444256075,0.0001,3.1622776601683795e-05,10
3.775,0.01135263,6.7,0.02391835698786072,0.9998319469313088,0.0001,3.1622776601683795e-05,10
3.775,0.01135263,6.7,0.027091672761597362,0.9997872091932198,0.0001,3.1622776601683795e-05,10
3.775,0.01135263,6.7,0.030686001274835974,0.9997326817800122,0.0001,3.1622776601683795e-05,10
3.775,0.01135263,6.7,0.03475719947326412,0.9996524121950273,0.0001,3.1622776601683795e-05,10
3.775,0.01135263,6.7,0.039368535000842295,0.9995614930181699,0.0001,3.1622776601683795e-05,10
3.775,0.01135263,6.7,0.04459166939801184,0.9994327550903541,0.0001,3.1622776601683795e-05,10
3.775,0.01135263,6.7,0.05050777174357751,0.9992800837192017,0.0001,3.1622776601683795e-05,10
3.775,0.01135263,6.7,0.057208780046594715,0.9990728780344547,0.0001,3.1622776601683795e-05,10
3.775,0.01135263,6.7,0.06479882999067017,0.9988114627082153,0.0001,3.1622776601683795e-05,10
3.775,0.01135263,6.7,0.07339587323379237,0.9984789239218756,0.0001,3.1622776601683795e-05,10
3.775,0.01135263,6.7,0.08313351041255745,0.9980522901359506,0.0001,3.1622776601683795e-05,10
3.775,0.01135263,6.7,0.09416306733622737,0.9975049150642308,0.0001,3.1622776601683795e-05,10
3.775,0.01135263,6.7,0.10665594663530001,0.9968059257545944,0.0001,3.1622776601683795e-05,10
3.775,0.01135263,6.7,0.12080629140991751,0.9958905533609276,0.0001,3.1622776601683795e-05,10
3.775,0.01135263,6.7,0.13683400227200898,0.9947682233774803,0.0001,3.1622776601683795e-05,10
3.775,0.01135263,6.7,0.15498815466691052,0.9932950038889367,0.0001,3.1622776601683795e-05,10
3.775,0.01135263,6.7,0.17555086958066726,0.9914365651389063,0.0001,3.1622776601683795e-05,10
3.775,0.01135263,6.7,0.19884169778497282,0.9890818126772235,0.0001,3.1622776601683795e-05,10
3.775,0.01135263,6.7,0.22522258575223036,0.9860514148540164,0.00012314885067479873,3.8943085936432764e-05,10
3.775,0.01135263,6.7,0.25510350041254914,0.9822485293317739,0.0001557418925236646,4.924991074799293e-05,10
3.775,0.01135263,6.7,0.2889488001630894,0.977417654440535,0.0001969909715336109,6.229401485356029e-05,10
3.775,0.01135263,6.7,0.3272844511371582,0.9714132157169384,0.00024852214311934243,7.858960212434652e-05,10
3.775,0.01135263,6.7,0.37070620087604667,0.9638012763473356,0.0003156783479941546,9.982625876607746e-05,10
3.775,0.01135263,6.7,0.4198888364249257,0.9544612844877054,0.000402373390409177,0.00012724163835371502,10
3.775,0.01135263,6.7,0.4755966707263952,0.9429514283967937,0.0005174502240489548,0.00016363212837591323,10
3.775,0.01135263,6.7,0.5386954202733928,0.928888956762715,0.0006723594959195087,0.00021261874135483348,10
3.775,0.01135263,6.7,0.6101656586037615,0.9119287659959812,0.000878379297593968,0.00027776792299357973,10
3.775,0.01135263,6.7,0.6911180547078262,0.8916957040557414,0.0011429126360241397,0.00036142070964232905,10
3.775,0.01135263,6.7,0.7828106331584112,0.8678570161287901,0.0014672637970863985,0.0004639895527100148,10
3.775,0.01135263,6.7,0.8866683241909145,0.8399511401669926,0.0018508844089479709,0.0005853010417970122,10
3.775,0.01135263,6.7,1.0043051075475513,0.8075188593002152,0.0022929092348821273,0.0007250815650261522,10
3.775,0.01135263,6.7,1.1375490942077713,0.7699016980560975,0.0027860759834580978,0.0008810345842021189,10
3.775,0.01135263,6.7,1.2884709357824844,0.7264798655545144,0.003290895582583382,0.0010406725582750233,10
3.775,0.01135263,6.7,1.459416003062604,0.6770542956441404,0.0036941991586088912,0.001168208347148172,10
3.775,0.01135263,6.7,1.653040833786249,0.6228244071048394,0.003908872890581848,0.0012360941418324775,10
3.775,0.01135263,6.7,1.87235441603385,0.5668433582200878,0.0039601245003311365,0.0012523013238882618,10
3.775,0.01135263,6.7,2.120764948807535,0.5139957142652081,0.00393204204218575,0.0012434208708846848,10
3.775,0.01135263,6.7,2.402132806468257,0.4689021810759858,0.004007639318818814,0.0012673268287913156,10
3.775,0.01135263,6.7,2.7208305301139384,0.43333601130952976,0.004243851461874018,0.0013420236670957126,10
3.775,0.01135263,6.7,3.0818107781826845,0.4084297327583649,0.004936375732322597,0.0015610190700521072,10
3.775,0.01135263,6.7,3.4906832922538693,0.40020931258832854,0.0061713753419187015,0.0019515602376263502,10
3.775,0.01135263,6.7,3.953802074118781,0.41457527284197315,0.007314891803069099,0.0023131718935394206,10
3.775,0.01135263,6.7,4.478364128878708,0.4476989761063567,0.008274734999559384,0.0026167009632920043,10
3.775,0.01135263,6.7,5.072521308567923,0.49433885888963297,0.007567280358747056,0.0023929841626696776,10
3.775,0.01135263,6.7,5.745506994385029,0.5396039100506249,0.005791304348103014,0.0018313712363242159,10
3.775,0.01135263,6.7,6.507779586212705,0.5574862330487409,0.005316081761000226,0.001681092659243959,10
3.775,0.01135263,6.7,7.371185029296075,0.5505136386625924,0.005298102083449568,0.0016754069859784115,10
3.775,0.01135263,6.7,8.349140903793153,0.54677644113887,0.00437557861186622,0.0013836794494615115,10
3.775,0.01135263,6.7,9.456844938004338,0.5760150450336743,0.0049255029199374726,0.001557580784881239,10
3.775,0.01135263,6.7,10.711511185639216,0.6025201932296191,0.004217193152861628,0.0013335935695909379,10
3.775,0.01135263,6.7,12.132637537386406,0.5627096261418252,0.005754717866943651,0.0018198015751207735,10
3.775,0.01135263,6.7,13.742308723996665,0.5075144847793024,0.0054741334418836425,0.001731072989204928,10
3.775,0.01135263,6.7,15.565539519638255,0.5337576723390163,0.004705668808751188,0.0014880631350065031,10
3.775,0.01135263,6.7,17.630663479007968,0.5701445571313357,0.0062999149852142585,0.0019922080418703055,10
3.775,0.01135263,6.7,19.96977324928916,0.5585366554061234,0.0057113208345715635,0.0018060782285219878,10
3.775,0.01135263,6.7,22.619219299537335,0.5233943760675843,0.004361109906654804,0.0013791040431353494,10
3.775,0.01135263,6.7,25.620174817897542,0.5472084873998481,0.004599334417199589,0.0014544372479153812,10
3.775,0.01135263,6.7,29.01927555532642,0.5465653644280571,0.0049706421469469545,0.0015718550617981745,10
3.775,0.01135263,6.7,32.86934455918252,0.5375305495307791,0.0037799494419582472,0.0011953249676870496,10
3.775,0.01135263,6.7,37.230213059262866,0.5364092721492418,0.004340852429352598,0.0013726980663429358,10
3.775,0.01135263,6.7,42.16965026310157,0.5365056164696013,0.0033810248283671334,0.0010691739283220014,10
3.775,0.01135263,6.7,47.7644165098289,0.535017568062677,0.0022563404151092715,0.0007135174888435096,10
3.775,0.01135263,6.7,54.10145614891841,0.5314971154875676,0.004346500320111884,0.0013744840862204518,10
3.775,0.01135263,6.7,61.27924868151651,0.5311882057707169,0.004315168988234315,0.0013645762491344762,10
3.775,0.01135263,6.7,69.40933916149723,0.5299435312769619,0.007014805404589599,0.0022182762421362094,10
3.775,0.01135263,6.7,78.61807163913367,0.526918344480931,0.005459852862001017,0.0017265570733312203,10
3.775,0.01135263,6.7,89.04855258562338,0.5242192914948334,0.004505912387973646,0.0014248946083165017,10
3.775,0.01135263,6.7,100.86287481067406,0.5210926654758186,0.006004728220618718,0.0018988617907445193,10
3.775,0.01135263,6.7,114.24463643349699,0.517165994668623,0.004783249740457099,0.0015125963797253683,10
3.775,0.01135263,6.7,129.40179405277735,0.5123121555523069,0.0057081428485142175,0.0018050732610906406,10
3.775,0.01135263,6.7,146.56989445473684,0.5104461970047401,0.007228554697081677,0.0022858697033886592,10
3.775,0.01135263,6.7,166.015735081005,0.5073997498330846,0.006084739431545627,0.0019241635572322378,10
3.775,0.01135263,6.7,188.04151014107364,0.5026201939586427,0.006366285882158534,0.0020131963623395274,10
3.775,0.01135263,6.7,212.98950680116084,0.49554135840718094,0.00791976321724347,0.002504449029571227,10
3.775,0.01135263,6.7,241.2474244296814,0.48975463951731407,0.0075331899788790785,0.0023822038380013613,10
3.775,0.01135263,6.7,273.2543995619859,0.4844868888760723,0.007089370494705795,0.0022418557940064986,10
3.775,0.01135263,6.7,309.5078302141449,0.4793042704351761,0.007173492397873719,0.002268457475518376,10
3.775,0.01135263,6.7,350.57110559765135,0.47139560374709966,0.005130639879010787,0.0016224507871764808,10
3.775,0.01135263,6.7,397.0823613571479,0.4636328685698417,0.008741788421437463,0.002764396223503029,10
3.775,0.01135263,6.7,449.7643963901872,0.4545139013615368,0.008175857895567212,0.0025854332775863452,10
3.775,0.01135263,6.7,509.435905359406,0.44449632513367227,0.0061138275286663595,0.001933362021202408,10
3.775,0.01135263,6.7,577.0242014537112,0.4386885327447561,0.008758465074197206,0.002769669844149881,10
3.775,0.01135263,6.7,653.5796271140173,0.4287585888973259,0.010333045737721515,0.0032675959697894834,10
3.775,0.01135263,6.7,740.2918766705594,0.41948697461748924,0.01160986494439958,0.0036713616551246795,10
3.775,0.01135263,6.7,838.508484550442,0.4078581962543229,0.011562099828438392,0.0036562569992107377,10
3.775,0.01135263,6.7,949.7557663677679,0.3956368110178341,0.01271291909395078,0.0040201780046328585,10
3.775,0.01135263,6.7,1075.7625383271368,0.3799728821975396,0.012420917367228517,0.003927838950918418,10
3.775,0.01135263,6.7,1218.4869835472275,0.36743158797119024,0.012497365914353343,0.003952014104190935,10
3.775,0.01135263,6.7,1380.1470828151496,0.3518783627712828,0.014443694040650051,0.0045674970995054805,10
3.775,0.01135263,6.7,1563.2550826747038,0.3344943392400722,0.015427243818396642,0.004878522848488643,10
3.775,0.01135263,6.7,1770.6565364929268,0.3184198725279165,0.015534575535269133,0.004912464117537982,10
3.775,0.01135263,6.7,2005.5745252149188,0.303718150529119,0.01522368252884362,0.004814151116645783,10
3.775,0.01135263,6.7,2271.6597450107024,0.2853930528248669,0.01633832789724562,0.005166632931396564,10
3.775,0.01135263,6.7,2573.0472401912275,0.2644103807312854,0.016240804787137863,0.005135793416152173,10
3.775,0.01135263,6.7,2914.420663040149,0.24699703154294314,0.017075007368804383,0.005399591434958055,10
3.775,0.01135263,6.7,3301.0850591783556,0.22699705029193104,0.015270962927630076,0.00482910249153041,10
3.775,0.01135263,6.7,3739.0493095678657,0.20741662155153362,0.01517221916192114,0.004797876971092183,10
3.775,0.01135263,6.7,4235.119510328422,0.18685294877857953,0.01528666435673554,0.0048340677193797026,10
3.775,0.01135263,6.7,4797.004741517419,0.16649095646735784,0.014653762124592636,0.004633926460402082,10
3.775,0.01135263,6.7,5433.436868551578,0.14447034720986923,0.014489588365741308,0.00458201015940194,10
3.775,0.01135263,6.7,6154.306238020712,0.12469954020800637,0.015018138865530087,0.004749152503177228,10
3.775,0.01135263,6.7,6970.8153766471205,0.10730567662239472,0.011723437712841763,0.0037072765179694983,10
3.775,0.01135263,6.7,7895.65308191872,0.09070770561510923,0.011027630651104766,0.0034872430052576677,10
3.775,0.01135263,6.7,8943.191609816837,0.07578138205031949,0.01083330557836202,0.00342579202162317,10
3.775,0.01135263,6.7,10129.710023994874,0.06371195271990499,0.008231449309709388,0.0026030128262902424,10
3.775,0.01135263,6.7,11473.647177321744,0.05127093272388524,0.009353656126953802,0.002957885781116309,10
3.775,0.01135263,6.7,12995.888257198701,0.04215333825216137,0.007198615858729239,0.0022764022114193285,10
3.775,0.01135263,6.7,14720.089347650623,0.0323940783114471,0.006285952992574997,0.0019877928721288483,10
3.775,0.01135263,6.7,16673.04505198347,0.025435127046844384,0.0056395913755623245,0.0017833953819418999,10
3.775,0.01135263,6.7,18885.10488897537,0.019131256620337565,0.0050587598642864665,0.0015997203306989515,10
3.775,0.01135263,6.7,21390.644933522388,0.014561804021895802,0.003561826875791942,0.001126348555870419,10
3.775,0.01135263,6.7,24228.602031177405,0.010646454999859585,0.0016657163865941463,0.0005267457717503064,10
3.775,0.01135263,6.7,27443.078888435826,0.00723746894928375,0.002732074739276273,0.0008639578913923708,10
3.775,0.01135263,6.7,31084.029442053292,0.005371918767305142,0.0014942161355722123,0.0004725126304983133,10
3.775,0.01135263,6.7,35208.03515824129,0.0029468567621759216,0.0026484593283820227,0.0008375163768007019,10
3.775,0.01135263,6.7,39879.18432566214,0.002405036580741587,0.0019028484005706846,0.0006017334987811808,10
3.775,0.01135263,6.7,45170.06800670274,0.0024848852308194044,0.0012730836514952997,0.0004025843990649173,10
3.775,0.01135263,6.7,51162.90812440708,0.0015631854586554109,0.002754455739211878,0.0008710353850032301,10
3.775,0.01135263,6.7,57950.83521588002,0.0018867885704777494,0.0014551625466932983,0.0004601628013321943,10
3.775,0.01135263,6.7,65639.33570883177,0.0017612186661347287,0.0019284664345782913,0.0006098346324451496,10
3.775,0.01135263,6.7,74347.89121237861,0.000352082431768041,0.0017853200812857088,0.0005645677809299792,10
3.775,0.01135263,6.7,84211.83529716822,-0.0002876151845133043,0.0016638271960398735,0.0005261483572417486,10
3.775,0.01135263,6.7,95384.45661975493,0.00041428864443122487,0.0017436321375010556,0.0005513848955971228,10
3.775,0.01135263,6.7,108039.38107440669,1.9635489864079833e-05,0.0011269668251976475,0.00035637820150734035,10
3.775,0.01135263,6.7,122373.26999169975,-0.0003330318771804409,0.0013780626753137303,0.000435781681245648,10
3.775,0.01135263,6.7,138608.87631472124,-0.0002549456735761564,0.0014818935739122443,0.0004686158943529769,10
3.775,0.01135263,6.7,156998.50624677088,0.00030189972545744266,0.00137724467383001,0.0004355230064638526,10
3.775,0.01135263,6.7,177827.94016561517,0.00026935289792205826,0.0022590498135374205,0.0007143742758556927,10
3.8,0.11665069,6.7,0.010000000000218279,0.9997088561532692,0.0001,3.1622776601683795e-05,10
3.8,0.11665069,6.7,0.011351307054675233,0.9995910788648686,0.0001,3.1622776601683795e-05,10
3.8,0.11665069,6.7,0.012885217184670714,0.9994573862484014,0.0001,3.1622776601683795e-05,10
3.8,0.11665069,6.7,0.014626405672618265,0.9993056276543586,0.0001,3.1622776601683795e-05,10
3.8,0.11665069,6.7,0.016602882189250948,0.9991333618144458,0.0001,3.1622776601683795e-05,10
3.8,0.11665069,6.7,0.018846441371867226,0.9989378175700615,0.0001,3.1622776601683795e-05,10
3.8,0.11665069,6.7,0.021393174289532996,0.9986352094379438,0.0001,3.1622776601683795e-05,10
3.8,0.11665069,6.7,0.024284049022937213,0.9982159165264912,0.0001,3.1622776601683795e-05,10
3.8,0.11665069,6.7,0.027565569698412937,0.9977399642681268,0.0001,3.1622776601683795e-05,10
3.8,0.11665069,6.7,0.03129052457769065,0.9971254495080485,0.0001,3.1622776601683795e-05,10
3.8,0.11665069,6.7,0.035518835237547564,0.9962689106087101,0.0001,3.1622776601683795e-05,10
3.8,0.11665069,6.7,0.040318520499702026,0.9952784681021655,0.0001,3.1622776601683795e-05,10
3.8,0.11665069,6.7,0.045766790617234585,0.9938641924296225,0.0001,3.1622776601683795e-05,10
3.8,0.11665069,6.7,0.051951289319191934,0.9921488766970702,0.0001,3.1622776601683795e-05,10
3.8,0.11665069,6.7,0.05897150369355452,0.9899310604201084,0.00010565988755651896,3.341259019958828e-05,10
3.8,0.11665069,6.7,0.06694036458868406,0.9870277753885851,0.00013611420504589574,4.304309098482142e-05,10
3.8,0.11665069,6.7,0.0759860632781475,0.9833400573002582,0.0001738301560520959,5.49699219147126e-05,10
3.8,0.11665069,6.7,0.08625411361274073,0.978628623233406,0.0002220520966582968,7.021903846560815e-05,10
3.8,0.11665069,6.7,0.09790969283256912,0.9726218673570639,0.00028313117532815244,8.95339390637433e-05,10
3.8,0.11665069,6.7,0.11114029869471674,0.9649290432457402,0.00036003025529395075,0.00011385156333007788,10
3.8,0.11665069,6.7,0.12615876566045128,0.9550644820880055,0.00045680954030421643,0.00014445586042558103,10
3.8,0.11665069,6.7,0.14320668866193417,0.9427243384182699,0.000577504134080373,0.00018262284218572476,10
3.8,0.11665069,6.7,0.16255830952494102,0.9271604944255746,0.0007279998218966088,0.0002302137573390205,10
3.8,0.11665069,6.7,0.1845249285666265,0.9076051454869217,0.0009133558370751496,0.0002888284759367135,10
3.8,0.11665069,6.7,0.209459912335607,0.8833351399829695,0.0011366648936299948,0.00035944500002237995,10
3.8,0.11665069,6.7,0.23776437805149325,0.8534155322951505,0.0014075149016298306,0.0004450952929778107,10
3.8,0.11665069,6.7,0.2698936461867474,0.8173423088036464,0.001729479371292191,0.0005469093979559349,10
3.8,0.11665069,6.7,0.3063645649904774,0.7741533954580448,0.0021031378857476885,0.0006650705952353672,10
3.8,0.11665069,6.7,0.3477638247803005,0.723796027530858,0.0025297414674902543,0.0007999744928646003,10
3.8,0.11665069,6.7,0.3947573957503299,0.6661203273343407,0.0029988009276114614,0.0009483041180677937,10
3.8,0.11665069,6.7,0.4481012411168134,0.6020959126727135,0.0034841269639882652,0.001101777686341037,10
3.8,0.11665069,6.7,0.5086534779386983,0.5338435376249032,0.0039170119681876305,0.0012386679441611919,10
3.8,0.11665069,6.7,0.5773881812384607,0.4637510680240763,0.0042205405025626044,0.0013346520945089547,10
3.8,0.11665069,6.7,0.6554110534835178,0.39474412470297815,0.004303091225596093,0.0013607569252369097,10
3.8,0.11665069,6.7,0.7439772114957187,0.3297060855676098,0.004186759271333102,0.0013239695312239508,10
3.8,0.11665069,6.7,0.8445113769184625,0.2722706847693696,0.0040426122635639225,0.0012783862449790915,10
3.8,0.11665069,6.7,0.9586307950358789,0.22337567773310557,0.0042314817575412975,0.0013381120231282875,10
3.8,0.11665069,6.7,1.088171250628218,0.18415155427785784,0.004934566824693996,0.0015604470432337837,10
3.8,0.11665069,6.7,1.2352165993681232,0.15420520706534382,0.005678713385726181,0.0017957668478181042,10
3.8,0.11665069,6.7,1.402132289815328,0.13212218376263657,0.005795418020355635,0.0018326720937107876,10
3.8,0.11665069,6.7,1.5916034152621248,0.11919407352276068,0.0053818791100783735,0.0017018996079527717,10
3.8,0.11665069,6.7,1.80667790755158,0.11672422455324191,0.004908091757015387,0.0015520748917266327,10
3.8,0.11665069,6.7,2.0508155677068496,0.12719036431356387,0.00473224300285779,0.0014964666330425317,10
3.8,0.11665069,6.7,2.3279437221040404,0.1513783868266903,0.0034830675546491606,0.0011014426716924345,10
3.8,0.11665069,6.7,2.642520399502972,0.1812621453586495,0.0028220262469200864,0.0008924030557044203,10
3.8,0.11665069,6.7,2.9996060452346534,0.2037338922328585,0.003034637763961036,0.0009596367207677307,10
3.8,0.11665069,6.7,3.404944926177538,0.2118844355607668,0.004827799609815351,0.00152668428538887,10
3.8,0.11665069,6.7,3.865057536045609,0.213529320961025,0.00627701256082711,0.001984965659369988,10
3.8,0.11665069,6.7,4.3873454874682505,0.20829638969432115,0.006450657766330589,0.0020398770947858877,10
3.8,0.11665069,6.7,4.980210578210885,0.19855316564966613,0.005308978717482378,0.0016788464796603896,10
3.8,0.11665069,6.7,5.653189946897943,0.1859297052970784,0.005500264470590248,0.0017393363460365397,10
3.8,0.11665069,6.7,6.417109492424104,0.17529798587273332,0.0033530754753610895,0.0010603355668592843,10
3.8,0.11665069,6.7,7.284258025038717,0.16823407380543728,0.003709986089024055,0.0011732006128856224,10
3.8,0.11665069,6.7,8.268584950589176,0.16350902422638727,0.003473042314141423,0.0010982724122828912,10
3.8,0.11665069,6.7,9.385924667975567,0.15719793554585965,0.004398367040032754,0.0013908857831916497,10
3.8,0.11665069,6.7,10.65425128959158,0.14788278622184248,0.005044028761819123,0.0015950619470747383,10
3.8,0.11665069,6.7,12.093967782318368,0.1396219438758755,0.005230501074614078,0.00165402966997388,10
3.8,0.11665069,6.7,13.728234180344895,0.13030974642994764,0.004469212997180905,0.001413289241951934,10
3.8,0.11665069,6.7,15.583340149618108,0.1217180782303511,0.007279462490817753,0.002301968161274665,10
3.8,0.11665069,6.7,17.689127897190275,0.11443929528656782,0.004753316779555081,0.0015031307463690537,10
3.8,0.11665069,6.7,20.07947222860456,0.10109269928625073,0.0061723779354665425,0.0019518772855442069,10
3.8,0.11665069,6.7,22.792825475773903,0.09371410914531068,0.004693813418523701,0.0014843141314396068,10
3.8,0.11665069,6.7,25.872836061348632,0.08259603421685228,0.004654669060244386,0.0014719355984687764,10
3.8,0.11665069,6.7,29.369050650123167,0.07061180369772392,0.004559161368324548,0.0014417334144155418,10
3.8,0.11665069,6.7,33.33771118265806,0.061668585734227246,0.004458304129473248,0.0014098395550869685,10
3.8,0.11665069,6.7,37.842659612617176,0.05220209358136792,0.004109257762985801,0.0012994614023763486,10
3.8,0.11665069,6.7,42.95636490189982,0.044107745952043496,0.0037560742978350764,0.0011877749841976493,10
3.8,0.11665069,6.7,48.76108879434957,0.03611721136576211,0.003571410806009563,0.0011293792607127986,10
3.8,0.11665069,6.7,55.350209121286355,0.02970991289871152,0.0035740103929269703,0.0011302013222762568,10
3.8,0.11665069,6.7,62.82972192624931,0.02268029549823658,0.0032501255926488458,0.0010277799554374958,10
3.8,0.11665069,6.7,71.31994657291497,0.017305731467325853,0.00517518029297243,0.0016365357027810362,10
3.8,0.11665069,6.7,80.95746126545187,0.013824062601511578,0.0032307568437309514,0.0010216550192366492,10
3.8,0.11665069,6.7,91.89730011710618,0.007766775781198454,0.0031287940066122987,0.0009894115390378787,10
3.8,0.11665069,6.7,104.31544711021446,0.004892943184591936,0.0026671304102121704,0.0008434206912969672,10
3.8,0.11665069,6.7,118.41166706679324,0.003329199054493795,0.00326291975869645,0.001031825825984778,10
3.8,0.11665069,6.7,134.41271917018034,0.001819881730926922,0.0028229003482080632,0.0008926794708019897,10
3.8,0.11665069,6.7,152.57600473212457,0.0013068145707158438,0.0028821441602056284,0.0009114140091203012,10
3.8,0.11665069,6.7,173.19370788521238,0.00042046934136240273,0.0027363705377869323,0.0008653163421586549,10
3.8,0.11665069,6.7,196.59749580998604,9.133187682076318e-05,0.001936993754341748,0.0006125312077240587,10
3.8,0.11665069,6.7,223.1638541070668,-6.091388315385459e-05,0.0038999356902742945,0.0012332679509447749,10
3.8,0.11665069,6.7,253.32014314187637,0.0009040897750691125,0.0030364836946880046,0.0009602204553177418,10
3.8,0.11665069,6.7,287.5514727874956,-9.180312161188585e-05,0.0021814951882854652,0.0006898493499679939,10
3.8,0.11665069,6.7,326.40850615637055,0.00024331588740495732,0.002307888306431348,0.0007298183633591686,10
3.8,0.11665069,6.7,370.5163178557939,-5.9033144639638464e-05,0.0014107645529284306,0.0004461229229483007,10
3.8,0.11665069,6.7,420.58444926569615,-0.00023044186242249915,0.0016807970280184703,0.0005315146892980214,10
3.8,0.11665069,6.7,477.4183225932176,1.74312391400117e-05,0.002296243134751365,0.000726135836733925,10
3.8,0.11665069,6.7,541.9321973165318,-0.00017304518451277266,0.0016312819095733657,0.0005158566340080668,10
3.8,0.11665069,6.7,615.1638774420524,-0.00011150315255734384,0.0017929872289920777,0.0005669923459208854,10
3.8,0.11665069,6.7,698.2914061636919,0.0010345035433445443,0.0012378584558323843,0.0003914452141329275,10
3.8,0.11665069,6.7,792.652016483199,-0.0004912300207267096,0.0024722681870963607,0.00078179984579998,10
3.8,0.11665069,6.7,899.7636426411872,-0.0003048896493306467,0.0012871922975601162,0.00040704594469151645,10
3.8,0.11665069,6.7,1021.3493384030259,-0.0004949391817037614,0.0012250633212052258,0.0003873990372938965,10
3.8,0.11665069,6.7,1159.3649950049091,-0.00024634739637197897,0.0017514487770831284,0.0005538567340699204,10
3.8,0.11665069,6.7,1316.0308046455484,-0.0005374663917687358,0.0013227102313127838,0.00041827770153565655,10
3.8,0.11665069,6.7,1493.8669756616864,-0.00021697694005357493,0.0015624130764203621,0.0004940783967519062,10
3.8,0.11665069,6.7,1695.7342739204687,-0.00024063103134352366,0.000934556469356801,0.0002955327045212846,10
3.8,0.11665069,6.7,1924.8800425987847,0.00016270385437918366,0.0011400701988130513,0.00036052185207302345,10
3.8,0.11665069,6.7,2184.990440647822,-6.595131161975262e-05,0.0011252224824077985,0.00035582659188373886,10
3.8,0.11665069,6.7,2480.2497402782196,-0.0004745316375576734,0.0006629800944557924,0.00020965271418338743,10
3.8,0.11665069,6.7,2815.4076373562034,-0.00010423899190420043,0.0020266610776123037,0.0006408865050466161,10
3.8,0.11665069,6.7,3195.8556575010366,-0.00014946139504283382,0.0015145457134901656,0.00047894140750737293,10
3.8,0.11665069,6.7,3627.7138869923433,-0.0002975488237383616,0.0009100470657427524,0.00028778215057000903,10
3.8,0.11665069,6.7,4117.929423686066,0.00025155953908299205,0.0011094985716286374,0.0003508542547049966,10
3.8,0.11665069,6.7,4674.388131672206,0.00015059040900571523,0.0010139296594929223,0.00032063271111965996,10
3.8,0.11665069,6.7,5306.041497418272,5.881618319517261e-05,0.0008234796449851185,0.0002604071284939828,10
3.8,0.11665069,6.7,6023.050628072877,0.00016993293719187312,0.0008168232425715896,0.0002583021892290435,10
3.8,0.11665069,6.7,6836.949708361742,0.00015412774170373955,0.000833755192982466,0.0002636565420817828,10
3.8,0.11665069,6.7,7760.831545529242,0.0002879333056886869,0.0007364986518252881,0.00023290132334112377,10
3.8,0.11665069,6.7,8809.558187098928,0.00019542942832284958,0.000885019940668805,0.00027986787871805063,10
3.8,0.11665069,6.7,9999.99999956053,-0.0002816421722548725,0.0012544611412084441,0.00039669544423927934,10
3.8,0.08400365,6.7,0.010000000000218279,0.9997915912550353,0.0001,3.1622776601683795e-05,10
3.8,0.08400365,6.7,0.011351307054675233,0.9997072033025558,0.0001,3.1622776601683795e-05,10
3.8,0.08400365,6.7,0.012885217184670714,0.9996114119465276,0.0001,3.1622776601683795e-05,10
3.8,0.08400365,6.7,0.014626405672618265,0.9995026762369832,0.0001,3.1622776601683795e-05,10
3.8,0.08400365,6.7,0.016602882189250948,0.999379246994302,0.0001,3.1622776601683795e-05,10
3.8,0.08400365,6.7,0.018846441371867226,0.9992391386709846,0.0001,3.1622776601683795e-05,10
3.8,0.08400365,6.7,0.021393174289532996,0.9990223202736613,0.0001,3.1622776601683795e-05,10
3.8,0.08400365,6.7,0.024284049022937213,0.998721898516566,0.0001,3.1622776601683795e-05,10
3.8,0.08400365,6.7,0.027565569698412937,0.9983808805555036,0.0001,3.1622776601683795e-05,10
3.8,0.08400365,6.7,0.03129052457769065,0.9979404785957795,0.0001,3.1622776601683795e-05,10
3.8,0.08400365,6.7,0.035518835237547564,0.9973264293862121,0.0001,3.1622776601683795e-05,10
3.8,0.08400365,6.7,0.040318520499702026,0.996616352592208,0.0001,3.1622776601683795e-05,10
3.8,0.08400365,6.7,0.045766790617234585,0.9956019058842008,0.0001,3.1622776601683795e-05,10
3.8,0.08400365,6.7,0.051951289319191934,0.9943710791299358,0.0001,3.1622776601683795e-05,10
3.8,0.08400365,6.7,0.05897150369355452,0.9927786526982203,0.0001,3.1622776601683795e-05,10
3.8,0.08400365,6.7,0.06694036458868406,0.9906925729553206,0.00011494499197203146,3.6348798026138876e-05,10
3.8,0.08400365,6.7,0.0759860632781475,0.9880404675516645,0.0001486555016226063,4.7008997184229214e-05,10
3.8,0.08400365,6.7,0.08625411361274073,0.9846476592072644,0.00019138955621263024,6.052269180007408e-05,10
3.8,0.08400365,6.7,0.09790969283256912,0.9803157714105138,0.00024501942865973555,7.748194655579017e-05,10
3.8,0.08400365,6.7,0.11114029869471674,0.9747544209383087,0.0003119817220520499,9.86572830026058e-05,10
3.8,0.08400365,6.7,0.12615876566045128,0.9676013052210779,0.0003984271373107883,0.00012599372355227452,10
3.8,0.08400365,6.7,0.14320668866193417,0.9586258935594649,0.000504207115916614,0.00015944428987610368,10
3.8,0.08400365,6.7,0.16255830952494102,0.947255962445341,0.0006350869863308106,0.00020083213891375834,10
3.8,0.08400365,6.7,0.1845249285666265,0.9328777056902832,0.0007928282990480654,0.0002507143218428992,10
3.8,0.08400365,6.7,0.209459912335607,0.9148930606324294,0.0009819329042660226,0.0003105144486944699,10
3.8,0.08400365,6.7,0.23776437805149325,0.8924866981248464,0.0011999506363184502,0.00037945770905346664,10
3.8,0.08400365,6.7,0.2698936461867474,0.8651399069158113,0.0014431592310848286,0.0004563670196525329,10
3.8,0.08400365,6.7,0.3063645649904774,0.8318214182691864,0.0016934831171477134,0.0005355263829228524,10
3.8,0.08400365,6.7,0.3477638247803005,0.7922907292480584,0.001945808420473443,0.0006153186499030689,10
3.8,0.08400365,6.7,0.3947573957503299,0.7457068170080533,0.002162807621321638,0.0006839398224147327,10
3.8,0.08400365,6.7,0.4481012411168134,0.6924438109114657,0.002348036343351469,0.0007425142873843801,10
3.8,0.08400365,6.7,0.5086534779386983,0.6332922898873695,0.002531959323245449,0.0008006758404354131,10
3.8,0.08400365,6.7,0.5773881812384607,0.5697176237383063,0.0028541746838281544,0.000902569284088792,10
3.8,0.08400365,6.7,0.6554110534835178,0.5037634562320563,0.003463176431820188,0.001095152546356662,10
3.8,0.08400365,6.7,0.7439772114957187,0.43779097086664887,0.00437924924178774,0.0013848402045614683,10
3.8,0.08400365,6.7,0.8445113769184625,0.37516102418479147,0.005381196082477754,0.0017016836156605,10
3.8,0.08400365,6.7,0.9586307950358789,0.31749960697372703,0.006266689063530544,0.0019817010828824142,10
3.8,0.08400365,6.7,1.088171250628218,0.2667190217934482,0.006885563546582127,0.0021774063781026414,10
3.8,0.08400365,6.7,1.2352165993681232,0.2238966842978381,0.006902750474616618,0.0021828413619596806,10
3.8,0.08400365,6.7,1.402132289815328,0.18913016875653801,0.005861601183934075,0.0018536010476771247,10
3.8,0.08400365,6.7,1.5916034152621248,0.16473239087918648,0.004172346486008632,0.0013194118083187135,10
3.8,0.08400365,6.7,1.80667790755158,0.15249368218287285,0.003549461339768452,0.00112243823003811,10
3.8,0.08400365,6.7,2.0508155677068496,0.15461291134239039,0.0038025267749693887,0.001202464547267781,10
3.8,0.08400365,6.7,2.3279437221040404,0.17236375602961776,0.00432274435522112,0.0013669717905134711,10
3.8,0.08400365,6.7,2.642520399502972,0.20083416690319197,0.005280346175569404,0.0016697920748958662,10
3.8,0.08400365,6.7,2.9996060452346534,0.22976376989953082,0.005940987193762567,0.0018787051082181795,10
3.8,0.08400365,6.7,3.404944926177538,0.2518415382706665,0.0065136807862835235,0.0020598067235932387,10
3.8,0.08400365,6.7,3.865057536045609,0.2653278238702093,0.006191224574875393,0.001957837116221393,10
3.8,0.08400365,6.7,4.3873454874682505,0.2610831796057065,0.004695205505098803,0.0014847543478673537,10
3.8,0.08400365,6.7,4.980210578210885,0.25328909642177316,0.005017896940913207,0.0015867983397277084,10
3.8,0.08400365,6.7,5.653189946897943,0.2483130858094944,0.00743726828479347,0.002351870734968119,10
3.8,0.08400365,6.7,6.417109492424104,0.23227545796852106,0.006936791430124864,0.002193606057273132,10
3.8,0.08400365,6.7,7.284258025038717,0.21929741598459546,0.005857632345122844,0.0018523459906461682,10
3.8,0.08400365,6.7,8.268584950589176,0.2134451067051181,0.005168825565155247,0.0016345261613997636,10
3.8,0.08400365,6.7,9.385924667975567,0.20980662191559346,0.00515111838939527,0.0016289266607667184,10
3.8,0.08400365,6.7,10.65425128959158,0.20203510977786535,0.005102626556805149,0.001613592196876682,10
3.8,0.08400365,6.7,12.093967782318368,0.1904934294853486,0.004067698611071675,0.0012863192446089901,10
3.8,0.08400365,6.7,13.728234180344895,0.18258889212290844,0.0036521075471325362,0.0011548978108829556,10
3.8,0.08400365,6.7,15.583340149618108,0.170869374854018,0.006653813373115127,0.0021041205384731572,10
3.8,0.08400365,6.7,17.689127897190275,0.164546655431953,0.004863029568036711,0.0015378249763740774,10
3.8,0.08400365,6.7,20.07947222860456,0.1498083427612487,0.006427996844645719,0.002032711082145599,10
3.8,0.08400365,6.7,22.792825475773903,0.1404745031133739,0.0050967737087532035,0.0016117413638123792,10
3.8,0.08400365,6.7,25.872836061348632,0.12874198631331354,0.002548343619273452,0.0008058570097661071,10
3.8,0.08400365,6.7,29.369050650123167,0.11720667282543637,0.004597282220426563,0.0014537882863144202,10
3.8,0.08400365,6.7,33.33771118265806,0.10481561247734225,0.003565421800406383,0.0011274853708502428,10
3.8,0.08400365,6.7,37.842659612617176,0.09333513960022269,0.004633611343982606,0.0014652765638978973,10
3.8,0.08400365,6.7,42.95636490189982,0.0824860888373041,0.005312610618468317,0.0016799949875955676,10
3.8,0.08400365,6.7,48.76108879434957,0.06980577613800272,0.0036907989615464288,0.0011671331104270925,10
3.8,0.08400365,6.7,55.350209121286355,0.05838781723313395,0.004749871375085217,0.0015020412138105244,10
3.8,0.08400365,6.7,62.82972192624931,0.04943068106862415,0.0034844726324664782,0.0011018869963116847,10
3.8,0.08400365,6.7,71.31994657291497,0.03917887102347432,0.002771218748967375,0.0008763363141299293,10
3.8,0.08400365,6.7,80.95746126545187,0.03190257024581026,0.005499486295459187,0.0017390902654532746,10
3.8,0.08400365,6.7,91.89730011710618,0.02279175427872982,0.002908559027433302,0.0009197671235733399,10
3.8,0.08400365,6.7,104.31544711021446,0.015971593164719293,0.0030774405071993627,0.0009731721366413791,10
3.8,0.08400365,6.7,118.41166706679324,0.011870024567510176,0.0028454421201743623,0.0008998078049929535,10
3.8,0.08400365,6.7,134.41271917018034,0.007401825398115654,0.003184270906778377,0.001006954875242937,10
3.8,0.08400365,6.7,152.57600473212457,0.005275381486975094,0.0029375371554092706,0.0009289308122465305,10
3.8,0.08400365,6.7,173.19370788521238,0.004493217058331769,0.002490704684996619,0.0007876299783441528,10
3.8,0.08400365,6.7,196.59749580998604,0.001836459849182228,0.0021132993216769133,0.0006682839234187892,10
3.8,0.08400365,6.7,223.1638541070668,-0.0005995687562278517,0.0017938067791821706,0.0005672515104466371,10
3.8,0.08400365,6.7,253.32014314187637,-0.0013337614002003767,0.003246765315722439,0.0010267173425718603,10
3.8,0.08400365,6.7,287.5514727874956,-0.000683550754028246,0.00207769538775806,0.0006570249709342192,10
3.8,0.08400365,6.7,326.40850615637055,-0.0001503297549447643,0.002075064955582574,0.0006561931552437065,10
3.8,0.08400365,6.7,370.5163178557939,-0.00032094027863162355,0.0024367352297532015,0.0007705633380793812,10
3.8,0.08400365,6.7,420.58444926569615,-0.0005432752766541829,0.0018229493829296363,0.000576467210925612,10
3.8,0.08400365,6.7,477.4183225932176,0.0004397360668924868,0.002343605545302326,0.0007411131460156278,10
3.8,0.08400365,6.7,541.9321973165318,0.0007621106371941873,0.0023749186877737786,0.0007510152311063422,10
3.8,0.08400365,6.7,615.1638774420524,0.0006374138982296064,0.0018226319028233884,0.0005763668149008585,10
3.8,0.08400365,6.7,698.2914061636919,9.692012890176997e-05,0.0013431668168223897,0.00042474664187169164,10
3.8,0.08400365,6.7,792.652016483199,-0.0005581916222558949,0.0033512914938767227,0.0010597714223798673,10
3.8,0.08400365,6.7,899.7636426411872,0.00134956038195609,0.0017024506789997346,0.0005383621749739349,10
3.8,0.08400365,6.7,1021.3493384030259,2.5150617798331598e-05,0.0022414763134182727,0.000708817047171918,10
3.8,0.08400365,6.7,1159.3649950049091,-0.0006351414711362813,0.0015540808556621637,0.000491443517195582,10
3.8,0.08400365,6.7,1316.0308046455484,0.0006307705232253125,0.00150843372645696,0.0004770086275019384,10
3.8,0.08400365,6.7,1493.8669756616864,0.0003915023937195489,0.001906924910111371,0.0006030226042863782,10
3.8,0.08400365,6.7,1695.7342739204687,0.0006265801000161582,0.0017900492320188416,0.0005660632697014746,10
3.8,0.08400365,6.7,1924.8800425987847,0.0008515096170056876,0.001183997842614179,0.00037441299273863746,10
3.8,0.08400365,6.7,2184.990440647822,-3.7737575518247745e-05,0.0020144368993230046,0.0006370208804547995,10
3.8,0.08400365,6.7,2480.2497402782196,0.00039467568497022956,0.001301083921522928,0.0004114388619036224,10
3.8,0.08400365,6.7,2815.4076373562034,-0.0005330129883721645,0.0009249349264533242,0.000292490105503283,10
3.8,0.08400365,6.7,3195.8556575010366,0.0001051086065493807,0.0010900492005907762,0.0003447038235512612,10
3.8,0.08400365,6.7,3627.7138869923433,0.0005375214486996179,0.0011598221533462196,0.0003667679685295135,10
3.8,0.08400365,6.7,4117.929423686066,0.0001445945630478932,0.0008359780860213791,0.00026435948258157267,10
3.8,0.08400365,6.7,4674.388131672206,3.96781453341304e-05,0.0009749661071383563,0.00030831135400249547,10
3.8,0.08400365,6.7,5306.041497418272,-0.00011958883912301435,0.0004120394812851993,0.00013029832467755526,10
3.8,0.08400365,6.7,6023.050628072877,0.0001256844761414075,0.0007399861634063207,0.00023400417133735156,10
3.8,0.08400365,6.7,6836.949708361742,0.0005252812528714192,0.001082753872806703,0.0003423968383437432,10
3.8,0.08400365,6.7,7760.831545529242,0.00020369840329004658,0.0007486481545108523,0.00023674333343359533,10
3.8,0.08400365,6.7,8809.558187098928,-0.0007228944847234969,0.000947128137078836,0.00029950821492012974,10
3.8,0.08400365,6.7,9999.99999956053,-0.00011358428830126901,0.0009561705747710112,0.0003023676847908727,10
3.8,0.04493352,6.7,0.010000000000218279,0.9998881199064333,0.0001,3.1622776601683795e-05,10
3.8,0.04493352,6.7,0.011351307054675233,0.9998427856653993,0.0001,3.1622776601683795e-05,10
3.8,0.04493352,6.7,0.012885217184670714,0.9997913253763933,0.0001,3.1622776601683795e-05,10
3.8,0.04493352,6.7,0.014626405672618265,0.999732911222232,0.0001,3.1622776601683795e-05,10
3.8,0.04493352,6.7,0.016602882189250948,0.9996666035222109,0.0001,3.1622776601683795e-05,10
3.8,0.04493352,6.7,0.018846441371867226,0.9995913356159096,0.0001,3.1622776601683795e-05,10
3.8,0.04493352,6.7,0.021393174289532996,0.9994748201667296,0.0001,3.1622776601683795e-05,10
3.8,0.04493352,6.7,0.024284049022937213,0.9993133511697311,0.0001,3.1622776601683795e-05,10
3.8,0.04493352,6.7,0.027565569698412937,0.999130062753261,0.0001,3.1622776601683795e-05,10
3.8,0.04493352,6.7,0.03129052457769065,0.9988932263599908,0.0001,3.1622776601683795e-05,10
3.8,0.04493352,6.7,0.035518835237547564,0.998562759386721,0.0001,3.1622776601683795e-05,10
3.8,0.04493352,6.7,0.040318520499702026,0.9981805972739751,0.0001,3.1622776601683795e-05,10
3.8,0.04493352,6.7,0.045766790617234585,0.9976343834530473,0.0001,3.1622776601683795e-05,10
3.8,0.04493352,6.7,0.051951289319191934,0.9969714315498264,0.0001,3.1622776601683795e-05,10
3.8,0.04493352,6.7,0.05897150369355452,0.9961131804111222,0.0001,3.1622776601683795e-05,10
3.8,0.04493352,6.7,0.06694036458868406,0.9949871454974852,0.0001,3.1622776601683795e-05,10
3.8,0.04493352,6.7,0.0759860632781475,0.993553446340673,0.0001,3.1622776601683795e-05,10
3.8,0.04493352,6.7,0.08625411361274073,0.9917168623154341,0.00011336891243161877,3.585039791400933e-05,10
3.8,0.04493352,6.7,0.09790969283256912,0.9893670795014445,0.00014657768755732661,4.635193468416746e-05,10
3.8,0.04493352,6.7,0.11114029869471674,0.986341094503716,0.00018966590303611105,5.9977624806675594e-05,10
3.8,0.04493352,6.7,0.12615876566045128,0.9824335606834639,0.0002461546225262611,7.784092637619755e-05,10
3.8,0.04493352,6.7,0.14320668866193417,0.9775058774668925,0.0003167835287339332,0.00010017574760246249,10
3.8,0.04493352,6.7,0.16255830952494102,0.9712253251669638,0.00040777571133619934,0.0001289500022317733,10
3.8,0.04493352,6.7,0.1845249285666265,0.9632172758893581,0.0005245564497286004,0.00016587931424739906,10
3.8,0.04493352,6.7,0.209459912335607,0.9530961629938016,0.0006713881811791553,0.0002123115846643923,10
3.8,0.04493352,6.7,0.23776437805149325,0.9403082140266517,0.0008541822114073704,0.0002701161324846751,10
3.8,0.04493352,6.7,0.2698936461867474,0.9244593756912252,0.0010770393929338618,0.0003405897611396064,10
3.8,0.04493352,6.7,0.3063645649904774,0.904710825198545,0.001344440642068512,0.00042514946078356874,10
3.8,0.04493352,6.7,0.3477638247803005,0.8807530127821253,0.0016566815124435033,0.0005238886936814053,10
3.8,0.04493352,6.7,0.3947573957503299,0.8514802376274464,0.002014718841704813,0.0006371100384643443,10
3.8,0.04493352,6.7,0.4481012411168134,0.8167264296119434,0.0024184721311332046,0.0007647880392022344,10
3.8,0.04493352,6.7,0.5086534779386983,0.7760536616375403,0.002857658620449964,0.000903671001583651,10
3.8,0.04493352,6.7,0.5773881812384607,0.7296811727017527,0.003322642754285039,0.0010507118954595912,10
3.8,0.04493352,6.7,0.6554110534835178,0.6781686467970774,0.0037768590176423147,0.0011943476897095782,10
3.8,0.04493352,6.7,0.7439772114957187,0.6224680603572514,0.0041564203190489115,0.00131437551211983,10
3.8,0.04493352,6.7,0.8445113769184625,0.5642825848823502,0.004373039540722536,0.0013828765246659863,10
3.8,0.04493352,6.7,0.9586307950358789,0.5048532552907001,0.004449456700386204,0.0014070417523517802,10
3.8,0.04493352,6.7,1.088171250628218,0.4457485030295958,0.0045128703468846065,0.0014270949081189514,10
3.8,0.04493352,6.7,1.2352165993681232,0.3885209771065754,0.0047045693365290854,0.00148771545136191,10
3.8,0.04493352,6.7,1.402132289815328,0.3344670662796262,0.0049275997431829106,0.001558243858611876,10
3.8,0.04493352,6.7,1.5916034152621248,0.2871693149254396,0.004970376157995003,0.0015717709487061136,10
3.8,0.04493352,6.7,1.80667790755158,0.25035628035735324,0.004949815562606075,0.0015652691175582969,10
3.8,0.04493352,6.7,2.0508155677068496,0.22890549878385555,0.005183929541719084,0.0016393024581665163,10
3.8,0.04493352,6.7,2.3279437221040404,0.22632233149619801,0.005419312229214799,0.0017137369995923258,10
3.8,0.04493352,6.7,2.642520399502972,0.24045180012696554,0.0047963688982659005,0.0015167450216912678,10
3.8,0.04493352,6.7,2.9996060452346534,0.2661381133513828,0.0042908212624833434,0.0013568768222126557,10
3.8,0.04493352,6.7,3.404944926177538,0.30142354449187553,0.0047275992034074765,0.0014949981347165287,10
3.8,0.04493352,6.7,3.865057536045609,0.34260882337343446,0.0050048997707957885,0.0015826882736569364,10
3.8,0.04493352,6.7,4.3873454874682505,0.36509782217789255,0.004792065699715038,0.0015153842308268017,10
3.8,0.04493352,6.7,4.980210578210885,0.36677229790407695,0.00671922296589912,0.0021248048678753103,10
3.8,0.04493352,6.7,5.653189946897943,0.3641587846534099,0.00456208088896047,0.0014426566479040794,10
3.8,0.04493352,6.7,6.417109492424104,0.357116091597316,0.004702129367252995,0.0014869438653285821,10
3.8,0.04493352,6.7,7.284258025038717,0.3464094357673009,0.005816904007311722,0.001839466559366578,10
3.8,0.04493352,6.7,8.268584950589176,0.3249683223931938,0.007377965138049899,0.002333117433355631,10
3.8,0.04493352,6.7,9.385924667975567,0.30985485594317635,0.006168807267585587,0.0019507481412170242,10
3.8,0.04493352,6.7,10.65425128959158,0.31381732928491746,0.006657171408451182,0.0021051824424856837,10
3.8,0.04493352,6.7,12.093967782318368,0.31675121912190357,0.0070279776434353835,0.002222441669799852,10
3.8,0.04493352,6.7,13.728234180344895,0.30241920725786176,0.005789274135904124,0.0018307292268560209,10
3.8,0.04493352,6.7,15.583340149618108,0.2907520574122436,0.004198618856120305,0.0013277198612270955,10
3.8,0.04493352,6.7,17.689127897190275,0.2882996057153742,0.005697860253553497,0.0018018216190573558,10
3.8,0.04493352,6.7,20.07947222860456,0.26934313245826697,0.00272876283938743,0.0008629105766892504,10
3.8,0.04493352,6.7,22.792825475773903,0.2671957332389491,0.003502697103090563,0.0011076500799439785,10
3.8,0.04493352,6.7,25.872836061348632,0.25265864279277184,0.007580591317413988,0.0023971934573924635,10
3.8,0.04493352,6.7,29.369050650123167,0.2409183603808835,0.007276434372332866,0.0023010105861309546,10
3.8,0.04493352,6.7,33.33771118265806,0.22606816393387116,0.006134530796000372,0.0019399089691806923,10
3.8,0.04493352,6.7,37.842659612617176,0.21318967489331353,0.004460959749118431,0.0014106793357547551,10
3.8,0.04493352,6.7,42.95636490189982,0.1987180148376691,0.003890243093718624,0.0012302028827890726,10
3.8,0.04493352,6.7,48.76108879434957,0.18366856180030716,0.005941119894563552,0.0018787470718960235,10
3.8,0.04493352,6.7,55.350209121286355,0.1682367700023016,0.006311660727975172,0.0019959223718637974,10
3.8,0.04493352,6.7,62.82972192624931,0.151912655988933,0.00569807954742748,0.0018018909658692268,10
3.8,0.04493352,6.7,71.31994657291497,0.13878220078704195,0.0060774024611588385,0.001921843403477492,10
3.8,0.04493352,6.7,80.95746126545187,0.12371763571910854,0.007511346764224898,0.0023752964070286437,10
3.8,0.04493352,6.7,91.89730011710618,0.10777186627344337,0.005849403289997088,0.001849743734927321,10
3.8,0.04493352,6.7,104.31544711021446,0.09301319906733263,0.004367553262904206,0.0013811416112877483,10
3.8,0.04493352,6.7,118.41166706679324,0.0777522308954658,0.003781209201596185,0.001195723338663073,10
3.8,0.04493352,6.7,134.41271917018034,0.06389552756953303,0.00283649108985853,0.0008969772406726287,10
3.8,0.04493352,6.7,152.57600473212457,0.05230227731948223,0.003783362997359674,0.0011964044286858176,10
3.8,0.04493352,6.7,173.19370788521238,0.03996990383160241,0.0034279649637673363,0.0010840177024761355,10
3.8,0.04493352,6.7,196.59749580998604,0.029307520049186197,0.00291949747645378,0.0009232261648707748,10
3.8,0.04493352,6.7,223.1638541070668,0.022895169773482847,0.003269261264797518,0.001033831186292301,10
3.8,0.04493352,6.7,253.32014314187637,0.01590513904187637,0.004050977551499436,0.0012810315812950266,10
3.8,0.04493352,6.7,287.5514727874956,0.010230762093847592,0.002681123934529421,0.0008478458322305136,10
3.8,0.04493352,6.7,326.40850615637055,0.006239108642685827,0.0032774513425476897,0.0010364211162827422,10
3.8,0.04493352,6.7,370.5163178557939,0.0027823483984370256,0.0021630069393234284,0.0006840028523011658,10
3.8,0.04493352,6.7,420.58444926569615,0.0011927052347697467,0.0018664820595848516,0.0005902334520130241,10
3.8,0.04493352,6.7,477.4183225932176,0.0009586213298535052,0.0032895619656975834,0.001040250831586505,10
3.8,0.04493352,6.7,541.9321973165318,0.0006916053462176948,0.0025327374949940685,0.0008009219199490565,10
3.8,0.04493352,6.7,615.1638774420524,-6.337270350186186e-05,0.0027441569706648486,0.0008677786284328785,10
3.8,0.04493352,6.7,698.2914061636919,-0.001975666261587106,0.0024955291363209873,0.0007891556038087148,10
3.8,0.04493352,6.7,792.652016483199,-0.0017457249793693653,0.0025420986090515336,0.0008038821641348775,10
3.8,0.04493352,6.7,899.7636426411872,-0.0007854326525678504,0.0023314968361624064,0.0007372840359749633,10
3.8,0.04493352,6.7,1021.3493384030259,-0.0011094844179271673,0.001993591986610115,0.0006304291402747865,10
3.8,0.04493352,6.7,1159.3649950049091,-0.0012592270312794004,0.002783399655422235,0.0008801882549662098,10
3.8,0.04493352,6.7,1316.0308046455484,-0.0010204363111601087,0.0017550055785041136,0.0005549814934374441,10
3.8,0.04493352,6.7,1493.8669756616864,-0.0002353645159335312,0.0021650994313489437,0.0006846645563798026,10
3.8,0.04493352,6.7,1695.7342739204687,0.00029826957939869974,0.0020967104993892326,0.0006630380772059056,10
3.8,0.04493352,6.7,1924.8800425987847,-0.00044656598665931475,0.0013730553570519707,0.0004341982281779964,10
3.8,0.04493352,6.7,2184.990440647822,0.0005111530086892174,0.0013505192422949355,0.0004270716829536801,10
3.8,0.04493352,6.7,2480.2497402782196,-0.0010542252565929433,0.0011457250812058435,0.00036231008289918406,10
3.8,0.04493352,6.7,2815.4076373562034,-0.0003139197030443524,0.0013050994606605873,0.00041270868687447756,10
3.8,0.04493352,6.7,3195.8556575010366,-0.0006013177194761851,0.0017900238772817316,0.0005660552518296005,10
3.8,0.04493352,6.7,3627.7138869923433,-0.0005435305734983679,0.0014533043207793745,0.0004595751787026796,10
3.8,0.04493352,6.7,4117.929423686066,-6.078262172641239e-05,0.0019195624002470723,0.000607018929560051,10
3.8,0.04493352,6.7,4674.388131672206,0.0005906109401727083,0.0006410015655647606,0.0002027024930918399,10
3.8,0.04493352,6.7,5306.041497418272,0.0002968615471533166,0.0010569405202805176,0.0003342339395409824,10
3.8,0.04493352,6.7,6023.050628072877,-0.00013768922337372647,0.0011216727549314292,0.00035470406949391796,10
3.8,0.04493352,6.7,6836.949708361742,-0.00014231082764023945,0.0011104380578624506,0.0003511513463379189,10
3.8,0.04493352,6.7,7760.831545529242,7.3190588529028e-05,0.001861047693317449,0.0005885149545085662,10
3.8,0.04493352,6.7,8809.558187098928,-0.0003483489783021184,0.0016075815762089797,0.0005083619305343927,10
3.8,0.04493352,6.7,9999.99999956053,-2.4890349355513032e-05,0.001568898192900763,0.0004961291706488623,10
3.8,0.03119342,6.7,0.010000000000218279,0.999921452054456,0.0001,3.1622776601683795e-05,10
3.8,0.03119342,6.7,0.011351307054675233,0.9998896312015265,0.0001,3.1622776601683795e-05,10
3.8,0.03119342,6.7,0.012885217184670714,0.9998535103742932,0.0001,3.1622776601683795e-05,10
3.8,0.03119342,6.7,0.014626405672618265,0.9998125085141941,0.0001,3.1622776601683795e-05,10
3.8,0.03119342,6.7,0.016602882189250948,0.9997659660438158,0.0001,3.1622776601683795e-05,10
3.8,0.03119342,6.7,0.018846441371867226,0.999713134256582,0.0001,3.1622776601683795e-05,10
3.8,0.03119342,6.7,0.021393174289532996,0.9996313760748663,0.0001,3.1622776601683795e-05,10
3.8,0.03119342,6.7,0.024284049022937213,0.9995180921385796,0.0001,3.1622776601683795e-05,10
3.8,0.03119342,6.7,0.027565569698412937,0.999389500064067,0.0001,3.1622776601683795e-05,10
3.8,0.03119342,6.7,0.03129052457769065,0.9992233789816198,0.0001,3.1622776601683795e-05,10
3.8,0.03119342,6.7,0.035518835237547564,0.9989916578415816,0.0001,3.1622776601683795e-05,10
3.8,0.03119342,6.7,0.040318520499702026,0.9987236691703764,0.0001,3.1622776601683795e-05,10
3.8,0.03119342,6.7,0.045766790617234585,0.9983403384125669,0.0001,3.1622776601683795e-05,10
3.8,0.03119342,6.7,0.051951289319191934,0.9978749892454879,0.0001,3.1622776601683795e-05,10
3.8,0.03119342,6.7,0.05897150369355452,0.997272340647334,0.0001,3.1622776601683795e-05,10
3.8,0.03119342,6.7,0.06694036458868406,0.9964815822040352,0.0001,3.1622776601683795e-05,10
3.8,0.03119342,6.7,0.0759860632781475,0.9954745742987111,0.0001,3.1622776601683795e-05,10
3.8,0.03119342,6.7,0.08625411361274073,0.994183848414654,0.0001,3.1622776601683795e-05,10
3.8,0.03119342,6.7,0.09790969283256912,0.9925309720172237,0.0001,3.1622776601683795e-05,10
3.8,0.03119342,6.7,0.11114029869471674,0.9904006790772872,0.0001,3.1622776601683795e-05,10
3.8,0.03119342,6.7,0.12615876566045128,0.9876470763910857,0.0001,3.1622776601683795e-05,10
3.8,0.03119342,6.7,0.14320668866193417,0.9841695801710133,0.0001228563809982402,3.8850598903986994e-05,10
3.8,0.03119342,6.7,0.16255830952494102,0.9797279797891681,0.00015280484236652753,4.832113393812207e-05,10
3.8,0.03119342,6.7,0.1845249285666265,0.9740500735953947,0.00018985222209396348,6.003654406610663e-05,10
3.8,0.03119342,6.7,0.209459912335607,0.9668481103262542,0.000235549937713686,7.448743058860423e-05,10
3.8,0.03119342,6.7,0.23776437805149325,0.9577059848668951,0.00029033625017571037,9.181238378677065e-05,10
3.8,0.03119342,6.7,0.2698936461867474,0.9463159868809857,0.00035432315389929183,0.00011204681940561331,10
3.8,0.03119342,6.7,0.3063645649904774,0.9320140801221282,0.000426803754999995,0.00013496719797124622,10
3.8,0.03119342,6.7,0.3477638247803005,0.9145329849154944,0.00050522706497574,0.00015976682608852207,10
3.8,0.03119342,6.7,0.3947573957503299,0.8929042769786533,0.0005879366335824039,0.0001859218881972238,10
3.8,0.03119342,6.7,0.4481012411168134,0.8668759928357206,0.0006774551549898986,0.00021423013023904631,10
3.8,0.03119342,6.7,0.5086534779386983,0.8358196208328448,0.0007859294272373315,0.0002485327070221543,10
3.8,0.03119342,6.7,0.5773881812384607,0.7996005972213165,0.0009425934016460912,0.00029807420566475547,10
3.8,0.03119342,6.7,0.6554110534835178,0.758267217765403,0.00117697440441685,0.0003721919865677388,10
3.8,0.03119342,6.7,0.7439772114957187,0.7121179640407181,0.001495927840861641,0.00047305391923806856,10
3.8,0.03119342,6.7,0.8445113769184625,0.6619378944407082,0.001875117300393809,0.0005929641549230582,10
3.8,0.03119342,6.7,0.9586307950358789,0.6084193505070471,0.0023023441513134535,0.000728065147571786,10
3.8,0.03119342,6.7,1.088171250628218,0.5524298578630231,0.00277279874549443,0.0008768359529019944,10
3.8,0.03119342,6.7,1.2352165993681232,0.4949134457593992,0.003291514214219541,0.0010408681867753132,10
3.8,0.03119342,6.7,1.402132289815328,0.4368762497877907,0.0038010130990842285,0.0012019858809241433,10
3.8,0.03119342,6.7,1.5916034152621248,0.38169709474873886,0.004160609052917059,0.0013157001060733933,10
3.8,0.03119342,6.7,1.80667790755158,0.33392927704214237,0.004182217262613952,0.001322533221953465,10
3.8,0.03119342,6.7,2.0508155677068496,0.2989453335234093,0.004001244228807844,0.00126530452376367,10
3.8,0.03119342,6.7,2.3279437221040404,0.2808386997706828,0.004261146304170728,0.0013474927764388145,10
3.8,0.03119342,6.7,2.642520399502972,0.27957865481315575,0.004862489718622094,0.0015376542609997076,10
3.8,0.03119342,6.7,2.9996060452346534,0.2919844565566579,0.005339410905168835,0.0016884699823874832,10
3.8,0.03119342,6.7,3.404944926177538,0.31983748749916613,0.005625156957270409,0.0017788308180916948,10
3.8,0.03119342,6.7,3.865057536045609,0.36349012583307727,0.006288883246718794,0.0019887194998506027,10
3.8,0.03119342,6.7,4.3873454874682505,0.4007289313774433,0.006536931938058681,0.0020671593833764155,10
3.8,0.03119342,6.7,4.980210578210885,0.4206536078581742,0.006832353744831925,0.002160579961364976,10
3.8,0.03119342,6.7,5.653189946897943,0.42368211845977355,0.005567224276046554,0.0017605108957289095,10
3.8,0.03119342,6.7,6.417109492424104,0.4186750664991917,0.006446936991186898,0.002038700482374347,10
3.8,0.03119342,6.7,7.284258025038717,0.42039500676766706,0.0057037605429012045,0.0018036874543766344,10
3.8,0.03119342,6.7,8.268584950589176,0.41078761378498196,0.006713967840553406,0.002123143051327097,10
3.8,0.03119342,6.7,9.385924667975567,0.3852379284578775,0.006264550168193867,0.0019810247047883527,10
3.8,0.03119342,6.7,10.65425128959158,0.3704114922612546,0.005086507399105196,0.0016084948716471525,10
3.8,0.03119342,6.7,12.093967782318368,0.3784495901169753,0.005352304742498861,0.0016925473717617416,10
3.8,0.03119342,6.7,13.728234180344895,0.38276404891987054,0.006860325873794291,0.00216942552521748,10
3.8,0.03119342,6.7,15.583340149618108,0.36281120010063594,0.005930109161645453,0.0018752651724231253,10
3.8,0.03119342,6.7,17.689127897190275,0.3535839369378794,0.006004206818878673,0.0018986969090370677,10
3.8,0.03119342,6.7,20.07947222860456,0.35801770886241235,0.005315231483411385,0.0016808237778615457,10
3.8,0.03119342,6.7,22.792825475773903,0.33837656370887575,0.006521777237023757,0.002062367046123488,10
3.8,0.03119342,6.7,25.872836061348632,0.33573386144525946,0.006388859413835592,0.0020203347398328737,10
3.8,0.03119342,6.7,29.369050650123167,0.3224739292840361,0.002905729343555713,0.0009188722989621961,10
3.8,0.03119342,6.7,33.33771118265806,0.31053512056506843,0.006602835082001125,0.0020879997873588206,10
3.8,0.03119342,6.7,37.842659612617176,0.30108130780749776,0.006952371709185339,0.0021985329741143447,10
3.8,0.03119342,6.7,42.95636490189982,0.2884729985974113,0.004223457821350559,0.0013355746317120286,10
3.8,0.03119342,6.7,48.76108879434957,0.27067930789654004,0.004657832325853737,0.0014729359108857395,10
3.8,0.03119342,6.7,55.350209121286355,0.2574770931896668,0.004057676450549025,0.0012831499591762505,10
3.8,0.03119342,6.7,62.82972192624931,0.24287962713195865,0.006141856163951588,0.0019422254539231563,10
3.8,0.03119342,6.7,71.31994657291497,0.22514441726334006,0.007525766807918489,0.002379856425231733,10
3.8,0.03119342,6.7,80.95746126545187,0.20880390750413486,0.007188580561777639,0.0022732287718830084,10
3.8,0.03119342,6.7,91.89730011710618,0.19263796131512553,0.006755914425734224,0.002136407726250862,10
3.8,0.03119342,6.7,104.31544711021446,0.17476484323882766,0.00573516917792986,0.0018136197368653845,10
3.8,0.03119342,6.7,118.41166706679324,0.15918053837372678,0.005552273312403666,0.00175578298589632,10
3.8,0.03119342,6.7,134.41271917018034,0.1410585053174354,0.004924559794378989,0.0015572825423928063,10
3.8,0.03119342,6.7,152.57600473212457,0.12395558425412138,0.0034865181624045842,0.0011025338496743326,10
3.8,0.03119342,6.7,173.19370788521238,0.10863998707743665,0.004087668877968094,0.001292634397496405,10
3.8,0.03119342,6.7,196.59749580998604,0.09109504875112447,0.004139696825361598,0.001309087079071094,10
3.8,0.03119342,6.7,223.1638541070668,0.07509584847220593,0.005943574866618339,0.0018795234022245426,10
3.8,0.03119342,6.7,253.32014314187637,0.05986531930041028,0.0054116858775271,0.0017113253354352658,10
3.8,0.03119342,6.7,287.5514727874956,0.04919223100308337,0.003930014151010759,0.0012427795953886924,10
3.8,0.03119342,6.7,326.40850615637055,0.039864560474707,0.003311747199388082,0.0010472664184750127,10
3.8,0.03119342,6.7,370.5163178557939,0.029215079391284687,0.003153377263021338,0.0009971854472935284,10
3.8,0.03119342,6.7,420.58444926569615,0.021441063073872037,0.0027404339962168282,0.0008666013205402433,10
3.8,0.03119342,6.7,477.4183225932176,0.014835211436328955,0.002401073878179932,0.0007592862285382251,10
3.8,0.03119342,6.7,541.9321973165318,0.008978960234649697,0.002395646639726324,0.0007575699850464,10
3.8,0.03119342,6.7,615.1638774420524,0.005750795869083311,0.0016423111882657429,0.0005193443981697344,10
3.8,0.03119342,6.7,698.2914061636919,0.002926365344267187,0.0031160451527988374,0.0009853799974771727,10
3.8,0.03119342,6.7,792.652016483199,0.0004781524146321014,0.00358463246514882,0.001133560316445442,10
3.8,0.03119342,6.7,899.7636426411872,0.00032983285072345144,0.0028820303699517874,0.0009113780254825346,10
3.8,0.03119342,6.7,1021.3493384030259,9.27915927777731e-06,0.0023837253726392473,0.0007538001493873637,10
3.8,0.03119342,6.7,1159.3649950049091,-9.67089671565812e-05,0.0021931502975032846,0.0006935350191186272,10
3.8,0.03119342,6.7,1316.0308046455484,0.0011758286559003437,0.0022862472556787173,0.0007229748622254072,10
3.8,0.03119342,6.7,1493.8669756616864,-0.0003582512524175058,0.0020797300860090264,0.0006576683990166406,10
3.8,0.03119342,6.7,1695.7342739204687,0.0003266211398799064,0.0017582587653653954,0.0005560102414510226,10
3.8,0.03119342,6.7,1924.8800425987847,0.0009113569110786856,0.0015026319448722051,0.0004751739430724738,10
3.8,0.03119342,6.7,2184.990440647822,-0.0006670405287520312,0.0016870664895262662,0.0005334972671047603,10
3.8,0.03119342,6.7,2480.2497402782196,-0.0006355765312295354,0.002380240580255292,0.000752698161276753,10
3.8,0.03119342,6.7,2815.4076373562034,-0.00016358562466319012,0.0025331990284797544,0.0008010678696521769,10
3.8,0.03119342,6.7,3195.8556575010366,0.00016083969137841654,0.0014280814703642242,0.00045159901306331975,10
3.8,0.03119342,6.7,3627.7138869923433,-0.0006173820605107868,0.0017480266701643931,0.000552774568843938,10
3.8,0.03119342,6.7,4117.929423686066,0.00012501484846378134,0.001177523557522257,0.0003723656440274629,10
3.8,0.03119342,6.7,4674.388131672206,-0.00048588294105363154,0.0015701984292770797,0.0004965403414934387,10
3.8,0.03119342,6.7,5306.041497418272,-0.0008202681945363551,0.0009623513518141839,0.0003043222181074834,10
3.8,0.03119342,6.7,6023.050628072877,6.049591140175489e-07,0.0011791405642014017,0.0003728769864372431,10
3.8,0.03119342,6.7,6836.949708361742,0.00024019255202611971,0.0010817000202521317,0.0003420635809046999,10
3.8,0.03119342,6.7,7760.831545529242,-0.0001270592438680427,0.0016009367993214108,0.0005062606675835565,10
3.8,0.03119342,6.7,8809.558187098928,-0.0009013185036384323,0.0013057656196980836,0.0004129193448587169,10
3.8,0.03119342,6.7,9999.99999956053,0.0007133035023906015,0.0015637934750265421,0.0004945149171193512,10
3.8,0.01973598,6.7,0.010000000000218279,0.9999510898032125,0.0001,3.1622776601683795e-05,10
3.8,0.01973598,6.7,0.011351307054675233,0.9999312645478404,0.0001,3.1622776601683795e-05,10
3.8,0.01973598,6.7,0.012885217184670714,0.9999087602917243,0.0001,3.1622776601683795e-05,10
3.8,0.01973598,6.7,0.014626405672618265,0.9998832150196038,0.0001,3.1622776601683795e-05,10
3.8,0.01973598,6.7,0.016602882189250948,0.9998542177968408,0.0001,3.1622776601683795e-05,10
3.8,0.01973598,6.7,0.018846441371867226,0.9998213021589099,0.0001,3.1622776601683795e-05,10
3.8,0.01973598,6.7,0.021393174289532996,0.9997703264514103,0.0001,3.1622776601683795e-05,10
3.8,0.01973598,6.7,0.024284049022937213,0.9996996683408554,0.0001,3.1622776601683795e-05,10
3.8,0.01973598,6.7,0.027565569698412937,0.9996194621499763,0.0001,3.1622776601683795e-05,10
3.8,0.01973598,6.7,0.03129052457769065,0.9995158470280225,0.0001,3.1622776601683795e-05,10
3.8,0.01973598,6.7,0.035518835237547564,0.9993713129061879,0.0001,3.1622776601683795e-05,10
3.8,0.01973598,6.7,0.040318520499702026,0.9992041573890085,0.0001,3.1622776601683795e-05,10
3.8,0.01973598,6.7,0.045766790617234585,0.9989650610080165,0.0001,3.1622776601683795e-05,10
3.8,0.01973598,6.7,0.051951289319191934,0.9986747842132552,0.0001,3.1622776601683795e-05,10
3.8,0.01973598,6.7,0.05897150369355452,0.9982988100051484,0.0001,3.1622776601683795e-05,10
3.8,0.01973598,6.7,0.06694036458868406,0.9978052700249617,0.0001,3.1622776601683795e-05,10
3.8,0.01973598,6.7,0.0759860632781475,0.9971764959302669,0.0001,3.1622776601683795e-05,10
3.8,0.01973598,6.7,0.08625411361274073,0.9963700453712724,0.0001,3.1622776601683795e-05,10
3.8,0.01973598,6.7,0.09790969283256912,0.9953368349931002,0.0001,3.1622776601683795e-05,10
3.8,0.01973598,6.7,0.11114029869471674,0.9940037918735112,0.0001,3.1622776601683795e-05,10
3.8,0.01973598,6.7,0.12615876566045128,0.9922780201673886,0.0001,3.1622776601683795e-05,10
3.8,0.01973598,6.7,0.14320668866193417,0.9900956501811775,0.00010216109540627561,3.230617497415958e-05,10
3.8,0.01973598,6.7,0.16255830952494102,0.9873030311888197,0.00013064771654196035,4.13144355372652e-05,10
3.8,0.01973598,6.7,0.1845249285666265,0.983721941154944,0.00016760935186604144,5.300273090412841e-05,10
3.8,0.01973598,6.7,0.209459912335607,0.9791645789880359,0.00021431123365200756,6.777116265008692e-05,10
3.8,0.01973598,6.7,0.23776437805149325,0.9733524003842824,0.0002725606979662714,8.61912606218641e-05,10
3.8,0.01973598,6.7,0.2698936461867474,0.9660731516948686,0.0003441557650975071,0.00010883160875860031,10
3.8,0.01973598,6.7,0.3063645649904774,0.9568606275101719,0.00043302256277571283,0.00013693375766144964,10
3.8,0.01973598,6.7,0.3477638247803005,0.9455096440236359,0.0005411542928839068,0.00017112801310909944,10
3.8,0.01973598,6.7,0.3947573957503299,0.9312782622188586,0.0006698283992430003,0.0002118183383072486,10
3.8,0.01973598,6.7,0.4481012411168134,0.9139064550965997,0.0008200921072149471,0.00025933589499262387,10
3.8,0.01973598,6.7,0.5086534779386983,0.8927477504886415,0.0009866978785531286,0.0003120212658684091,10
3.8,0.01973598,6.7,0.5773881812384607,0.8674760712879079,0.0011707417383004046,0.00037022104448540647,10
3.8,0.01973598,6.7,0.6554110534835178,0.8377683111678256,0.0013724277253432888,0.0004339997536048786,10
3.8,0.01973598,6.7,0.7439772114957187,0.8034030390738931,0.0015888877492623418,0.0005024504234007521,10
3.8,0.01973598,6.7,0.8445113769184625,0.7642840848382997,0.0018168291302508833,0.0005745318170935514,10
3.8,0.01973598,6.7,0.9586307950358789,0.7203972782186139,0.0020316476479455186,0.0006424633970431745,10
3.8,0.01973598,6.7,1.088171250628218,0.6717173438438531,0.00217990935062898,0.0006893478640686182,10
3.8,0.01973598,6.7,1.2352165993681232,0.6183291060994078,0.002255605812928229,0.0007132851872368875,10
3.8,0.01973598,6.7,1.402132289815328,0.5606817722849283,0.0024077584860427753,0.0007614000871493906,10
3.8,0.01973598,6.7,1.5916034152621248,0.5011495986416291,0.0027606182739533715,0.0008729841495975337,10
3.8,0.01973598,6.7,1.80667790755158,0.4440829907904121,0.0031997985276131444,0.0010118651400910718,10
3.8,0.01973598,6.7,2.0508155677068496,0.3956618748992997,0.0034151200242107,0.001079955775935519,10
3.8,0.01973598,6.7,2.3279437221040404,0.36119246269952154,0.003494515444575825,0.0011050628123495502,10
3.8,0.01973598,6.7,2.642520399502972,0.3413789656663955,0.004402646962827971,0.0013922392136159055,10
3.8,0.01973598,6.7,2.9996060452346534,0.3344105892593364,0.006069494599527297,0.0019193427180597793,10
3.8,0.01973598,6.7,3.404944926177538,0.3441395852685497,0.007629988721933961,0.002412814288270845,10
3.8,0.01973598,6.7,3.865057536045609,0.37610972061943687,0.008808403256414108,0.0027854616839512736,10
3.8,0.01973598,6.7,4.3873454874682505,0.41936519138105277,0.007996734886446213,0.002528789608569798,10
3.8,0.01973598,6.7,4.980210578210885,0.46077757078483483,0.006241145183202269,0.0019736233986708024,10
3.8,0.01973598,6.7,5.653189946897943,0.48487242850425966,0.004707107121370594,0.0014885179693929715,10
3.8,0.01973598,6.7,6.417109492424104,0.4815281711598015,0.005283118557784361,0.001670668779130247,10
3.8,0.01973598,6.7,7.284258025038717,0.47935745491430365,0.0035752775403815914,0.0011306020294850456,10
3.8,0.01973598,6.7,8.268584950589176,0.4886539220816563,0.0025792255637216237,0.0008156227380692085,10
3.8,0.01973598,6.7,9.385924667975567,0.48643063938826936,0.0034195797133934904,0.0010813660534829224,10
3.8,0.01973598,6.7,10.65425128959158,0.45637808969180094,0.005050789191557916,0.0015971997826683506,10
3.8,0.01973598,6.7,12.093967782318368,0.4332176134964133,0.005882625249517189,0.0018602494409690644,10
3.8,0.01973598,6.7,13.728234180344895,0.44816909718213366,0.003615130500029089,0.001143204641883533,10
3.8,0.01973598,6.7,15.583340149618108,0.4620620258910367,0.003988881389081056,0.0012613950505752437,10
3.8,0.01973598,6.7,17.689127897190275,0.4411120831885807,0.006672310097441998,0.0021099697162856733,10
3.8,0.01973598,6.7,20.07947222860456,0.42599723624543184,0.004223413548012301,0.001335560631253177,10
3.8,0.01973598,6.7,22.792825475773903,0.4396882814934816,0.004978938935045096,0.0015744787365635647,10
3.8,0.01973598,6.7,25.872836061348632,0.41963060715921674,0.004369801466295458,0.0013818525556237155,10
3.8,0.01973598,6.7,29.369050650123167,0.419021827744407,0.005950169985978758,0.0018816089620865024,10
3.8,0.01973598,6.7,33.33771118265806,0.4098625326959929,0.0053532973226385425,0.0016928612531619059,10
3.8,0.01973598,6.7,37.842659612617176,0.40143738628218967,0.005928038030912093,0.001874610223378186,10
3.8,0.01973598,6.7,42.95636490189982,0.3926886618577882,0.004174719833936939,0.0013201623268320627,10
3.8,0.01973598,6.7,48.76108879434957,0.3829010403976087,0.004020375698296811,0.001271354425620785,10
3.8,0.01973598,6.7,55.350209121286355,0.3704862285939908,0.003653629789314346,0.0011553791861274457,10
3.8,0.01973598,6.7,62.82972192624931,0.35897388126654906,0.006148566458601163,0.0019443474354095063,10
3.8,0.01973598,6.7,71.31994657291497,0.34788632002071823,0.004791608728714449,0.001515239723908151,10
3.8,0.01973598,6.7,80.95746126545187,0.3328776985272023,0.00803456949995759,0.002540753963878611,10
3.8,0.01973598,6.7,91.89730011710618,0.3198294243905532,0.007554121954066642,0.0023888231097532447,10
3.8,0.01973598,6.7,104.31544711021446,0.30864644237345473,0.008456139579923626,0.0026740661284858106,10
3.8,0.01973598,6.7,118.41166706679324,0.29168884699198305,0.008025169370570488,0.0025377813819622585,10
3.8,0.01973598,6.7,134.41271917018034,0.27567297137889335,0.006777363854992423,0.0021431906313475186,10
3.8,0.01973598,6.7,152.57600473212457,0.2580371609296531,0.007131996418436513,0.0022553352946422674,10
3.8,0.01973598,6.7,173.19370788521238,0.24164178783003942,0.007737288836441828,0.0024467455637750186,10
3.8,0.01973598,6.7,196.59749580998604,0.224373488816141,0.008572631757195753,0.0027109041894630126,10
3.8,0.01973598,6.7,223.1638541070668,0.2078025153525367,0.007868846145268416,0.0024883476376484377,10
3.8,0.01973598,6.7,253.32014314187637,0.1889869879885506,0.007383456443888887,0.002334853936733609,10
3.8,0.01973598,6.7,287.5514727874956,0.17019531017333095,0.007510387867643977,0.0023749931773050176,10
3.8,0.01973598,6.7,326.40850615637055,0.14751722364923975,0.007172501469674061,0.002268144116507515,10
3.8,0.01973598,6.7,370.5163178557939,0.1277227845889955,0.004133095756988922,0.0013069996379662784,10
3.8,0.01973598,6.7,420.58444926569615,0.10983474550478198,0.0034681462110624883,0.0010967241285440516,10
3.8,0.01973598,6.7,477.4183225932176,0.09266827752516356,0.005643476161426886,0.001784623859097304,10
3.8,0.01973598,6.7,541.9321973165318,0.0757583816763433,0.002823259985553051,0.0008927931981161714,10
3.8,0.01973598,6.7,615.1638774420524,0.06122879423682246,0.0022808469887394974,0.0007212671478753231,10
3.8,0.01973598,6.7,698.2914061636919,0.04881984107491029,0.0024671032979937378,0.0007801665644573329,10
3.8,0.01973598,6.7,792.652016483199,0.03731393401676103,0.0038361374449972312,0.0012130931743650148,10
3.8,0.01973598,6.7,899.7636426411872,0.029082685879551567,0.004932732721977767,0.0015598670490291854,10
3.8,0.01973598,6.7,1021.3493384030259,0.0203234662849719,0.003785292255877835,0.0011970145137970845,10
3.8,0.01973598,6.7,1159.3649950049091,0.01276833606669298,0.0024054432390068067,0.0007606679417514291,10
3.8,0.01973598,6.7,1316.0308046455484,0.008211202714224129,0.003244665159662524,0.0010260532149127467,10
3.8,0.01973598,6.7,1493.8669756616864,0.005199291726770827,0.0021205092864251484,0.0006705639144641837,10
3.8,0.01973598,6.7,1695.7342739204687,0.003637978501786121,0.002025322883688843,0.0006404633309717029,10
3.8,0.01973598,6.7,1924.8800425987847,0.001763570854832144,0.0018119182359363792,0.0005729788559553311,10
3.8,0.01973598,6.7,2184.990440647822,6.945683317650538e-05,0.0021648759679521656,0.000684593891049053,10
3.8,0.01973598,6.7,2480.2497402782196,-0.0001250007616853507,0.0016207155733929737,0.0005125152651227586,10
3.8,0.01973598,6.7,2815.4076373562034,0.0001855068742258114,0.0030969028309855012,0.000979326663813766,10
3.8,0.01973598,6.7,3195.8556575010366,-0.00011411010501458435,0.0025413472232041602,0.0008036445550669459,10
3.8,0.01973598,6.7,3627.7138869923433,-0.0004862992258189371,0.0022136243785728727,0.0007000094920365106,10
3.8,0.01973598,6.7,4117.929423686066,-0.0009311666711694395,0.0020873055623716365,0.0006600639749833021,10
3.8,0.01973598,6.7,4674.388131672206,-0.0004901396027361789,0.0019712468347222044,0.0006233629828119656,10
3.8,0.01973598,6.7,5306.041497418272,-0.0004101729073162332,0.0015494307161017036,0.0004899730139507111,10
3.8,0.01973598,6.7,6023.050628072877,-0.00039542322081860293,0.0016585090362910293,0.0005244666074650509,10
3.8,0.01973598,6.7,6836.949708361742,5.5844342543986566e-05,0.0016720729000545178,0.0005287558778015357,10
3.8,0.01973598,6.7,7760.831545529242,-7.337162344609122e-05,0.0012991618482105969,0.00041083104895394334,10
3.8,0.01973598,6.7,8809.558187098928,-0.00015353049718798878,0.0023819329834057733,0.0007532333461442296,10
3.8,0.01973598,6.7,9999.99999956053,0.0005882212255007594,0.001619464230988825,0.0005121195559097725,10
3.8,0.01365467,6.7,0.010000000000218279,0.9999661200585308,0.0001,3.1622776601683795e-05,10
3.8,0.01365467,6.7,0.011351307054675233,0.9999523803295716,0.0001,3.1622776601683795e-05,10
3.8,0.01365467,6.7,0.012885217184670714,0.9999367839413453,0.0001,3.1622776601683795e-05,10
3.8,0.01365467,6.7,0.014626405672618265,0.999919080002176,0.0001,3.1622776601683795e-05,10
3.8,0.01365467,6.7,0.016602882189250948,0.9998989837172173,0.0001,3.1622776601683795e-05,10
3.8,0.01365467,6.7,0.018846441371867226,0.9998761718070958,0.0001,3.1622776601683795e-05,10
3.8,0.01365467,6.7,0.021393174289532996,0.9998408665997929,0.0001,3.1622776601683795e-05,10
3.8,0.01365467,6.7,0.024284049022937213,0.9997919454824897,0.0001,3.1622776601683795e-05,10
3.8,0.01365467,6.7,0.027565569698412937,0.9997364136200945,0.0001,3.1622776601683795e-05,10
3.8,0.01365467,6.7,0.03129052457769065,0.999664663703325,0.0001,3.1622776601683795e-05,10
3.8,0.01365467,6.7,0.035518835237547564,0.9995645589178956,0.0001,3.1622776601683795e-05,10
3.8,0.01365467,6.7,0.040318520499702026,0.9994487836943625,0.0001,3.1622776601683795e-05,10
3.8,0.01365467,6.7,0.045766790617234585,0.9992831370891352,0.0001,3.1622776601683795e-05,10
3.8,0.01365467,6.7,0.051951289319191934,0.9990819974983912,0.0001,3.1622776601683795e-05,10
3.8,0.01365467,6.7,0.05897150369355452,0.9988213954379088,0.0001,3.1622776601683795e-05,10
3.8,0.01365467,6.7,0.06694036458868406,0.9984791536597497,0.0001,3.1622776601683795e-05,10
3.8,0.01365467,6.7,0.0759860632781475,0.998042990877922,0.0001,3.1622776601683795e-05,10
3.8,0.01365467,6.7,0.08625411361274073,0.9974833092274379,0.0001,3.1622776601683795e-05,10
3.8,0.01365467,6.7,0.09790969283256912,0.9967656760898557,0.0001,3.1622776601683795e-05,10
3.8,0.01365467,6.7,0.11114029869471674,0.9958390103824943,0.0001,3.1622776601683795e-05,10
3.8,0.01365467,6.7,0.12615876566045128,0.9946380928264851,0.0001,3.1622776601683795e-05,10
3.8,0.01365467,6.7,0.14320668866193417,0.9931174112366692,0.0001,3.1622776601683795e-05,10
3.8,0.01365467,6.7,0.16255830952494102,0.9911688193813433,0.0001,3.1622776601683795e-05,10
3.8,0.01365467,6.7,0.1845249285666265,0.9886654050349964,0.00011202038614077336,3.542395645764031e-05,10
3.8,0.01365467,6.7,0.209459912335607,0.9854722044578447,0.0001420795338391135,4.492949358265659e-05,10
3.8,0.01365467,6.7,0.23776437805149325,0.9813867185418879,0.00018094205916807183,5.721890314920586e-05,10
3.8,0.01365467,6.7,0.2698936461867474,0.9762536134284895,0.000230449084199742,7.287439907711058e-05,10
3.8,0.01365467,6.7,0.3063645649904774,0.9697276717002767,0.0002952965332553212,9.338096302384711e-05,10
3.8,0.01365467,6.7,0.3477638247803005,0.9616522633192366,0.00037844771150346673,0.00011967567436292605,10
3.8,0.01365467,6.7,0.3947573957503299,0.9514567260214403,0.0004877905608877022,0.00015425291935361842,10
3.8,0.01365467,6.7,0.4481012411168134,0.938919748696971,0.0006259996574312224,0.0001979584731967813,10
3.8,0.01365467,6.7,0.5086534779386983,0.9234925997870332,0.0007966981302934425,0.000251938069932487,10
3.8,0.01365467,6.7,0.5773881812384607,0.9048397655000375,0.0010001921369882777,0.0003162885250674102,10
3.8,0.01365467,6.7,0.6554110534835178,0.8825820386495764,0.0012333724538926218,0.0003900266157611692,10
3.8,0.01365467,6.7,0.7439772114957187,0.8563595002225741,0.0014905055522169437,0.00047133924101325746,10
3.8,0.01365467,6.7,0.8445113769184625,0.8257630840768941,0.001766444335034023,0.0005585987458609079,10
3.8,0.01365467,6.7,0.9586307950358789,0.7904314701331215,0.002075066907100631,0.000656193772367902,10
3.8,0.01365467,6.7,1.088171250628218,0.7498657085531023,0.0024296044510278307,0.0007683083878530967,10
3.8,0.01365467,6.7,1.2352165993681232,0.7036103279593354,0.002832838012350631,0.0008958220361332195,10
3.8,0.01365467,6.7,1.402132289815328,0.6515665566249133,0.0032500663487092974,0.0010277612208588424,10
3.8,0.01365467,6.7,1.5916034152621248,0.5949828841384732,0.0035835881976889515,0.0011332300900794836,10
3.8,0.01365467,6.7,1.80667790755158,0.5371488150599099,0.0037750090836512528,0.0011937626892163061,10
3.8,0.01365467,6.7,2.0508155677068496,0.4832746396411339,0.0038024693908870477,0.0012024464008276174,10
3.8,0.01365467,6.7,2.3279437221040404,0.4383446484496731,0.0035639966782159975,0.001127034707643676,10
3.8,0.01365467,6.7,2.642520399502972,0.40443339739554557,0.0032044721510628127,0.0010133430695937644,10
3.8,0.01365467,6.7,2.9996060452346534,0.38189663084822034,0.0035643678578288337,0.0011271520849434342,10
3.8,0.01365467,6.7,3.404944926177538,0.3747580313357851,0.005036832573879374,0.0015927863126387143,10
3.8,0.01365467,6.7,3.865057536045609,0.389358784622872,0.006021304675219866,0.00190410372595152,10
3.8,0.01365467,6.7,4.3873454874682505,0.422482137705371,0.005311914359598307,0.0016797748112085348,10
3.8,0.01365467,6.7,4.980210578210885,0.4673895628793945,0.0046086939384565396,0.0014573969884134539,10
3.8,0.01365467,6.7,5.653189946897943,0.5118589473806592,0.005215581157374325,0.0016493115778759967,10
3.8,0.01365467,6.7,6.417109492424104,0.5275676276329475,0.005295596987893525,0.0016746148052070654,10
3.8,0.01365467,6.7,7.284258025038717,0.5246347782349916,0.0033978477440225474,0.0010744938013576026,10
3.8,0.01365467,6.7,8.268584950589176,0.5233122578895142,0.003507238400183434,0.001109086164178476,10
3.8,0.01365467,6.7,9.385924667975567,0.5393750518940537,0.003719667387908698,0.0011762621084040544,10
3.8,0.01365467,6.7,10.65425128959158,0.543768325483491,0.004695684080749997,0.0014849056867764008,10
3.8,0.01365467,6.7,12.093967782318368,0.5069822139270295,0.004613598463603844,0.0014589479354441591,10
3.8,0.01365467,6.7,13.728234180344895,0.47692651124592056,0.004472730379564265,0.001414401535925251,10
3.8,0.01365467,6.7,15.583340149618108,0.49993589346193323,0.0038782133031155927,0.0012263987289810258,10
3.8,0.01365467,6.7,17.689127897190275,0.519583629891386,0.005766859582160627,0.0018236411225994505,10
3.8,0.01365467,6.7,20.07947222860456,0.498680041570634,0.005290380289499765,0.001672965140328023,10
3.8,0.01365467,6.7,22.792825475773903,0.4825349402891298,0.004548914085742793,0.0014384929391369702,10
3.8,0.01365467,6.7,25.872836061348632,0.5001038102717619,0.0036287162211217764,0.0011475008241144014,10
3.8,0.01365467,6.7,29.369050650123167,0.48098068479671,0.00457792147883325,0.0014476658822519376,10
3.8,0.01365467,6.7,33.33771118265806,0.4831536171883883,0.005331413217227997,0.0016859408913966522,10
3.8,0.01365467,6.7,37.842659612617176,0.47330131861269853,0.003377915898091086,0.0010681907982461047,10
3.8,0.01365467,6.7,42.95636490189982,0.4672521074238799,0.004530769537022846,0.0014327551290298775,10
3.8,0.01365467,6.7,48.76108879434957,0.46264125457226823,0.005674544203531585,0.00179444843664659,10
3.8,0.01365467,6.7,55.350209121286355,0.4543232043675576,0.0054510553514363555,0.001723775056218848,10
3.8,0.01365467,6.7,62.82972192624931,0.4484762264853527,0.006182808492043714,0.001955175717148918,10
3.8,0.01365467,6.7,71.31994657291497,0.4367486429193521,0.006344209122302656,0.002006215077889413,10
3.8,0.01365467,6.7,80.95746126545187,0.4299598690640388,0.005242824397126959,0.0016579266467220332,10
3.8,0.01365467,6.7,91.89730011710618,0.4205639328598765,0.004980688248812777,0.001575031918148381,10
3.8,0.01365467,6.7,104.31544711021446,0.4086873448135776,0.004766311145826656,0.0015072399257859185,10
3.8,0.01365467,6.7,118.41166706679324,0.39795953306321713,0.005012361389341698,0.001585047844620579,10
3.8,0.01365467,6.7,134.41271917018034,0.3872796949375259,0.005745019271539449,0.0018167346099626017,10
3.8,0.01365467,6.7,152.57600473212457,0.37463742958612106,0.005324998696735696,0.0016839124419113026,10
3.8,0.01365467,6.7,173.19370788521238,0.3625474984297803,0.006103787500908623,0.0019301870856538318,10
3.8,0.01365467,6.7,196.59749580998604,0.3452614026230648,0.006412465040623633,0.002027799494457483,10
3.8,0.01365467,6.7,223.1638541070668,0.3292875597638182,0.005890980072472039,0.001862891467967543,10
3.8,0.01365467,6.7,253.32014314187637,0.31259716152131295,0.004626666615498055,0.0014630804479236344,10
3.8,0.01365467,6.7,287.5514727874956,0.29569307705612496,0.005299286891693267,0.0016757816552424747,10
3.8,0.01365467,6.7,326.40850615637055,0.27756727662192393,0.005239011853243166,0.0016567210144868203,10
3.8,0.01365467,6.7,370.5163178557939,0.25889634327221983,0.004356266646281948,0.0013775724697274031,10
3.8,0.01365467,6.7,420.58444926569615,0.24127738473584745,0.004766610509344911,0.001507334592842523,10
3.8,0.01365467,6.7,477.4183225932176,0.22235158936282104,0.005565591369473957,0.0017599945253313428,10
3.8,0.01365467,6.7,541.9321973165318,0.2016217901195426,0.006642752329398304,0.0021006227293287718,10
3.8,0.01365467,6.7,615.1638774420524,0.182841036460199,0.00613970185363251,0.0019415442011836476,10
3.8,0.01365467,6.7,698.2914061636919,0.16331351224799776,0.006906658842759755,0.0021840772964863563,10
3.8,0.01365467,6.7,792.652016483199,0.14601610657667174,0.00855925838307747,0.0027066751572414802,10
3.8,0.01365467,6.7,899.7636426411872,0.12721799767947664,0.006662132278033596,0.002106751207191231,10
3.8,0.01365467,6.7,1021.3493384030259,0.11028078877900885,0.005209670129701373,0.0016474423468001156,10
3.8,0.01365467,6.7,1159.3649950049091,0.0908919130885463,0.004384632439372695,0.0013865425211077858,10
3.8,0.01365467,6.7,1316.0308046455484,0.07532085871251665,0.0043953964811949625,0.0013899464100065534,10
3.8,0.01365467,6.7,1493.8669756616864,0.06085286214538196,0.004102959128322664,0.0012974695992078685,10
3.8,0.01365467,6.7,1695.7342739204687,0.04781495493166034,0.0027008945377239206,0.0008540978459115156,10
3.8,0.01365467,6.7,1924.8800425987847,0.03462885697627646,0.003309982524856044,0.0010467083793899994,10
3.8,0.01365467,6.7,2184.990440647822,0.025967929058995348,0.0037690911246491365,0.0011918912662616877,10
3.8,0.01365467,6.7,2480.2497402782196,0.02014140454928885,0.0023415777153178064,0.0007404718898697611,10
3.8,0.01365467,6.7,2815.4076373562034,0.012621853833353666,0.0028662224464482662,0.0009063791211476511,10
3.8,0.01365467,6.7,3195.8556575010366,0.008963540405398363,0.002786920681855371,0.0008813017012892465,10
3.8,0.01365467,6.7,3627.7138869923433,0.004495957993372351,0.0038398895639480783,0.0012142796985586707,10
3.8,0.01365467,6.7,4117.929423686066,0.003105787913539988,0.0021519793173883786,0.0006805156120521668,10
3.8,0.01365467,6.7,4674.388131672206,0.0005141811873394636,0.0025663048697694628,0.0008115368558853294,10
3.8,0.01365467,6.7,5306.041497418272,0.0006738028307027848,0.0024306031449140004,0.0007686242025896549,10
3.8,0.01365467,6.7,6023.050628072877,2.4598329776329793e-05,0.0027823049554173834,0.0008798420804292169,10
3.8,0.01365467,6.7,6836.949708361742,-0.00021157123477381833,0.0016944649346858926,0.000535836860889587,10
3.8,0.01365467,6.7,7760.831545529242,-0.0006280665432779808,0.0016397316692053532,0.0005185286826198695,10
3.8,0.01365467,6.7,8809.558187098928,7.115473381081902e-05,0.0011257740288786052,0.00035600100619205647,10
3.8,0.01365467,6.7,9999.99999956053,0.00016789371355314505,0.003018607656798045,0.0009545675557905676,10
3.8,0.01157466,6.7,0.010000000000218279,0.9999711844017796,0.0001,3.1622776601683795e-05,10
3.8,0.01157466,6.7,0.011351307054675233,0.9999594965244827,0.0001,3.1622776601683795e-05,10
3.8,0.01157466,6.7,0.012885217184670714,0.999946229256081,0.0001,3.1622776601683795e-05,10
3.8,0.01157466,6.7,0.014626405672618265,0.9999311691723411,0.0001,3.1622776601683795e-05,10
3.8,0.01157466,6.7,0.016602882189250948,0.9999140740088615,0.0001,3.1622776601683795e-05,10
3.8,0.01157466,6.7,0.018846441371867226,0.9998946687638812,0.0001,3.1622776601683795e-05,10
3.8,0.01157466,6.7,0.021393174289532996,0.9998646192223095,0.0001,3.1622776601683795e-05,10
3.8,0.01157466,6.7,0.024284049022937213,0.9998229691652044,0.0001,3.1622776601683795e-05,10
3.8,0.01157466,6.7,0.027565569698412937,0.9997756909065011,0.0001,3.1622776601683795e-05,10
3.8,0.01157466,6.7,0.03129052457769065,0.9997145989788143,0.0001,3.1622776601683795e-05,10
3.8,0.01157466,6.7,0.035518835237547564,0.9996293526861727,0.0001,3.1622776601683795e-05,10
3.8,0.01157466,6.7,0.040318520499702026,0.9995307671812712,0.0001,3.1622776601683795e-05,10
3.8,0.01157466,6.7,0.045766790617234585,0.9993897975819295,0.0001,3.1622776601683795e-05,10
3.8,0.01157466,6.7,0.051951289319191934,0.9992186309582205,0.0001,3.1622776601683795e-05,10
3.8,0.01157466,6.7,0.05897150369355452,0.9989968821295616,0.0001,3.1622776601683795e-05,10
3.8,0.01157466,6.7,0.06694036458868406,0.9987056648232147,0.0001,3.1622776601683795e-05,10
3.8,0.01157466,6.7,0.0759860632781475,0.9983344895295773,0.0001,3.1622776601683795e-05,10
3.8,0.01157466,6.7,0.08625411361274073,0.9978582058743125,0.0001,3.1622776601683795e-05,10
3.8,0.01157466,6.7,0.09790969283256912,0.9972475850138125,0.0001,3.1622776601683795e-05,10
3.8,0.01157466,6.7,0.11114029869471674,0.9964590350019169,0.0001,3.1622776601683795e-05,10
3.8,0.01157466,6.7,0.12615876566045128,0.9954371823399937,0.0001,3.1622776601683795e-05,10
3.8,0.01157466,6.7,0.14320668866193417,0.9941429768816651,0.0001,3.1622776601683795e-05,10
3.8,0.01157466,6.7,0.16255830952494102,0.9924845550409194,0.0001,3.1622776601683795e-05,10
3.8,0.01157466,6.7,0.1845249285666265,0.9903533195518971,0.0001,3.1622776601683795e-05,10
3.8,0.01157466,6.7,0.209459912335607,0.987633788811577,0.00012852712913354294,4.064384691845793e-05,10
3.8,0.01157466,6.7,0.23776437805149325,0.9841532371133772,0.00016827517275235808,5.321328195557567e-05,10
3.8,0.01157466,6.7,0.2698936461867474,0.9797774227407823,0.00021968515143868793,6.9470544666527e-05,10
3.8,0.01157466,6.7,0.3063645649904774,0.9742091854466137,0.0002860643594960068,9.046149334045985e-05,10
3.8,0.01157466,6.7,0.3477638247803005,0.9673113063996915,0.0003682812323896747,0.00011646075138451475,10
3.8,0.01157466,6.7,0.3947573957503299,0.9585846541259988,0.00047078694516829736,0.00014887590394046225,10
3.8,0.01157466,6.7,0.4481012411168134,0.9478315640018975,0.0005935468032928086,0.0001876959796317204,10
3.8,0.01157466,6.7,0.5086534779386983,0.9345522390231658,0.0007369795966377906,0.00023305341144475884,10
3.8,0.01157466,6.7,0.5773881812384607,0.9184291084770766,0.0008978137499274481,0.0002839136364387569,10
3.8,0.01157466,6.7,0.6554110534835178,0.8990904515826299,0.0010797131918869076,0.0003414352906093062,10
3.8,0.01157466,6.7,0.7439772114957187,0.8761630996297189,0.0012863681072247434,0.0004067853128229888,10
3.8,0.01157466,6.7,0.8445113769184625,0.8491991400519101,0.0015260808974482925,0.00048258915296104467,10
3.8,0.01157466,6.7,0.9586307950358789,0.8177760195417427,0.0018205417092771307,0.0005757058376651826,10
3.8,0.01157466,6.7,1.088171250628218,0.7812478090423249,0.002196752141115559,0.0006946740220776787,10
3.8,0.01157466,6.7,1.2352165993681232,0.7388586329114459,0.002650523252538037,0.0008381690469257865,10
3.8,0.01157466,6.7,1.402132289815328,0.6901032239165384,0.0031475800867768,0.0009953522192005123,10
3.8,0.01157466,6.7,1.5916034152621248,0.6356174948684868,0.0035995353189428214,0.0011382730126079945,10
3.8,0.01157466,6.7,1.80667790755158,0.5782924635464075,0.003909107319388444,0.0012361682747302773,10
3.8,0.01157466,6.7,2.0508155677068496,0.5229498400971743,0.004057671939535581,0.0012831485326685467,10
3.8,0.01157466,6.7,2.3279437221040404,0.47432537358852944,0.004165977183869808,0.0013173976581322669,10
3.8,0.01157466,6.7,2.642520399502972,0.43436445307828314,0.004459393264027241,0.0014101839696738694,10
3.8,0.01157466,6.7,2.9996060452346534,0.40366017993065856,0.004667696012109901,0.001476055082355217,10
3.8,0.01157466,6.7,3.404944926177538,0.3872036206055813,0.0045139772906932505,0.0014274449544866652,10
3.8,0.01157466,6.7,3.865057536045609,0.3915069055394188,0.00423276410673345,0.0013385175375485753,10
3.8,0.01157466,6.7,4.3873454874682505,0.4158339803546536,0.004080299440914875,0.0012903039768802636,10
3.8,0.01157466,6.7,4.980210578210885,0.45750527210069275,0.003451472421093139,0.00109145141319101,10
3.8,0.01157466,6.7,5.653189946897943,0.5067470011808648,0.00360045304771708,0.0011385632239280876,10
3.8,0.01157466,6.7,6.417109492424104,0.5343177284165498,0.004910112129165785,0.0015527137894982758,10
3.8,0.01157466,6.7,7.284258025038717,0.5384553898744587,0.004551164904782315,0.0014392047106135462,10
3.8,0.01157466,6.7,8.268584950589176,0.5340262950851715,0.002705331692821592,0.0008555009975555224,10
3.8,0.01157466,6.7,9.385924667975567,0.5487972693228139,0.002613797110290917,0.0008265552210085632,10
3.8,0.01157466,6.7,10.65425128959158,0.5689062844861834,0.003722627419007493,0.0011771981524257666,10
3.8,0.01157466,6.7,12.093967782318368,0.5455871240316192,0.004279155152929648,0.001353187674450383,10
3.8,0.01157466,6.7,13.728234180344895,0.499487801126402,0.005587827254230116,0.001767026129493191,10
3.8,0.01157466,6.7,15.583340149618108,0.5024796924345983,0.0035296049575766386,0.0011161590906564164,10
3.8,0.01157466,6.7,17.689127897190275,0.5378298674062927,0.005220301918230451,0.0016508044135354293,10
3.8,0.01157466,6.7,20.07947222860456,0.5282342268379231,0.004018231974765629,0.0012706765207175618,10
3.8,0.01157466,6.7,22.792825475773903,0.503885904538811,0.005350701528356067,0.0016920403909349193,10
3.8,0.01157466,6.7,25.872836061348632,0.5121731671010109,0.00423640054862282,0.001339667481443501,10
3.8,0.01157466,6.7,29.369050650123167,0.512168026166845,0.003882632065491156,0.0012277960643356093,10
3.8,0.01157466,6.7,33.33771118265806,0.5016959662490933,0.0026651382410913956,0.0008427907121063768,10
3.8,0.01157466,6.7,37.842659612617176,0.5014399765272972,0.003986090565667534,0.001260512514721838,10
3.8,0.01157466,6.7,42.95636490189982,0.4978554590810381,0.0041325360544997814,0.0013068226444985034,10
3.8,0.01157466,6.7,48.76108879434957,0.4931028386837649,0.0045093765170622895,0.0014259900621193971,10
3.8,0.01157466,6.7,55.350209121286355,0.4862486246472574,0.0032403142657383174,0.0010246773414469186,10
3.8,0.01157466,6.7,62.82972192624931,0.4791404482389516,0.004889314223999856,0.0015461369144098237,10
3.8,0.01157466,6.7,71.31994657291497,0.4727941908845789,0.0053614105645896325,0.0016954268855392531,10
3.8,0.01157466,6.7,80.95746126545187,0.4644337807882472,0.00581196173010485,0.0018379036740864129,10
3.8,0.01157466,6.7,91.89730011710618,0.4561230012263426,0.005709177459316046,0.0018054004337531998,10
3.8,0.01157466,6.7,104.31544711021446,0.4494662381529837,0.006449189546406834,0.002039412802879377,10
3.8,0.01157466,6.7,118.41166706679324,0.439596972515487,0.007112227292230874,0.0022490837480261534,10
3.8,0.01157466,6.7,134.41271917018034,0.4276748988717217,0.007437158914703495,0.002351836149108897,10
3.8,0.01157466,6.7,152.57600473212457,0.417653270043356,0.005165627060487729,0.0016335147054141598,10
3.8,0.01157466,6.7,173.19370788521238,0.4068280250057733,0.007521588245109832,0.00237853504764959,10
3.8,0.01157466,6.7,196.59749580998604,0.39556670475790534,0.007686947444050954,0.0024308262177210756,10
3.8,0.01157466,6.7,223.1638541070668,0.381010208618478,0.008028509104097924,0.0025388374984347314,10
3.8,0.01157466,6.7,253.32014314187637,0.3709415480518028,0.0076205068109968885,0.0024098158447576437,10
3.8,0.01157466,6.7,287.5514727874956,0.3576070596856611,0.008205904895891411,0.002594934973374374,10
3.8,0.01157466,6.7,326.40850615637055,0.3424707196279199,0.006799813617726078,0.00215028986966439,10
3.8,0.01157466,6.7,370.5163178557939,0.32620794676399767,0.0080307718995119,0.002539553057173446,10
3.8,0.01157466,6.7,420.58444926569615,0.31151441430195426,0.007064283334315816,0.0022339225373206695,10
3.8,0.01157466,6.7,477.4183225932176,0.2925006275391321,0.005355998606603846,0.001693715474155631,10
3.8,0.01157466,6.7,541.9321973165318,0.27424082560081087,0.007135133514262194,0.0022563273314470033,10
3.8,0.01157466,6.7,615.1638774420524,0.2535178491781353,0.00730488206069868,0.002310006535071219,10
3.8,0.01157466,6.7,698.2914061636919,0.2342335848130758,0.00615687777827111,0.0019469757054613854,10
3.8,0.01157466,6.7,792.652016483199,0.21451081530124966,0.00882734251022691,0.0027914508018745217,10
3.8,0.01157466,6.7,899.7636426411872,0.19737108897805172,0.006346479287264041,0.0020069329670836414,10
3.8,0.01157466,6.7,1021.3493384030259,0.17719736843025574,0.008278249126252269,0.0026178122277255955,10
3.8,0.01157466,6.7,1159.3649950049091,0.15777960617508613,0.0080960362195612,0.002560191447303244,10
3.8,0.01157466,6.7,1316.0308046455484,0.13932328785277534,0.008966939352663792,0.002835595199501342,10
3.8,0.01157466,6.7,1493.8669756616864,0.12170539631816495,0.009072605741288743,0.002869009845519277,10
3.8,0.01157466,6.7,1695.7342739204687,0.10418977897331798,0.006327989426377879,0.0020010859596816485,10
3.8,0.01157466,6.7,1924.8800425987847,0.08819191408994329,0.0065929287924621285,0.002084867143548388,10
3.8,0.01157466,6.7,2184.990440647822,0.07364542473396932,0.004831922828548726,0.0015279881616377241,10
3.8,0.01157466,6.7,2480.2497402782196,0.058236266678029336,0.004657200742524344,0.0014727361867004321,10
3.8,0.01157466,6.7,2815.4076373562034,0.04609987580766659,0.0049170739042569776,0.0015549152960828753,10
3.8,0.01157466,6.7,3195.8556575010366,0.036659055316672115,0.0047061493619321385,0.0014882150992653674,10
3.8,0.01157466,6.7,3627.7138869923433,0.026431787805219716,0.0035893844688165482,0.0011350630319493914,10
3.8,0.01157466,6.7,4117.929423686066,0.018016037538141218,0.0033023457726701227,0.0010442934263066215,10
3.8,0.01157466,6.7,4674.388131672206,0.012174183656951594,0.0023273606476835705,0.0007359760583324765,10
3.8,0.01157466,6.7,5306.041497418272,0.008848856723852811,0.002444419609166638,0.000772993352214518,10
3.8,0.01157466,6.7,6023.050628072877,0.00595693524377079,0.002250166639424448,0.0007115651695508088,10
3.8,0.01157466,6.7,6836.949708361742,0.0033723518954295512,0.0037168813100741673,0.0011753810732344917,10
3.8,0.01157466,6.7,7760.831545529242,0.0006886196578709264,0.0031865276789364285,0.0010076685292608866,10
3.8,0.01157466,6.7,8809.558187098928,0.0013289324576471152,0.003374494943400962,0.001067108997386802,10
3.8,0.01157466,6.7,9999.99999956053,0.0010673335597684117,0.0019220281304170644,0.0006077986619033079,10
3.8,0.00961925,6.7,0.00999999999839929,0.9999761406034038,0.0001,3.1622776601683795e-05,10
3.8,0.00961925,6.7,0.011343351215290327,0.9999665102547765,0.0001,3.1622776601683795e-05,10
3.8,0.00961925,6.7,0.012867161681402521,0.9999555862120942,0.0001,3.1622776601683795e-05,10
3.8,0.00961925,6.7,0.014595673411943802,0.9999431946868087,0.0001,3.1622776601683795e-05,10
3.8,0.00961925,6.7,0.01655638497618555,0.9999291385444657,0.0001,3.1622776601683795e-05,10
3.8,0.00961925,6.7,0.01878048896704911,0.9999131941685304,0.0001,3.1622776601683795e-05,10
3.8,0.00961925,6.7,0.021303368238222372,0.9998889078997492,0.0001,3.1622776601683795e-05,10
3.8,0.00961925,6.7,0.02416515880334988,0.9998547787382377,0.0001,3.1622776601683795e-05,10
3.8,0.00961925,6.7,0.027411388352354044,0.9998160648316607,0.0001,3.1622776601683795e-05,10
3.8,0.00961925,6.7,0.031093700542924253,0.9997669434249497,0.0001,3.1622776601683795e-05,10
3.8,0.00961925,6.7,0.03527067658979116,0.9996972439701495,0.0001,3.1622776601683795e-05,10
3.8,0.00961925,6.7,0.04000876722229624,0.9996181397738455,0.0001,3.1622776601683795e-05,10
3.8,0.00961925,6.7,0.04538334983659476,0.9995029194748423,0.0001,3.1622776601683795e-05,10
3.8,0.00961925,6.7,0.05147992766052883,0.9993652073692963,0.0001,3.1622776601683795e-05,10
3.8,0.00961925,6.7,0.058395490008459235,0.9991841773124845,0.0001,3.1622776601683795e-05,10
3.8,0.00961925,6.7,0.0662400552660962,0.9989493496294907,0.0001,3.1622776601683795e-05,10
3.8,0.00961925,6.7,0.07513842115238462,0.9986501953084271,0.0001,3.1622776601683795e-05,10
3.8,0.00961925,6.7,0.08523215010303307,0.9982662498622755,0.0001,3.1622776601683795e-05,10
3.8,0.00961925,6.7,0.0966818213607808,0.9977737379688326,0.0001,3.1622776601683795e-05,10
3.8,0.00961925,6.7,0.1096695856004845,0.9971450347947686,0.0001,3.1622776601683795e-05,10
3.8,0.00961925,6.7,0.12440206273007748,0.996315115093461,0.0001,3.1622776601683795e-05,10
3.8,0.00961925,6.7,0.14111362896797314,0.9952876938877024,0.0001,3.1622776601683795e-05,10
3.8,0.00961925,6.7,0.16007014549041132,0.9939587476147114,0.0001,3.1622776601683795e-05,10
3.8,0.00961925,6.7,0.18157318796710037,0.9922483496389127,0.00011187462859652278,3.537786387504185e-05,10
3.8,0.00961925,6.7,0.2059648442720438,0.990061618584012,0.00014400510206802894,4.553841172199952e-05,10
3.8,0.00961925,6.7,0.23363315669543513,0.9872637821515136,0.00018495220557519695,5.8487022788931486e-05,10
3.8,0.00961925,6.7,0.26501829523575,0.9837480893872911,0.00023595406897768053,7.46152281153948e-05,10
3.8,0.00961925,6.7,0.30061956018178215,0.9792693070415295,0.0002997183727401318,9.477927144581382e-05,10
3.8,0.00961925,6.7,0.3410033253873912,0.9737066624903836,0.000377681484702574,0.00011943337217341753,10
3.8,0.00961925,6.7,0.3868120486070283,0.9666471087898938,0.00047416068892789016,0.0001499427753926715,10
3.8,0.00961925,6.7,0.4387744922357831,0.9579366983642645,0.0005913714770205411,0.0001870080810642835,10
3.8,0.00961925,6.7,0.49771731705378697,0.9472179949463666,0.0007370481787827741,0.0002330750990232556,10
3.8,0.00961925,6.7,0.5645782334176844,0.9340494903041963,0.0009229905138811577,0.0002918752282593717,10
3.8,0.00961925,6.7,0.6404209191190089,0.9181124815954386,0.0011655120632909101,0.0003685672760401599,10
3.8,0.00961925,6.7,0.7264519412348801,0.899051634635591,0.0014828054099361072,0.00046890424222177673,10
3.8,0.00961925,6.7,0.8240399511775752,0.8763969646473587,0.0018879861769396243,0.0005970336510042879,10
3.8,0.00961925,6.7,0.9347374583134178,0.849711780051773,0.0023606966699529436,0.0007465178341826079,10
3.8,0.00961925,6.7,1.0603055285434146,0.8183051475037535,0.002853410158053588,0.0009023275198110385,10
3.8,0.00961925,6.7,1.2027418007707245,0.7813497887684682,0.0032985419839526428,0.0010430905626980925,10
3.8,0.00961925,6.7,1.364312266963695,0.7381325358902879,0.003634775663212271,0.001149416987949987,10
3.8,0.00961925,6.7,1.5475873213975377,0.6884891041882798,0.0038074388863357507,0.0012040178932715916,10
3.8,0.00961925,6.7,1.755482652575269,0.6338707257724383,0.0038418326261220087,0.0012148941487691645,10
3.8,0.00961925,6.7,1.9913056283698298,0.5777257566149714,0.004017670757513983,0.0012704990482398238,10
3.8,0.00961925,6.7,2.2588079123199085,0.5252852427748167,0.004622083277594122,0.0014616310692173733,10
3.8,0.00961925,6.7,2.5622451481422868,0.4794386401544905,0.005468715208029114,0.0017293595932173537,10
3.8,0.00961925,6.7,2.9064446619703945,0.44072716413532625,0.006378277473823092,0.002016988436582597,10
3.8,0.00961925,6.7,3.296882259381333,0.41260018023388556,0.0074537783144399215,0.002357091664760088,10
3.8,0.00961925,6.7,3.739769338960867,0.40106249564395835,0.008687903094700937,0.00274735618700805,10
3.8,0.00961925,6.7,4.242151708279773,0.4085683698278288,0.00977524675992206,0.0030912044451534863,10
3.8,0.00961925,6.7,4.812021674326398,0.4345429790755828,0.009984616111715855,0.0031574128475436313,10
3.8,0.00961925,6.7,5.4584451916211165,0.4784076530768805,0.009243535399077853,0.0029230625493479497,10
3.8,0.00961925,6.7,6.191706090788226,0.5226064885980352,0.008685771602442846,0.0027466821499729913,10
3.8,0.00961925,6.7,7.023469682090571,0.5501030917125473,0.007371376162351505,0.0023310338162901884,10
3.8,0.00961925,6.7,7.96696833666497,0.5507890132715432,0.0050476385544668744,0.0015962034637395208,10
3.8,0.00961925,6.7,9.037211997835415,0.544257517410493,0.0036204894501098814,0.0011448992906957778,10
3.8,0.00961925,6.7,10.251226971489197,0.5653052659798766,0.006169928462921985,0.001951102694313522,10
3.8,0.00961925,6.7,11.628326794387261,0.5903276862145173,0.005339724628667678,0.0016885691904686693,10
3.8,0.00961925,6.7,13.190419489601993,0.562423075314941,0.004550126215072894,0.0014388762480871515,10
3.8,0.00961925,6.7,14.962356097151646,0.5117535359323094,0.005654811190074437,0.001788208309884256,10
3.8,0.00961925,6.7,16.972326024539964,0.5185444818706295,0.006022032753304456,0.0019043339644576958,10
3.8,0.00961925,6.7,19.25230550675867,0.5530527497326798,0.005471728228426368,0.0017303123939265404,10
3.8,0.00961925,6.7,21.838566310218894,0.5447957993397502,0.003793480857349473,0.001199603976947263,10
3.8,0.00961925,6.7,24.772252773487324,0.5183875995389532,0.004540195595314248,0.0014357359103857122,10
3.8,0.00961925,6.7,28.100036364859676,0.5412885606535288,0.006346565467367695,0.002006960219625295,10
3.8,0.00961925,6.7,31.8748581700056,0.5255992348588446,0.004713994039997363,0.0014906958042850546,10
3.8,0.00961925,6.7,36.15677112178165,0.5278817174322018,0.00546868530246042,0.001729350136246174,10
3.8,0.00961925,6.7,41.01389537108877,0.5224614979429958,0.005729258757744981,0.0018117506978940993,10
3.8,0.00961925,6.7,46.5235019975901,0.5170632589649211,0.005224478742226223,0.0016521252412566576,10
3.8,0.00961925,6.7,52.77324230084006,0.5173574040256123,0.004281891538334935,0.001354052995494058,10
3.8,0.00961925,6.7,59.86254222838685,0.5102823462621402,0.005574065542165249,0.0017626742940303512,10
3.8,0.00961925,6.7,67.90418412454358,0.5068143250303737,0.005265813461066405,0.0016651964270544225,10
3.8,0.00961925,6.7,77.02610096357364,0.5035068579318184,0.004302026474431855,0.0013604202213548789,10
3.8,0.00961925,6.7,87.37341161140886,0.49543508000093184,0.004257715463675762,0.0013464078494135315,10
3.8,0.00961925,6.7,99.11072949449846,0.488331309618567,0.003927457236177592,0.0012419710279231045,10
3.8,0.00961925,6.7,112.424781403969,0.4841806104854521,0.004840537339698567,0.0015307123092539654,10
3.8,0.00961925,6.7,127.52737809715963,0.4773297931225458,0.008180213128477744,0.002586810523160126,10
3.8,0.00961925,6.7,144.65878395527622,0.4687271289309359,0.005336034041645923,0.0016874021243794889,10
3.8,0.00961925,6.7,164.09153930441676,0.462938256813331,0.004026329720245192,0.001273237252680337,10
3.8,0.00961925,6.7,186.1347962085565,0.4552780314719401,0.004881218747295987,0.0015435768998969181,10
3.8,0.00961925,6.7,211.13923671181206,0.4452819572623657,0.00524403698021398,0.0016583100991627517,10
3.8,0.00961925,6.7,239.5026517733781,0.4341378997576988,0.006120729707069136,0.0019355446816593676,10
3.8,0.00961925,6.7,271.6762696493681,0.4228517744126957,0.005860333362202825,0.0018532001272433438,10
3.8,0.00961925,6.7,308.1719343985998,0.41427108366127846,0.007282324925452911,0.0023028733425847097,10
3.8,0.00961925,6.7,349.57024871382976,0.40158721622502763,0.007503486049559434,0.0023728106307906883,10
3.8,0.00961925,6.7,396.52981062120944,0.3906625786017479,0.005961866381681537,0.001885307687170041,10
3.8,0.00961925,6.7,449.7976909928937,0.3758095015145143,0.008525723228649286,0.0026960704102736263,10
3.8,0.00961925,6.7,510.2213185575743,0.361411801069595,0.009962517955515771,0.003150424796975388,10
3.8,0.00961925,6.7,578.7619614853527,0.348676025080379,0.010640324056417403,0.0033647659060560943,10
3.8,0.00961925,6.7,656.5100200229575,0.33314920560096895,0.011102483069171554,0.0035109134182038865,10
3.8,0.00961925,6.7,744.7023734669749,0.3170403648344874,0.01219565814273641,0.0038566057295825935,10
3.8,0.00961925,6.7,844.7420574448392,0.3009249309727062,0.011260775038741313,0.0035609697341193367,10
3.8,0.00961925,6.7,958.2205845457607,0.2819222008262785,0.00997551189963101,0.0031545338428946973,10
3.8,0.00961925,6.7,1086.943263396325,0.26453305756691586,0.008957634726057484,0.002832652818216008,10
3.8,0.00961925,6.7,1232.957918977195,0.24553615151700964,0.010634908574044874,0.003363053380163526,10
3.8,0.00961925,6.7,1398.587471087054,0.22526069557387335,0.008073537023697274,0.0025530765768580193,10
3.8,0.00961925,6.7,1586.466889238464,0.20696425944193014,0.009099204421239343,0.002877421086659052,10
3.8,0.00961925,6.7,1799.585111894162,0.19058814973949267,0.009622746603978377,0.003042979661522196,10
3.8,0.00961925,6.7,2041.3325969290615,0.1719335888373908,0.007025952608731571,0.002221801297599359,10
3.8,0.00961925,6.7,2315.5552597893575,0.15230475817691996,0.007176218035531511,0.002269319397825871,10
3.8,0.00961925,6.7,2626.6156574407983,0.13410459568978134,0.0070555037203186,0.0022311461795998396,10
3.8,0.00961925,6.7,2979.4623914700956,0.11572509865498856,0.007118341512697716,0.0022510172343053175,10
3.8,0.00961925,6.7,3379.7088344604153,0.10042350523840735,0.006042515825495087,0.0019108112806177006,10
3.8,0.00961925,6.7,3833.7224320840705,0.08395520687442867,0.005946228407520247,0.0018803625255359873,10
3.8,0.00961925,6.7,4348.72600160277,0.0681800815550199,0.007673536149149152,0.0024265851938948856,10
3.8,0.00961925,6.7,4932.912638314162,0.0558099650189461,0.006363346894351941,0.002012266972791098,10
3.8,0.00961925,6.7,5595.576057969889,0.04493554023163049,0.0025462825083380713,0.0008052052292594988,10
3.8,0.00961925,6.7,6347.258448758235,0.03337012256489145,0.005223004684611368,0.0016516591033101321,10
3.8,0.00961925,6.7,7199.9181850008545,0.02551036680415224,0.003701968401762158,0.0011706651975541711,10
3.8,0.00961925,6.7,8167.120070689361,0.019841818916532552,0.004807483105949843,0.0015202596427582081,10
3.8,0.00961925,6.7,9264.251139410562,0.013757205519570182,0.0023884843465172573,0.0007553050690653392,10
3.8,0.00961925,6.7,10508.765443780925,0.010789053149301824,0.0024294141468999978,0.0007682482084038884,10
3.8,0.00961925,6.7,11920.461728699436,0.008012508998114239,0.0029791067204818257,0.0009420762629437161,10
3.8,0.00961925,6.7,13521.798405870943,0.005098313541209655,0.002358377637018626,0.0007457844915784691,10
3.8,0.00961925,6.7,15338.250840469882,0.0035888107024660597,0.0017434192847193312,0.0005513175856374676,10
3.8,0.00961925,6.7,17398.716633952266,0.0027618620157062656,0.0024191660422219446,0.0007650074731556409,10
3.8,0.00961925,6.7,19735.975350582576,0.0017715821175891878,0.0015756462467393553,0.0004982630926392017,10
3.8,0.00961925,6.7,22387.210001380623,0.0022771585704565085,0.0021812517448000185,0.0006897723663784397,10
3.8,0.00876128,6.7,0.010000000002037268,0.999978040594341,0.0001,3.1622776601683795e-05,10
3.8,0.00876128,6.7,0.011339223971490585,0.9999692363459463,0.0001,3.1622776601683795e-05,10
3.8,0.00876128,6.7,0.012857800024943184,0.9999592530115035,0.0001,3.1622776601683795e-05,10
3.8,0.00876128,6.7,0.014579747423376511,0.9999479326849829,0.0001,3.1622776601683795e-05,10
3.8,0.00876128,6.7,0.016532302144774826,0.9999350963132008,0.0001,3.1622776601683795e-05,10
3.8,0.00876128,6.7,0.018746347674576447,0.9999205408637419,0.0001,3.1622776601683795e-05,10
3.8,0.00876128,6.7,0.021256903488614802,0.9998985323772407,0.0001,3.1622776601683795e-05,10
3.8,0.00876128,6.7,0.02410367895486571,0.9998673517942669,0.0001,3.1622776601683795e-05,10
3.8,0.00876128,6.7,0.027331701415044436,0.9998319954328835,0.0001,3.1622776601683795e-05,10
3.8,0.00876128,6.7,0.03099202838039559,0.9997875614726126,0.0001,3.1622776601683795e-05,10
3.8,0.00876128,6.7,0.03514255510645032,0.999723932097956,0.0001,3.1622776601683795e-05,10
3.8,0.00876128,6.7,0.03984893032013073,0.9996517813249313,0.0001,3.1622776601683795e-05,10
3.8,0.00876128,6.7,0.04518559458322291,0.9995473246951363,0.0001,3.1622776601683795e-05,10
3.8,0.00876128,6.7,0.051236957715975265,0.9994227559300997,0.0001,3.1622776601683795e-05,10
3.8,0.00876128,6.7,0.058098733904087346,0.9992577824706353,0.0001,3.1622776601683795e-05,10
3.8,0.00876128,6.7,0.06587945560642658,0.999045209522539,0.0001,3.1622776601683795e-05,10
3.8,0.00876128,6.7,0.07470219020889532,0.998774495501317,0.0001,3.1622776601683795e-05,10
3.8,0.00876128,6.7,0.08470648657669852,0.998427087060269,0.0001,3.1622776601683795e-05,10
3.8,0.00876128,6.7,0.09605058229355644,0.9979814088185694,0.0001,3.1622776601683795e-05,10
3.8,0.00876128,6.7,0.10891390649968373,0.9974124112867745,0.0001,3.1622776601683795e-05,10
3.8,0.00876128,6.7,0.12349991791582947,0.9966626625879351,0.0001,3.1622776601683795e-05,10
3.8,0.00876128,6.7,0.14003932294229954,0.9957415463273331,0.0001,3.1622776601683795e-05,10
3.8,0.00876128,6.7,0.15879372473351286,0.9945351545930228,0.0001001153339166379,3.1659248388488166e-05,10
3.8,0.00876128,6.7,0.18005976096536963,0.9930038266404292,0.0001274281208547383,4.029630998561753e-05,10
3.8,0.00876128,6.7,0.2041737957423426,0.9910324460180853,0.00016222927731146007,5.130140194672911e-05,10
3.8,0.00876128,6.7,0.23151723985601305,0.9885124582702586,0.00020612833966120365,6.51835043638224e-05,10
3.8,0.00876128,6.7,0.26252258354538094,0.9853490241375855,0.0002605454209642917,8.239169641745457e-05,10
3.8,0.00876128,6.7,0.2976802371788967,0.9813200322844079,0.00032860824144839473,0.00010391505008794755,10
3.8,0.00876128,6.7,0.3375462880570276,0.9763128250981996,0.000411841308074603,0.00013023565680588402,10
3.8,0.00876128,6.7,0.38275129602441454,0.9699540862949545,0.0005145929019429179,0.00016272856378953066,10
3.8,0.00876128,6.7,0.4340102670114935,0.9621102048012048,0.000637898317488223,0.00020172115988520038,10
3.8,0.00876128,6.7,0.49213396225671446,0.9524392937397413,0.0007845284279753797,0.00024808967215535606,10
3.8,0.00876128,6.7,0.5580417220869098,0.9405815707480315,0.000954753609897409,0.00030191960115436917,10
3.8,0.00876128,6.7,0.6327760070890639,0.9261574987995769,0.0011496603467841299,0.0003635545231416886,10
3.8,0.00876128,6.7,0.7175188866706628,0.9088012446382023,0.0013683474222195469,0.0004327094484633862,10
3.8,0.00876128,6.7,0.813610735807567,0.8880610841141191,0.0016030391281098256,0.0005069254823197498,10
3.8,0.00876128,6.7,0.9225714357051731,0.8634998600399546,0.0018442495663427898,0.0005832029203421026,10
3.8,0.00876128,6.7,1.0461244137029342,0.8344211351627735,0.002067934080141533,0.0006539381744332417,10
3.8,0.00876128,6.7,1.1862239026605192,0.7999955520223515,0.002247430701107059,0.000710699989888741,10
3.8,0.00876128,6.7,1.3450858509862966,0.7594567181076136,0.002375973473120359,0.0007513487835201186,10
3.8,0.00876128,6.7,1.525222972210933,0.7124043904800296,0.002467245512041229,0.0007802115364878673,10
3.8,0.00876128,6.7,1.7294844884838911,0.6597989582909755,0.002583108222629918,0.0008168505426219838,10
3.8,0.00876128,6.7,1.961101196614237,0.6044464613400575,0.0027851800088025615,0.0008807512521383909,10
3.8,0.00876128,6.7,2.2237365694636666,0.5504342175054716,0.0031194076194818415,0.0009864433028046451,10
3.8,0.00876128,6.7,2.5215447009605594,0.5015045573635344,0.003596540837215042,0.0011373260743408407,10
3.8,0.00876128,6.7,2.8592360112491986,0.45872897514499644,0.0038718032456176795,0.001224371690818421,10
3.8,0.00876128,6.7,3.2421517512300917,0.42463317139592255,0.0036001309546873895,0.001138461369168859,10
3.8,0.00876128,6.7,3.67634848492687,0.40608695258886335,0.0037205793037819925,0.0011765504815234617,10
3.8,0.00876128,6.7,4.168693885934308,0.40699188948168424,0.004432883288868714,0.0014018007794523266,10
3.8,0.00876128,6.7,4.726975363156245,0.42685439673726444,0.004597448728807381,0.0014538409408877094,10
3.8,0.00876128,6.7,5.360023233962687,0.4666830428443306,0.004627315223795375,0.001463285555876516,10
3.8,0.00876128,6.7,6.077850392991394,0.5143687030953419,0.0043764451697127305,0.0013839534791134378,10
3.8,0.00876128,6.7,6.891810685730105,0.5508903438115867,0.003969028479894064,0.001255117009454106,10
3.8,0.00876128,6.7,7.814778491868492,0.5590602548134177,0.003784598249303491,0.0011967950496484788,10
3.8,0.00876128,6.7,8.861352358883124,0.5470360258826849,0.004267546363449082,0.001349516652886784,10
3.8,0.00876128,6.7,10.048085906720155,0.5535732595226468,0.004342146383044967,0.001373107250428403,10
3.8,0.00876128,6.7,11.39374965578657,0.588405958658459,0.0042752693269914955,0.0013519588683948308,10
3.8,0.00876128,6.7,12.919627919573685,0.5906868802510156,0.004105028298380109,0.0012981239282326433,10
3.8,0.00876128,6.7,14.649855457852334,0.5382383941792456,0.004294544295889234,0.0013580541487494067,10
3.8,0.00876128,6.7,16.611799215270857,0.5143233590413051,0.0037689674029218793,0.0011918521420162694,10
3.8,0.00876128,6.7,18.836491183301288,0.5463904804175898,0.0035665787828447226,0.0011278512408220394,10
3.8,0.00876128,6.7,21.359119232094663,0.5584008461288091,0.002941075436981851,0.000930049715123766,10
3.8,0.00876128,6.7,24.219583675715143,0.533035890100573,0.004018953002648631,0.0012709045297542394,10
3.8,0.00876128,6.7,27.463128373924157,0.5326821154065688,0.006237501332988186,0.001972471112057903,10
3.8,0.00876128,6.7,31.141056352628116,0.5450489054588867,0.0034363119232573877,0.0010866572428287074,10
3.8,0.00876128,6.7,35.31154126193206,0.5277091420791242,0.0035339334102100616,0.0011175278675629933,10
3.8,0.00876128,6.7,40.040547506600575,0.5321086839065791,0.004825364344213987,0.0015259141867880932,10
3.8,0.00876128,6.7,45.40287360259547,0.5288435312953924,0.005134200507385233,0.001623576756732948,10
3.8,0.00876128,6.7,51.483335262422194,0.5268580021378944,0.004693777562529785,0.0014843027927787524,10
3.8,0.00876128,6.7,58.37810692210127,0.5233155464230604,0.004087867366275448,0.0012926971650104198,10
3.8,0.00876128,6.7,66.19624292864712,0.520122148576309,0.004083620731180883,0.0012913542610813768,10
3.8,0.00876128,6.7,75.06140244862097,0.5177397221353386,0.00475932473208548,0.0015050306277760769,10
3.8,0.00876128,6.7,85.11380538057047,0.5126819976067805,0.003103867806126294,0.0009815291823429017,10
3.8,0.00876128,6.7,96.51245020795267,0.507086593925045,0.0034644698198085526,0.0010955615515508155,10
3.8,0.00876128,6.7,109.43762887223545,0.50224230815168,0.0032619175171366955,0.0010315088893753277,10
3.8,0.00876128,6.7,124.09377844383292,0.49880777311380886,0.004105401970938109,0.0012982420938708816,10
3.8,0.00876128,6.7,140.71271469564843,0.4897665345577066,0.0043618687981752426,0.0013793440257055065,10
3.8,0.00876128,6.7,159.55729872453503,0.484662059401422,0.0060543207344985,0.001914544320619882,10
3.8,0.00876128,6.7,180.92559461549365,0.4779558486157328,0.0049061117333289534,0.0015514487532596113,10
3.8,0.00876128,6.7,205.15558391022353,0.4714667781006807,0.005933051389412241,0.0018761955865369293,10
3.8,0.00876128,6.7,232.63051144860228,0.4636598367799472,0.006174460677807342,0.0019525359065018265,10
3.8,0.00876128,6.7,263.7849471380709,0.4569549266695526,0.005561890834267817,0.0017588243133500386,10
3.8,0.00876128,6.7,299.11165952970174,0.44759000005759386,0.006353525493292514,0.00200916117307492,10
3.8,0.00876128,6.7,339.1694099200543,0.43603034848023975,0.007573294857486573,0.0023948861141697858,10
3.8,0.00876128,6.7,384.59179025782777,0.4263950037743124,0.00798734913253448,0.0025258215725779067,10
3.8,0.00876128,6.7,436.097244644159,0.41480344434257743,0.009121272103764143,0.002884399500605038,10
3.8,0.00876128,6.7,494.5004329362609,0.4009781441080957,0.008184798662506829,0.0025882605963421373,10
3.8,0.00876128,6.7,560.7251161920982,0.39045748242061634,0.012303661763904907,0.0038907594734264362,10
3.8,0.00876128,6.7,635.8187677646946,0.3764462655767728,0.008353488999994992,0.0026416051649146457,10
3.8,0.00876128,6.7,720.9691411492219,0.36264614185046257,0.009001373404765832,0.0028464842028724773,10
3.8,0.00876128,6.7,817.5230566358716,0.349001628429937,0.010821557207679886,0.003422076860608021,10
3.8,0.00876128,6.7,927.0077039163162,0.3336656399863479,0.010655644818859134,0.0033696107565367173,10
3.8,0.00876128,6.7,1051.154797586287,0.31861320804317594,0.010534353780522653,0.0033312551624457096,10
3.8,0.00876128,6.7,1191.9279676109475,0.3026193757838576,0.011802800057820152,0.003732373095027872,10
3.8,0.00876128,6.7,1351.5538179870623,0.2850966259303191,0.012785861224862376,0.00404324433173954,10
3.8,0.00876128,6.7,1532.557144855628,0.26695490635590313,0.013472804299457219,0.004260474805599405,10
3.8,0.00876128,6.7,1737.800871108573,0.24815896318866262,0.015911181606458054,0.0050315574140984325,10
3.8,0.00876128,6.7,1970.5313291337036,0.23002346688626898,0.013529667777495518,0.004278456616227404,10
3.8,0.00876128,6.7,2234.4296079333994,0.20889701059443713,0.013459046304684417,0.0042561241456475305,10
3.8,0.00876128,6.7,2533.669776772493,0.19111579182977406,0.012987536610855527,0.004107019688512737,10
3.8,0.00876128,6.7,2872.98490627668,0.17108320547676037,0.013347198196196867,0.004220754668167304,10
3.8,0.00876128,6.7,3257.741931234624,0.15096457140382888,0.012879237877111592,0.004072772621878441,10
3.8,0.00876128,6.7,3694.0265392059937,0.13148851147758117,0.011438711147176131,0.0036172380721834095,10
3.8,0.00876128,6.7,4188.739427615348,0.11362436490963904,0.009330515448234947,0.0029505680559809323,10
3.8,0.00876128,6.7,4749.705451826726,0.09755975390273945,0.008782918212186963,0.002777402605348483,10
3.8,0.00876128,6.7,5385.797390590078,0.08226113978233157,0.00790195511501288,0.0024988176131858484,10
3.8,0.00876128,6.7,6107.076286452866,0.06771789604545361,0.0071951138283344145,0.00227529477217105,10
3.8,0.00876128,6.7,6924.950580896002,0.054341053948333454,0.006619815242096856,0.002093369385452502,10
3.8,0.00876128,6.7,7852.356561228619,0.042466767859571666,0.005210009656239895,0.0016475497145188955,10
3.8,0.00876128,6.7,8903.96297336353,0.03554845641878465,0.005751398579951998,0.0018187519244106344,10
3.8,0.00876128,6.7,10096.40303682592,0.02575056181550876,0.0048568132237611856,0.0015358591957110364,10
3.8,0.00876128,6.7,11448.537531768297,0.019509540479604195,0.005605419763350751,0.0017725893693510402,10
3.8,0.00876128,6.7,12981.753119228933,0.014144305957369898,0.005253648527240515,0.0016613495372069186,10
3.8,0.00876128,6.7,14720.300613154412,0.010278098448383934,0.0033112619043366375,0.0010471129547050353,10
3.8,0.00876128,6.7,16691.678554622253,0.0064294111344430915,0.0027574411417934847,0.0008719794521922725,10
3.8,0.00876128,6.7,18927.068155242872,0.004338260327403402,0.0026354324345377452,0.0008333969112621876,10
3.8,0.00876128,6.7,21461.826489224244,0.002061528484151633,0.003046740049128612,0.0009634637993699719,10
3.8,0.00876128,6.7,24336.045734900395,0.001348571363926319,0.002196646956972009,0.0006946407599309435,10
3.8,0.00876128,6.7,27595.18731122548,0.0008740095311220612,0.0021725513209683057,0.0006870210507867376,10
3.8,0.00876128,6.7,31290.800939347282,0.0011208681067056375,0.0013195834396756026,0.0004172889232014306,10
3.8,0.00876128,6.7,35481.340002630204,0.001221293627827283,0.0018966358409585745,0.0005997689149337967,10
3.8,0.00796442,6.7,0.00999999999476131,0.9999801958260175,0.0001,3.1622776601683795e-05,10
3.8,0.00796442,6.7,0.011330022417167868,0.9999723117345007,0.0001,3.1622776601683795e-05,10
3.8,0.00796442,6.7,0.012836940804077521,0.9999633790411343,0.0001,3.1622776601683795e-05,10
3.8,0.00796442,6.7,0.014544282715424827,0.9999532582795201,0.0001,3.1622776601683795e-05,10
3.8,0.00796442,6.7,0.016478704929371733,0.999941791433917,0.0001,3.1622776601683795e-05,10
3.8,0.00796442,6.7,0.01867040963534849,0.9999287994721368,0.0001,3.1622776601683795e-05,10
3.8,0.00796442,6.7,0.02115361598170227,0.999909525372743,0.0001,3.1622776601683795e-05,10
3.8,0.00796442,6.7,0.023967094340240344,0.9998817407834256,0.0001,3.1622776601683795e-05,10
3.8,0.00796442,6.7,0.027154771629155576,0.999850260781427,0.0001,3.1622776601683795e-05,10
3.8,0.00796442,6.7,0.030766417145258254,0.999811572830334,0.0001,3.1622776601683795e-05,10
3.8,0.00796442,6.7,0.03485841961343264,0.9997550324158416,0.0001,3.1622776601683795e-05,10
3.8,0.00796442,6.7,0.03949466758541364,0.9996909719994402,0.0001,3.1622776601683795e-05,10
3.8,0.00796442,6.7,0.044747546933574835,0.9995997022954553,0.0001,3.1622776601683795e-05,10
3.8,0.00796442,6.7,0.050699071013627105,0.9994912951916364,0.0001,3.1622776601683795e-05,10
3.8,0.00796442,6.7,0.05744216114149026,0.99934510667764,0.0001,3.1622776601683795e-05,10
3.8,0.00796442,6.7,0.06508209737645988,0.9991596317875813,0.0001,3.1622776601683795e-05,10
3.8,0.00796442,6.7,0.07373816226178842,0.9989236119692773,0.0001,3.1622776601683795e-05,10
3.8,0.00796442,6.7,0.08354550318644938,0.9986207005926424,0.0001,3.1622776601683795e-05,10
3.8,0.00796442,6.7,0.09465724244519212,0.9982319791858238,0.0001,3.1622776601683795e-05,10
3.8,0.00796442,6.7,0.10724686794131535,0.9977355341301275,0.0001,3.1622776601683795e-05,10
3.8,0.00796442,6.7,0.12151094185827034,0.9970841752612818,0.0001,3.1622776601683795e-05,10
3.8,0.00796442,6.7,0.13767216959066067,0.9962850209351908,0.0001,3.1622776601683795e-05,10
3.8,0.00796442,6.7,0.15598287684994683,0.9952359587645544,0.0001,3.1622776601683795e-05,10
3.8,0.00796442,6.7,0.17672894923300614,0.9939099341243594,0.0001,3.1622776601683795e-05,10
3.8,0.00796442,6.7,0.20023429576214474,0.9922269459558672,0.0001,3.1622776601683795e-05,10
3.8,0.00796442,6.7,0.2268659060859402,0.9900489428298005,0.00010741793116511232,3.396853240249394e-05,10
3.8,0.00796442,6.7,0.25703958029913543,0.987319896966196,0.0001324192942923692,4.187465761160213e-05,10
3.8,0.00796442,6.7,0.2912264208414271,0.9838445806292689,0.00016265102501234794,5.1434770280003616e-05,10
3.8,0.00796442,6.7,0.32996018783334924,0.9795173298769855,0.0001989695511923966,6.291969667894445e-05,10
3.8,0.00796442,6.7,0.373845632688323,0.9740117037190916,0.00024423445972308997,7.723371758256212e-05,10
3.8,0.00796442,6.7,0.42356794011379467,0.9672250386419249,0.0003015474684616914,9.535768229967356e-05,10
3.8,0.00796442,6.7,0.47990342591969776,0.9588226529338156,0.0003769994302124913,0.00011921768760571692,10
3.8,0.00796442,6.7,0.5437316576594279,0.9484852980839916,0.0004799135375716492,0.00015176198586752045,10
3.8,0.00796442,6.7,0.6160491873432455,0.9359006743629287,0.0006226704272295961,0.0001969056781675652,10
3.8,0.00796442,6.7,0.6979851106333549,0.9207070102880361,0.0008192799350771725,0.00025907906361187424,10
3.8,0.00796442,6.7,0.7908186954468163,0.9025415389617575,0.0010834649587364359,0.0003426217034587486,10
3.8,0.00796442,6.7,0.8959993552021743,0.8808136355238666,0.0014263837198906012,0.0004510621372237919,10
3.8,0.00796442,6.7,1.0151692785526745,0.8549554167856618,0.0018293837568104788,0.000578501938603668,10
3.8,0.00796442,6.7,1.1501890689247423,0.8241325488626513,0.002259868661269899,0.0007146332182448423,10
3.8,0.00796442,6.7,1.3031667941725658,0.787459644139805,0.0026897537599800086,0.0008505748226538682,10
3.8,0.00796442,6.7,1.476490899901884,0.7442153090781807,0.003095813320056224,0.0009789821302065497,10
3.8,0.00796442,6.7,1.6728675003396343,0.6947716002741167,0.003442139902039693,0.0010885002115394293,10
3.8,0.00796442,6.7,1.8953626289728855,0.6411146781978161,0.003704447207187301,0.0011714490646561545,10
3.8,0.00796442,6.7,2.1474501086174853,0.5867235397798489,0.003878460954522335,0.0012264770432321309,10
3.8,0.00796442,6.7,2.4330657883131765,0.5349186498948522,0.0039749341003085465,0.0012569845306047212,10
3.8,0.00796442,6.7,2.7566689938473843,0.48708903294041994,0.004296304969444871,0.0013586109226145905,10
3.8,0.00796442,6.7,3.123312151336453,0.44485801769131655,0.004927298616276394,0.0015581486339229407,10
3.8,0.00796442,6.7,3.538719670899308,0.4145769728660905,0.005555934826822401,0.001756940858421195,10
3.8,0.00796442,6.7,4.009377322036596,0.40321338854520583,0.006380958516343849,0.002017836256669532,10
3.8,0.00796442,6.7,4.542633496135657,0.41032787300827983,0.00727996141942969,0.0023021259363550195,10
3.8,0.00796442,6.7,5.146813937115722,0.4381587737657469,0.008077782487654474,0.00255441911044091,10
3.8,0.00796442,6.7,5.831351731506181,0.4824328362024845,0.008476267635073566,0.0026804311784001398,10
3.8,0.00796442,6.7,6.606934587496739,0.5273817295758386,0.008106368904404186,0.0025634589291480977,10
3.8,0.00796442,6.7,7.485671702431494,0.5544093447595559,0.007288102523747661,0.002304700379586401,10
3.8,0.00796442,6.7,8.481282824053883,0.5533885489461356,0.006644307742880881,0.0021011145942595997,10
3.8,0.00796442,6.7,9.609312457321153,0.5464664510151318,0.005860467314227384,0.0018532424865928237,10
3.8,0.00796442,6.7,10.887372561205472,0.5665781218010456,0.005571781703217499,0.0017619520807419617,10
3.8,0.00796442,6.7,12.335417524713781,0.6018174362488917,0.00649960294001268,0.0020553549177166814,10
3.8,0.00796442,6.7,13.97605571533488,0.5849328707141866,0.0059270068799631235,0.001874284144817167,10
3.8,0.00796442,6.7,15.834902464128549,0.5168299309688704,0.0068898127669097435,0.002178750099554157,10
3.8,0.00796442,6.7,17.940979998623046,0.5124487504483929,0.007205389611529509,0.0022785442601349084,10
3.8,0.00796442,6.7,20.327170567684725,0.5587858656713635,0.006149326291974126,0.0019445877158195835,10
3.8,0.00796442,6.7,23.030729833011378,0.5616121456173092,0.00503405676455837,0.0015919085246582443,10
3.8,0.00796442,6.7,26.093868542845346,0.5362860407463954,0.006739544641335991,0.002131231145900432,10
3.8,0.00796442,6.7,29.564411569594814,0.5383639200219028,0.006055909485747524,0.0019150467278781173,10
3.8,0.00796442,6.7,33.496544600936446,0.545146012787607,0.004707881999661081,0.0014887630074237074,10
3.8,0.00796442,6.7,37.951660142509034,0.5378212810717703,0.006359686800368055,0.002011109549447162,10
3.8,0.00796442,6.7,42.99931604086238,0.5406652929626593,0.004287670043186468,0.0013558803191741757,10
3.8,0.00796442,6.7,48.718321492107705,0.5338270622861636,0.005210522630638356,0.001647711931266945,10
3.8,0.00796442,6.7,55.197967492153666,0.533769903372609,0.0049023896034720744,0.001550271712450146,10
3.8,0.00796442,6.7,62.53942093958292,0.5302719138845634,0.0060043403887696575,0.0018987391475453008,10
3.8,0.00796442,6.7,70.85730415733717,0.5282672215487947,0.006753774298904286,0.002135730958724438,10
3.8,0.00796442,6.7,80.28148449432821,0.5265191616277718,0.007716371536995989,0.0024401309329001556,10
3.8,0.00796442,6.7,90.95910194807601,0.5225606092229225,0.005623551203773885,0.0017783230342507154,10
3.8,0.00796442,6.7,103.0568664657041,0.5202076566105837,0.004911889536987556,0.001553275855203055,10
3.8,0.00796442,6.7,116.76366079111932,0.5160605143413408,0.004509798117059374,0.001426123383744628,10
3.8,0.00796442,6.7,132.29348949670103,0.5110864318754011,0.0035039330757264927,0.0011080409288094966,10
3.8,0.00796442,6.7,149.88882024282077,0.5070164964270821,0.00550997788290326,0.001742407996712684,10
3.8,0.00796442,6.7,169.82436943236604,0.5025547458370215,0.005175161885339691,0.0016365298817764575,10
3.8,0.00796442,6.7,192.4113913658091,0.4973890658245018,0.0042007210099348664,0.001328384620631698,10
3.8,0.00796442,6.7,218.00253786351234,0.4928496859161404,0.0053825796799388615,0.0017021211475946926,10
3.8,0.00796442,6.7,246.99736422870276,0.4850671680935297,0.0046072474668419575,0.0014569395739261676,10
3.8,0.00796442,6.7,279.8485675158617,0.4787929096220173,0.0026031082332352248,0.000823175101296013,10
3.8,0.00796442,6.7,317.06905450280595,0.4720866190686637,0.004263713726442584,0.0013483046666482655,10
3.8,0.00796442,6.7,359.2399497188956,0.4659252390510491,0.004593641498580926,0.001452636988978486,10
3.8,0.00796442,6.7,407.01966855896006,0.4568841352401879,0.004827228859715348,0.0015265037983597924,10
3.8,0.00796442,6.7,461.1541971417094,0.4471699758177456,0.005289307936030322,0.0016726260323860005,10
3.8,0.00796442,6.7,522.4887394123782,0.43614837214230073,0.0061077150856199,0.0019314290969929208,10
3.8,0.00796442,6.7,591.9809133361225,0.4273784633463228,0.006755241526087973,0.0021361949366989746,10
3.8,0.00796442,6.7,670.7157022147458,0.4174501429392484,0.007115437762130523,0.002250098987750384,10
3.8,0.00796442,6.7,759.922394562055,0.4051701002408512,0.006453968453957628,0.002040924026138166,10
3.8,0.00796442,6.7,860.9937770206461,0.39283325880735653,0.007355939864206368,0.0023261524302121816,10
3.8,0.00796442,6.7,975.507879979633,0.37771703332520223,0.008363946859775841,0.002644912230550461,10
3.8,0.00796442,6.7,1105.2526154083234,0.3648207990487248,0.008786839214414211,0.002778642535123353,10
3.8,0.00796442,6.7,1252.253691576988,0.3499562243177578,0.011598820130144835,0.0036678689781868305,10
3.8,0.00796442,6.7,1418.8062404981197,0.33634138358314586,0.009228374049840091,0.0029182681097486914,10
3.8,0.00796442,6.7,1607.51065188826,0.31878435050770154,0.01070641852622753,0.003385666812590218,10
3.8,0.00796442,6.7,1821.313173127144,0.30518608081238713,0.011989708649824302,0.003791478781526697,10
3.8,0.00796442,6.7,2063.551909102398,0.2864264260212265,0.009819645151117608,0.003105244449215996,10
3.8,0.00796442,6.7,2338.0089401367854,0.2686831909871934,0.010755367045725531,0.0034011456935609027,10
3.8,0.00796442,6.7,2648.969371716578,0.25063549628194937,0.010636668774911935,0.0033636100045514573,10
3.8,0.00796442,6.7,3001.288237966277,0.23157705143109603,0.00943396851487579,0.0029832827881323574,10
3.8,0.00796442,6.7,3400.4663034354135,0.21252010515639644,0.011196838023277207,0.0035407510745533387,10
3.8,0.00796442,6.7,3852.735946693053,0.19410569212395595,0.011041427378955262,0.0034916059136841726,10
3.8,0.00796442,6.7,4365.158466632844,0.17522349569774825,0.00981627442711763,0.0031041785326956233,10
3.8,0.00796442,6.7,4945.734330734947,0.15483461866734177,0.00938914118867651,0.002969107142911851,10
3.8,0.00796442,6.7,5603.5280865938785,0.13780331130150253,0.009766538088232513,0.0030884505213601265,10
3.8,0.00796442,6.7,6348.809886959794,0.11862407137989917,0.009622966391931944,0.0030430491645757497,10
3.8,0.00796442,6.7,7193.215837927445,0.10170014082773533,0.00837734598359597,0.002649149405542683,10
3.8,0.00796442,6.7,8149.929673793997,0.08582935228539994,0.006833950328149977,0.0021610848453409034,10
3.8,0.00796442,6.7,9233.888595080101,0.07208470930333766,0.005426197956654508,0.0017159144577979857,10
3.8,0.00796442,6.7,10462.016483469555,0.05971619311488304,0.0057510781516812055,0.001818650596094393,10
3.8,0.00796442,6.7,11853.488134858671,0.049157457421656184,0.004949169929817718,0.0015650649505439674,10
3.8,0.00796442,6.7,13430.028635993804,0.04034344392104225,0.00480465692004125,0.0015193659243019854,10
3.8,0.00796442,6.7,15216.2525588729,0.03126667191074556,0.005164396632324903,0.0016331256098649851,10
3.8,0.00796442,6.7,17240.04826876334,0.024278766524685906,0.004300017840426436,0.0013597850355105995,10
3.8,0.00796442,6.7,19533.01334604724,0.017652357399643447,0.0024138692179232653,0.0007633324702406858,10
3.8,0.00796442,6.7,22130.947920149185,0.013527431452938101,0.0029427623827549283,0.0009305831742169779,10
3.8,0.00796442,6.7,25074.41361798213,0.010010168761282478,0.004845870164071714,0.001532398696392046,10
3.8,0.00796442,6.7,28409.366853790503,0.007533639351383574,0.0024688926212334344,0.0007807323981481041,10
3.8,0.00796442,6.7,32187.87634796149,0.005899267979500409,0.0019309326610213685,0.0006106145217237355,10
3.8,0.00796442,6.7,36468.9360774481,0.003439102477838791,0.0017964223225980548,0.0005680786178979621,10
3.8,0.00796442,6.7,41319.38635042074,0.0025812533425918142,0.0016898187975461297,0.0005343676233212719,10
3.8,0.00796442,6.7,46814.957385913665,0.0018917734211655554,0.0014764417635335398,0.00046689188053617174,10
3.8,0.00796442,6.7,53041.451691902876,0.0009252390705202588,0.0011252522652105646,0.0003558360100329233,10
3.8,0.00796442,6.7,60096.083702321164,0.0005668030362515988,0.0008114265725601702,0.00025659561232740225,10
3.8,0.00796442,6.7,68088.99758879907,-0.0004751064514090511,0.001925952993701489,0.000609039812651663,10
3.8,0.00796442,6.7,77144.9869447722,-0.001038896066857961,0.001959749206936474,0.0006197271136627909,10
3.8,0.00796442,6.7,87405.44319142828,-0.00024879413604347715,0.0010674575894665137,0.00033755972883471456,10
3.8,0.00796442,6.7,99030.56312601628,-0.0006137372636333717,0.001096490446662497,0.0003467407244068862,10
3.8,0.00796442,6.7,112201.85007903156,0.0005590619855799145,0.0015468477317625772,0.0004891562025834928,10
3.815,0.10562311,6.7,0.010000000000218279,0.9997360288381101,0.0001,3.1622776601683795e-05,10
3.815,0.10562311,6.7,0.011351307054675233,0.9996292043026263,0.0001,3.1622776601683795e-05,10
3.815,0.10562311,6.7,0.012885217184670714,0.9995079444923041,0.0001,3.1622776601683795e-05,10
3.815,0.10562311,6.7,0.014626405672618265,0.9993702987582711,0.0001,3.1622776601683795e-05,10
3.815,0.10562311,6.7,0.016602882189250948,0.9992140528590975,0.0001,3.1622776601683795e-05,10
3.815,0.10562311,6.7,0.018846441371867226,0.9990366933413455,0.0001,3.1622776601683795e-05,10
3.815,0.10562311,6.7,0.021393174289532996,0.998762302405838,0.0001,3.1622776601683795e-05,10
3.815,0.10562311,6.7,0.024284049022937213,0.998382159563376,0.0001,3.1622776601683795e-05,10
3.815,0.10562311,6.7,0.027565569698412937,0.9979506477504432,0.0001,3.1622776601683795e-05,10
3.815,0.10562311,6.7,0.03129052457769065,0.9973934977326653,0.0001,3.1622776601683795e-05,10
3.815,0.10562311,6.7,0.035518835237547564,0.9966168910088669,0.0001,3.1622776601683795e-05,10
3.815,0.10562311,6.7,0.040318520499702026,0.9957188887314755,0.0001,3.1622776601683795e-05,10
3.815,0.10562311,6.7,0.045766790617234585,0.9944368014496984,0.0001,3.1622776601683795e-05,10
3.815,0.10562311,6.7,0.051951289319191934,0.9928815919392718,0.0001,3.1622776601683795e-05,10
3.815,0.10562311,6.7,0.05897150369355452,0.9908702788963497,0.00012401608901512393,3.921733077939795e-05,10
3.815,0.10562311,6.7,0.06694036458868406,0.9882373570535078,0.0001598985650723957,5.056436602214168e-05,10
3.815,0.10562311,6.7,0.0759860632781475,0.9848926975799064,0.00020539082790110491,6.495028266751523e-05,10
3.815,0.10562311,6.7,0.08625411361274073,0.9806187723222853,0.0002641095491163577,8.351877270078012e-05,10
3.815,0.10562311,6.7,0.09790969283256912,0.9751695366045864,0.0003393999953657512,0.00010732770232063664,10
3.815,0.10562311,6.7,0.11114029869471674,0.9681874454876912,0.0004376708009902532,0.00013840365964794783,10
3.815,0.10562311,6.7,0.12615876566045128,0.9592312376676336,0.0005643342830366326,0.00017845816961138824,10
3.815,0.10562311,6.7,0.14320668866193417,0.9480190245600509,0.0007210413960134384,0.00022801330986699174,10
3.815,0.10562311,6.7,0.16255830952494102,0.9338652441039841,0.0009194574260905874,0.0002907579678002183,10
3.815,0.10562311,6.7,0.1845249285666265,0.9160489685348544,0.0011661260559920293,0.0003687614375803855,10
3.815,0.10562311,6.7,0.209459912335607,0.8938836073526106,0.0014668802157245466,0.00046386825363287066,10
3.815,0.10562311,6.7,0.23776437805149325,0.8664709553926502,0.001832245798140421,0.0005794069955396835,10
3.815,0.10562311,6.7,0.2698936461867474,0.8332889487852974,0.0022606777845754094,0.0007148890855001761,10
3.815,0.10562311,6.7,0.3063645649904774,0.7933230690946714,0.002742292077797237,0.0008671888975274929,10
3.815,0.10562311,6.7,0.3477638247803005,0.7464317405532384,0.003270670290878204,0.001034276759462056,10
3.815,0.10562311,6.7,0.3947573957503299,0.6921781797818851,0.00380467513853155,0.0012031439194776354,10
3.815,0.10562311,6.7,0.4481012411168134,0.6312998904689181,0.004323139403641794,0.0013670967157930094,10
3.815,0.10562311,6.7,0.5086534779386983,0.5654293269109314,0.00476348083305405,0.0015063449023007083,10
3.815,0.10562311,6.7,0.5773881812384607,0.4966756684465182,0.005158825761603599,0.0016313639458620187,10
3.815,0.10562311,6.7,0.6554110534835178,0.4277502313160794,0.005602746642325587,0.00177174405426096,10
3.815,0.10562311,6.7,0.7439772114957187,0.3614709125066199,0.006230749463730874,0.001970335983526225,10
3.815,0.10562311,6.7,0.8445113769184625,0.3014969608536833,0.0070261120305892474,0.0022218517112172665,10
3.815,0.10562311,6.7,0.9586307950358789,0.24898480196955228,0.007798625420946882,0.0024661418948681547,10
3.815,0.10562311,6.7,1.088171250628218,0.20528872419126937,0.008251761117878205,0.00260943598401123,10
3.815,0.10562311,6.7,1.2352165993681232,0.1705686481954926,0.008234481302770297,0.002603971626682472,10
3.815,0.10562311,6.7,1.402132289815328,0.1438784630168203,0.008065936003337347,0.0025506729231701514,10
3.815,0.10562311,6.7,1.5916034152621248,0.1265351731498771,0.007820448205586696,0.0024730428653030696,10
3.815,0.10562311,6.7,1.80667790755158,0.12027477770016352,0.006396802915734278,0.002022846695692646,10
3.815,0.10562311,6.7,2.0508155677068496,0.1276185038265717,0.005206206648669591,0.0016463470979307933,10
3.815,0.10562311,6.7,2.3279437221040404,0.14906819076097494,0.005254979686622743,0.001661770486764573,10
3.815,0.10562311,6.7,2.642520399502972,0.17815998731627483,0.004984474610960995,0.0015762292709918429,10
3.815,0.10562311,6.7,2.9996060452346534,0.20340027642704078,0.004742048280526637,0.001499567334094926,10
3.815,0.10562311,6.7,3.404944926177538,0.2178621763411354,0.004331665654432164,0.0013697929530329474,10
3.815,0.10562311,6.7,3.865057536045609,0.22354310120623927,0.004036407408941238,0.0012764240976633008,10
3.815,0.10562311,6.7,4.3873454874682505,0.21579730910447195,0.00486792498013864,0.0015393730416068023,10
3.815,0.10562311,6.7,4.980210578210885,0.20824749909306775,0.004801528216092227,0.001518376541241658,10
3.815,0.10562311,6.7,5.653189946897943,0.19370571660871588,0.003928911768529413,0.00124243099143932,10
3.815,0.10562311,6.7,6.417109492424104,0.18246161342436956,0.004242043996429223,0.0013414520963359524,10
3.815,0.10562311,6.7,7.284258025038717,0.17739293952344232,0.004536468804954663,0.0014345573957958875,10
3.815,0.10562311,6.7,8.268584950589176,0.17216169393152075,0.0069286706192880805,0.0021910380314039708,10
3.815,0.10562311,6.7,9.385924667975567,0.16540682548155658,0.006019098444701512,0.0019034060546033829,10
3.815,0.10562311,6.7,10.65425128959158,0.1565271171786528,0.004082540925665603,0.0012910127965955471,10
3.815,0.10562311,6.7,12.093967782318368,0.14680475636451698,0.0037110706827988837,0.0011735435915520723,10
3.815,0.10562311,6.7,13.728234180344895,0.13810386796473412,0.0043513859361106145,0.0013760290536533467,10
3.815,0.10562311,6.7,15.583340149618108,0.127315661145487,0.003731889565991244,0.0011801271004749578,10
3.815,0.10562311,6.7,17.689127897190275,0.12176113914410111,0.004528839085962435,0.001432144666803639,10
3.815,0.10562311,6.7,20.07947222860456,0.1127149990529942,0.005405520032139033,0.0017093755239225923,10
3.815,0.10562311,6.7,22.792825475773903,0.10061516522529337,0.0031119615023094452,0.0009840886338057186,10
3.815,0.10562311,6.7,25.872836061348632,0.0912861994995798,0.004139170794676077,0.0013089207335625554,10
3.815,0.10562311,6.7,29.369050650123167,0.08177852063309274,0.004086829493782769,0.0012923689609106496,10
3.815,0.10562311,6.7,33.33771118265806,0.07119727706258994,0.004278374666624436,0.001352940863009679,10
3.815,0.10562311,6.7,37.842659612617176,0.061261491577490154,0.003907533383572849,0.0012356705525234579,10
3.815,0.10562311,6.7,42.95636490189982,0.051240241197851435,0.0046312047410776895,0.001464515529237586,10
3.815,0.10562311,6.7,48.76108879434957,0.04264184332155271,0.003301317577522548,0.0010439682824520745,10
3.815,0.10562311,6.7,55.350209121286355,0.033700526250190474,0.0037671384727073717,0.0011912737835003348,10
3.815,0.10562311,6.7,62.82972192624931,0.02620602026659492,0.0025195259300678256,0.0007967440562868443,10
3.815,0.10562311,6.7,71.31994657291497,0.019928938799582192,0.003596631021268939,0.0011373545930427349,10
3.815,0.10562311,6.7,80.95746126545187,0.01500866187020366,0.00423408060677758,0.0013389338514164916,10
3.815,0.10562311,6.7,91.89730011710618,0.00948606819089119,0.0033423936623827445,0.0010569576810041325,10
3.815,0.10562311,6.7,104.31544711021446,0.006832188742350023,0.0032691000421649686,0.0010337802032193786,10
3.815,0.10562311,6.7,118.41166706679324,0.0038979177612169084,0.0028025730128253554,0.000886251402944841,10
3.815,0.10562311,6.7,134.41271917018034,0.001487212447284581,0.002574105879420009,0.0008140037517397975,10
3.815,0.10562311,6.7,152.57600473212457,0.0018227898528823208,0.0021007046389624378,0.0006643011350402998,10
3.815,0.10562311,6.7,173.19370788521238,0.0011044480509620894,0.002386856746246185,0.0007547903766676497,10
3.815,0.10562311,6.7,196.59749580998604,0.00066224165088132,0.0018523665878945848,0.0005857697479341372,10
3.815,0.10562311,6.7,223.1638541070668,-5.6459622529212054e-05,0.0037857270494936154,0.0011971520076108813,10
3.815,0.10562311,6.7,253.32014314187637,0.00012518328824873625,0.002636556391507391,0.0008337523376637977,10
3.815,0.10562311,6.7,287.5514727874956,-0.0007652515063700984,0.0023048528813476815,0.0007288584776660493,10
3.815,0.10562311,6.7,326.40850615637055,6.276992618079466e-05,0.0008409553585664399,0.0002659334343593542,10
3.815,0.10562311,6.7,370.5163178557939,-0.00023147942419164154,0.0012640917719852621,0.0003997409170951655,10
3.815,0.10562311,6.7,420.58444926569615,-0.00046939388565387643,0.001549152752513715,0.0004898851141462475,10
3.815,0.10562311,6.7,477.4183225932176,0.00011015400822166973,0.0017320591708025676,0.0005477252021918726,10
3.815,0.10562311,6.7,541.9321973165318,0.0010551077297848274,0.001552959063485002,0.000491088775361463,10
3.815,0.10562311,6.7,615.1638774420524,-0.0001532220848881792,0.0013247569154650797,0.00041892491989287914,10
3.815,0.10562311,6.7,698.2914061636919,-2.3525935078681565e-05,0.0021846479831960693,0.0006908463512592834,10
3.815,0.10562311,6.7,792.652016483199,-0.0008459275366402636,0.0018714820489830178,0.0005918145874905141,10
3.815,0.10562311,6.7,899.7636426411872,-0.0010586036371008334,0.0026000410689223925,0.0008222051787773595,10
3.815,0.10562311,6.7,1021.3493384030259,-5.317187854871758e-07,0.0013637146409937926,0.0004312444344059212,10
3.815,0.10562311,6.7,1159.3649950049091,0.0003257368422567939,0.001771508426705469,0.0005602001522570737,10
3.815,0.10562311,6.7,1316.0308046455484,-6.949740473294849e-05,0.0012746240811132984,0.00040307152568172316,10
3.815,0.10562311,6.7,1493.8669756616864,-0.00011322109989082431,0.0006683673002186351,0.0002113562982268442,10
3.815,0.10562311,6.7,1695.7342739204687,5.3463956968906834e-05,0.0011067492090236042,0.0003499848299104367,10
3.815,0.10562311,6.7,1924.8800425987847,-0.00033970409522425245,0.0009477965971887355,0.00029971960056735463,10
3.815,0.10562311,6.7,2184.990440647822,-0.00027844449075531207,0.0018279682622950625,0.0005780543199352488,10
3.815,0.10562311,6.7,2480.2497402782196,-0.0005345234596917542,0.0012745418315777187,0.00040304551609483087,10
3.815,0.10562311,6.7,2815.4076373562034,-0.0002528799281543021,0.0012063280871660352,0.0003814744360878806,10
3.815,0.10562311,6.7,3195.8556575010366,-0.0006391262728659823,0.0010951171768382676,0.0003463064583582318,10
3.815,0.10562311,6.7,3627.7138869923433,-0.0007906561033213771,0.0012950061502850561,0.0004095169018827088,10
3.815,0.10562311,6.7,4117.929423686066,9.326005553818696e-05,0.0010685984580956292,0.0003379205031726184,10
3.815,0.10562311,6.7,4674.388131672206,0.00020111546236007042,0.0009601255868580618,0.00030361836942773034,10
3.815,0.10562311,6.7,5306.041497418272,-0.00012811016454043793,0.0005623046217681822,0.00017781633436269527,10
3.815,0.10562311,6.7,6023.050628072877,-7.494063860605474e-05,0.0007714820421957589,0.00024396404272567271,10
3.815,0.10562311,6.7,6836.949708361742,0.00040491802554125606,0.0007089897725850924,0.00022420225191336973,10
3.815,0.10562311,6.7,7760.831545529242,0.0004080012879571299,0.0014284578310383546,0.0004517180287585166,10
3.815,0.10562311,6.7,8809.558187098928,-7.059353946470436e-05,0.0010854692562581377,0.00034325551798646946,10
3.815,0.10562311,6.7,9999.99999956053,8.672519759687692e-05,0.0012482685192742656,0.0003947371652392472,10
3.815,0.09749689,6.7,0.010000000000218279,0.999756389162241,0.0001,3.1622776601683795e-05,10
3.815,0.09749689,6.7,0.011351307054675233,0.9996577908359147,0.0001,3.1622776601683795e-05,10
3.815,0.09749689,6.7,0.012885217184670714,0.9995458688481964,0.0001,3.1622776601683795e-05,10
3.815,0.09749689,6.7,0.014626405672618265,0.9994188227633233,0.0001,3.1622776601683795e-05,10
3.815,0.09749689,6.7,0.016602882189250948,0.9992746088513774,0.0001,3.1622776601683795e-05,10
3.815,0.09749689,6.7,0.018846441371867226,0.9991109072117756,0.0001,3.1622776601683795e-05,10
3.815,0.09749689,6.7,0.021393174289532996,0.9988576446680127,0.0001,3.1622776601683795e-05,10
3.815,0.09749689,6.7,0.024284049022937213,0.9985067721503229,0.0001,3.1622776601683795e-05,10
3.815,0.09749689,6.7,0.027565569698412937,0.998108485981797,0.0001,3.1622776601683795e-05,10
3.815,0.09749689,6.7,0.03129052457769065,0.9975942563193401,0.0001,3.1622776601683795e-05,10
3.815,0.09749689,6.7,0.035518835237547564,0.9968775150594007,0.0001,3.1622776601683795e-05,10
3.815,0.09749689,6.7,0.040318520499702026,0.9960486916090225,0.0001,3.1622776601683795e-05,10
3.815,0.09749689,6.7,0.045766790617234585,0.9948646735912261,0.0001,3.1622776601683795e-05,10
3.815,0.09749689,6.7,0.051951289319191934,0.9934284288211457,0.0001,3.1622776601683795e-05,10
3.815,0.09749689,6.7,0.05897150369355452,0.9915709787204519,0.00010038613237403473,3.1744882379711574e-05,10
3.815,0.09749689,6.7,0.06694036458868406,0.9891381495398269,0.0001294613395084313,4.093927017829863e-05,10
3.815,0.09749689,6.7,0.0759860632781475,0.9860472932686909,0.0001662562058380642,5.257482855860661e-05,10
3.815,0.09749689,6.7,0.08625411361274073,0.9820968302187879,0.0002132088614210024,6.742256194215716e-05,10
3.815,0.09749689,6.7,0.09790969283256912,0.9770553250398768,0.00027429309544089016,8.6739092805116e-05,10
3.815,0.09749689,6.7,0.11114029869471674,0.9705896836598953,0.00035239460035956215,0.00011143695722810072,10
3.815,0.09749689,6.7,0.12615876566045128,0.9622858785510608,0.0004538941911330801,0.00014353394607003356,10
3.815,0.09749689,6.7,0.14320668866193417,0.9518771939683773,0.0005844415248094632,0.00018481663775797092,10
3.815,0.09749689,6.7,0.16255830952494102,0.9387153528543923,0.0007502004115186097,0.0002372342001994424,10
3.815,0.09749689,6.7,0.1845249285666265,0.9221136807494267,0.0009638639772674736,0.00030480055227539743,10
3.815,0.09749689,6.7,0.209459912335607,0.9014088457160794,0.001229112719087861,0.0003886795693400355,10
3.815,0.09749689,6.7,0.23776437805149325,0.8757204912669678,0.0015572304443893443,0.00049243950460265,10
3.815,0.09749689,6.7,0.2698936461867474,0.844520696826787,0.0019506659615357589,0.0006168547392615401,10
3.815,0.09749689,6.7,0.3063645649904774,0.8067711360683761,0.002405315352724428,0.0007606275005580484,10
3.815,0.09749689,6.7,0.3477638247803005,0.7622884463579838,0.002907725851693489,0.0009195036502704394,10
3.815,0.09749689,6.7,0.3947573957503299,0.7104617954555514,0.003402478611498811,0.0010759582102343416,10
3.815,0.09749689,6.7,0.4481012411168134,0.6519199486639607,0.0038326579406241868,0.0012119928584702813,10
3.815,0.09749689,6.7,0.5086534779386983,0.58801305171034,0.0040915898777512845,0.0012938743264983956,10
3.815,0.09749689,6.7,0.5773881812384607,0.5206731437749447,0.004172155900338327,0.001319351539837958,10
3.815,0.09749689,6.7,0.6554110534835178,0.45245642278768716,0.004224624761301786,0.001335943650525881,10
3.815,0.09749689,6.7,0.7439772114957187,0.3860707539277224,0.004553661966978656,0.0014399943510135002,10
3.815,0.09749689,6.7,0.8445113769184625,0.325058074450712,0.00528259996280004,0.0016705047849968878,10
3.815,0.09749689,6.7,0.9586307950358789,0.270556671238081,0.0060978889213588894,0.001928321791020147,10
3.815,0.09749689,6.7,1.088171250628218,0.224030905697441,0.006574780205019043,0.0020791280562848994,10
3.815,0.09749689,6.7,1.2352165993681232,0.18624738779853445,0.006410994825053019,0.0020273345714720246,10
3.815,0.09749689,6.7,1.402132289815328,0.1570456709867173,0.005831193096906126,0.0018439851662474308,10
3.815,0.09749689,6.7,1.5916034152621248,0.13804292701406146,0.00594060211112328,0.0018785833343954261,10
3.815,0.09749689,6.7,1.80667790755158,0.13049610344546067,0.007162621174597108,0.002265019692867743,10
3.815,0.09749689,6.7,2.0508155677068496,0.13626071127229833,0.007839113855545128,0.0024789454620906767,10
3.815,0.09749689,6.7,2.3279437221040404,0.15581269811419174,0.0060281901081730505,0.0019062810910323643,10
3.815,0.09749689,6.7,2.642520399502972,0.18458339072030727,0.004032875451264347,0.0012753071945774716,10
3.815,0.09749689,6.7,2.9996060452346534,0.21017902371102298,0.005880534310799217,0.0018595882280894019,10
3.815,0.09749689,6.7,3.404944926177538,0.22567362088069545,0.005488230985114577,0.0017355310238071722,10
3.815,0.09749689,6.7,3.865057536045609,0.23510463341431756,0.0027932776828172154,0.0008833119615019776,10
3.815,0.09749689,6.7,4.3873454874682505,0.23128034055650032,0.005464633511607204,0.0017280688474762941,10
3.815,0.09749689,6.7,4.980210578210885,0.22370022059411418,0.005664220210281595,0.0017911837033247728,10
3.815,0.09749689,6.7,5.653189946897943,0.2091904027171505,0.004483133918893403,0.0014176914239259725,10
3.815,0.09749689,6.7,6.417109492424104,0.1945141986889789,0.007255801824773258,0.0022944860017089434,10
3.815,0.09749689,6.7,7.284258025038717,0.18687096350595306,0.007351016247072521,0.002324595445765223,10
3.815,0.09749689,6.7,8.268584950589176,0.18166219806243197,0.005549803190074116,0.0017550018646302582,10
3.815,0.09749689,6.7,9.385924667975567,0.1769080909324467,0.0048271038974450915,0.0015264642818202327,10
3.815,0.09749689,6.7,10.65425128959158,0.16785177217748634,0.005544565485722143,0.001753345557083977,10
3.815,0.09749689,6.7,12.093967782318368,0.158478470779519,0.004517823904966483,0.001428661360725018,10
3.815,0.09749689,6.7,13.728234180344895,0.1512867519435906,0.004762094078858493,0.001505906372119433,10
3.815,0.09749689,6.7,15.583340149618108,0.1406725572168121,0.007426618246866512,0.002348502897266482,10
3.815,0.09749689,6.7,17.689127897190275,0.13119082122074902,0.005305587452807469,0.0016777740676082713,10
3.815,0.09749689,6.7,20.07947222860456,0.1208899520726485,0.00547557300283111,0.001731528218347391,10
3.815,0.09749689,6.7,22.792825475773903,0.10946990213415204,0.006666424281489517,0.002108108457855834,10
3.815,0.09749689,6.7,25.872836061348632,0.09878703611951385,0.00557106003422382,0.0017617238689682873,10
3.815,0.09749689,6.7,29.369050650123167,0.08887558106416224,0.004959034846417847,0.0015681845110823685,10
3.815,0.09749689,6.7,33.33771118265806,0.07941960692300339,0.004570082679630188,0.0014451870362916987,10
3.815,0.09749689,6.7,37.842659612617176,0.06931061637726524,0.004423978707975629,0.00139898490372919,10
3.815,0.09749689,6.7,42.95636490189982,0.05798447120024293,0.0032629760057211587,0.001031843612855747,10
3.815,0.09749689,6.7,48.76108879434957,0.04916415013408797,0.0021153050932962406,0.000668918204097109,10
3.815,0.09749689,6.7,55.350209121286355,0.04021071442766111,0.003184105251715777,0.0010069024905125616,10
3.815,0.09749689,6.7,62.82972192624931,0.031587409407883384,0.003838961354494941,0.0012139861729569092,10
3.815,0.09749689,6.7,71.31994657291497,0.02494531550193734,0.004703851386817398,0.0014874884157284707,10
3.815,0.09749689,6.7,80.95746126545187,0.018150473531988457,0.0028694417817795113,0.0009073971643675097,10
3.815,0.09749689,6.7,91.89730011710618,0.01461528603605379,0.001226469721322044,0.0003878437800609637,10
3.815,0.09749689,6.7,104.31544711021446,0.009716380076994425,0.003562438918656275,0.0011265421008181135,10
3.815,0.09749689,6.7,118.41166706679324,0.0059807701426036666,0.0025924176352829856,0.0008197944373881922,10
3.815,0.09749689,6.7,134.41271917018034,0.0036077346424233043,0.0011131988024156252,0.0003520243704205125,10
3.815,0.09749689,6.7,152.57600473212457,0.002134547825399063,0.0022243806097995695,0.0007034109110080895,10
3.815,0.09749689,6.7,173.19370788521238,0.0008988308739763598,0.002108519229183608,0.0006667723254482774,10
3.815,0.09749689,6.7,196.59749580998604,0.0006965101870408863,0.0023403242935064123,0.0007400755230904673,10
3.815,0.09749689,6.7,223.1638541070668,0.0018939034985386454,0.002272132679854118,0.0007185114414441189,10
3.815,0.09749689,6.7,253.32014314187637,-0.0011705164882713618,0.004134057460219393,0.0013073037552304215,10
3.815,0.09749689,6.7,287.5514727874956,0.0005304115457663127,0.001712986909622159,0.0005416940236459024,10
3.815,0.09749689,6.7,326.40850615637055,-0.0002724080862462909,0.0017656306143093612,0.0005583414247739865,10
3.815,0.09749689,6.7,370.5163178557939,0.00048252163113529786,0.0014596819973568943,0.0004615919771191666,10
3.815,0.09749689,6.7,420.58444926569615,0.0008303838870015931,0.002560233732899952,0.0008096169938359015,10
3.815,0.09749689,6.7,477.4183225932176,-0.00012771593984718413,0.001694400518894094,0.0005358164908276503,10
3.815,0.09749689,6.7,541.9321973165318,-0.0004421282076173193,0.0014097946376888828,0.0004458162088188728,10
3.815,0.09749689,6.7,615.1638774420524,-5.760339190805704e-07,0.0021272051089120583,0.0006726813194508646,10
3.815,0.09749689,6.7,698.2914061636919,0.0009172454632556722,0.0031127712681323604,0.0009843447042428958,10
3.815,0.09749689,6.7,792.652016483199,0.0003323142813451271,0.003204418461215317,0.0010133260913732331,10
3.815,0.09749689,6.7,899.7636426411872,-0.0006490675613075506,0.0019015574745817733,0.0006013252721396142,10
3.815,0.09749689,6.7,1021.3493384030259,-0.0006072259107168686,0.0014654001549115941,0.0004634002173084216,10
3.815,0.09749689,6.7,1159.3649950049091,0.0003339243929902714,0.001731230411054121,0.0005474631253480567,10
3.815,0.09749689,6.7,1316.0308046455484,0.00010774148449056412,0.0010944750620514628,0.00034610340383367413,10
3.815,0.09749689,6.7,1493.8669756616864,0.0004647070391390623,0.0012012868951597523,0.0003798802712016718,10
3.815,0.09749689,6.7,1695.7342739204687,0.00018390817328225542,0.0008825869254939297,0.0002790984917646148,10
3.815,0.09749689,6.7,1924.8800425987847,3.198570441157824e-05,0.0016941600080376217,0.0005357404346168053,10
3.815,0.09749689,6.7,2184.990440647822,-0.00044668774519011705,0.0012364767539940497,0.0003910082816472896,10
3.815,0.09749689,6.7,2480.2497402782196,-0.0005279830359231274,0.0013783466492627802,0.000435871481693163,10
3.815,0.09749689,6.7,2815.4076373562034,-0.0002602745069094713,0.0016556644485578103,0.0005235670698409362,10
3.815,0.09749689,6.7,3195.8556575010366,-0.000248314923423526,0.0012072325732536198,0.00038176045970275083,10
3.815,0.09749689,6.7,3627.7138869923433,0.00027036855507910296,0.0012005329472286825,0.00037964185193173664,10
3.815,0.09749689,6.7,4117.929423686066,0.00015329916863725238,0.0016807341548092584,0.00053149480704353,10
3.815,0.09749689,6.7,4674.388131672206,-0.00015835517090747082,0.0009158344898691028,0.00028961229477247674,10
3.815,0.09749689,6.7,5306.041497418272,-9.137280977457872e-05,0.0006222695831767398,0.00019677892014820933,10
3.815,0.09749689,6.7,6023.050628072877,-0.0003156143235078557,0.0007885485005018205,0.00024936093070961806,10
3.815,0.09749689,6.7,6836.949708361742,0.00040344540650055815,0.0007641059876575294,0.00024163152947703006,10
3.815,0.09749689,6.7,7760.831545529242,0.0004272285130474009,0.0006845498153473908,0.0002164736588345443,10
3.815,0.09749689,6.7,8809.558187098928,0.00034715173193072406,0.0012864470844079206,0.00040681028760119125,10
3.815,0.09749689,6.7,9999.99999956053,-0.0001798110003617236,0.0008375055435490188,0.00026484250706322376,10
3.815,0.05607261,6.7,0.010000000000218279,0.9998605336110431,0.0001,3.1622776601683795e-05,10
3.815,0.05607261,6.7,0.011351307054675233,0.999804120355089,0.0001,3.1622776601683795e-05,10
3.815,0.05607261,6.7,0.012885217184670714,0.9997400839360615,0.0001,3.1622776601683795e-05,10
3.815,0.05607261,6.7,0.014626405672618265,0.9996673942305568,0.0001,3.1622776601683795e-05,10
3.815,0.05607261,6.7,0.016602882189250948,0.9995848819138689,0.0001,3.1622776601683795e-05,10
3.815,0.05607261,6.7,0.018846441371867226,0.9994912196496191,0.0001,3.1622776601683795e-05,10
3.815,0.05607261,6.7,0.021393174289532996,0.9993462768607927,0.0001,3.1622776601683795e-05,10
3.815,0.05607261,6.7,0.024284049022937213,0.9991454453990688,0.0001,3.1622776601683795e-05,10
3.815,0.05607261,6.7,0.027565569698412937,0.9989174754402471,0.0001,3.1622776601683795e-05,10
3.815,0.05607261,6.7,0.03129052457769065,0.9986230272353442,0.0001,3.1622776601683795e-05,10
3.815,0.05607261,6.7,0.035518835237547564,0.9982124046044379,0.0001,3.1622776601683795e-05,10
3.815,0.05607261,6.7,0.040318520499702026,0.9977375373443931,0.0001,3.1622776601683795e-05,10
3.815,0.05607261,6.7,0.045766790617234585,0.997058654967258,0.0001,3.1622776601683795e-05,10
3.815,0.05607261,6.7,0.051951289319191934,0.9962348325519891,0.0001,3.1622776601683795e-05,10
3.815,0.05607261,6.7,0.05897150369355452,0.9951686707112757,0.0001,3.1622776601683795e-05,10
3.815,0.05607261,6.7,0.06694036458868406,0.993771209736709,0.0001,3.1622776601683795e-05,10
3.815,0.05607261,6.7,0.0759860632781475,0.9919934958260533,0.00010710470060053376,3.386948020080907e-05,10
3.815,0.05607261,6.7,0.08625411361274073,0.9897175497114775,0.00013813576830168123,4.368236541706019e-05,10
3.815,0.05607261,6.7,0.09790969283256912,0.9868075887047109,0.00017795703589544733,5.6274955908195546e-05,10
3.815,0.05607261,6.7,0.11114029869471674,0.9830645732939265,0.00022981094584225708,7.267260200991348e-05,10
3.815,0.05607261,6.7,0.12615876566045128,0.9782387449668347,0.00029726365745829487,9.400302231603112e-05,10
3.815,0.05607261,6.7,0.14320668866193417,0.972163427563015,0.00038340259875248306,0.0001212425472885478,10
3.815,0.05607261,6.7,0.16255830952494102,0.9644351775974315,0.0004951821503830749,0.00015659034518705363,10
3.815,0.05607261,6.7,0.1845249285666265,0.9546090928265187,0.0006394399906585248,0.00020220867974777302,10
3.815,0.05607261,6.7,0.209459912335607,0.9422295411986553,0.0008254064453729153,0.00026101643627617614,10
3.815,0.05607261,6.7,0.23776437805149325,0.926654016974678,0.0010664607367859265,0.0003372444963384845,10
3.815,0.05607261,6.7,0.2698936461867474,0.9074416200656582,0.001371467226899986,0.0004336960173278903,10
3.815,0.05607261,6.7,0.3063645649904774,0.8836594601225404,0.0017550818802354825,0.0005550056221634981,10
3.815,0.05607261,6.7,0.3477638247803005,0.8549909925213572,0.0022208530930198107,0.0007022954122572394,10
3.815,0.05607261,6.7,0.3947573957503299,0.8203161183581177,0.0027756483292026442,0.0008777370703921209,10
3.815,0.05607261,6.7,0.4481012411168134,0.779571968064433,0.0033972879568853215,0.0010743167811217529,10
3.815,0.05607261,6.7,0.5086534779386983,0.7325384147441494,0.004022007905805777,0.0012718705749550216,10
3.815,0.05607261,6.7,0.5773881812384607,0.6797395847963854,0.004586508109154385,0.0014503812131760024,10
3.815,0.05607261,6.7,0.6554110534835178,0.6221433739826466,0.005022496323727248,0.0015882527922800487,10
3.815,0.05607261,6.7,0.7439772114957187,0.5611599542483158,0.00531853282242388,0.0016818677529223311,10
3.815,0.05607261,6.7,0.8445113769184625,0.49912542199364207,0.005479378693587649,0.001732731683433482,10
3.815,0.05607261,6.7,0.9586307950358789,0.43758473555157684,0.005514848861948981,0.0017439483355346271,10
3.815,0.05607261,6.7,1.088171250628218,0.3784024147020385,0.005317990174300328,0.0016816961525184873,10
3.815,0.05607261,6.7,1.2352165993681232,0.32319162026222353,0.004889542525019755,0.001546209109531326,10
3.815,0.05607261,6.7,1.402132289815328,0.27312208399854965,0.0046157612016817584,0.0014596318532750178,10
3.815,0.05607261,6.7,1.5916034152621248,0.23173662409426643,0.00462791338084187,0.0014634747097430562,10
3.815,0.05607261,6.7,1.80667790755158,0.20225840825900052,0.0048781947888562535,0.0015426206402749934,10
3.815,0.05607261,6.7,2.0508155677068496,0.18784116953388627,0.005829081230361525,0.001843317335407906,10
3.815,0.05607261,6.7,2.3279437221040404,0.19080048835136848,0.006691382289650348,0.0021160008730207636,10
3.815,0.05607261,6.7,2.642520399502972,0.20995106316722004,0.006886338448486152,0.002177651423600634,10
3.815,0.05607261,6.7,2.9996060452346534,0.23849668940558125,0.00635594930047738,0.0020099276482062455,10
3.815,0.05607261,6.7,3.404944926177538,0.27197557372900005,0.005768411357947408,0.0018241318371898631,10
3.815,0.05607261,6.7,3.865057536045609,0.30651558143092916,0.005937502321030333,0.0018776030946992123,10
3.815,0.05607261,6.7,4.3873454874682505,0.31763663918784596,0.005225206682743802,0.0016523554362603248,10
3.815,0.05607261,6.7,4.980210578210885,0.31635080318266395,0.005605481568488609,0.0017726089138517134,10
3.815,0.05607261,6.7,5.653189946897943,0.3095591698067787,0.0054032701919158104,0.0017086640619749078,10
3.815,0.05607261,6.7,6.417109492424104,0.2987840331246359,0.005079560282040442,0.001606298000337508,10
3.815,0.05607261,6.7,7.284258025038717,0.28548849063682413,0.006810950693072927,0.0021538117221212853,10
3.815,0.05607261,6.7,8.268584950589176,0.2706531692070008,0.006016699138927879,0.0019026473274985954,10
3.815,0.05607261,6.7,9.385924667975567,0.2629918927790831,0.0037146643283699774,0.0011746800020628755,10
3.815,0.05607261,6.7,10.65425128959158,0.2640956958238367,0.0056324084295518795,0.0017811239349715972,10
3.815,0.05607261,6.7,12.093967782318368,0.25791220134311005,0.004603629670900021,0.0014557955263975444,10
3.815,0.05607261,6.7,13.728234180344895,0.24231122829218693,0.004175418985392383,0.0013203834179349254,10
3.815,0.05607261,6.7,15.583340149618108,0.23752656528881952,0.006504126415226948,0.0020567853661783222,10
3.815,0.05607261,6.7,17.689127897190275,0.22823669240783045,0.0050687495834936805,0.0016028793572869843,10
3.815,0.05607261,6.7,20.07947222860456,0.2168229415588354,0.00355157531783732,0.0011231067286002368,10
3.815,0.05607261,6.7,22.792825475773903,0.2065583566877523,0.004454471358188098,0.001408627526385812,10
3.815,0.05607261,6.7,25.872836061348632,0.19461999446406622,0.0049590311742995965,0.0015681833498566178,10
3.815,0.05607261,6.7,29.369050650123167,0.18415703718897503,0.003836140800041088,0.0012130942353230387,10
3.815,0.05607261,6.7,33.33771118265806,0.1698921969443796,0.005065235784117938,0.0016017681963601618,10
3.815,0.05607261,6.7,37.842659612617176,0.1568993599033301,0.004409561365930497,0.0013944257398623575,10
3.815,0.05607261,6.7,42.95636490189982,0.1412376949128804,0.005251578261535023,0.0016606948617078096,10
3.815,0.05607261,6.7,48.76108879434957,0.12844035954310176,0.004697389800987545,0.0014854450828765701,10
3.815,0.05607261,6.7,55.350209121286355,0.11437493534119256,0.003979908133924232,0.001258557458143102,10
3.815,0.05607261,6.7,62.82972192624931,0.10228123039383867,0.0026163675659977396,0.000827368070474377,10
3.815,0.05607261,6.7,71.31994657291497,0.0876418716756814,0.004719954486393927,0.001492580662933503,10
3.815,0.05607261,6.7,80.95746126545187,0.07410727313000932,0.006178198617902002,0.001953717946947466,10
3.815,0.05607261,6.7,91.89730011710618,0.06344965800399702,0.004476770578979523,0.0014156791591606005,10
3.815,0.05607261,6.7,104.31544711021446,0.0524988402032323,0.0046604054927356165,0.0014737496177003847,10
3.815,0.05607261,6.7,118.41166706679324,0.040652552843168835,0.003084538039026703,0.0009754165732753723,10
3.815,0.05607261,6.7,134.41271917018034,0.030867309483379967,0.0030525081920462936,0.0009652878463188963,10
3.815,0.05607261,6.7,152.57600473212457,0.023805037743223467,0.003423426599388405,0.0010825825456472157,10
3.815,0.05607261,6.7,173.19370788521238,0.01707718404198946,0.0037304805833365557,0.0011796815410377093,10
3.815,0.05607261,6.7,196.59749580998604,0.012123881539511307,0.0031767997501432874,0.0010045922880706608,10
3.815,0.05607261,6.7,223.1638541070668,0.007151241200790874,0.002654646374042865,0.0008394728924282743,10
3.815,0.05607261,6.7,253.32014314187637,0.004295108898962797,0.0035820291149983334,0.001132737064843194,10
3.815,0.05607261,6.7,287.5514727874956,0.0016530596016709705,0.001876363169089861,0.000593358133197561,10
3.815,0.05607261,6.7,326.40850615637055,-0.0005487505054430799,0.0030169544245937643,0.0009540447578639008,10
3.815,0.05607261,6.7,370.5163178557939,-3.117535552216322e-05,0.0027521951593476772,0.0008703205268828713,10
3.815,0.05607261,6.7,420.58444926569615,-2.5121137208709518e-05,0.0017644064100848544,0.0005579542974069223,10
3.815,0.05607261,6.7,477.4183225932176,0.0008889829645412958,0.001464212243087545,0.00046302456660607757,10
3.815,0.05607261,6.7,541.9321973165318,0.0005148416750288315,0.0012278713790884526,0.0003882870231651553,10
3.815,0.05607261,6.7,615.1638774420524,-0.0004629163780291307,0.0013803609528113148,0.0004365084604043959,10
3.815,0.05607261,6.7,698.2914061636919,-0.0006372008045215968,0.002173847517457301,0.0006874309441067713,10
3.815,0.05607261,6.7,792.652016483199,-0.0004250372251662483,0.0018107951231248686,0.0005726236964999622,10
3.815,0.05607261,6.7,899.7636426411872,-0.00033545365154877954,0.002920113602707398,0.0009234210010995407,10
3.815,0.05607261,6.7,1021.3493384030259,0.0012277462243920278,0.0013455687455986112,0.0004255061984427277,10
3.815,0.05607261,6.7,1159.3649950049091,3.7907036506391485e-05,0.002237767924541854,0.0007076443516420064,10
3.815,0.05607261,6.7,1316.0308046455484,0.000795856961349331,0.0011810159578386277,0.0003734700379775453,10
3.815,0.05607261,6.7,1493.8669756616864,0.0006387827995889319,0.0018204812154794456,0.0005756867078466828,10
3.815,0.05607261,6.7,1695.7342739204687,0.0005727738462125251,0.0016290540956699503,0.0005151521373942885,10
3.815,0.05607261,6.7,1924.8800425987847,-0.00038699357047202083,0.001627967749881236,0.0005148086046924016,10
3.815,0.05607261,6.7,2184.990440647822,0.0001419629570050465,0.001160581821433671,0.00036700819667172247,10
3.815,0.05607261,6.7,2480.2497402782196,-7.916621772500344e-05,0.0022364107634894616,0.0007072151796342833,10
3.815,0.05607261,6.7,2815.4076373562034,0.0004609048210064897,0.002202275020036369,0.0006964205097407879,10
3.815,0.05607261,6.7,3195.8556575010366,-7.652857749987623e-05,0.0006562792529878055,0.0002075337220555329,10
3.815,0.05607261,6.7,3627.7138869923433,0.0003085027204317377,0.0014576670174961325,0.00046095478453922896,10
3.815,0.05607261,6.7,4117.929423686066,9.201237839829512e-05,0.0017783944423599473,0.0005623777016042464,10
3.815,0.05607261,6.7,4674.388131672206,0.00017845514471060645,0.0014583543716450943,0.00046117214500621757,10
3.815,0.05607261,6.7,5306.041497418272,0.000449920042352881,0.0009401189467201842,0.0002972917143114265,10
3.815,0.05607261,6.7,6023.050628072877,0.0006016401739542316,0.001130321765075873,0.0003574391266501524,10
3.815,0.05607261,6.7,6836.949708361742,9.361970860450221e-05,0.0006516039926596406,0.00020605527492641022,10
3.815,0.05607261,6.7,7760.831545529242,-0.0005118178298048245,0.0006917768042040686,0.0002187590333757201,10
3.815,0.05607261,6.7,8809.558187098928,-5.319224788346646e-05,0.0013832517390928397,0.00043742260729223465,10
3.815,0.05607261,6.7,9999.99999956053,-0.000574597979594555,0.0014405355748435338,0.0004555373467005521,10
3.815,0.03205711,6.7,0.010000000000218279,0.999920491786628,0.0001,3.1622776601683795e-05,10
3.815,0.03205711,6.7,0.011351307054675233,0.999888283538916,0.0001,3.1622776601683795e-05,10
3.815,0.03205711,6.7,0.012885217184670714,0.9998517229679701,0.0001,3.1622776601683795e-05,10
3.815,0.03205711,6.7,0.014626405672618265,0.9998102219412802,0.0001,3.1622776601683795e-05,10
3.815,0.03205711,6.7,0.016602882189250948,0.9997631128515776,0.0001,3.1622776601683795e-05,10
3.815,0.03205711,6.7,0.018846441371867226,0.9997096378773506,0.0001,3.1622776601683795e-05,10
3.815,0.03205711,6.7,0.021393174289532996,0.9996268693667971,0.0001,3.1622776601683795e-05,10
3.815,0.03205711,6.7,0.024284049022937213,0.9995121751903111,0.0001,3.1622776601683795e-05,10
3.815,0.03205711,6.7,0.027565569698412937,0.9993819823088463,0.0001,3.1622776601683795e-05,10
3.815,0.03205711,6.7,0.03129052457769065,0.9992138024293216,0.0001,3.1622776601683795e-05,10
3.815,0.03205711,6.7,0.035518835237547564,0.9989792267940416,0.0001,3.1622776601683795e-05,10
3.815,0.03205711,6.7,0.040318520499702026,0.9987079354216284,0.0001,3.1622776601683795e-05,10
3.815,0.03205711,6.7,0.045766790617234585,0.9983198579370571,0.0001,3.1622776601683795e-05,10
3.815,0.03205711,6.7,0.051951289319191934,0.9978487579761369,0.0001,3.1622776601683795e-05,10
3.815,0.03205711,6.7,0.05897150369355452,0.9972386884414753,0.0001,3.1622776601683795e-05,10
3.815,0.03205711,6.7,0.06694036458868406,0.9964380877820439,0.0001,3.1622776601683795e-05,10
3.815,0.03205711,6.7,0.0759860632781475,0.9954184277056772,0.0001,3.1622776601683795e-05,10
3.815,0.03205711,6.7,0.08625411361274073,0.9941114522629475,0.0001,3.1622776601683795e-05,10
3.815,0.03205711,6.7,0.09790969283256912,0.992438016969737,0.0001,3.1622776601683795e-05,10
3.815,0.03205711,6.7,0.11114029869471674,0.9902811408400376,0.00012373258162850338,3.912767787187766e-05,10
3.815,0.03205711,6.7,0.12615876566045128,0.9874923887325405,0.00016188573756410627,5.1192765139885424e-05,10
3.815,0.03205711,6.7,0.14320668866193417,0.983971106479174,0.00020960754314230465,6.628372510816897e-05,10
3.815,0.03205711,6.7,0.16255830952494102,0.9794757700218717,0.00027147543396057974,8.584807000980574e-05,10
3.815,0.03205711,6.7,0.1845249285666265,0.9737290436137169,0.00034999474303815884,0.0001106780557085942,10
3.815,0.03205711,6.7,0.209459912335607,0.9664430411281366,0.0004495801331096377,0.00014216972113881336,10
3.815,0.03205711,6.7,0.23776437805149325,0.9571975219622966,0.0005751106258061884,0.00018186594841123658,10
3.815,0.03205711,6.7,0.2698936461867474,0.9456838018063483,0.0007292715349474479,0.00023061590831610176,10
3.815,0.03205711,6.7,0.3063645649904774,0.9312330284318951,0.0009164564860663219,0.0002898089872403943,10
3.815,0.03205711,6.7,0.3477638247803005,0.9135761185292217,0.0011373187105478935,0.0003596517550857111,10
3.815,0.03205711,6.7,0.3947573957503299,0.8917362624977356,0.0013921182701344351,0.00044022645059583733,10
3.815,0.03205711,6.7,0.4481012411168134,0.8654537934264906,0.0016838573555617927,0.000532482449840326,10
3.815,0.03205711,6.7,0.5086534779386983,0.8340742665150724,0.0020018806182919196,0.00063305023575486,10
3.815,0.03205711,6.7,0.5773881812384607,0.7974126770982207,0.002338260207790116,0.0007394228018755356,10
3.815,0.03205711,6.7,0.6554110534835178,0.7554370406256842,0.0026806929350831872,0.0008477095382384766,10
3.815,0.03205711,6.7,0.7439772114957187,0.7083632979475362,0.0029991964965464745,0.0009484292079484186,10
3.815,0.03205711,6.7,0.8445113769184625,0.6568816936914298,0.003246224653110991,0.0010265463700420733,10
3.815,0.03205711,6.7,0.9586307950358789,0.601694090320892,0.0033982572299125578,0.001074623292165816,10
3.815,0.03205711,6.7,1.088171250628218,0.5437713130741416,0.0034856934806573895,0.0011022730624077424,10
3.815,0.03205711,6.7,1.2352165993681232,0.48425738014100406,0.0036832502226481208,0.0011647459895890362,10
3.815,0.03205711,6.7,1.402132289815328,0.42438680880176677,0.004127313822162015,0.0013051712296327108,10
3.815,0.03205711,6.7,1.5916034152621248,0.3676401117092139,0.004612022653168991,0.0014584496204306796,10
3.815,0.03205711,6.7,1.80667790755158,0.3184203244470792,0.004992957679841664,0.0015789118529129437,10
3.815,0.03205711,6.7,2.0508155677068496,0.2822196511288368,0.0052716446374792975,0.0016670404069447217,10
3.815,0.03205711,6.7,2.3279437221040404,0.2632747693495475,0.0050745988554436496,0.0016047290594885478,10
3.815,0.03205711,6.7,2.642520399502972,0.2610836057883176,0.004437293803730579,0.0014031955067140781,10
3.815,0.03205711,6.7,2.9996060452346534,0.2716906549602368,0.003668947317945822,0.0011602230139874765,10
3.815,0.03205711,6.7,3.404944926177538,0.2975102016450252,0.004185024851310309,0.0013234210594548082,10
3.815,0.03205711,6.7,3.865057536045609,0.34015166760055654,0.005051958175025073,0.0015975694476986803,10
3.815,0.03205711,6.7,4.3873454874682505,0.3784022816240468,0.0058724718073413455,0.0018570386406324163,10
3.815,0.03205711,6.7,4.980210578210885,0.39971061107222006,0.006712114924175005,0.002122557107720139,10
3.815,0.03205711,6.7,5.653189946897943,0.40326032896722735,0.005073496348792375,0.0016043804162731966,10
3.815,0.03205711,6.7,6.417109492424104,0.394061589701409,0.0033675123446447698,0.0010649009057811395,10
3.815,0.03205711,6.7,7.284258025038717,0.39323705793083963,0.0035514110348744215,0.0011230547777658847,10
3.815,0.03205711,6.7,8.268584950589176,0.3859155305597212,0.005166016482470637,0.0016336378514578526,10
3.815,0.03205711,6.7,9.385924667975567,0.36426809387396075,0.007169782507478507,0.0022672843051665306,10
3.815,0.03205711,6.7,10.65425128959158,0.3483425195280483,0.004922839640632105,0.0015567385820162236,10
3.815,0.03205711,6.7,12.093967782318368,0.3522809208987878,0.0053281736740264755,0.00168491645788712,10
3.815,0.03205711,6.7,13.728234180344895,0.3576040808930871,0.004966203210260494,0.0015704513467663247,10
3.815,0.03205711,6.7,15.583340149618108,0.3403006611451168,0.004052204744691109,0.0012814196538565006,10
3.815,0.03205711,6.7,17.689127897190275,0.327958866918016,0.0035610650936462743,0.001126107659204303,10
3.815,0.03205711,6.7,20.07947222860456,0.33203934941838764,0.005443475747898473,0.0017213781751247701,10
3.815,0.03205711,6.7,22.792825475773903,0.311599915815453,0.0064694271306644435,0.0020458124889387386,10
3.815,0.03205711,6.7,25.872836061348632,0.30815559113192637,0.004345324634853723,0.0013741123018977247,10
3.815,0.03205711,6.7,29.369050650123167,0.29444034033641303,0.002500765275388192,0.0007908114163684905,10
3.815,0.03205711,6.7,33.33771118265806,0.28309186752157517,0.0034568749423525037,0.0010931598404197176,10
3.815,0.03205711,6.7,37.842659612617176,0.2702447489947721,0.00443108204600871,0.0014012311764466537,10
3.815,0.03205711,6.7,42.95636490189982,0.25828475022839525,0.0039446220564707465,0.0012473990206984893,10
3.815,0.03205711,6.7,48.76108879434957,0.246172863721814,0.00401725358601901,0.0012703671270299227,10
3.815,0.03205711,6.7,55.350209121286355,0.22937034676223247,0.00589021332464423,0.0018626490010148565,10
3.815,0.03205711,6.7,62.82972192624931,0.21347228283046532,0.009422801771593119,0.0029797515538503945,10
3.815,0.03205711,6.7,71.31994657291497,0.2002369519443304,0.006355017705007532,0.002009633051851984,10
3.815,0.03205711,6.7,80.95746126545187,0.1836027300192339,0.006098434140496518,0.001928494204450029,10
3.815,0.03205711,6.7,91.89730011710618,0.16644991472117782,0.004133575334862092,0.001307151293805742,10
3.815,0.03205711,6.7,104.31544711021446,0.1484584065583127,0.004716735577082797,0.0014915627544330337,10
3.815,0.03205711,6.7,118.41166706679324,0.13391713641620068,0.0038914757613338715,0.0012305926865152836,10
3.815,0.03205711,6.7,134.41271917018034,0.11872117560536939,0.004983080561835264,0.0015757884339510952,10
3.815,0.03205711,6.7,152.57600473212457,0.10166708461169238,0.00433000015830444,0.0013692662769131678,10
3.815,0.03205711,6.7,173.19370788521238,0.08377760179763473,0.005659795875076833,0.0017897846056868611,10
3.815,0.03205711,6.7,196.59749580998604,0.06974783370874729,0.005581326963704535,0.001764970557141826,10
3.815,0.03205711,6.7,223.1638541070668,0.057782127160839504,0.005358797295913558,0.0016946004974238162,10
3.815,0.03205711,6.7,253.32014314187637,0.045464936617214666,0.0057316501249380595,0.0018125069145992925,10
3.815,0.03205711,6.7,287.5514727874956,0.03525772199352001,0.005561318969645276,0.0017586434738779886,10
3.815,0.03205711,6.7,326.40850615637055,0.026234559548041957,0.004232309677001335,0.001338373834249577,10
3.815,0.03205711,6.7,370.5163178557939,0.017958702481525503,0.0033411318135507526,0.0010565586493669406,10
3.815,0.03205711,6.7,420.58444926569615,0.010521274050478428,0.0028626681134209368,0.0009052551423547388,10
3.815,0.03205711,6.7,477.4183225932176,0.007746533276116135,0.0037916593488382605,0.0011990279653799815,10
3.815,0.03205711,6.7,541.9321973165318,0.005144973479763668,0.004316078144016879,0.0013648637494365577,10
3.815,0.03205711,6.7,615.1638774420524,0.0013102688025436672,0.0037973270692332815,0.001200820255938907,10
3.815,0.03205711,6.7,698.2914061636919,0.0009454305692827948,0.002732778371830772,0.0008641803995431766,10
3.815,0.03205711,6.7,792.652016483199,0.0003612049301487077,0.0024829794122932045,0.0007851870326152812,10
3.815,0.03205711,6.7,899.7636426411872,0.0009266859805587049,0.002270634513450104,0.0007180376796290561,10
3.815,0.03205711,6.7,1021.3493384030259,-0.000495529808249316,0.0017801388416269176,0.0005629293290874818,10
3.815,0.03205711,6.7,1159.3649950049091,0.0012943120481003552,0.002656346328585143,0.000840010465255509,10
3.815,0.03205711,6.7,1316.0308046455484,0.0008899113814076324,0.002039117149380474,0.0006448254607952101,10
3.815,0.03205711,6.7,1493.8669756616864,0.0003524582666985967,0.002028841413196322,0.0006415759876975173,10
3.815,0.03205711,6.7,1695.7342739204687,3.235028823117547e-05,0.0020501375139600885,0.0006483104060669127,10
3.815,0.03205711,6.7,1924.8800425987847,0.0006451611766291065,0.0020133659033695146,0.0006366822017970144,10
3.815,0.03205711,6.7,2184.990440647822,0.000715175447594859,0.0019432943581423107,0.0006145236335884678,10
3.815,0.03205711,6.7,2480.2497402782196,0.0010976619303142985,0.002135720171507515,0.0006753740186729194,10
3.815,0.03205711,6.7,2815.4076373562034,0.0003835811597042428,0.0011965006144884218,0.0003783667163574474,10
3.815,0.03205711,6.7,3195.8556575010366,-0.00038109782477504215,0.0013322916608097548,0.0004213076155807315,10
3.815,0.03205711,6.7,3627.7138869923433,0.0006427025301253414,0.0013075392798457524,0.00041348022544488735,10
3.815,0.03205711,6.7,4117.929423686066,0.0006433034763078726,0.0015981976764861785,0.0005053944808885252,10
3.815,0.03205711,6.7,4674.388131672206,0.0006100289388368904,0.000865087304692321,0.00027356462577238027,10
3.815,0.03205711,6.7,5306.041497418272,-0.000541171568252082,0.0010640424564652118,0.00033647976895506243,10
3.815,0.03205711,6.7,6023.050628072877,-0.0004904698046979572,0.001194423921186583,0.0003777100082739048,10
3.815,0.03205711,6.7,6836.949708361742,-0.00047601923695830297,0.0011303396016501073,0.0003574447670701759,10
3.815,0.03205711,6.7,7760.831545529242,3.128465478178578e-05,0.0008453377608411108,0.00026731927164046047,10
3.815,0.03205711,6.7,8809.558187098928,-0.00017094402569334523,0.0019064929806745414,0.0006028860162054927,10
3.815,0.03205711,6.7,9999.99999956053,0.0009241468145531681,0.0014366805060970244,0.0004543182669230021,10
3.815,0.02008463,6.7,0.010000000000218279,0.9999498841200907,0.0001,3.1622776601683795e-05,10
3.815,0.02008463,6.7,0.011351307054675233,0.9999296183617961,0.0001,3.1622776601683795e-05,10
3.815,0.02008463,6.7,0.012885217184670714,0.9999066140772868,0.0001,3.1622776601683795e-05,10
3.815,0.02008463,6.7,0.014626405672618265,0.9998805012075838,0.0001,3.1622776601683795e-05,10
3.815,0.02008463,6.7,0.016602882189250948,0.9998508596873764,0.0001,3.1622776601683795e-05,10
3.815,0.02008463,6.7,0.018846441371867226,0.9998172126876332,0.0001,3.1622776601683795e-05,10
3.815,0.02008463,6.7,0.021393174289532996,0.9997650810659205,0.0001,3.1622776601683795e-05,10
3.815,0.02008463,6.7,0.024284049022937213,0.9996928046957354,0.0001,3.1622776601683795e-05,10
3.815,0.02008463,6.7,0.027565569698412937,0.99961076156866,0.0001,3.1622776601683795e-05,10
3.815,0.02008463,6.7,0.03129052457769065,0.9995048016114556,0.0001,3.1622776601683795e-05,10
3.815,0.02008463,6.7,0.035518835237547564,0.9993570497589955,0.0001,3.1622776601683795e-05,10
3.815,0.02008463,6.7,0.040318520499702026,0.9991861648853408,0.0001,3.1622776601683795e-05,10
3.815,0.02008463,6.7,0.045766790617234585,0.9989416085309994,0.0001,3.1622776601683795e-05,10
3.815,0.02008463,6.7,0.051951289319191934,0.9986447256014765,0.0001,3.1622776601683795e-05,10
3.815,0.02008463,6.7,0.05897150369355452,0.9982602469607113,0.0001,3.1622776601683795e-05,10
3.815,0.02008463,6.7,0.06694036458868406,0.9977553437140404,0.0001,3.1622776601683795e-05,10
3.815,0.02008463,6.7,0.0759860632781475,0.9971118932533509,0.0001,3.1622776601683795e-05,10
3.815,0.02008463,6.7,0.08625411361274073,0.9962866518904404,0.0001,3.1622776601683795e-05,10
3.815,0.02008463,6.7,0.09790969283256912,0.9952292882928914,0.0001,3.1622776601683795e-05,10
3.815,0.02008463,6.7,0.11114029869471674,0.9938646998744975,0.0001,3.1622776601683795e-05,10
3.815,0.02008463,6.7,0.12615876566045128,0.9920979448973168,0.0001,3.1622776601683795e-05,10
3.815,0.02008463,6.7,0.14320668866193417,0.9898637860921916,0.00010538681531167958,3.332623717364152e-05,10
3.815,0.02008463,6.7,0.16255830952494102,0.9870049036168632,0.00013598494305575988,4.3002214754449866e-05,10
3.815,0.02008463,6.7,0.1845249285666265,0.9833389063516517,0.000175659131405723,5.554829470488996e-05,10
3.815,0.02008463,6.7,0.209459912335607,0.9786734602680219,0.00022719094394718552,7.184408466367512e-05,10
3.815,0.02008463,6.7,0.23776437805149325,0.9727235684371445,0.00029290635101565914,9.262512103382565e-05,10
3.815,0.02008463,6.7,0.2698936461867474,0.965273950481558,0.0003744588694970062,0.00011841429176622893,10
3.815,0.02008463,6.7,0.3063645649904774,0.955851712031506,0.0004760796053907724,0.0001505495900589017,10
3.815,0.02008463,6.7,0.3477638247803005,0.9442500184439574,0.000599130755573621,0.00018946178038702636,10
3.815,0.02008463,6.7,0.3947573957503299,0.9297187623341177,0.0007457119451074615,0.00023581482249340342,10
3.815,0.02008463,6.7,0.4481012411168134,0.9120037726492182,0.0009137975476644868,0.0002889681570896056,10
3.815,0.02008463,6.7,0.5086534779386983,0.8904648289480328,0.0011022186192326828,0.000348552131622115,10
3.815,0.02008463,6.7,0.5773881812384607,0.8647758863382276,0.0013037393291478534,0.0004122785755247166,10
3.815,0.02008463,6.7,0.6554110534835178,0.8346193264789233,0.001515548135143077,0.00047925840106728,10
3.815,0.02008463,6.7,0.7439772114957187,0.7997693705019565,0.0017283251601378298,0.0005465444043410795,10
3.815,0.02008463,6.7,0.8445113769184625,0.7601027429581136,0.0019229673401481302,0.000608095666098384,10
3.815,0.02008463,6.7,0.9586307950358789,0.7155767221578111,0.0020716739202918497,0.0006551208157292364,10
3.815,0.02008463,6.7,1.088171250628218,0.6661626355630494,0.002130665333983189,0.0006737755386950237,10
3.815,0.02008463,6.7,1.2352165993681232,0.6119639893868657,0.0021268970834493113,0.0006725839132469038,10
3.815,0.02008463,6.7,1.402132289815328,0.553423972066894,0.0022713029195828194,0.0007182490482071966,10
3.815,0.02008463,6.7,1.5916034152621248,0.4927865858934318,0.0027833228021767265,0.0008801639518360715,10
3.815,0.02008463,6.7,1.80667790755158,0.4343548769405715,0.003515834048267551,0.0011118043467695832,10
3.815,0.02008463,6.7,2.0508155677068496,0.3842205341339161,0.004091327905002914,0.0012937914834414213,10
3.815,0.02008463,6.7,2.3279437221040404,0.34716319270677387,0.004502286515005514,0.0014237480066079283,10
3.815,0.02008463,6.7,2.642520399502972,0.32423124959733085,0.0050083808152941766,0.0015837890765820668,10
3.815,0.02008463,6.7,2.9996060452346534,0.31482966097900056,0.005303442696361823,0.0016770958360688144,10
3.815,0.02008463,6.7,3.404944926177538,0.32295119672470907,0.005119488796787885,0.0016189245053564623,10
3.815,0.02008463,6.7,3.865057536045609,0.35320124155284266,0.005574479077148348,0.0017628050652742262,10
3.815,0.02008463,6.7,4.3873454874682505,0.3954072236804381,0.006499276535393116,0.0020552516995130192,10
3.815,0.02008463,6.7,4.980210578210885,0.4367756070245371,0.007104741932549449,0.002246716669456264,10
3.815,0.02008463,6.7,5.653189946897943,0.46459119479016797,0.006220276791582789,0.0019670242338086096,10
3.815,0.02008463,6.7,6.417109492424104,0.4644360323918783,0.005391182418708118,0.001704841572457321,10
3.815,0.02008463,6.7,7.284258025038717,0.4606663229348958,0.003995179660703647,0.0012633867389402228,10
3.815,0.02008463,6.7,8.268584950589176,0.46543296672389756,0.002880468809847166,0.0009108842168191493,10
3.815,0.02008463,6.7,9.385924667975567,0.46624132464951995,0.005255291551951686,0.0016618691072408428,10
3.815,0.02008463,6.7,10.65425128959158,0.44159724703113684,0.006260985078428764,0.0019798973244162846,10
3.815,0.02008463,6.7,12.093967782318368,0.41333629824979756,0.0065910532404562,0.0020842740419275045,10
3.815,0.02008463,6.7,13.728234180344895,0.41988218851151854,0.004820798213037432,0.0015244702493267912,10
3.815,0.02008463,6.7,15.583340149618108,0.4369606280533537,0.004937316041710122,0.0015613164219890887,10
3.815,0.02008463,6.7,17.689127897190275,0.420665509882925,0.006815781317838616,0.002155339299799405,10
3.815,0.02008463,6.7,20.07947222860456,0.40185155387125515,0.006477957234040859,0.0020485099444733554,10
3.815,0.02008463,6.7,22.792825475773903,0.41348401397593787,0.005468007019836687,0.0017291356444473433,10
3.815,0.02008463,6.7,25.872836061348632,0.39472621674591174,0.005333365302800381,0.0016865581950562807,10
3.815,0.02008463,6.7,29.369050650123167,0.3918708390928546,0.005854048184100755,0.0018512125794131085,10
3.815,0.02008463,6.7,33.33771118265806,0.3806770299410443,0.006596956592188168,0.0020861408456577164,10
3.815,0.02008463,6.7,37.842659612617176,0.37183208987339245,0.007702230082313585,0.0024356590122777107,10
3.815,0.02008463,6.7,42.95636490189982,0.3631934723875356,0.006647396194763506,0.002102091248498893,10
3.815,0.02008463,6.7,48.76108879434957,0.35167642272040733,0.009391881846243573,0.0029699738149317,10
3.815,0.02008463,6.7,55.350209121286355,0.3387100802749511,0.009360982895854058,0.002960202708877759,10
3.815,0.02008463,6.7,62.82972192624931,0.32800671539331033,0.006968614689617005,0.0022036694555297057,10
3.815,0.02008463,6.7,71.31994657291497,0.315081197695136,0.009173602219786116,0.002900947736290069,10
3.815,0.02008463,6.7,80.95746126545187,0.3011268205860512,0.006433638765632073,0.0020344952142151568,10
3.815,0.02008463,6.7,91.89730011710618,0.2844485820719582,0.005518909088689041,0.0017452322919661583,10
3.815,0.02008463,6.7,104.31544711021446,0.2687460626868884,0.006036555367820387,0.0019089264184027923,10
3.815,0.02008463,6.7,118.41166706679324,0.25352406344393835,0.007234014883059382,0.0022875963658024255,10
3.815,0.02008463,6.7,134.41271917018034,0.23562368929503702,0.005351727752625462,0.0016923649115430624,10
3.815,0.02008463,6.7,152.57600473212457,0.21781898582285902,0.005293927555332716,0.001674086884277845,10
3.815,0.02008463,6.7,173.19370788521238,0.20035456751284766,0.005985883688894387,0.0018929026265757007,10
3.815,0.02008463,6.7,196.59749580998604,0.1818734405237818,0.0072167272893039385,0.0022821295486493347,10
3.815,0.02008463,6.7,223.1638541070668,0.16237314497662989,0.006407222691015855,0.0020261417179523364,10
3.815,0.02008463,6.7,253.32014314187637,0.14424312749260815,0.007107381552327594,0.0022475513905218405,10
3.815,0.02008463,6.7,287.5514727874956,0.12406918658664279,0.005121032416180972,0.0016194126406687186,10
3.815,0.02008463,6.7,326.40850615637055,0.10914601446797338,0.0076425231223401155,0.0024167780137096437,10
3.815,0.02008463,6.7,370.5163178557939,0.09369910956098947,0.005098860469067557,0.0016124012553647997,10
3.815,0.02008463,6.7,420.58444926569615,0.07780871045786195,0.004836244627205075,0.001529354834371996,10
3.815,0.02008463,6.7,477.4183225932176,0.06378213410601366,0.005927623827576391,0.0018744792407826602,10
3.815,0.02008463,6.7,541.9321973165318,0.05058658906721466,0.004442965374717195,0.0014049890149369817,10
3.815,0.02008463,6.7,615.1638774420524,0.03540389351986342,0.003802111553629889,0.0012023332427511886,10
3.815,0.02008463,6.7,698.2914061636919,0.026820986044197588,0.003110590096628378,0.0009836549572508919,10
3.815,0.02008463,6.7,792.652016483199,0.01862117129257914,0.005719482231194064,0.0018086590887434984,10
3.815,0.02008463,6.7,899.7636426411872,0.014203063419600889,0.0039952806426496795,0.0012634186722354248,10
3.815,0.02008463,6.7,1021.3493384030259,0.00885236129992007,0.0022639668204061706,0.000715929169953287,10
3.815,0.02008463,6.7,1159.3649950049091,0.007945776999760821,0.0015259331723038656,0.000482542438168638,10
3.815,0.02008463,6.7,1316.0308046455484,0.003934305995524525,0.0018522534228623767,0.0005857339620088108,10
3.815,0.02008463,6.7,1493.8669756616864,0.0012028573330053673,0.0014516460904063085,0.00045905080021626366,10
3.815,0.02008463,6.7,1695.7342739204687,-0.000165800109624272,0.0027057360093726713,0.0008556288536752339,10
3.815,0.02008463,6.7,1924.8800425987847,-9.409598115665944e-05,0.0016390919909092807,0.000518326398581333,10
3.815,0.02008463,6.7,2184.990440647822,0.0006762194910273935,0.0026700094545026665,0.0008443311250412143,10
3.815,0.02008463,6.7,2480.2497402782196,-0.0001196172249187942,0.0021201490506215577,0.000670449997900775,10
3.815,0.02008463,6.7,2815.4076373562034,0.0013558456766046205,0.00262894758936669,0.0008313462231607797,10
3.815,0.02008463,6.7,3195.8556575010366,-0.00043201649650095083,0.0031921112811511827,0.0010094342193155848,10
3.815,0.02008463,6.7,3627.7138869923433,0.0003212782305700684,0.001580158022063081,0.0004996898412705934,10
3.815,0.02008463,6.7,4117.929423686066,-0.00016174938409655227,0.0021892652826588405,0.0006923064695534264,10
3.815,0.02008463,6.7,4674.388131672206,0.00030831586309819586,0.0022199266492320025,0.0007020024450078807,10
3.815,0.02008463,6.7,5306.041497418272,-0.0002508531908426493,0.001587896697950217,0.0005021370254583107,10
3.815,0.02008463,6.7,6023.050628072877,0.0006232069407086751,0.0010773044933267,0.00034067359324460383,10
3.815,0.02008463,6.7,6836.949708361742,0.0006520622372334234,0.0011791377218820169,0.00037287608761693374,10
3.815,0.02008463,6.7,7760.831545529242,0.00057991986552544,0.0020259155361623607,0.0006406507441394277,10
3.815,0.02008463,6.7,8809.558187098928,-0.0011813998249212568,0.0017962963348078446,0.0005680387770605187,10
3.815,0.02008463,6.7,9999.99999956053,-0.0002044439043091077,0.0023959947232315205,0.0007576800587156356,10
3.815,0.01273808,6.7,0.010000000000218279,0.9999681734199652,0.0001,3.1622776601683795e-05,10
3.815,0.01273808,6.7,0.011351307054675233,0.999955284751473,0.0001,3.1622776601683795e-05,10
3.815,0.01273808,6.7,0.012885217184670714,0.9999406544281154,0.0001,3.1622776601683795e-05,10
3.815,0.01273808,6.7,0.014626405672618265,0.9999240470988415,0.0001,3.1622776601683795e-05,10
3.815,0.01273808,6.7,0.016602882189250948,0.9999051956094471,0.0001,3.1622776601683795e-05,10
3.815,0.01273808,6.7,0.018846441371867226,0.9998837967049926,0.0001,3.1622776601683795e-05,10
3.815,0.01273808,6.7,0.021393174289532996,0.999850670670752,0.0001,3.1622776601683795e-05,10
3.815,0.01273808,6.7,0.024284049022937213,0.9998047638535693,0.0001,3.1622776601683795e-05,10
3.815,0.01273808,6.7,0.027565569698412937,0.9997526536157959,0.0001,3.1622776601683795e-05,10
3.815,0.01273808,6.7,0.03129052457769065,0.9996853192314582,0.0001,3.1622776601683795e-05,10
3.815,0.01273808,6.7,0.035518835237547564,0.9995913648402555,0.0001,3.1622776601683795e-05,10
3.815,0.01273808,6.7,0.040318520499702026,0.9994827026313942,0.0001,3.1622776601683795e-05,10
3.815,0.01273808,6.7,0.045766790617234585,0.9993272304687906,0.0001,3.1622776601683795e-05,10
3.815,0.01273808,6.7,0.051951289319191934,0.9991384378763929,0.0001,3.1622776601683795e-05,10
3.815,0.01273808,6.7,0.05897150369355452,0.9988938156304095,0.0001,3.1622776601683795e-05,10
3.815,0.01273808,6.7,0.06694036458868406,0.9985725068287576,0.0001,3.1622776601683795e-05,10
3.815,0.01273808,6.7,0.0759860632781475,0.9981630608176303,0.0001,3.1622776601683795e-05,10
3.815,0.01273808,6.7,0.08625411361274073,0.9976377526581637,0.0001,3.1622776601683795e-05,10
3.815,0.01273808,6.7,0.09790969283256912,0.996964380906505,0.0001,3.1622776601683795e-05,10
3.815,0.01273808,6.7,0.11114029869471674,0.996095035509051,0.0001,3.1622776601683795e-05,10
3.815,0.01273808,6.7,0.12615876566045128,0.994968461664816,0.0001,3.1622776601683795e-05,10
3.815,0.01273808,6.7,0.14320668866193417,0.9935422597711371,0.0001,3.1622776601683795e-05,10
3.815,0.01273808,6.7,0.16255830952494102,0.9917151447523873,0.0001,3.1622776601683795e-05,10
3.815,0.01273808,6.7,0.1845249285666265,0.9893684592823032,0.00012952002827714836,4.09578291965203e-05,10
3.815,0.01273808,6.7,0.209459912335607,0.9863753381543674,0.00017466402961576367,5.523361588889176e-05,10
3.815,0.01273808,6.7,0.23776437805149325,0.9825471569258806,0.00023669836646789875,7.485059564797844e-05,10
3.815,0.01273808,6.7,0.2698936461867474,0.9777376600799018,0.00031917911766507224,0.00010093329933845125,10
3.815,0.01273808,6.7,0.3063645649904774,0.9716235401115376,0.0004320481558900618,0.00013662562314880879,10
3.815,0.01273808,6.7,0.3477638247803005,0.964056685596112,0.0005801617275563355,0.00018346324703360934,10
3.815,0.01273808,6.7,0.3947573957503299,0.954497630453616,0.0007789143198497916,0.00024631433528462436,10
3.815,0.01273808,6.7,0.4481012411168134,0.9427356493399577,0.001035106772680799,0.0003273295023137479,10
3.815,0.01273808,6.7,0.5086534779386983,0.9282398723965709,0.0013604055169945586,0.0004301979975161707,10
3.815,0.01273808,6.7,0.5773881812384607,0.9106723080294901,0.0017596229646586695,0.0005564416391459364,10
3.815,0.01273808,6.7,0.6554110534835178,0.8896440432317722,0.0022312644887140117,0.000705587784658734,10
3.815,0.01273808,6.7,0.7439772114957187,0.8647678868121765,0.002772444150689031,0.0008767238201788418,10
3.815,0.01273808,6.7,0.8445113769184625,0.8355962877744041,0.00337291584314994,0.0010666096420421046,10
3.815,0.01273808,6.7,0.9586307950358789,0.8017358176481562,0.004029815994465227,0.0012743397093886609,10
3.815,0.01273808,6.7,1.088171250628218,0.762622393713802,0.004700269810627562,0.0014863558218911395,10
3.815,0.01273808,6.7,1.2352165993681232,0.7176529833621007,0.005259407762481387,0.001663170767301105,10
3.815,0.01273808,6.7,1.402132289815328,0.6664856897398123,0.005527562215720874,0.0017479686509964947,10
3.815,0.01273808,6.7,1.5916034152621248,0.6099029685164833,0.0053756380924072575,0.0016999260248769632,10
3.815,0.01273808,6.7,1.80667790755158,0.5508320892866412,0.004864956309601759,0.0015384342655548845,10
3.815,0.01273808,6.7,2.0508155677068496,0.49428468030760647,0.0041559183880066925,0.0013142167875876546,10
3.815,0.01273808,6.7,2.3279437221040404,0.44526621416719403,0.0038535267933336318,0.0012185921691419235,10
3.815,0.01273808,6.7,2.642520399502972,0.4059355028661229,0.004178685320240264,0.0013214163237069336,10
3.815,0.01273808,6.7,2.9996060452346534,0.37668121833543694,0.0044710827458293466,0.0014138805083900438,10
3.815,0.01273808,6.7,3.404944926177538,0.3622442104144002,0.004672530814461802,0.001477583981102092,10
3.815,0.01273808,6.7,3.865057536045609,0.3682190953813351,0.00504962641359582,0.0015968320799910232,10
3.815,0.01273808,6.7,4.3873454874682505,0.39181283981314363,0.005768261448316631,0.001824084431602218,10
3.815,0.01273808,6.7,4.980210578210885,0.431451057056944,0.006250672970790585,0.001976636349654938,10
3.815,0.01273808,6.7,5.653189946897943,0.4784823741858558,0.005405170224806567,0.0017092649051313104,10
3.815,0.01273808,6.7,6.417109492424104,0.505399221512371,0.004842315028115389,0.001531274463690691,10
3.815,0.01273808,6.7,7.284258025038717,0.5096822747843299,0.005077504064829194,0.0016056477673623499,10
3.815,0.01273808,6.7,8.268584950589176,0.5049302983509456,0.00606118858493524,0.00191671612562083,10
3.815,0.01273808,6.7,9.385924667975567,0.515167502752347,0.004939662728905141,0.0015620585096383101,10
3.815,0.01273808,6.7,10.65425128959158,0.5307527959315237,0.005540077828046786,0.0017519264351226506,10
3.815,0.01273808,6.7,12.093967782318368,0.5100512046250121,0.005588091416114681,0.0017671096648158137,10
3.815,0.01273808,6.7,13.728234180344895,0.46804142142071586,0.004966089151725884,0.00157041527829073,10
3.815,0.01273808,6.7,15.583340149618108,0.47039490273753437,0.005889521617370289,0.0018624302639688806,10
3.815,0.01273808,6.7,17.689127897190275,0.5025060091795501,0.003796860018166993,0.0012006725614235989,10
3.815,0.01273808,6.7,20.07947222860456,0.495614429988448,0.0050046254486631,0.0015826015253817473,10
3.815,0.01273808,6.7,22.792825475773903,0.46612504787933584,0.007623462774512046,0.002410750602496469,10
3.815,0.01273808,6.7,25.872836061348632,0.47482803583819144,0.004794468643996916,0.001516144108528923,10
3.815,0.01273808,6.7,29.369050650123167,0.4721747464268211,0.0027431733165326384,0.0008674675696841164,10
3.815,0.01273808,6.7,33.33771118265806,0.4633521334722309,0.003745846231686124,0.0011845405856886937,10
3.815,0.01273808,6.7,37.842659612617176,0.4586412194953072,0.0033041456169257528,0.0010448625870347575,10
3.815,0.01273808,6.7,42.95636490189982,0.45340059174275443,0.0032869928960023802,0.0010394384204160491,10
3.815,0.01273808,6.7,48.76108879434957,0.44570677399109854,0.0022239846997800616,0.0007032857132670768,10
3.815,0.01273808,6.7,55.350209121286355,0.4390105349757241,0.005721364303603465,0.0018092542522970053,10
3.815,0.01273808,6.7,62.82972192624931,0.4256241890064099,0.004098432405591223,0.0012960381237911273,10
3.815,0.01273808,6.7,71.31994657291497,0.4160717157664478,0.004386897192598885,0.0013872586989610832,10
3.815,0.01273808,6.7,80.95746126545187,0.408389588484326,0.006042054108645664,0.0019106652729298753,10
3.815,0.01273808,6.7,91.89730011710618,0.3994927159889695,0.006273651064206062,0.001983902660803041,10
3.815,0.01273808,6.7,104.31544711021446,0.3860235632014003,0.006334836314576884,0.0020032511358409866,10
3.815,0.01273808,6.7,118.41166706679324,0.37483129343882815,0.006884395488357285,0.0021770370056596222,10
3.815,0.01273808,6.7,134.41271917018034,0.3633901383917363,0.007474675332795078,0.002363699882190952,10
3.815,0.01273808,6.7,152.57600473212457,0.3503465234790667,0.007529650888369651,0.002381084679315834,10
3.815,0.01273808,6.7,173.19370788521238,0.3360827550338006,0.007971645286504082,0.0025208555804298416,10
3.815,0.01273808,6.7,196.59749580998604,0.321943897749601,0.008496938935645649,0.0026869680176007118,10
3.815,0.01273808,6.7,223.1638541070668,0.3061057977373456,0.005967721871496847,0.0018871593556332711,10
3.815,0.01273808,6.7,253.32014314187637,0.2869946383786315,0.005797930443917448,0.0018334665918010278,10
3.815,0.01273808,6.7,287.5514727874956,0.27087019969941906,0.006626711651682702,0.002095550221649371,10
3.815,0.01273808,6.7,326.40850615637055,0.2519612809944833,0.007296153777217393,0.00230724640948477,10
3.815,0.01273808,6.7,370.5163178557939,0.23161382874617104,0.008349780416509233,0.002640432407843857,10
3.815,0.01273808,6.7,420.58444926569615,0.21363712141655267,0.00864530353775826,0.00273388502428276,10
3.815,0.01273808,6.7,477.4183225932176,0.19241851804034554,0.008274806439582567,0.0026167235546109397,10
3.815,0.01273808,6.7,541.9321973165318,0.1732784296832158,0.00861968041431806,0.002725782281198892,10
3.815,0.01273808,6.7,615.1638774420524,0.15313631827886148,0.008040433687465653,0.0025426083827937897,10
3.815,0.01273808,6.7,698.2914061636919,0.1368889018283322,0.006654194697497232,0.002104241123830638,10
3.815,0.01273808,6.7,792.652016483199,0.11750684822674498,0.007408946647979716,0.0023429146470285655,10
3.815,0.01273808,6.7,899.7636426411872,0.102209766784872,0.0070230441626770385,0.002220881566200954,10
3.815,0.01273808,6.7,1021.3493384030259,0.08312444146758464,0.006502348793997254,0.002056223232988032,10
3.815,0.01273808,6.7,1159.3649950049091,0.06796507256151783,0.006416977846916249,0.0020292265691098637,10
3.815,0.01273808,6.7,1316.0308046455484,0.05545750980792206,0.005490307842900329,0.0017361877839050955,10
3.815,0.01273808,6.7,1493.8669756616864,0.043755707855028296,0.005293010215672794,0.001673796796006509,10
3.815,0.01273808,6.7,1695.7342739204687,0.032306278143207814,0.005355016166455824,0.0016934047993023766,10
3.815,0.01273808,6.7,1924.8800425987847,0.02266488156323738,0.0040081113737194035,0.0012674761056579663,10
3.815,0.01273808,6.7,2184.990440647822,0.015726674024642867,0.004783638290148497,0.0015127192499262655,10
3.815,0.01273808,6.7,2480.2497402782196,0.010976815526966593,0.003519359022651291,0.0011129190415442199,10
3.815,0.01273808,6.7,2815.4076373562034,0.007439774171974603,0.0030312306222764146,0.0009585592879643001,10
3.815,0.01273808,6.7,3195.8556575010366,0.004053980324003314,0.0025223654194337698,0.0007976419816656654,10
3.815,0.01273808,6.7,3627.7138869923433,0.004253640994209563,0.0033778201522372112,0.0010681605207486288,10
3.815,0.01273808,6.7,4117.929423686066,0.003109283289583432,0.002621607941603701,0.0008290252227453393,10
3.815,0.01273808,6.7,4674.388131672206,0.0013201474045994896,0.002311405788619055,0.0007309306888933912,10
3.815,0.01273808,6.7,5306.041497418272,0.0012512016807349744,0.0015356423298936986,0.0004856127433831763,10
3.815,0.01273808,6.7,6023.050628072877,6.824329582237542e-05,0.0018767861635001222,0.0005934918957749555,10
3.815,0.01273808,6.7,6836.949708361742,-0.0015313153801682449,0.0016255543118861716,0.0005140454085868023,10
3.815,0.01273808,6.7,7760.831545529242,-0.00010711253283160326,0.0009922978875581269,0.0003137921442057339,10
3.815,0.01273808,6.7,8809.558187098928,0.0014061930718881383,0.002019264049321451,0.0006385473593150364,10
3.815,0.01273808,6.7,9999.99999956053,0.0005289217759543836,0.0017524805255662269,0.000554183001587822,10
3.815,0.00881879,6.7,0.010000000000218279,0.9999780362498999,0.0001,3.1622776601683795e-05,10
3.815,0.00881879,6.7,0.011351307054673196,0.9999691335811225,0.0001,3.1622776601683795e-05,10
3.815,0.00881879,6.7,0.012885217184666096,0.9999590278884328,0.0001,3.1622776601683795e-05,10
3.815,0.00881879,6.7,0.01462640567261039,0.9999475566063607,0.0001,3.1622776601683795e-05,10
3.815,0.00881879,6.7,0.01660288218923904,0.9999345352018503,0.0001,3.1622776601683795e-05,10
3.815,0.00881879,6.7,0.018846441371850327,0.9999197542057618,0.0001,3.1622776601683795e-05,10
3.815,0.00881879,6.7,0.021393174289509983,0.9998968512145769,0.0001,3.1622776601683795e-05,10
3.815,0.00881879,6.7,0.02428404902290672,0.9998650968081882,0.0001,3.1622776601683795e-05,10
3.815,0.00881879,6.7,0.027565569698373378,0.9998290514064629,0.0001,3.1622776601683795e-05,10
3.815,0.00881879,6.7,0.03129052457764015,0.9997824845895936,0.0001,3.1622776601683795e-05,10
3.815,0.00881879,6.7,0.03551883523748388,0.9997175256067182,0.0001,3.1622776601683795e-05,10
3.815,0.00881879,6.7,0.04031852049962249,0.9996423940762298,0.0001,3.1622776601683795e-05,10
3.815,0.00881879,6.7,0.04576679061713607,0.999534838578995,0.0001,3.1622776601683795e-05,10
3.815,0.00881879,6.7,0.05195128931907079,0.9994042515345353,0.0001,3.1622776601683795e-05,10
3.815,0.00881879,6.7,0.05897150369340645,0.9992350922306695,0.0001,3.1622776601683795e-05,10
3.815,0.00881879,6.7,0.06694036458850397,0.9990128923569698,0.0001,3.1622776601683795e-05,10
3.815,0.00881879,6.7,0.07598606327792948,0.9987296553530147,0.0001,3.1622776601683795e-05,10
3.815,0.00881879,6.7,0.08625411361247771,0.998366120288156,0.0001,3.1622776601683795e-05,10
3.815,0.00881879,6.7,0.09790969283225305,0.9978998191595843,0.0001,3.1622776601683795e-05,10
3.815,0.00881879,6.7,0.111140298694338,0.997297497481559,0.0001,3.1622776601683795e-05,10
3.815,0.00881879,6.7,0.1261587656599988,0.9965165356282327,0.0001,3.1622776601683795e-05,10
3.815,0.00881879,6.7,0.14320668866139477,0.9955270810346439,0.0001,3.1622776601683795e-05,10
3.815,0.00881879,6.7,0.16255830952429962,0.9942581352589667,0.0001074825005664898,3.398895104004458e-05,10
3.815,0.00881879,6.7,0.18452492856586533,0.9926261805770548,0.00013802579364190787,4.36475883760816e-05,10
3.815,0.00881879,6.7,0.2094599123347054,0.9905416461408784,0.00017674368967533945,5.589126214360585e-05,10
3.815,0.00881879,6.7,0.23776437805042727,0.9878697814290994,0.0002257627578109013,7.139245255234175e-05,10
3.815,0.00881879,6.7,0.2698936461854888,0.9845055015945195,0.00028633828428152586,9.054811596344118e-05,10
3.815,0.00881879,6.7,0.30636456498899384,0.9802148411226479,0.0003613256841318036,0.00011426121389750586,10
3.815,0.00881879,6.7,0.3477638247785541,0.974887681240739,0.00045170721414067007,0.0001428423632213935,10
3.815,0.00881879,6.7,0.3947573957482769,0.9681236799425056,0.0005585202833503256,0.00017661962147896476,10
3.815,0.00881879,6.7,0.4481012411144023,0.9597555798841082,0.0006824126904949527,0.00021579784061675876,10
3.815,0.00881879,6.7,0.5086534779358703,0.9493632667231114,0.0008201156196656611,0.0002593433302823867,10
3.815,0.00881879,6.7,0.577388181235147,0.9366545213044187,0.0009679104103664656,0.0003060801467746283,10
3.815,0.00881879,6.7,0.6554110534796387,0.9212727823027574,0.0011243340281847799,0.0003555456379895854,10
3.815,0.00881879,6.7,0.7439772114911823,0.9028331284899327,0.00129073722371753,0.00040816694877097005,10
3.815,0.00881879,6.7,0.8445113769131611,0.8808277924829309,0.001469301731260571,0.0004646340040812027,10
3.815,0.00881879,6.7,0.9586307950296895,0.854770531874113,0.0016657505175498041,0.0005267565649061661,10
3.815,0.00881879,6.7,1.0881712506209964,0.8239278020996759,0.0018837392661755637,0.0005956906599008961,10
3.815,0.00881879,6.7,1.2352165993597048,0.7873932572942398,0.0021096508163148883,0.0006671301647188556,10
3.815,0.00881879,6.7,1.402132289805521,0.7443766867950363,0.0023289347930223834,0.0007364738467963551,10
3.815,0.00881879,6.7,1.591603415250708,0.694666422990539,0.0025094092875797163,0.0007935448930332385,10
3.815,0.00881879,6.7,1.806677907538295,0.6398888288697467,0.0026423786856653213,0.0008355935087384529,10
3.815,0.00881879,6.7,2.0508155676914006,0.5836858197089342,0.002759908637539135,0.0008727597428595755,10
3.815,0.00881879,6.7,2.327943722086087,0.5302271927264267,0.0029679167016893235,0.0009385376682992767,10
3.815,0.00881879,6.7,2.6425203994821196,0.48165308547206476,0.003167456806546431,0.0010016377898890054,10
3.815,0.00881879,6.7,2.9996060452104465,0.43895049287117704,0.003404639532398417,0.0010766415534229632,10
3.815,0.00881879,6.7,3.4049449261494478,0.4069222516713201,0.004116206785221113,0.0013016588761538227,10
3.815,0.00881879,6.7,3.8650575360130266,0.3919810293201737,0.004871686777049739,0.001540562626240208,10
3.815,0.00881879,6.7,4.38734548743048,0.39471350747887907,0.004575897213405589,0.0014470257533179232,10
3.815,0.00881879,6.7,4.980210578167119,0.41719135724918,0.004424728859033868,0.001399222122322512,10
3.815,0.00881879,6.7,5.653189946847252,0.45959290243956047,0.004497978076563744,0.0014223855587444662,10
3.815,0.00881879,6.7,6.417109492365408,0.5043629983892097,0.00419091938039683,0.00132528507321956,10
3.815,0.00881879,6.7,7.284258024970779,0.5350883581520512,0.003926438430403907,0.001241648853249287,10
3.815,0.00881879,6.7,8.268584950510586,0.5394055431254874,0.003580751674769212,0.0011323331027733188,10
3.815,0.00881879,6.7,9.385924667884668,0.534729163326321,0.0035701491944914615,0.0011289803041208482,10
3.815,0.00881879,6.7,10.654251289486481,0.5494727273794402,0.0023196997918065133,0.0007335534829926977,10
3.815,0.00881879,6.7,12.093967782196902,0.5721622930738033,0.0036229855411814673,0.00114568862399912,10
3.815,0.00881879,6.7,13.728234180204545,0.5539791112347189,0.004249158628001494,0.0013437019403840845,10
3.815,0.00881879,6.7,15.583340149456019,0.5033989174158927,0.0032646397705160756,0.001032369741480021,10
3.815,0.00881879,6.7,17.6891278970031,0.4975453256719442,0.005041399811445279,0.0015942305999710486,10
3.815,0.00881879,6.7,20.07947222838848,0.5393267235490903,0.0036858090539094697,0.0011655551630824264,10
3.815,0.00881879,6.7,22.792825475524545,0.5363460797618768,0.00511992349530659,0.0016190619690979234,10
3.815,0.00881879,6.7,25.872836061060944,0.510076970198615,0.004132232213626237,0.0013067265615778379,10
3.815,0.00881879,6.7,29.36905064979135,0.514871588103899,0.004177043912483588,0.0013208972649989173,10
3.815,0.00881879,6.7,33.337711182275406,0.5164405358814478,0.004311241073737496,0.0013633341335080418,10
3.815,0.00881879,6.7,37.842659612176,0.5071554767501217,0.0037495470953723634,0.001185710901544526,10
3.815,0.00881879,6.7,42.95636490139134,0.5054137735525593,0.004364891028174793,0.0013802997387466537,10
3.815,0.00881879,6.7,48.76108879376365,0.500141879722294,0.004281171911619986,0.0013538254295456238,10
3.815,0.00881879,6.7,55.35020912061137,0.4972167653768122,0.005004060961096714,0.0015824230187396846,10
3.815,0.00881879,6.7,62.8297219254718,0.4917647971761599,0.004864832275001327,0.0015383950423702808,10
3.815,0.00881879,6.7,71.31994657201956,0.48495582845810536,0.007495244324023558,0.002370204368336354,10
3.815,0.00881879,6.7,80.95746126442104,0.4780547524744511,0.007323368588076877,0.0023158524883254354,10
3.815,0.00881879,6.7,91.89730011591953,0.4722021670806593,0.004510336163056558,0.0014262935288283317,10
3.815,0.00881879,6.7,104.31544710884869,0.4654189864489612,0.003854289693873243,0.0012188334194752578,10
3.815,0.00881879,6.7,118.4116670652216,0.4573736358773967,0.005049181826470062,0.0015966914891974453,10
3.815,0.00881879,6.7,134.4127191683724,0.44904768649314536,0.0071981196544367975,0.002276245297844442,10
3.815,0.00881879,6.7,152.57600473004487,0.4380615458991892,0.006831762420483757,0.0021603929681873637,10
3.815,0.00881879,6.7,173.19370788282046,0.4293741143589484,0.006909740096954508,0.002185051674616893,10
3.815,0.00881879,6.7,196.59749580723593,0.4205898830554669,0.007132819673091176,0.0022555956306225746,10
3.815,0.00881879,6.7,223.16385410390492,0.4084829428388068,0.008491762929412386,0.0026853312207126777,10
3.815,0.00881879,6.7,253.32014313824212,0.39310706067611917,0.00616825954294683,0.0019505749354781176,10
3.815,0.00881879,6.7,287.5514727833185,0.3840672293045853,0.010594152477400873,0.003350165170770227,10
3.815,0.00881879,6.7,326.40850615157024,0.36954493453621773,0.009450182090792186,0.0029884099710235433,10
3.815,0.00881879,6.7,370.51631785027826,0.3526381675837228,0.010765619496384554,0.003404387803129003,10
3.815,0.00881879,6.7,420.5844492593595,0.33780463664035904,0.011564145365477736,0.003656903854818994,10
3.815,0.00881879,6.7,477.4183225859398,0.32399095478812684,0.012021844132387627,0.0038016409133875702,10
3.815,0.00881879,6.7,541.9321973081729,0.30761116272260924,0.012199677327195731,0.003857876707305374,10
3.815,0.00881879,6.7,615.1638774324545,0.28738685120402735,0.012846126741506219,0.004062301961435673,10
3.815,0.00881879,6.7,698.2914061526715,0.2712706226868145,0.011564225314240185,0.0036569291368375393,10
3.815,0.00881879,6.7,792.6520164705466,0.25314334587415804,0.010884807646957524,0.003442078405720372,10
3.815,0.00881879,6.7,899.763642626665,0.232310701968559,0.008676697848312634,0.0027438127769750086,10
3.815,0.00881879,6.7,1021.3493383863575,0.21283897463734142,0.009178309616016959,0.0029024363456839042,10
3.815,0.00881879,6.7,1159.3649949857795,0.19175640882942932,0.00994370547898971,0.003144475769550307,10
3.815,0.00881879,6.7,1316.0308046235973,0.17110024807849783,0.009514265837408114,0.0030086750310538875,10
3.815,0.00881879,6.7,1493.8669756365,0.1522188794233666,0.009567867699033656,0.0030256254280100763,10
3.815,0.00881879,6.7,1695.734273891577,0.1343313532848484,0.00943704906402157,0.0029842569433068326,10
3.815,0.00881879,6.7,1924.8800425656427,0.11636449719747662,0.00837936073068173,0.002649786524512702,10
3.815,0.00881879,6.7,2184.9904406098126,0.09814255836214633,0.0065546167558407495,0.002072751813796054,10
3.815,0.00881879,6.7,2480.2497402346276,0.08230316016619516,0.0049882457874478895,0.0015774218217075486,10
3.815,0.00881879,6.7,2815.4076373062144,0.06652561851037961,0.006605217199403352,0.0020887530790233166,10
3.815,0.00881879,6.7,3195.8556574437234,0.05504175311038413,0.005544983525427369,0.001753477752846067,10
3.815,0.00881879,6.7,3627.7138869266328,0.04335462865371674,0.0038178195618161995,0.0012073005510885198,10
3.815,0.00881879,6.7,4117.929423610735,0.03269363257871701,0.003088677533465045,0.0009767255963540483,10
3.815,0.00881879,6.7,4674.388131585854,0.026073264163732023,0.004335896918042404,0.001371130996071842,10
3.815,0.00881879,6.7,5306.0414973192965,0.01874747562488835,0.005096139408574647,0.0016115407804839302,10
3.815,0.00881879,6.7,6023.050627959455,0.011867813998882547,0.004208211954236733,0.0013307534652136337,10
3.815,0.00881879,6.7,6836.949708231776,0.008485842406474601,0.003781310004367134,0.0011957552152981384,10
3.815,0.00881879,6.7,7760.831545380318,0.00645142060082418,0.004072675917275301,0.0012878932070305446,10
3.815,0.00881879,6.7,8809.558186928294,0.0034025241329807875,0.0038542409488030124,0.0012188180049305943,10
3.815,0.00881879,6.7,9999.999999365044,0.002652916091413455,0.0034340037867863662,0.0010859273459888144,10
3.815,0.00829312,6.7,0.00999999999839929,0.9999792229599815,0.0001,3.1622776601683795e-05,10
3.815,0.00829312,6.7,0.01134663947950142,0.999970841102695,0.0001,3.1622776601683795e-05,10
3.815,0.00829312,6.7,0.012874622749838886,0.9999613305114134,0.0001,3.1622776601683795e-05,10
3.815,0.00829312,6.7,0.014608370280039295,0.9999505391863611,0.0001,3.1622776601683795e-05,10
3.815,0.00829312,6.7,0.016575591097720187,0.9999382946588712,0.0001,3.1622776601683795e-05,10
3.815,0.00829312,6.7,0.018807725637556998,0.9999244012349667,0.0001,3.1622776601683795e-05,10
3.815,0.00829312,6.7,0.021340448227289532,0.9999030859900481,0.0001,3.1622776601683795e-05,10
3.815,0.00829312,6.7,0.02421423724047796,0.999873298195704,0.0001,3.1622776601683795e-05,10
3.815,0.00829312,6.7,0.02747502202828004,0.9998394990593675,0.0001,3.1622776601683795e-05,10
3.815,0.00829312,6.7,0.031174916969615565,0.9997962983198289,0.0001,3.1622776601683795e-05,10
3.815,0.00829312,6.7,0.035373054371424094,0.9997354532213839,0.0001,3.1622776601683795e-05,10
3.815,0.00829312,6.7,0.04013652953055982,0.9996658497773867,0.0001,3.1622776601683795e-05,10
3.815,0.00829312,6.7,0.04554147306145236,0.9995651584413192,0.0001,3.1622776601683795e-05,10
3.815,0.00829312,6.7,0.051674267627644155,0.9994440455278332,0.0001,3.1622776601683795e-05,10
3.815,0.00829312,6.7,0.05863292852320042,0.9992858887494874,0.0001,3.1622776601683795e-05,10
3.815,0.00829312,6.7,0.06652867016866243,0.999079693258313,0.0001,3.1622776601683795e-05,10
3.815,0.00829312,6.7,0.07548768355753077,0.9988169938486371,0.0001,3.1622776601683795e-05,10
3.815,0.00829312,6.7,0.08565315306070952,0.9984798109411888,0.0001,3.1622776601683795e-05,10
3.815,0.00829312,6.7,0.09718754482179941,0.9980474609014072,0.0001,3.1622776601683795e-05,10
3.815,0.00829312,6.7,0.11027520331673626,0.9974941579749206,0.0001,3.1622776601683795e-05,10
3.815,0.00829312,6.7,0.12512529757640156,0.996766772220355,0.0001,3.1622776601683795e-05,10
3.815,0.00829312,6.7,0.1419751641592023,0.9958590886286043,0.0001,3.1622776601683795e-05,10
3.815,0.00829312,6.7,0.16109410030153665,0.994689764930515,0.0001,3.1622776601683795e-05,10
3.815,0.00829312,6.7,0.18278766786887682,0.9931854592837984,0.0001,3.1622776601683795e-05,10
3.815,0.00829312,6.7,0.20740257689389835,0.9912634269638808,0.0001242235183411701,3.928292569177992e-05,10
3.815,0.00829312,6.7,0.23533222675113358,0.9888031092970909,0.00015546220672280742,4.916146633200123e-05,10
3.815,0.00829312,6.7,0.267022993528082,0.9857093578384941,0.00019309549774194906,6.106215787884592e-05,10
3.815,0.00829312,6.7,0.3029813640785376,0.981765929943917,0.00023776172408869638,7.518685885288025e-05,10
3.815,0.00829312,6.7,0.3437820307757025,0.976868084956197,0.00029030450881501276,9.180234628718691e-05,10
3.815,0.00829312,6.7,0.390077076336716,0.9706464435767396,0.00035003209438118365,0.00011068986724035667,10
3.815,0.00829312,6.7,0.44260639551191605,0.9629546763075082,0.000417070699108492,0.0001318893354501592,10
3.815,0.00829312,6.7,0.502209520199922,0.953454615589442,0.0004923509903125941,0.00015569505376272945,10
3.815,0.00829312,6.7,0.5698390369794052,0.9417461907601019,0.0005794590486048834,0.00018324104043856458,10
3.815,0.00829312,6.7,0.6465758114986572,0.9275506768807935,0.0006859292751645686,0.00021690988233084044,10
3.815,0.00829312,6.7,0.733646263041569,0.9104939756700186,0.0008213152089787153,0.0002597226737309915,10
3.815,0.00829312,6.7,0.8324419653548657,0.8900904671269559,0.0009834140042935338,0.00031098281364741725,10
3.815,0.00829312,6.7,0.9445418870001215,0.8658692560405994,0.001160384744253978,0.00036694587539545527,10
3.815,0.00829312,6.7,1.07173762667939,0.8370914825645361,0.001352451708886066,0.00042768278254669544,10
3.815,0.00829312,6.7,1.216062046849409,0.8028130429061788,0.0016014327807422836,0.000506417510680265,10
3.815,0.00829312,6.7,1.379821763251351,0.7621351227829125,0.0019564377103238753,0.0006186799264868165,10
3.815,0.00829312,6.7,1.5656340096089176,0.7145518803206583,0.002433005650692879,0.0007693839416249523,10
3.815,0.00829312,6.7,1.7764684666722268,0.6609876737351597,0.0030417957075043744,0.0009619002612637152,10
3.815,0.00829312,6.7,2.0156947241258996,0.6046940145728646,0.003765764105197692,0.0011908391703330627,10
3.815,0.00829312,6.7,2.287136133905071,0.5498965628744912,0.004509327537610681,0.0014259745734568343,10
3.815,0.00829312,6.7,2.5951309156115614,0.4991668921949556,0.0050936574790671095,0.0016107559254603505,10
3.815,0.00829312,6.7,2.944601490626628,0.45374550806593444,0.005353397760778572,0.0016928930144905505,10
3.815,0.00829312,6.7,3.341133153029103,0.4177769240989124,0.005283753435677164,0.0016708695451479816,10
3.815,0.00829312,6.7,3.791063334649949,0.39734560318075945,0.005212330865682281,0.0016482837453953188,10
3.815,0.00829312,6.7,4.301582890911503,0.3947238226569125,0.005396858556260935,0.0017066365247552526,10
3.815,0.00829312,6.7,4.880851026217715,0.41070105996094475,0.006086352420840064,0.0019246736292334267,10
3.815,0.00829312,6.7,5.538125695651191,0.44705902751315796,0.006579172236932772,0.0020805169387252526,10
3.815,0.00829312,6.7,6.283911567077582,0.4941178542707528,0.005782286808963255,0.0018285196400670805,10
3.815,0.00829312,6.7,7.130127908411143,0.5334072016633031,0.004320062470182614,0.0013661237039990304,10
3.815,0.00829312,6.7,8.09029908324231,0.5446005630170059,0.0036025160490103882,0.0011392156022183605,10
3.815,0.00829312,6.7,9.179770699358555,0.537974687967963,0.002907009647715372,0.0009192771666864271,10
3.815,0.00829312,6.7,10.415954864678511,0.5422926158397547,0.004506114484531118,0.0014249585168593904,10
3.815,0.00829312,6.7,11.818608470318429,0.5688039175148923,0.005844574678119712,0.001848216793780376,10
3.815,0.00829312,6.7,13.41014894835508,0.5739198500826477,0.00629309009061519,0.0019900498206979417,10
3.815,0.00829312,6.7,15.21601255077567,0.5278574514889535,0.004669828714796808,0.0014767295021614758,10
3.815,0.00829312,6.7,17.265060875685677,0.4953502146313479,0.002648673020779856,0.0008375839522702836,10
3.815,0.00829312,6.7,19.590042137940873,0.5281246131475572,0.004755161261899981,0.0015037140229004389,10
3.815,0.00829312,6.7,22.228114556303716,0.5481071145689552,0.005091040820229215,0.0016099284652816147,10
3.815,0.00829312,6.7,25.221440221980828,0.5199805711848843,0.0072020895051084855,0.00227750067485377,10
3.815,0.00829312,6.7,28.617858939842176,0.5102651983258474,0.004927579447114359,0.0015582374404314592,10
3.815,0.00829312,6.7,32.47165281175938,0.5301736732711465,0.003649967055249151,0.0011542209279164954,10
3.815,0.00829312,6.7,36.844413781754966,0.5116964677876329,0.004750592331267157,0.001502269200173335,10
3.815,0.00829312,6.7,41.80602800820666,0.5136753709150546,0.003001049236087272,0.0009490150956344161,10
3.815,0.00829312,6.7,47.4357927954991,0.5080550409380772,0.0024833536196392464,0.0007853053673683471,10
3.815,0.00829312,6.7,53.82368393610155,0.5046153145179446,0.004425929682654596,0.0013996018560934753,10
3.815,0.00829312,6.7,61.07179371793354,0.5007300005513075,0.0034407529277194326,0.0010880616117486107,10
3.815,0.00829312,6.7,69.29596257947946,0.4961463203380248,0.00461942553198119,0.0014607906162595547,10
3.815,0.00829312,6.7,78.6276304900235,0.4881024718369028,0.003433598330131615,0.0010857991293366659,10
3.815,0.00829312,6.7,89.21593764405597,0.48556153668214774,0.0045962628468005995,0.0014534659320699452,10
3.815,0.00829312,6.7,101.23010804348239,0.4782078068427496,0.006916918830844876,0.0021873217895978735,10
3.815,0.00829312,6.7,114.86215406242331,0.47114894198586893,0.004555856277282186,0.0014406882528587334,10
3.815,0.00829312,6.7,130.32994521938878,0.46337797387659707,0.004950392490993115,0.001565451558333282,10
3.815,0.00829312,6.7,147.8806902024289,0.4562724922805411,0.004244982961026267,0.0013423814785448781,10
3.815,0.00829312,6.7,167.79488779753905,0.44764975666219015,0.0026904499641668806,0.0008507949817485742,10
3.815,0.00829312,6.7,190.3908098646829,0.43888958367592795,0.004234337731854669,0.0013390151615052066,10
3.815,0.00829312,6.7,216.02958800906612,0.4280488397212278,0.0056680074396413425,0.001792381330404599,10
3.815,0.00829312,6.7,245.1209852436465,0.41756183269688796,0.006272256322538582,0.001983461604761363,10
3.815,0.00829312,6.7,278.1299448865051,0.40578409686353567,0.005718638713999371,0.001808392345185424,10
3.815,0.00829312,6.7,315.5840213585933,0.3924257307739537,0.008350617182196443,0.002640697016387803,10
3.815,0.00829312,6.7,358.0818116420421,0.3809030229126731,0.007321822274572753,0.0023153635010604644,10
3.815,0.00829312,6.7,406.30252215193605,0.3666389828243745,0.0056732928097602995,0.0017940527111898889,10
3.815,0.00829312,6.7,461.0168239208115,0.35194571662119023,0.005987171445620905,0.0018933098510085008,10
3.815,0.00829312,6.7,523.0991695851567,0.3362808807141614,0.005912334308130008,0.0018696442702046594,10
3.815,0.00829312,6.7,593.5417690259438,0.32053780590435216,0.00477825183889218,0.0015110159044787218,10
3.815,0.00829312,6.7,673.4704470240936,0.3044276943800794,0.006644219828058339,0.0021010867931516674,10
3.815,0.00829312,6.7,764.1626363704256,0.28606824214007637,0.006452751748773753,0.002040539270175968,10
3.815,0.00829312,6.7,867.0677939988487,0.2679860071826222,0.005183366130300895,0.001639124291832394,10
3.815,0.00829312,6.7,983.8305664366374,0.24783731579759438,0.007882816206593748,0.0024927653589324654,10
3.815,0.00829312,6.7,1116.31707480571,0.23097500522644135,0.010742050007376148,0.0033969344762737165,10
3.815,0.00829312,6.7,1266.6447394659544,0.21218805071212282,0.011685751022833115,0.0036953589401794947,10
3.815,0.00829312,6.7,1437.2161209627764,0.1923146250586818,0.0076384053658453315,0.0024154758647722966,10
3.815,0.00829312,6.7,1630.7573181302505,0.17318493745032615,0.007838280674134397,0.002478681986994475,10
3.815,0.00829312,6.7,1850.3615370344457,0.15587682769728986,0.007685216549669649,0.0024302788608576644,10
3.815,0.00829312,6.7,2099.538527082673,0.13800700817946712,0.0070005844371944966,0.0022137791773862584,10
3.815,0.00829312,6.7,2382.270674394386,0.12012050743395933,0.007383343971460538,0.002334818369828854,10
3.815,0.00829312,6.7,2703.0766489268667,0.10415436157543263,0.005925589924862669,0.0018738360642712043,10
3.815,0.00829312,6.7,3067.0836225741514,0.08721837067049418,0.005469004517299939,0.0017294510808417549,10
3.815,0.00829312,6.7,3480.109212440276,0.06907755982648668,0.006070037123622322,0.0019195142792423595,10
3.815,0.00829312,6.7,3948.754458917226,0.0555401117405818,0.0063779881264355645,0.002016896936904636,10
3.815,0.00829312,6.7,4480.509324557948,0.04382508713507456,0.00744191225614786,0.002353339287654964,10
3.815,0.00829312,6.7,5083.872399844129,0.03471350727030683,0.007451799193247322,0.0023564658116866756,10
3.815,0.00829312,6.7,5768.486729005284,0.026232256404712505,0.006242535418447165,0.0019740630296565336,10
3.815,0.00829312,6.7,6545.293926678852,0.018471137612976727,0.005925718039094756,0.001873876577548612,10
3.815,0.00829312,6.7,7426.709048528318,0.012535866075623691,0.005163101996205661,0.0016327162099771925,10
3.815,0.00829312,6.7,8426.819010629077,0.00978883477489092,0.003218495692664849,0.0010177777028262205,10
3.815,0.00829312,6.7,9561.60772879224,0.006415589272607426,0.002518436381164326,0.0007963995106711245,10
3.815,0.00829312,6.7,10849.211576038631,0.0028083668062439493,0.0030758889242615307,0.0009726814830351586,10
3.815,0.00829312,6.7,12310.209240984916,0.0027016875347036957,0.0032159543915998433,0.0010169740728676576,10
3.815,0.00829312,6.7,13967.950619704106,0.0005441655766578871,0.002476416129692714,0.0007831115404207909,10
3.815,0.00829312,6.7,15848.929997463045,0.0003482968973252202,0.0021304212029430477,0.0006736983376815844,10
3.815,0.0060978,6.7,0.00999999999476131,0.9999848012778999,0.0001,3.1622776601683795e-05,10
3.815,0.0060978,6.7,0.011334438217380284,0.9999787181655744,0.0001,3.1622776601683795e-05,10
3.815,0.0060978,6.7,0.012846948977091198,0.9999718232994885,0.0001,3.1622776601683795e-05,10
3.815,0.0060978,6.7,0.01456129495389592,0.9999640083561179,0.0001,3.1622776601683795e-05,10
3.815,0.0060978,6.7,0.01650440981064461,0.9999551505568322,0.0001,3.1622776601683795e-05,10
3.815,0.0060978,6.7,0.01870682134110756,0.9999451107389525,0.0001,3.1622776601683795e-05,10
3.815,0.0060978,6.7,0.021203131084543133,0.9999300670270556,0.0001,3.1622776601683795e-05,10
3.815,0.0060978,6.7,0.02403255794186688,0.9999085518892435,0.0001,3.1622776601683795e-05,10
3.815,0.0060978,6.7,0.02723955433404017,0.999884165689204,0.0001,3.1622776601683795e-05,10
3.815,0.0060978,6.7,0.03087450458298937,0.9998538822059402,0.0001,3.1622776601683795e-05,10
3.815,0.0060978,6.7,0.0349945164871443,0.9998101010891967,0.0001,3.1622776601683795e-05,10
3.815,0.0060978,6.7,0.039664318527842204,0.9997604776528888,0.0001,3.1622776601683795e-05,10
3.815,0.0060978,6.7,0.04495727680238367,0.9996892342307492,0.0001,3.1622776601683795e-05,10
3.815,0.0060978,6.7,0.05095654766052276,0.9996044459432201,0.0001,3.1622776601683795e-05,10
3.815,0.0060978,6.7,0.057756384153175674,0.999491094000309,0.0001,3.1622776601683795e-05,10
3.815,0.0060978,6.7,0.06546361681863952,0.9993461772772024,0.0001,3.1622776601683795e-05,10
3.815,0.0060978,6.7,0.07419933207058341,0.9991616664222054,0.0001,3.1622776601683795e-05,10
3.815,0.0060978,6.7,0.08410077455654894,0.9989248712586019,0.0001,3.1622776601683795e-05,10
3.815,0.0060978,6.7,0.09532350337444023,0.9986210487468636,0.0001,3.1622776601683795e-05,10
3.815,0.0060978,6.7,0.10804383602278424,0.9982330268711792,0.0001,3.1622776601683795e-05,10
3.815,0.0060978,6.7,0.12246161848105531,0.9977226623610221,0.0001,3.1622776601683795e-05,10
3.815,0.0060978,6.7,0.13880336494010645,0.9970960445595513,0.0001,3.1622776601683795e-05,10
3.815,0.0060978,6.7,0.1573258165102307,0.9962738600895873,0.0001,3.1622776601683795e-05,10
3.815,0.0060978,6.7,0.17831997481682807,0.9952322188510564,0.0001,3.1622776601683795e-05,10
3.815,0.0060978,6.7,0.2021156738544968,0.9938996608781006,0.0001,3.1622776601683795e-05,10
3.815,0.0060978,6.7,0.2290867619268093,0.9921841181997516,0.0001,3.1622776601683795e-05,10
3.815,0.0060978,6.7,0.2596569750839389,0.9900303159440241,0.0001,3.1622776601683795e-05,10
3.815,0.0060978,6.7,0.29430659433425393,0.9872830929399694,0.00012471142009730268,3.943721377415741e-05,10
3.815,0.0060978,6.7,0.3335799912196725,0.9838601041668559,0.00016182216047419645,5.117266029877339e-05,10
3.815,0.0060978,6.7,0.37809418030143555,0.9794973681368276,0.00021070528986748456,6.663086310272491e-05,10
3.815,0.0060978,6.7,0.42854851292226975,0.9741030826613191,0.00027275782292439366,8.625359700699727e-05,10
3.815,0.0060978,6.7,0.4857356645412283,0.9674147928775947,0.0003515719725549577,0.00011117681947518733,10
3.815,0.0060978,6.7,0.5505540882604891,0.9591626809818194,0.0004505153341224354,0.00014246545766586705,10
3.815,0.0060978,6.7,0.6240221301983707,0.949075808085803,0.0005723206527877267,0.0001809836814763612,10
3.815,0.0060978,6.7,0.7072940284716764,0.9368370069978408,0.0007211752679420925,0.0002280556438879224,10
3.815,0.0060978,6.7,0.8016780471433974,0.9220251562058847,0.0009011078611212717,0.00028495532586259075,10
3.815,0.0060978,6.7,0.9086570300337092,0.9042281201068416,0.0011143634842627366,0.00035239267515914494,10
3.815,0.0060978,6.7,1.0299116973100726,0.882782510728591,0.0013534788654662132,0.0004280075979773849,10
3.815,0.0060978,6.7,1.167347050863366,0.8568031370089555,0.0015990314714716487,0.0005056581500140966,10
3.815,0.0060978,6.7,1.3231223033183328,0.8253248146747193,0.001836358481216143,0.0005807075401210543,10
3.815,0.0060978,6.7,1.4996848008855936,0.787411555629089,0.0020777330206371548,0.0006570368714955041,10
3.815,0.0060978,6.7,1.6998084730086782,0.7429710138087416,0.0023739047781253983,0.0007506946047232919,10
3.815,0.0060978,6.7,1.9266374128789439,0.6932718283003856,0.002745159355490499,0.0008680956103469831,10
3.815,0.0060978,6.7,2.183735273500971,0.6407799305030923,0.0031433440907780055,0.0009940126796489572,10
3.815,0.0060978,6.7,2.4751412553577286,0.5877896786575694,0.0034348465654911943,0.0010861938560158887,10
3.815,0.0060978,6.7,2.805433565283807,0.5350535038669777,0.0035123997565804825,0.0011107183283815313,10
3.815,0.0060978,6.7,3.17980134353322,0.484863372120664,0.0036746583922243007,0.001162029014248116,10
3.815,0.0060978,6.7,3.6041261890701035,0.4440004400381503,0.0042368795907428,0.0013398189678629302,10
3.815,0.0060978,6.7,4.085074563905778,0.4168851069459918,0.004983254035481494,0.0015758432911347053,10
3.815,0.0060978,6.7,4.630202528223792,0.4041509872474599,0.005965403311795508,0.00188642616267854,10
3.815,0.0060978,6.7,5.248074451760365,0.4113211042478307,0.007051956072899158,0.002230024314981774,10
3.815,0.0060978,6.7,5.9483975664851565,0.4387806630361014,0.007471833250689927,0.0023628011369160036,10
3.815,0.0060978,6.7,6.742174474506146,0.4812122828765485,0.0072246682650234555,0.0022846407056611117,10
3.815,0.0060978,6.7,7.64187600721217,0.5255592856886144,0.00704054464254256,0.0022264157038530503,10
3.815,0.0060978,6.7,8.661637151400278,0.5501217445749211,0.006691288230149709,0.0021159711287950037,10
3.815,0.0060978,6.7,9.817479120534292,0.5504002756084332,0.006319250974273709,0.001998322618494301,10
3.815,0.0060978,6.7,11.127561060041069,0.5461350565421924,0.006011653174679114,0.0019010516534968076,10
3.815,0.0060978,6.7,12.612465341123507,0.5678528040563476,0.006300692124367799,0.0019924537948487137,10
3.815,0.0060978,6.7,14.29552092527043,0.6018082324988401,0.006720382810579233,0.002125171642967429,10
3.815,0.0060978,6.7,16.203169879762825,0.5816292063150416,0.005217264666390059,0.0016498439501711113,10
3.815,0.0060978,6.7,18.36538280240994,0.523275726734299,0.005595602214480884,0.001769484787804161,10
3.815,0.0060978,6.7,20.81612968215033,0.5171728158285427,0.0055552110210091215,0.0017567119709258317,10
3.815,0.0060978,6.7,23.593913593090996,0.5554564908183387,0.006062203247882052,0.0019170369902177604,10
3.815,0.0060978,6.7,26.7423756067194,0.5592313537614323,0.004455249562615669,0.0014088736162334472,10
3.815,0.0060978,6.7,30.31098042591284,0.5333016684914627,0.0034664030446776807,0.001096172890932388,10
3.815,0.0060978,6.7,34.355793512571154,0.54064975389163,0.004113227198123544,0.001300716647982306,10
3.815,0.0060978,6.7,38.94036191813089,0.5406557070683184,0.0034452408986460734,0.001089480832768691,10
3.815,0.0060978,6.7,44.136712655470106,0.5347099726059613,0.005192294158669435,0.0016419475822983124,10
3.815,0.0060978,6.7,50.02648429737661,0.5357264697380049,0.0027965375508861956,0.0008843428222989408,10
3.815,0.0060978,6.7,56.702209579840535,0.5298051858425491,0.004273149871193891,0.0013512886376227829,10
3.815,0.0060978,6.7,64.26876916083357,0.5320878234663614,0.005127675493248139,0.0016215133660891466,10
3.815,0.0060978,6.7,72.84503937421559,0.5276503912149095,0.0026312039089710286,0.0008320597340686797,10
3.815,0.0060978,6.7,82.5657598662218,0.5238471080519279,0.004264808909261484,0.0013486509938644663,10
3.815,0.0060978,6.7,93.58365045650031,0.5217401743747695,0.005495646585433753,0.0017378760425297791,10
3.815,0.0060978,6.7,106.07181048117923,0.5174332746714169,0.006132961550963312,0.0019394127303282895,10
3.815,0.0060978,6.7,120.22643831344264,0.5140852558347186,0.0050033300736439185,0.0015821918918332775,10
3.815,0.0060978,6.7,136.26991378732745,0.5088655041405621,0.006387121406863154,0.0020197851337706582,10
3.815,0.0060978,6.7,154.4542919519337,0.5016781308622497,0.005471706224325712,0.001730305435618947,10
3.815,0.0060978,6.7,175.06526304555237,0.49795577205428126,0.006223958505415743,0.0019681884939491178,10
3.815,0.0060978,6.7,198.42664090387385,0.49256082222747644,0.006883461841566816,0.002176741760620823,10
3.815,0.0060978,6.7,224.90545031854734,0.488255830767339,0.006998094270281328,0.002212991717466298,10
3.815,0.0060978,6.7,254.91769327230978,0.482058477871273,0.003436657395496678,0.001086766490743159,10
3.815,0.0060978,6.7,288.93488464257354,0.4745723852892788,0.006180634514049315,0.0019544882449443798,10
3.815,0.0060978,6.7,327.49146005427787,0.4656057154624694,0.008256126256475593,0.002610816362038236,10
3.815,0.0060978,6.7,371.1931722649437,0.45701294026428274,0.007283733425590244,0.002303318749436573,10
3.815,0.0060978,6.7,420.7266079954461,0.4509320334472754,0.0057458163716771525,0.0018169866751584392,10
3.815,0.0060978,6.7,476.8699747230536,0.44289182783549874,0.005883688026850908,0.00186058552067108,10
3.815,0.0060978,6.7,540.5053269053693,0.43264660365334534,0.006926298124351037,0.002190287782630143,10
3.815,0.0060978,6.7,612.6324237183227,0.421938305100377,0.00996582243532978,0.0031514697652448194,10
3.815,0.0060978,6.7,694.3844360236939,0.4108664076275339,0.00946021353881746,0.00299158219342249,10
3.815,0.0060978,6.7,787.0457493344106,0.3992083246931344,0.010651143536680617,0.0033681873261291934,10
3.815,0.0060978,6.7,892.0721424755926,0.38708889861685913,0.014980863357939356,0.004737364952684667,10
3.815,0.0060978,6.7,1011.1136589632586,0.3719331866763743,0.013936110978539898,0.004406985241706401,10
3.815,0.0060978,6.7,1146.0405304272135,0.35804511630963576,0.015054972936395714,0.004760800459120371,10
3.815,0.0060978,6.7,1298.9725593545907,0.34347343066982533,0.013310290293404045,0.004209083364518763,10
3.815,0.0060978,6.7,1472.3124227789922,0.3285852951802517,0.014423272159542765,0.004561039133665062,10
3.815,0.0060978,6.7,1668.7834201412222,0.3127952124382519,0.015043389300278869,0.0047571373917487895,10
3.815,0.0060978,6.7,1891.4722583688101,0.2934805947581727,0.01233286980985064,0.003899995868545572,10
3.815,0.0060978,6.7,2143.877546360112,0.27638596874189947,0.011698476810341122,0.0036993831875339563,10
3.815,0.0060978,6.7,2429.964760757738,0.2596861086528229,0.011051808395322375,0.003494888679298929,10
3.815,0.0060978,6.7,2754.2285465648415,0.24133040589489071,0.010101512614122711,0.0031943787673549334,10
3.815,0.0060978,6.7,3121.7633313938272,0.2219412899395826,0.01295135594884089,0.004095578358590839,10
3.815,0.0060978,6.7,3538.343362750283,0.2029554391296556,0.01409445741219807,0.004457058780678858,10
3.815,0.0060978,6.7,4010.513425798055,0.18249640692131092,0.0119909600549127,0.003791874510562183,10
3.815,0.0060978,6.7,4545.691666849571,0.16315927020261942,0.01007533319913265,0.003186100109436999,10
3.815,0.0060978,6.7,5152.286138015804,0.14388512134992865,0.012412090973750543,0.003925047800226893,10
3.815,0.0060978,6.7,5839.826894019809,0.12697358464890032,0.012052154623011721,0.003811225932124502,10
3.815,0.0060978,6.7,6619.1157165138875,0.10958013315255147,0.00993562095397596,0.003141919218265902,10
3.815,0.0060978,6.7,7502.395818182028,0.09365209978543051,0.010112710472035488,0.0031979198409468647,10
3.815,0.0060978,6.7,8503.544192806374,0.07739271881568519,0.010244564238605048,0.0032396156629900625,10
3.815,0.0060978,6.7,9638.289633261882,0.06371934670799337,0.009417751307212258,0.0029781544567818873,10
3.815,0.0060978,6.7,10924.459842665354,0.05339487928752081,0.010177463190945948,0.003218396448591436,10
3.815,0.0060978,6.7,12382.261520980906,0.043071037651769756,0.0090797122121322,0.002871257108918367,10
3.815,0.0060978,6.7,14034.597827452662,0.03381672014396665,0.007598579480480775,0.0024028818140138203,10
3.815,0.0060978,6.7,15907.428206437567,0.027450756510577906,0.005750279824347634,0.0018183981428251475,10
3.815,0.0060978,6.7,18030.17622977341,0.021005961217815387,0.0068606129821010275,0.0021695163168359245,10
3.815,0.0060978,6.7,20436.191863190394,0.016451827193909575,0.00669126663552142,0.0021159642999739416,10
3.815,0.0060978,6.7,23163.275419320613,0.011914959978887594,0.003904022320433999,0.0012345602568707152,10
3.815,0.0060978,6.7,26254.271428999164,0.007251245482169709,0.002499793893328772,0.0007905042383898911,10
3.815,0.0060978,6.7,29757.74176102146,0.005336154838435754,0.0028347828776782743,0.0008964370565509838,10
3.815,0.0060978,6.7,33728.72856557489,0.003609250432066921,0.0027235965535175577,0.0008612768536500165,10
3.815,0.0060978,6.7,38229.61902775724,0.00221554821055314,0.0021944910624309504,0.0006939590062164567,10
3.815,0.0060978,6.7,43331.125517109795,0.0011047994447014513,0.0016448745316147513,0.0005201549985105255,10
3.815,0.0060978,6.7,49113.39653205206,0.0009512017002543489,0.002088231572271935,0.000660356805025383,10
3.815,0.0060978,6.7,55667.275892986836,0.0006762371384646859,0.0020714795575857603,0.0006550593528448928,10
3.815,0.0060978,6.7,63095.729966946106,-0.00024389476290543523,0.002229285513926284,0.0007049619778826072,10
3.815,0.00526263,6.7,0.010000000009313226,0.9999868620859331,0.0001,3.1622776601683795e-05,10
3.815,0.00526263,6.7,0.011326728169739368,0.9999816340707488,0.0001,3.1622776601683795e-05,10
3.815,0.00526263,6.7,0.012829477091168351,0.9999757124400684,0.0001,3.1622776601683795e-05,10
3.815,0.00526263,6.7,0.01453159994362263,0.9999690051699707,0.0001,3.1622776601683795e-05,10
3.815,0.00526263,6.7,0.016459548227952196,0.9999614080274621,0.0001,3.1622776601683795e-05,10
3.815,0.00526263,6.7,0.018643282840110076,0.999952802950664,0.0001,3.1622776601683795e-05,10
3.815,0.00526263,6.7,0.02111673967248284,0.999940125394723,0.0001,3.1622776601683795e-05,10
3.815,0.00526263,6.7,0.02391835698786072,0.9999217328467044,0.0001,3.1622776601683795e-05,10
3.815,0.00526263,6.7,0.027091672761597362,0.9999009001075485,0.0001,3.1622776601683795e-05,10
3.815,0.00526263,6.7,0.030686001274835974,0.9998755055783741,0.0001,3.1622776601683795e-05,10
3.815,0.00526263,6.7,0.03475719947326412,0.999838108587166,0.0001,3.1622776601683795e-05,10
3.815,0.00526263,6.7,0.039368535000842295,0.9997957500318269,0.0001,3.1622776601683795e-05,10
3.815,0.00526263,6.7,0.04459166939801184,0.9997357610622188,0.0001,3.1622776601683795e-05,10
3.815,0.00526263,6.7,0.05050777174357751,0.9996646173490161,0.0001,3.1622776601683795e-05,10
3.815,0.00526263,6.7,0.057208780046594715,0.9995680502883293,0.0001,3.1622776601683795e-05,10
3.815,0.00526263,6.7,0.06479882999067017,0.9994461822234207,0.0001,3.1622776601683795e-05,10
3.815,0.00526263,6.7,0.07339587323379237,0.999291118109187,0.0001,3.1622776601683795e-05,10
3.815,0.00526263,6.7,0.08313351041255745,0.9990921243271742,0.0001,3.1622776601683795e-05,10
3.815,0.00526263,6.7,0.09416306733622737,0.9988367117808524,0.0001,3.1622776601683795e-05,10
3.815,0.00526263,6.7,0.10665594663530001,0.998510331411533,0.0001,3.1622776601683795e-05,10
3.815,0.00526263,6.7,0.12080629140991751,0.9980826223194473,0.0001,3.1622776601683795e-05,10
3.815,0.00526263,6.7,0.13683400227200898,0.9975579183008471,0.0001,3.1622776601683795e-05,10
3.815,0.00526263,6.7,0.15498815466691052,0.9968683051253027,0.0001,3.1622776601683795e-05,10
3.815,0.00526263,6.7,0.17555086958066726,0.9959975134341722,0.0001,3.1622776601683795e-05,10
3.815,0.00526263,6.7,0.19884169778497282,0.9948923967640828,0.0001,3.1622776601683795e-05,10
3.815,0.00526263,6.7,0.22522258575223036,0.9934668028202589,0.0001,3.1622776601683795e-05,10
3.815,0.00526263,6.7,0.25510350041254914,0.991673315810867,0.00011351016540240557,3.589506602540448e-05,10
3.815,0.00526263,6.7,0.2889488001630894,0.9893865344077177,0.00014444331074153958,4.567698547187299e-05,10
3.815,0.00526263,6.7,0.3272844511371582,0.9865330175113659,0.00018289104092533332,5.783522529631223e-05,10
3.815,0.00526263,6.7,0.37070620087604667,0.9828911961287685,0.00023165221800974098,7.325486339406589e-05,10
3.815,0.00526263,6.7,0.4198888364249257,0.9783928796537225,0.000291354083609635,9.213425097975789e-05,10
3.815,0.00526263,6.7,0.4755966707263952,0.9727960971647057,0.0003657446904112755,0.00011565862638127765,10
3.815,0.00526263,6.7,0.5386954202733928,0.9658704458602448,0.0004592141367632928,0.00014521626059200675,10
3.815,0.00526263,6.7,0.6101656586037615,0.957382435650676,0.0005763915695065139,0.00018227101837598383,10
3.815,0.00526263,6.7,0.6911180547078262,0.9470458686782475,0.0007229165859284791,0.00022860629698468238,10
3.815,0.00526263,6.7,0.7828106331584112,0.934563330006062,0.0009028923946518209,0.0002855196449143385,10
3.815,0.00526263,6.7,0.8866683241909145,0.9194622903485591,0.0011173797965267007,0.00035334651684798746,10
3.815,0.00526263,6.7,1.0043051075475513,0.9011942445819999,0.001355711495520281,0.00042871361759172483,10
3.815,0.00526263,6.7,1.1375490942077713,0.8789349256004233,0.0015942220503722755,0.0005041372775240076,10
3.815,0.00526263,6.7,1.2884709357824844,0.851769912172412,0.0018054028417508461,0.0005709185074073208,10
3.815,0.00526263,6.7,1.459416003062604,0.8186148015583171,0.001955732642932125,0.0006184569646006321,10
3.815,0.00526263,6.7,1.653040833786249,0.7789808235509066,0.0020285606917614493,0.0006414872157852944,10
3.815,0.00526263,6.7,1.87235441603385,0.733432337907158,0.0020348770298008554,0.000643484617252903,10
3.815,0.00526263,6.7,2.120764948807535,0.6836848492512024,0.0020171734860764076,0.0006378862651703395,10
3.815,0.00526263,6.7,2.402132806468257,0.6318163787305398,0.0020888404645117205,0.0006605493536581153,10
3.815,0.00526263,6.7,2.7208305301139384,0.5788546376513003,0.0023537267349021075,0.0007443137471921995,10
3.815,0.00526263,6.7,3.0818107781826845,0.5257979087295713,0.002594469729604003,0.0008204433665909834,10
3.815,0.00526263,6.7,3.4906832922538693,0.47721252186379787,0.0027170263187553407,0.0008591991629889543,10
3.815,0.00526263,6.7,3.953802074118781,0.4386144024658668,0.003082344869880825,0.0009747230322958741,10
3.815,0.00526263,6.7,4.478364128878708,0.411841099993291,0.003664455552476899,0.0011588025930277673,10
3.815,0.00526263,6.7,5.072521308567923,0.40194934581010794,0.0040185385743797515,0.0012707734760285974,10
3.815,0.00526263,6.7,5.745506994385029,0.41220726694653764,0.004933409108289954,0.0015600809411616524,10
3.815,0.00526263,6.7,6.507779586212705,0.4413809469469002,0.005523699047756172,0.0017467470100212693,10
3.815,0.00526263,6.7,7.371185029296075,0.48460702655487625,0.005798399786286786,0.0018336150108899806,10
3.815,0.00526263,6.7,8.349140903793153,0.524471446439945,0.005671647578892415,0.0017935324435079559,10
3.815,0.00526263,6.7,9.456844938004338,0.5446773783600674,0.005712773962567755,0.0018065377479419599,10
3.815,0.00526263,6.7,10.711511185639216,0.5437816751836793,0.005871957527952556,0.001856876011210191,10
3.815,0.00526263,6.7,12.132637537386406,0.5456798554437716,0.006371909438441638,0.0020149746869800034,10
3.815,0.00526263,6.7,13.742308723996665,0.5743053956784455,0.006362607545299871,0.0020120331700920553,10
3.815,0.00526263,6.7,15.565539519638255,0.6031726146576902,0.004533450424187748,0.0014336028999889778,10
3.815,0.00526263,6.7,17.630663479007968,0.5725321202138836,0.004784824993992713,0.0015130945186318456,10
3.815,0.00526263,6.7,19.96977324928916,0.5116506004715108,0.003191160738560153,0.0010091336313555197,10
3.815,0.00526263,6.7,22.619219299537335,0.5203633714913721,0.006334700360593852,0.002003208143416651,10
3.815,0.00526263,6.7,25.620174817897542,0.5578819678247305,0.004364896186266272,0.001380301369878399,10
3.815,0.00526263,6.7,29.01927555532642,0.5569095585903419,0.002346160387708455,0.000741921058122243,10
3.815,0.00526263,6.7,32.86934455918252,0.5353098178321279,0.0029113777642337676,0.0009206584864147405,10
3.815,0.00526263,6.7,37.230213059262866,0.5401558006725454,0.004704787338975146,0.001487784389788414,10
3.815,0.00526263,6.7,42.16965026310157,0.5451765741469725,0.002727998715138023,0.0008626689393849013,10
3.815,0.00526263,6.7,47.7644165098289,0.5360658962831734,0.004449935705084905,0.001407193226937562,10
3.815,0.00526263,6.7,54.10145614891841,0.539364102528998,0.00324185327118231,0.0010251640177003601,10
3.815,0.00526263,6.7,61.27924868151651,0.536215722125453,0.005467403980606806,0.0017289449466988572,10
3.815,0.00526263,6.7,69.40933916149723,0.5361166388096714,0.00496369223801257,0.0015696573076218335,10
3.815,0.00526263,6.7,78.61807163913367,0.5340052801821159,0.005542882255505729,0.0017528132729529486,10
3.815,0.00526263,6.7,89.04855258562338,0.5312740373180301,0.004386008130384579,0.0013869775528032033,10
3.815,0.00526263,6.7,100.86287481067406,0.5290124646855954,0.003299792389833135,0.001043485975756295,10
3.815,0.00526263,6.7,114.24463643349699,0.528684147588504,0.002793492203951074,0.0008833797990409012,10
3.815,0.00526263,6.7,129.40179405277735,0.5244436868865868,0.002601303943887009,0.0008226045349061787,10
3.815,0.00526263,6.7,146.56989445473684,0.5195893469752038,0.0026628794787838476,0.0008420764287478978,10
3.815,0.00526263,6.7,166.015735081005,0.5169710619335406,0.00282805897167609,0.0008943107707770057,10
3.815,0.00526263,6.7,188.04151014107364,0.5150496863485591,0.0038775299403449068,0.0012261826306986727,10
3.815,0.00526263,6.7,212.98950680116084,0.5092872811817618,0.0045465139760284675,0.0014377339578038138,10
3.815,0.00526263,6.7,241.2474244296814,0.5053030381437557,0.006836834460562775,0.0021619968880906997,10
3.815,0.00526263,6.7,273.2543995619859,0.5033684279213625,0.006720083460956617,0.0021250769803050113,10
3.815,0.00526263,6.7,309.5078302141449,0.4993736561078842,0.004160136846556232,0.00131555078131081,10
3.815,0.00526263,6.7,350.57110559765135,0.4922017518147294,0.004407911586726733,0.00139390403387033,10
3.815,0.00526263,6.7,397.0823613571479,0.48900664751357165,0.006365019712881112,0.002012795964457529,10
3.815,0.00526263,6.7,449.7643963901872,0.4824226576062074,0.0037560838915976446,0.001187778018011754,10
3.815,0.00526263,6.7,509.435905359406,0.47651845404200743,0.005795787363995618,0.001832788890424952,10
3.815,0.00526263,6.7,577.0242014537112,0.4689283918174444,0.005940880306335023,0.0018786713074457522,10
3.815,0.00526263,6.7,653.5796271140173,0.46190137284467603,0.00825661142201075,0.002610969784851567,10
3.815,0.00526263,6.7,740.2918766705594,0.45441070957933666,0.008881508166314592,0.002808579486293966,10
3.815,0.00526263,6.7,838.508484550442,0.44510485874699485,0.007654492170080063,0.0024205629589377957,10
3.815,0.00526263,6.7,949.7557663677679,0.4348879692841189,0.007503715008605545,0.0023728830339983494,10
3.815,0.00526263,6.7,1075.7625383271368,0.42647872303285006,0.00833125746565622,0.002634574936475569,10
3.815,0.00526263,6.7,1218.4869835472275,0.4156309501591459,0.007859772780285356,0.0024854783877095894,10
3.815,0.00526263,6.7,1380.1470828151496,0.4058805274154168,0.008358745969024022,0.0026432675644867155,10
3.815,0.00526263,6.7,1563.2550826747038,0.39147861902436115,0.011239434227706865,0.0035542211771209258,10
3.815,0.00526263,6.7,1770.6565364929268,0.3804834332246545,0.011644405051399187,0.0036822841959991475,10
3.815,0.00526263,6.7,2005.5745252149188,0.3682434203774056,0.010363583570504955,0.0032772528804295865,10
3.815,0.00526263,6.7,2271.6597450107024,0.35484658750541287,0.009666053366141573,0.003056674462174486,10
3.815,0.00526263,6.7,2573.0472401912275,0.33651827954460384,0.010878608893465353,0.003440118187751454,10
3.815,0.00526263,6.7,2914.420663040149,0.31857287636148957,0.011329874107321784,0.0035828207782103833,10
3.815,0.00526263,6.7,3301.0850591783556,0.3019656980405161,0.01122882063677098,0.0035508648649698544,10
3.815,0.00526263,6.7,3739.0493095678657,0.28512561481390214,0.011899544963425613,0.003762966520400997,10
3.815,0.00526263,6.7,4235.119510328422,0.26669619237956693,0.013102187635040844,0.004143275525762403,10
3.815,0.00526263,6.7,4797.004741517419,0.24728305660420086,0.013382713352975695,0.00423198554685521,10
3.815,0.00526263,6.7,5433.436868551578,0.22707577012990296,0.012971357307886814,0.004101903343679232,10
3.815,0.00526263,6.7,6154.306238020712,0.20602304758736906,0.015723215860096115,0.004972117426038709,10
3.815,0.00526263,6.7,6970.8153766471205,0.18733438890535542,0.013601459617448578,0.0043011591893939985,10
3.815,0.00526263,6.7,7895.65308191872,0.1664437511795023,0.012110950051365007,0.0038298186790846644,10
3.815,0.00526263,6.7,8943.191609816837,0.15041571932811695,0.011382644624173826,0.0035995082808660587,10
3.815,0.00526263,6.7,10129.710023994874,0.13311510625632758,0.009764389055361877,0.0030877709374963484,10
3.815,0.00526263,6.7,11473.647177321744,0.11088877635667027,0.011570431905869618,0.0036588918334430937,10
3.815,0.00526263,6.7,12995.888257198701,0.09662948720130163,0.010580485196653881,0.003345843197112081,10
3.815,0.00526263,6.7,14720.089347650623,0.08132935764404858,0.008206569311258414,0.0025951450799615882,10
3.815,0.00526263,6.7,16673.04505198347,0.06820407269973042,0.007965663089927303,0.002518963843770493,10
3.815,0.00526263,6.7,18885.10488897537,0.0570231013815386,0.006524248194449619,0.002063148431470191,10
3.815,0.00526263,6.7,21390.644933522388,0.046518687362880486,0.00655392858875867,0.0020725341962570414,10
3.815,0.00526263,6.7,24228.602031177405,0.03464431256008491,0.0062561597416942605,0.0019783714189604536,10
3.815,0.00526263,6.7,27443.078888435826,0.027448634721336705,0.006168691715228064,0.0019507116003531467,10
3.815,0.00526263,6.7,31084.029442053292,0.02117443774797127,0.004945356008824628,0.0015638588828285579,10
3.815,0.00526263,6.7,35208.03515824129,0.015547954205000172,0.004806923089268041,0.0015200825499339897,10
3.815,0.00526263,6.7,39879.18432566214,0.012403335020950118,0.005044219071287506,0.001595122128212777,10
3.815,0.00526263,6.7,45170.06800670274,0.01138217905679496,0.002612599646033815,0.0008261765495616548,10
3.815,0.00526263,6.7,51162.90812440708,0.006316230832452435,0.003356470752461068,0.0010614092477516186,10
3.815,0.00526263,6.7,57950.83521588002,0.00519825646139262,0.0027612351598830247,0.0008731792260569551,10
3.815,0.00526263,6.7,65639.33570883177,0.003630582287327469,0.0015826707346549486,0.0005004844307601621,10
3.815,0.00526263,6.7,74347.89121237861,0.0017627561803559813,0.001982505658236333,0.0006269233354198163,10
3.815,0.00526263,6.7,84211.83529716822,0.001019732091428973,0.0014566580361718808,0.00046063571662910814,10
3.815,0.00526263,6.7,95384.45661975493,3.135551556210079e-05,0.0016085354449186305,0.000508663570305519,10
3.815,0.00526263,6.7,108039.38107440669,0.0006748572059642162,0.0016022577443770738,0.0005066783870875397,10
3.815,0.00526263,6.7,122373.26999169975,0.000584238785902703,0.001623331433580469,0.0005133424727460626,10
3.815,0.00526263,6.7,138608.87631472124,-0.00048140051303971015,0.002088259210592497,0.0006603655450297507,10
3.815,0.00526263,6.7,156998.50624677088,-0.0009407382070895533,0.0023841906297810238,0.000753947276613931,10
3.815,0.00526263,6.7,177827.94016561517,0.0003099149206846415,0.0017600536918701555,0.0005565778470497872,10
3.825,0.10321059,6.7,0.010000000000218279,0.9997399191814514,0.0001,3.1622776601683795e-05,10
3.825,0.10321059,6.7,0.011351307054675233,0.999634709723406,0.0001,3.1622776601683795e-05,10
3.825,0.10321059,6.7,0.012885217184670714,0.9995152832370756,0.0001,3.1622776601683795e-05,10
3.825,0.10321059,6.7,0.014626405672618265,0.9993797185653988,0.0001,3.1622776601683795e-05,10
3.825,0.10321059,6.7,0.016602882189250948,0.999225834944005,0.0001,3.1622776601683795e-05,10
3.825,0.10321059,6.7,0.018846441371867226,0.9990511569202963,0.0001,3.1622776601683795e-05,10
3.825,0.10321059,6.7,0.021393174289532996,0.9987809119729082,0.0001,3.1622776601683795e-05,10
3.825,0.10321059,6.7,0.024284049022937213,0.9984065112683173,0.0001,3.1622776601683795e-05,10
3.825,0.10321059,6.7,0.027565569698412937,0.997981517532397,0.0001,3.1622776601683795e-05,10
3.825,0.10321059,6.7,0.03129052457769065,0.9974328621714896,0.0001,3.1622776601683795e-05,10
3.825,0.10321059,6.7,0.035518835237547564,0.9966682444002052,0.0001,3.1622776601683795e-05,10
3.825,0.10321059,6.7,0.040318520499702026,0.995784081583956,0.0001,3.1622776601683795e-05,10
3.825,0.10321059,6.7,0.045766790617234585,0.9945213838679898,0.0001,3.1622776601683795e-05,10
3.825,0.10321059,6.7,0.051951289319191934,0.9929899085823758,0.0001,3.1622776601683795e-05,10
3.825,0.10321059,6.7,0.05897150369355452,0.9910097838232789,0.0001,3.1622776601683795e-05,10
3.825,0.10321059,6.7,0.06694036458868406,0.9884174245125232,0.00011499896567390301,3.636586600930538e-05,10
3.825,0.10321059,6.7,0.0759860632781475,0.9851249993846526,0.00014828799414120226,4.6892781114390337e-05,10
3.825,0.10321059,6.7,0.08625411361274073,0.9809185690880821,0.000191799843069285,6.065243589618009e-05,10
3.825,0.10321059,6.7,0.09790969283256912,0.9755535146872806,0.000248655760195684,7.863185555389971e-05,10
3.825,0.10321059,6.7,0.11114029869471674,0.9686776882165956,0.00032515166705741227,0.00010282198529021615,10
3.825,0.10321059,6.7,0.12615876566045128,0.9598585334899911,0.00042492246304608075,0.00013437228121943447,10
3.825,0.10321059,6.7,0.14320668866193417,0.9488148514707874,0.0005550194449179514,0.00017551255916230918,10
3.825,0.10321059,6.7,0.16255830952494102,0.9348708400586787,0.0007248440762299054,0.00022921582293672154,10
3.825,0.10321059,6.7,0.1845249285666265,0.9173150872702303,0.000947787398259805,0.00029971669161060917,10
3.825,0.10321059,6.7,0.209459912335607,0.8954676062514825,0.0012372325254757853,0.00039124727757457807,10
3.825,0.10321059,6.7,0.23776437805149325,0.8684372889493268,0.001606157742605812,0.0005079116748148832,10
3.825,0.10321059,6.7,0.2698936461867474,0.8356961275013408,0.002067409397806203,0.0006537722553104717,10
3.825,0.10321059,6.7,0.3063645649904774,0.7962333305043969,0.002631588569130268,0.0008321813742915116,10
3.825,0.10321059,6.7,0.3477638247803005,0.7499002825289264,0.0032838187186856912,0.0010384346574142513,10
3.825,0.10321059,6.7,0.3947573957503299,0.6962272350662205,0.0039998825950810545,0.001264873937372114,10
3.825,0.10321059,6.7,0.4481012411168134,0.6359428699106066,0.0047322375695626195,0.0014964649148837379,10
3.825,0.10321059,6.7,0.5086534779386983,0.5706462375455941,0.005406130066905245,0.001709568433853904,10
3.825,0.10321059,6.7,0.5773881812384607,0.5023949471088012,0.005981828584780535,0.0018916202900608118,10
3.825,0.10321059,6.7,0.6554110534835178,0.4338895269811792,0.006393863267689684,0.0020219170973586283,10
3.825,0.10321059,6.7,0.7439772114957187,0.3678587652340824,0.00661960064941789,0.002093301525289029,10
3.825,0.10321059,6.7,0.8445113769184625,0.30776178120187414,0.006577805195476282,0.0020800846422594143,10
3.825,0.10321059,6.7,0.9586307950358789,0.25455601674228767,0.006259077918843174,0.0019792942276010963,10
3.825,0.10321059,6.7,1.088171250628218,0.20946658732319703,0.005688178985392849,0.0017987601332547045,10
3.825,0.10321059,6.7,1.2352165993681232,0.1728712166949638,0.005089885258385642,0.0016095630445413273,10
3.825,0.10321059,6.7,1.402132289815328,0.1442389893348276,0.004823844527908896,0.0015254335786731785,10
3.825,0.10321059,6.7,1.5916034152621248,0.12532549113925237,0.004522457752570136,0.0014301267120007837,10
3.825,0.10321059,6.7,1.80667790755158,0.11772805329098994,0.00416294903432967,0.0013164400731680243,10
3.825,0.10321059,6.7,2.0508155677068496,0.12282770827531828,0.004727312773016646,0.0014949075574739173,10
3.825,0.10321059,6.7,2.3279437221040404,0.14241447964469134,0.006240199343919477,0.001973324298027394,10
3.825,0.10321059,6.7,2.642520399502972,0.1729105608566517,0.007089254782194726,0.002241819202497623,10
3.825,0.10321059,6.7,2.9996060452346534,0.20030168047438454,0.00720117409911334,0.002277211198060927,10
3.825,0.10321059,6.7,3.404944926177538,0.2152209063291716,0.006672743672534099,0.002110106824768449,10
3.825,0.10321059,6.7,3.865057536045609,0.22354281406129867,0.0066783323390658565,0.0021118741163007994,10
3.825,0.10321059,6.7,4.3873454874682505,0.21868244402542963,0.00480577256138939,0.0015197187210731838,10
3.825,0.10321059,6.7,4.980210578210885,0.20825254204006333,0.005302962502195815,0.0016769439853404435,10
3.825,0.10321059,6.7,5.653189946897943,0.19640490848119777,0.0063432829331679244,0.0020059221911684277,10
3.825,0.10321059,6.7,6.417109492424104,0.1796639495939984,0.007382754885000731,0.002334632084333678,10
3.825,0.10321059,6.7,7.284258025038717,0.1756855560121043,0.004567581494785978,0.001444396092196019,10
3.825,0.10321059,6.7,8.268584950589176,0.17215912833007305,0.004109929596572225,0.0012996738548105185,10
3.825,0.10321059,6.7,9.385924667975567,0.16697193072158,0.003419421288298447,0.0010813159550690358,10
3.825,0.10321059,6.7,10.65425128959158,0.1577286339667711,0.0029074596773437313,0.0009194194785504445,10
3.825,0.10321059,6.7,12.093967782318368,0.14747006710393035,0.0035671362764246027,0.0011280275357713736,10
3.825,0.10321059,6.7,13.728234180344895,0.1392809400176162,0.0023284362512946168,0.0007363161940595173,10
3.825,0.10321059,6.7,15.583340149618108,0.13109528321411582,0.003911479978193861,0.0012369185753238344,10
3.825,0.10321059,6.7,17.689127897190275,0.1199814506392098,0.004654948161857219,0.0014720238581482944,10
3.825,0.10321059,6.7,20.07947222860456,0.10991318817138562,0.004005453274060266,0.001266635540740907,10
3.825,0.10321059,6.7,22.792825475773903,0.10030802563527108,0.004833310410504061,0.001528426953579625,10
3.825,0.10321059,6.7,25.872836061348632,0.0896905634180363,0.004140279689556364,0.0013092713969132962,10
3.825,0.10321059,6.7,29.369050650123167,0.08222509853708963,0.004831051745187843,0.0015277127008924978,10
3.825,0.10321059,6.7,33.33771118265806,0.07063382284454417,0.0033695844834302985,0.001065556173600164,10
3.825,0.10321059,6.7,37.842659612617176,0.05980580390875254,0.0036319414621732073,0.0011485207348869613,10
3.825,0.10321059,6.7,42.95636490189982,0.053026770702685876,0.003302987011549822,0.0010444962038450318,10
3.825,0.10321059,6.7,48.76108879434957,0.04466053523311726,0.0033321790490229582,0.0010537275366406416,10
3.825,0.10321059,6.7,55.350209121286355,0.03528343826727838,0.004102672138112366,0.0012973788449347973,10
3.825,0.10321059,6.7,62.82972192624931,0.02679770173646919,0.004254927331439173,0.0013455261645849955,10
3.825,0.10321059,6.7,71.31994657291497,0.021962864214037613,0.004347337023727931,0.0013747486751357727,10
3.825,0.10321059,6.7,80.95746126545187,0.016179522467108083,0.0030588099305276194,0.0009672806310008683,10
3.825,0.10321059,6.7,91.89730011710618,0.010812937410549906,0.0036219839319000502,0.0011453718873336357,10
3.825,0.10321059,6.7,104.31544711021446,0.006206567988181459,0.002023978385659592,0.0006400381633634988,10
3.825,0.10321059,6.7,118.41166706679324,0.004836325151177772,0.003398167937110469,0.0010745950553024903,10
3.825,0.10321059,6.7,134.41271917018034,0.003827608511344427,0.0026363217359922555,0.0008336781330744629,10
3.825,0.10321059,6.7,152.57600473212457,0.003230453698002689,0.0019797488134508873,0.0006260515445520597,10
3.825,0.10321059,6.7,173.19370788521238,0.0013132554254209918,0.0029879233951583474,0.0009448643402803699,10
3.825,0.10321059,6.7,196.59749580998604,0.0007298878064642483,0.0023378016679828917,0.0007392777988566672,10
3.825,0.10321059,6.7,223.1638541070668,-0.0003637378295985181,0.00445255800269729,0.0014080224702533578,10
3.825,0.10321059,6.7,253.32014314187637,-0.00032766772594732647,0.0034920610185274737,0.0011042866546834267,10
3.825,0.10321059,6.7,287.5514727874956,1.9730791261020473e-05,0.0020273817893015677,0.0006411144140940543,10
3.825,0.10321059,6.7,326.40850615637055,-0.0004947808414655726,0.0017605462963412033,0.0005567336222611966,10
3.825,0.10321059,6.7,370.5163178557939,0.00037089430047333,0.0018612279509345278,0.0005885719569721225,10
3.825,0.10321059,6.7,420.58444926569615,-0.00012334022199203456,0.002378966556026494,0.0007522952794410288,10
3.825,0.10321059,6.7,477.4183225932176,0.0007750009008664176,0.00180423236083386,0.0005705483688417769,10
3.825,0.10321059,6.7,541.9321973165318,0.0008407298122410226,0.0012137145966581015,0.0003838102554832189,10
3.825,0.10321059,6.7,615.1638774420524,0.0012052623705490126,0.0017870752983420663,0.0005651228292985858,10
3.825,0.10321059,6.7,698.2914061636919,0.0009770903824600995,0.0017881851199178316,0.0005654737856961673,10
3.825,0.10321059,6.7,792.652016483199,-9.909712826852669e-05,0.0022243871329779914,0.0007034129738182292,10
3.825,0.10321059,6.7,899.7636426411872,0.00036136593449177725,0.002808865582293553,0.0008882412881302749,10
3.825,0.10321059,6.7,1021.3493384030259,-0.00037004141071692156,0.001987829737312113,0.0006286069570520472,10
3.825,0.10321059,6.7,1159.3649950049091,0.00013236903798160166,0.0019064981932754583,0.0006028876645746359,10
3.825,0.10321059,6.7,1316.0308046455484,-0.00087291619254171,0.00104430445487336,0.00033023806480603435,10
3.825,0.10321059,6.7,1493.8669756616864,-0.000210733399141621,0.0011126829692782662,0.000351861249659848,10
3.825,0.10321059,6.7,1695.7342739204687,-0.0004504594455633625,0.0011622678506933062,0.0003675413659379359,10
3.825,0.10321059,6.7,1924.8800425987847,-0.0007679100945261478,0.0014293529161389193,0.00045200107952026315,10
3.825,0.10321059,6.7,2184.990440647822,5.848320955456523e-05,0.0012805383524447864,0.00040494178249249704,10
3.825,0.10321059,6.7,2480.2497402782196,2.3966189264564257e-05,0.0018949846546549626,0.0005992467639777279,10
3.825,0.10321059,6.7,2815.4076373562034,-0.0008395306312920517,0.0010138911672200547,0.00032062053879420216,10
3.825,0.10321059,6.7,3195.8556575010366,0.0009152427964804897,0.0011605593656633583,0.0003670010955336423,10
3.825,0.10321059,6.7,3627.7138869923433,0.00021228616934732865,0.0016380063364690941,0.0005179830845030466,10
3.825,0.10321059,6.7,4117.929423686066,0.0006113643398055447,0.001509339143745841,0.00047729494558851424,10
3.825,0.10321059,6.7,4674.388131672206,-0.00017940121644568645,0.000851956397439452,0.00026941226830603116,10
3.825,0.10321059,6.7,5306.041497418272,0.00017069350847682691,0.0009093564065036843,0.0002875637449417596,10
3.825,0.10321059,6.7,6023.050628072877,5.471297511404519e-05,0.00079912794473391,0.00025270644472483145,10
3.825,0.10321059,6.7,6836.949708361742,4.282453132691605e-05,0.0005858294326412286,0.00018525553275104733,10
3.825,0.10321059,6.7,7760.831545529242,-0.00042315288026512744,0.0005830340568481838,0.00018437155730883524,10
3.825,0.10321059,6.7,8809.558187098928,-9.377427530823805e-06,0.0010552107778869504,0.00033368694696808004,10
3.825,0.10321059,6.7,9999.99999956053,0.00021366066320472094,0.0012000038044441084,0.0003794745222910668,10
3.825,0.06529403,6.7,0.010000000000218279,0.9998367678930394,0.0001,3.1622776601683795e-05,10
3.825,0.06529403,6.7,0.011351307054675233,0.9997707064127523,0.0001,3.1622776601683795e-05,10
3.825,0.06529403,6.7,0.012885217184670714,0.9996957179980317,0.0001,3.1622776601683795e-05,10
3.825,0.06529403,6.7,0.014626405672618265,0.9996105963459296,0.0001,3.1622776601683795e-05,10
3.825,0.06529403,6.7,0.016602882189250948,0.9995139721449305,0.0001,3.1622776601683795e-05,10
3.825,0.06529403,6.7,0.018846441371867226,0.9994042910474878,0.0001,3.1622776601683795e-05,10
3.825,0.06529403,6.7,0.021393174289532996,0.9992345660205766,0.0001,3.1622776601683795e-05,10
3.825,0.06529403,6.7,0.024284049022937213,0.9989994013190229,0.0001,3.1622776601683795e-05,10
3.825,0.06529403,6.7,0.027565569698412937,0.998732458645453,0.0001,3.1622776601683795e-05,10
3.825,0.06529403,6.7,0.03129052457769065,0.9983877263764128,0.0001,3.1622776601683795e-05,10
3.825,0.06529403,6.7,0.035518835237547564,0.9979070807498186,0.0001,3.1622776601683795e-05,10
3.825,0.06529403,6.7,0.040318520499702026,0.9973512599823318,0.0001,3.1622776601683795e-05,10
3.825,0.06529403,6.7,0.045766790617234585,0.9965570370596509,0.0001,3.1622776601683795e-05,10
3.825,0.06529403,6.7,0.051951289319191934,0.9955930984908437,0.0001,3.1622776601683795e-05,10
3.825,0.06529403,6.7,0.05897150369355452,0.9943452562905085,0.0001,3.1622776601683795e-05,10
3.825,0.06529403,6.7,0.06694036458868406,0.992710358754309,0.0001,3.1622776601683795e-05,10
3.825,0.06529403,6.7,0.0759860632781475,0.9906307975274597,0.0001,3.1622776601683795e-05,10
3.825,0.06529403,6.7,0.08625411361274073,0.9879682308241857,0.00010321897446242469,3.26407057048016e-05,10
3.825,0.06529403,6.7,0.09790969283256912,0.9845663365616906,0.00013444317058898083,4.251466349157405e-05,10
3.825,0.06529403,6.7,0.11114029869471674,0.980193448480013,0.00017585697486655375,5.5610858300529504e-05,10
3.825,0.06529403,6.7,0.12615876566045128,0.9745596409951643,0.00022995154757564224,7.271706418195996e-05,10
3.825,0.06529403,6.7,0.14320668866193417,0.9674742332268252,0.0003002326420544881,9.49418976822237e-05,10
3.825,0.06529403,6.7,0.16255830952494102,0.95847269965517,0.0003913198528213875,0.00012374620285574519,10
3.825,0.06529403,6.7,0.1845249285666265,0.9470431155449763,0.0005119354568343998,0.0001618882058595516,10
3.825,0.06529403,6.7,0.209459912335607,0.9326738748381628,0.0006647868789233655,0.000210224069599242,10
3.825,0.06529403,6.7,0.23776437805149325,0.9146500923487164,0.0008665595552971668,0.00027403019229216757,10
3.825,0.06529403,6.7,0.2698936461867474,0.8924881908173277,0.0011197770313634261,0.0003541045890650229,10
3.825,0.06529403,6.7,0.3063645649904774,0.865187797561305,0.0014352856965691376,0.00045387718942197945,10
3.825,0.06529403,6.7,0.3477638247803005,0.8324401592063602,0.0018116836620882073,0.0005729046771913576,10
3.825,0.06529403,6.7,0.3947573957503299,0.7931550074150938,0.0022444794218974135,0.0007097667134573829,10
3.825,0.06529403,6.7,0.4481012411168134,0.7473873068434508,0.002708384852515396,0.0008564664914247867,10
3.825,0.06529403,6.7,0.5086534779386983,0.6952280012143943,0.0031618455425608885,0.0009998633524143266,10
3.825,0.06529403,6.7,0.5773881812384607,0.6375487374567161,0.0035460561144352934,0.0011213614032382214,10
3.825,0.06529403,6.7,0.6554110534835178,0.5757612378199873,0.003816577906004439,0.001206907905045005,10
3.825,0.06529403,6.7,0.7439772114957187,0.5117114349470084,0.003955009354763445,0.0012506837728325398,10
3.825,0.06529403,6.7,0.8445113769184625,0.44826375230176174,0.0039915645572317,0.0012622435428453695,10
3.825,0.06529403,6.7,0.9586307950358789,0.3871375558359797,0.004030231183927882,0.00127447100382491,10
3.825,0.06529403,6.7,1.088171250628218,0.3303981989662565,0.004106147110107483,0.0012984777275657845,10
3.825,0.06529403,6.7,1.2352165993681232,0.2795420677167779,0.004179917592326636,0.0013218060023559319,10
3.825,0.06529403,6.7,1.402132289815328,0.2350339230069391,0.004113179990440547,0.001300701719602173,10
3.825,0.06529403,6.7,1.5916034152621248,0.1991999674353408,0.0035729819553456965,0.001129876101757443,10
3.825,0.06529403,6.7,1.80667790755158,0.1747794547077854,0.002666371654036087,0.0008431807515264527,10
3.825,0.06529403,6.7,2.0508155677068496,0.16548752856924082,0.0028925794745586807,0.0009147139452658505,10
3.825,0.06529403,6.7,2.3279437221040404,0.17349695531031312,0.004024487627203074,0.001272654731712833,10
3.825,0.06529403,6.7,2.642520399502972,0.19640151143426982,0.004464178395366424,0.0014116971610673565,10
3.825,0.06529403,6.7,2.9996060452346534,0.22594175980303075,0.004310612361945779,0.0013631353173826789,10
3.825,0.06529403,6.7,3.404944926177538,0.2559366406504854,0.004012057358529755,0.00126872393561928,10
3.825,0.06529403,6.7,3.865057536045609,0.28338241539175124,0.004465969166899812,0.0014122634527488063,10
3.825,0.06529403,6.7,4.3873454874682505,0.29027039325616066,0.006436574035117505,0.0020354234279271926,10
3.825,0.06529403,6.7,4.980210578210885,0.2838338250252753,0.006514499703463342,0.0020600656879435656,10
3.825,0.06529403,6.7,5.653189946897943,0.27761238826189777,0.005796783864959545,0.0018331040116986083,10
3.825,0.06529403,6.7,6.417109492424104,0.2655561775008045,0.0066381751501956784,0.0020991752981748667,10
3.825,0.06529403,6.7,7.284258025038717,0.2538572461056979,0.004222914107217668,0.0013354026942064329,10
3.825,0.06529403,6.7,8.268584950589176,0.23855973733054542,0.002461548114706191,0.000778409861256498,10
3.825,0.06529403,6.7,9.385924667975567,0.23415322757282322,0.0042971457924412225,0.0013588768141923424,10
3.825,0.06529403,6.7,10.65425128959158,0.2349505081904375,0.004564270569426616,0.0014433490856661795,10
3.825,0.06529403,6.7,12.093967782318368,0.2226718567569333,0.0038448978584376074,0.001215863460336649,10
3.825,0.06529403,6.7,13.728234180344895,0.21022010500850064,0.005045011309134531,0.0015953726558172955,10
3.825,0.06529403,6.7,15.583340149618108,0.20619797504209028,0.0035562652584165493,0.0011245898180323583,10
3.825,0.06529403,6.7,17.689127897190275,0.18895755659327057,0.0033567642316938303,0.0010615020540337672,10
3.825,0.06529403,6.7,20.07947222860456,0.1835413310405626,0.004479227235064127,0.0014164560220261066,10
3.825,0.06529403,6.7,22.792825475773903,0.16830085512461643,0.006337970569385494,0.002004242274237241,10
3.825,0.06529403,6.7,25.872836061348632,0.16009358412139388,0.005402951147770019,0.0017085631713574234,10
3.825,0.06529403,6.7,29.369050650123167,0.1472502073527675,0.00505306001751623,0.0015979178808881612,10
3.825,0.06529403,6.7,33.33771118265806,0.13405191990301527,0.0051918900930021565,0.0016418198055150248,10
3.825,0.06529403,6.7,37.842659612617176,0.11998696728433629,0.004593054067826496,0.0014524512270633228,10
3.825,0.06529403,6.7,42.95636490189982,0.1071954477161712,0.0049912266939047345,0.001578364467097102,10
3.825,0.06529403,6.7,48.76108879434957,0.0964862940245676,0.005645182648386284,0.0017851634976562114,10
3.825,0.06529403,6.7,55.350209121286355,0.08308106175128784,0.005655674432031948,0.0017884812909600115,10
3.825,0.06529403,6.7,62.82972192624931,0.07120234727918937,0.0036722226188109887,0.001161258755063101,10
3.825,0.06529403,6.7,71.31994657291497,0.062237654801243526,0.005759178696299903,0.0018212122132226834,10
3.825,0.06529403,6.7,80.95746126545187,0.05017188051326797,0.003981466778072298,0.0012590503447000602,10
3.825,0.06529403,6.7,91.89730011710618,0.041449374106461774,0.002606636658863003,0.0008242908874498419,10
3.825,0.06529403,6.7,104.31544711021446,0.0338238540827806,0.003912431032085554,0.0012372193249713661,10
3.825,0.06529403,6.7,118.41166706679324,0.025495924115337975,0.002732538407454538,0.0008641045161445565,10
3.825,0.06529403,6.7,134.41271917018034,0.018238973683005068,0.003324946250642997,0.0010514403249668961,10
3.825,0.06529403,6.7,152.57600473212457,0.01258757423395033,0.0027897949760784762,0.0008822106329302944,10
3.825,0.06529403,6.7,173.19370788521238,0.007862625472236654,0.003432894481268202,0.0010855765527829752,10
3.825,0.06529403,6.7,196.59749580998604,0.005620810597983278,0.00424997709078482,0.0013439607610416235,10
3.825,0.06529403,6.7,223.1638541070668,0.003335716574639955,0.002802312410343685,0.000886168993204244,10
3.825,0.06529403,6.7,253.32014314187637,0.0012572628329790608,0.0029735637856262544,0.000940323433037162,10
3.825,0.06529403,6.7,287.5514727874956,0.0006373203813319631,0.001806629174575808,0.0005713063078969516,10
3.825,0.06529403,6.7,326.40850615637055,0.0005371614744464065,0.0012218989721858602,0.00038639838227260494,10
3.825,0.06529403,6.7,370.5163178557939,-6.379730136719602e-05,0.002438511820920016,0.0007711251455351882,10
3.825,0.06529403,6.7,420.58444926569615,-1.967567218923178e-05,0.0023266645681554532,0.0007357559386583299,10
3.825,0.06529403,6.7,477.4183225932176,-0.0004599941144065608,0.001961637869595505,0.0006203243612362158,10
3.825,0.06529403,6.7,541.9321973165318,-0.0009154805231366937,0.001517592610641632,0.0004799049209868642,10
3.825,0.06529403,6.7,615.1638774420524,-0.0004445801592270475,0.001546560679904171,0.0004890654288155779,10
3.825,0.06529403,6.7,698.2914061636919,0.0005616712210754465,0.0018196875307333377,0.0005754357226924995,10
3.825,0.06529403,6.7,792.652016483199,0.00011867712964911394,0.002583168934445686,0.0008168697413838549,10
3.825,0.06529403,6.7,899.7636426411872,-0.0005834878129261682,0.0016460958451771622,0.0005205412117699727,10
3.825,0.06529403,6.7,1021.3493384030259,-6.286136208065361e-05,0.0013824397260356525,0.0004371658262171838,10
3.825,0.06529403,6.7,1159.3649950049091,-0.0005841095834184841,0.0018684206690228098,0.0005908464941447688,10
3.825,0.06529403,6.7,1316.0308046455484,-2.7205440884304804e-05,0.001102817629198139,0.000348741555205313,10
3.825,0.06529403,6.7,1493.8669756616864,-0.0006192354719705814,0.000896325091875938,0.00028344288142876484,10
3.825,0.06529403,6.7,1695.7342739204687,0.0005367965487087455,0.001330176755698712,0.00042063882386212883,10
3.825,0.06529403,6.7,1924.8800425987847,0.0006697243496437907,0.002246635071447324,0.0007104483896988663,10
3.825,0.06529403,6.7,2184.990440647822,0.00012495057539326236,0.0016723025049470593,0.0005288284852437706,10
3.825,0.06529403,6.7,2480.2497402782196,0.00021528255625071543,0.0016935548145720816,0.0005355490556391895,10
3.825,0.06529403,6.7,2815.4076373562034,0.00019040025134952064,0.001837496429270899,0.000581067390892253,10
3.825,0.06529403,6.7,3195.8556575010366,-0.00028036178564618,0.0012367124543278376,0.00039108281663729274,10
3.825,0.06529403,6.7,3627.7138869923433,0.00010189329030578678,0.0013629968327535384,0.00043101744350967713,10
3.825,0.06529403,6.7,4117.929423686066,-0.00023388194141133554,0.0019102029323270098,0.0006040592059285833,10
3.825,0.06529403,6.7,4674.388131672206,-9.922644105588265e-05,0.001035112599096507,0.00032733134478817115,10
3.825,0.06529403,6.7,5306.041497418272,0.0004610327911525072,0.0009470021240241536,0.0002994683660933586,10
3.825,0.06529403,6.7,6023.050628072877,0.0001754699196228715,0.0009694866429271876,0.00030657859527602834,10
3.825,0.06529403,6.7,6836.949708361742,-0.0006061210733237183,0.0009612538453481639,0.0003039751560895449,10
3.825,0.06529403,6.7,7760.831545529242,-8.587554679984882e-05,0.0012146024911198078,0.000384091032365303,10
3.825,0.06529403,6.7,8809.558187098928,-0.00022460427880349474,0.0008241645927706141,0.00026062372800202826,10
3.825,0.06529403,6.7,9999.99999956053,-0.0008566791726563371,0.0013660870071017714,0.0004319946424404214,10
3.825,0.04506436,6.7,0.010000000000218279,0.9998873682894631,0.0001,3.1622776601683795e-05,10
3.825,0.04506436,6.7,0.011351307054675233,0.9998417663059849,0.0001,3.1622776601683795e-05,10
3.825,0.04506436,6.7,0.012885217184670714,0.9997900020943093,0.0001,3.1622776601683795e-05,10
3.825,0.04506436,6.7,0.014626405672618265,0.9997312429481937,0.0001,3.1622776601683795e-05,10
3.825,0.04506436,6.7,0.016602882189250948,0.9996645436372124,0.0001,3.1622776601683795e-05,10
3.825,0.04506436,6.7,0.018846441371867226,0.9995888312012854,0.0001,3.1622776601683795e-05,10
3.825,0.04506436,6.7,0.021393174289532996,0.9994716860498023,0.0001,3.1622776601683795e-05,10
3.825,0.04506436,6.7,0.024284049022937213,0.9993093846744252,0.0001,3.1622776601683795e-05,10
3.825,0.04506436,6.7,0.027565569698412937,0.9991251513996987,0.0001,3.1622776601683795e-05,10
3.825,0.04506436,6.7,0.03129052457769065,0.9988871029850597,0.0001,3.1622776601683795e-05,10
3.825,0.04506436,6.7,0.035518835237547564,0.9985549615329624,0.0001,3.1622776601683795e-05,10
3.825,0.04506436,6.7,0.040318520499702026,0.9981708592820577,0.0001,3.1622776601683795e-05,10
3.825,0.04506436,6.7,0.045766790617234585,0.9976218141670887,0.0001,3.1622776601683795e-05,10
3.825,0.04506436,6.7,0.051951289319191934,0.9969553590695479,0.0001,3.1622776601683795e-05,10
3.825,0.04506436,6.7,0.05897150369355452,0.9960924189035074,0.0001,3.1622776601683795e-05,10
3.825,0.04506436,6.7,0.06694036458868406,0.9949603919233369,0.0001,3.1622776601683795e-05,10
3.825,0.04506436,6.7,0.0759860632781475,0.993518754714103,0.0001,3.1622776601683795e-05,10
3.825,0.04506436,6.7,0.08625411361274073,0.9916718686751876,0.00010190500695588833,3.22251926955909e-05,10
3.825,0.04506436,6.7,0.09790969283256912,0.989308455705447,0.00013104540364576337,4.1440195241674536e-05,10
3.825,0.04506436,6.7,0.11114029869471674,0.9862639264495003,0.00016837242407102463,5.324403552281979e-05,10
3.825,0.04506436,6.7,0.12615876566045128,0.9823332478974214,0.00021713661910384899,6.866462797965922e-05,10
3.825,0.04506436,6.7,0.14320668866193417,0.9773759056124328,0.0002776008180357625,8.778508653189591e-05,10
3.825,0.04506436,6.7,0.16255830952494102,0.9710580955458846,0.00035329747453386357,0.00011172247111123436,10
3.825,0.04506436,6.7,0.1845249285666265,0.9630018863206942,0.0004485478474521378,0.00014184328375145094,10
3.825,0.04506436,6.7,0.209459912335607,0.9528194437813235,0.0005663337618127086,0.00017909046031794483,10
3.825,0.04506436,6.7,0.23776437805149325,0.939955456210398,0.0007081903706475883,0.00022394945882452328,10
3.825,0.04506436,6.7,0.2698936461867474,0.9240165341797593,0.0008747555595543753,0.0002766219964086891,10
3.825,0.04506436,6.7,0.3063645649904774,0.9041593606479985,0.0010660125994403661,0.00033710278286682924,10
3.825,0.04506436,6.7,0.3477638247803005,0.8800793662958087,0.0012788258893159435,0.00040440025410287683,10
3.825,0.04506436,6.7,0.3947573957503299,0.8506682519040332,0.0014967285037875964,0.0004733071110864759,10
3.825,0.04506436,6.7,0.4481012411168134,0.8157525372690282,0.001713555309686279,0.0005418737675283829,10
3.825,0.04506436,6.7,0.5086534779386983,0.7748737516963857,0.0019198722023127304,0.0006071168975751814,10
3.825,0.04506436,6.7,0.5773881812384607,0.7282071720763124,0.0021191979504752746,0.0006701492336262576,10
3.825,0.04506436,6.7,0.6554110534835178,0.6762316023326964,0.002346292652472358,0.0007419628839130548,10
3.825,0.04506436,6.7,0.7439772114957187,0.6197963475938417,0.0026491707317383506,0.0008377413422948105,10
3.825,0.04506436,6.7,0.8445113769184625,0.5605181493549354,0.0030620861632542117,0.0009683166667569498,10
3.825,0.04506436,6.7,0.9586307950358789,0.4996932128256123,0.0035732356302927036,0.0011299563208192294,10
3.825,0.04506436,6.7,1.088171250628218,0.4390467211973901,0.0040949140425768785,0.001294925519715065,10
3.825,0.04506436,6.7,1.2352165993681232,0.3804099796359216,0.004521533183253335,0.001429834337511204,10
3.825,0.04506436,6.7,1.402132289815328,0.32527961368281927,0.004941450896434835,0.001562623977861489,10
3.825,0.04506436,6.7,1.5916034152621248,0.27699176678066084,0.005256074224083971,0.001662116609900759,10
3.825,0.04506436,6.7,1.80667790755158,0.2388046692817969,0.005014373810171746,0.0015856842279639508,10
3.825,0.04506436,6.7,2.0508155677068496,0.21545140007864944,0.004651520957194133,0.0014709400808740043,10
3.825,0.04506436,6.7,2.3279437221040404,0.2104506308446433,0.0051350747248837,0.0016238532085795009,10
3.825,0.04506436,6.7,2.642520399502972,0.22131791712727025,0.006031204853597851,0.0019072344372431584,10
3.825,0.04506436,6.7,2.9996060452346534,0.24203719830244178,0.006431698651512863,0.0020338816962614218,10
3.825,0.04506436,6.7,3.404944926177538,0.2730170374733418,0.00710854828941405,0.00224792034518422,10
3.825,0.04506436,6.7,3.865057536045609,0.3130217992912414,0.007560413364577061,0.002390812628444049,10
3.825,0.04506436,6.7,4.3873454874682505,0.33771435395231586,0.00465429686354722,0.0014718178995387129,10
3.825,0.04506436,6.7,4.980210578210885,0.3441625393080842,0.004741955525779242,0.0014995380024683698,10
3.825,0.04506436,6.7,5.653189946897943,0.3400171525783078,0.006806560773223489,0.0021524235075743047,10
3.825,0.04506436,6.7,6.417109492424104,0.32881583405320985,0.006800406069674638,0.0021504772194205555,10
3.825,0.04506436,6.7,7.284258025038717,0.32054098622239774,0.0071256528356689235,0.00225332927763513,10
3.825,0.04506436,6.7,8.268584950589176,0.3063296999741515,0.006529948954830018,0.0020649511701898824,10
3.825,0.04506436,6.7,9.385924667975567,0.2921952850944775,0.007248172723468048,0.002292073468046481,10
3.825,0.04506436,6.7,10.65425128959158,0.2900682812122473,0.007162570321929615,0.002265003611842306,10
3.825,0.04506436,6.7,12.093967782318368,0.2901203595587938,0.006179320985045649,0.001954072870601952,10
3.825,0.04506436,6.7,13.728234180344895,0.2778348832068631,0.006864801133807462,0.0021708407266937896,10
3.825,0.04506436,6.7,15.583340149618108,0.26344856503001707,0.005022071579199074,0.0015881184762667764,10
3.825,0.04506436,6.7,17.689127897190275,0.26357247006224566,0.004931209130742666,0.0015593852471765864,10
3.825,0.04506436,6.7,20.07947222860456,0.24536936815606342,0.006747905000472565,0.0021338749235932887,10
3.825,0.04506436,6.7,22.792825475773903,0.23886962521955696,0.0037553140143342318,0.0011875345614446378,10
3.825,0.04506436,6.7,25.872836061348632,0.22606704292596097,0.004434770068599121,0.0014023974315914391,10
3.825,0.04506436,6.7,29.369050650123167,0.2140798921438778,0.005777413274139638,0.001826978493037203,10
3.825,0.04506436,6.7,33.33771118265806,0.2016901099971494,0.0048543481470606645,0.0015350796700129704,10
3.825,0.04506436,6.7,37.842659612617176,0.1874115486874956,0.004819335898008565,0.001524007824712,10
3.825,0.04506436,6.7,42.95636490189982,0.17285717777955498,0.007155349420503048,0.002262720162315555,10
3.825,0.04506436,6.7,48.76108879434957,0.1604975111953478,0.0074833098646091886,0.0023664303608971296,10
3.825,0.04506436,6.7,55.350209121286355,0.14408436448169298,0.006731479810196824,0.00212868082236599,10
3.825,0.04506436,6.7,62.82972192624931,0.131542360792437,0.006481478243404766,0.002049623385398628,10
3.825,0.04506436,6.7,71.31994657291497,0.11585360249469567,0.005469528869332265,0.0017296168955135433,10
3.825,0.04506436,6.7,80.95746126545187,0.10311455405910522,0.004143265542490044,0.0013102156065161687,10
3.825,0.04506436,6.7,91.89730011710618,0.08698046299771377,0.004844166263783223,0.001531859875810301,10
3.825,0.04506436,6.7,104.31544711021446,0.07430104757750215,0.004610644554070125,0.0014580138272312956,10
3.825,0.04506436,6.7,118.41166706679324,0.06178055659207247,0.004198831309044035,0.0013277870447405504,10
3.825,0.04506436,6.7,134.41271917018034,0.04832380981500204,0.003397411204200565,0.0010743557553449198,10
3.825,0.04506436,6.7,152.57600473212457,0.03813626005368749,0.0035804947744134674,0.0011322518637477328,10
3.825,0.04506436,6.7,173.19370788521238,0.02943546091270175,0.0035210585398301295,0.0011134564760649911,10
3.825,0.04506436,6.7,196.59749580998604,0.021303261010628887,0.0029388790966527476,0.000929355171328081,10
3.825,0.04506436,6.7,223.1638541070668,0.01311136216721347,0.002663373375744672,0.0008422326126804619,10
3.825,0.04506436,6.7,253.32014314187637,0.0096438322679489,0.0024917067324493536,0.000787946853571574,10
3.825,0.04506436,6.7,287.5514727874956,0.006054391524591208,0.004334799006757994,0.0013707838060390883,10
3.825,0.04506436,6.7,326.40850615637055,0.002905836853489973,0.003546829715848335,0.001121606037484855,10
3.825,0.04506436,6.7,370.5163178557939,0.0018962940752863381,0.0020758494030156957,0.0006564412193030401,10
3.825,0.04506436,6.7,420.58444926569615,0.001336795782341454,0.0028538369669834328,0.0009024624886454394,10
3.825,0.04506436,6.7,477.4183225932176,-0.00020724502575940755,0.003001531858285036,0.0009491677141738451,10
3.825,0.04506436,6.7,541.9321973165318,-0.0010661619010354625,0.0031562744062480926,0.000998101604423956,10
3.825,0.04506436,6.7,615.1638774420524,0.0006687569356351164,0.002646565806004665,0.0008369175924494072,10
3.825,0.04506436,6.7,698.2914061636919,-0.0008050632618451615,0.0018287121561853734,0.0005782895598383354,10
3.825,0.04506436,6.7,792.652016483199,-0.0009222589989539362,0.002694004589413873,0.0008519190529494578,10
3.825,0.04506436,6.7,899.7636426411872,-3.235903459100738e-05,0.003196207046232822,0.0010107294139574815,10
3.825,0.04506436,6.7,1021.3493384030259,-0.0010867707194933743,0.002034635752228874,0.0006434083185853254,10
3.825,0.04506436,6.7,1159.3649950049091,-0.00017786804454537168,0.0014932597468433613,0.00047221019382714507,10
3.825,0.04506436,6.7,1316.0308046455484,0.000994703937225921,0.0015218967046242702,0.0004812659950117204,10
3.825,0.04506436,6.7,1493.8669756616864,-0.0005217673407600596,0.0009194377151386871,0.00029075173464993286,10
3.825,0.04506436,6.7,1695.7342739204687,0.0003786794352668249,0.002009507901676733,0.0006354621945404169,10
3.825,0.04506436,6.7,1924.8800425987847,0.0003054860036309813,0.0018244462652033892,0.0005769405666630311,10
3.825,0.04506436,6.7,2184.990440647822,5.0060145169361095e-05,0.001668055171806205,0.000527485360573109,10
3.825,0.04506436,6.7,2480.2497402782196,-0.00042015700878213577,0.0015461514738044529,0.0004889360264848236,10
3.825,0.04506436,6.7,2815.4076373562034,-0.0005256273011980215,0.001784567706247186,0.0005643298590523402,10
3.825,0.04506436,6.7,3195.8556575010366,-0.0006525087665076844,0.0020976657702851146,0.0006633401603872513,10
3.825,0.04506436,6.7,3627.7138869923433,0.0008484549676340133,0.0015500286471200597,0.000490162096340878,10
3.825,0.04506436,6.7,4117.929423686066,-1.4038219970164534e-05,0.0013811410245059448,0.0004367551407337217,10
3.825,0.04506436,6.7,4674.388131672206,0.0004159012163613613,0.0014898704854187075,0.0004711384152583798,10
3.825,0.04506436,6.7,5306.041497418272,0.00019687317382529403,0.0010860611632585084,0.0003434426954148864,10
3.825,0.04506436,6.7,6023.050628072877,9.241922129722883e-05,0.0008568637483239025,0.00027096410891328177,10
3.825,0.04506436,6.7,6836.949708361742,0.0002871546764168268,0.0008220019944668066,0.0002599398543716234,10
3.825,0.04506436,6.7,7760.831545529242,-6.661023143027323e-05,0.0013823906847688886,0.00043715031800695245,10
3.825,0.04506436,6.7,8809.558187098928,-0.0006630828634690263,0.0007428361974084372,0.00023490543122291292,10
3.825,0.04506436,6.7,9999.99999956053,-0.0002761492844556415,0.0018366372265156987,0.0005807956871244205,10
3.825,0.02759231,6.7,0.010000000000218279,0.9999307491961291,0.0001,3.1622776601683795e-05,10
3.825,0.02759231,6.7,0.011351307054675233,0.999902710664799,0.0001,3.1622776601683795e-05,10
3.825,0.02759231,6.7,0.012885217184670714,0.9998708832669505,0.0001,3.1622776601683795e-05,10
3.825,0.02759231,6.7,0.014626405672618265,0.9998347550103783,0.0001,3.1622776601683795e-05,10
3.825,0.02759231,6.7,0.016602882189250948,0.9997937447170091,0.0001,3.1622776601683795e-05,10
3.825,0.02759231,6.7,0.018846441371867226,0.9997471926737669,0.0001,3.1622776601683795e-05,10
3.825,0.02759231,6.7,0.021393174289532996,0.9996751148864915,0.0001,3.1622776601683795e-05,10
3.825,0.02759231,6.7,0.024284049022937213,0.99957521813973,0.0001,3.1622776601683795e-05,10
3.825,0.02759231,6.7,0.027565569698412937,0.9994618222751068,0.0001,3.1622776601683795e-05,10
3.825,0.02759231,6.7,0.03129052457769065,0.9993153182345258,0.0001,3.1622776601683795e-05,10
3.825,0.02759231,6.7,0.035518835237547564,0.9991109342167214,0.0001,3.1622776601683795e-05,10
3.825,0.02759231,6.7,0.040318520499702026,0.9988745617992569,0.0001,3.1622776601683795e-05,10
3.825,0.02759231,6.7,0.045766790617234585,0.9985364627020339,0.0001,3.1622776601683795e-05,10
3.825,0.02759231,6.7,0.051951289319191934,0.9981260172960468,0.0001,3.1622776601683795e-05,10
3.825,0.02759231,6.7,0.05897150369355452,0.9975944582895184,0.0001,3.1622776601683795e-05,10
3.825,0.02759231,6.7,0.06694036458868406,0.9968966823829195,0.0001,3.1622776601683795e-05,10
3.825,0.02759231,6.7,0.0759860632781475,0.9960081169206434,0.0001,3.1622776601683795e-05,10
3.825,0.02759231,6.7,0.08625411361274073,0.9948690518065634,0.0001,3.1622776601683795e-05,10
3.825,0.02759231,6.7,0.09790969283256912,0.9934098918056289,0.0001114420816514895,3.524108052091657e-05,10
3.825,0.02759231,6.7,0.11114029869471674,0.9915289902135267,0.000143207003756188,4.528603087578425e-05,10
3.825,0.02759231,6.7,0.12615876566045128,0.9890962376237619,0.00018416998278210353,5.8239662222544104e-05,10
3.825,0.02759231,6.7,0.14320668866193417,0.986022573097969,0.00023538322559351485,7.443471158727459e-05,10
3.825,0.02759231,6.7,0.16255830952494102,0.9820949121016612,0.000300218886262717,9.493754771892215e-05,10
3.825,0.02759231,6.7,0.1845249285666265,0.9770681948636625,0.0003830648346589329,0.00012113573690380374,10
3.825,0.02759231,6.7,0.209459912335607,0.970686826118716,0.00048653152927005075,0.00015385477859782394,10
3.825,0.02759231,6.7,0.23776437805149325,0.962575004518226,0.0006150454352596914,0.00019449444399102594,10
3.825,0.02759231,6.7,0.2698936461867474,0.9524534519304153,0.0007736878972832648,0.0002446615953521516,10
3.825,0.02759231,6.7,0.3063645649904774,0.9397149992182585,0.0009709392653224797,0.0003070379548109576,10
3.825,0.02759231,6.7,0.3477638247803005,0.9241060791597505,0.0012110332843190917,0.0003829623500722605,10
3.825,0.02759231,6.7,0.3947573957503299,0.9047107481083504,0.0015071253225433536,0.00047659487385529097,10
3.825,0.02759231,6.7,0.4481012411168134,0.8812576051034515,0.0018678156478393914,0.0005906551696475436,10
3.825,0.02759231,6.7,0.5086534779386983,0.8530647080193858,0.0023055799256648303,0.0007290883892662565,10
3.825,0.02759231,6.7,0.5773881812384607,0.8198835054578104,0.002823211759322527,0.0008927779476430295,10
3.825,0.02759231,6.7,0.6554110534835178,0.7815607689726217,0.003412045392705481,0.0010789834920832985,10
3.825,0.02759231,6.7,0.7439772114957187,0.7381466296400261,0.00403966728297147,0.0012774549603453776,10
3.825,0.02759231,6.7,0.8445113769184625,0.6900395624841438,0.004648455197067394,0.0014699706023979819,10
3.825,0.02759231,6.7,0.9586307950358789,0.637660130936606,0.005166895495174512,0.0016339158196814994,10
3.825,0.02759231,6.7,1.088171250628218,0.5815732960063895,0.005487291971664626,0.0017352340816816348,10
3.825,0.02759231,6.7,1.2352165993681232,0.5224855301036817,0.005491632206243059,0.0017366065843663614,10
3.825,0.02759231,6.7,1.402132289815328,0.46134950709196215,0.005156303889429045,0.0016305664598580793,10
3.825,0.02759231,6.7,1.5916034152621248,0.4014795760291654,0.004538160833501484,0.0014350924622032854,10
3.825,0.02759231,6.7,1.80667790755158,0.3477961098699571,0.0037756088599702514,0.0011939523551417728,10
3.825,0.02759231,6.7,2.0508155677068496,0.3058558315773229,0.0032488369598852682,0.0010273724539774536,10
3.825,0.02759231,6.7,2.3279437221040404,0.2794418193160645,0.0035532053223153587,0.0011236221812749244,10
3.825,0.02759231,6.7,2.642520399502972,0.26861781869122897,0.004801059982750995,0.0015182284728581855,10
3.825,0.02759231,6.7,2.9996060452346534,0.27148208188631534,0.0063957926503119605,0.002022527221715062,10
3.825,0.02759231,6.7,3.404944926177538,0.29074044119907205,0.007307777001096576,0.0023109219956059975,10
3.825,0.02759231,6.7,3.865057536045609,0.32961803250838434,0.007016359118995995,0.0022187675697719726,10
3.825,0.02759231,6.7,4.3873454874682505,0.3736192238578904,0.005997081268255185,0.0018964436120817623,10
3.825,0.02759231,6.7,4.980210578210885,0.40614766942284763,0.004619475641501041,0.0014608064622810735,10
3.825,0.02759231,6.7,5.653189946897943,0.418101819992979,0.004977106794884221,0.0015738993629734615,10
3.825,0.02759231,6.7,6.417109492424104,0.40828146712663516,0.0046057410578002,0.0014564632055601853,10
3.825,0.02759231,6.7,7.284258025038717,0.40472722001963535,0.004840566780898869,0.001530721619378966,10
3.825,0.02759231,6.7,8.268584950589176,0.4044681478494896,0.006316317735039125,0.001997395046803956,10
3.825,0.02759231,6.7,9.385924667975567,0.3865583522267665,0.007659044582510789,0.0024220025581507517,10
3.825,0.02759231,6.7,10.65425128959158,0.36234164670652336,0.005536138661102547,0.0017506807611599067,10
3.825,0.02759231,6.7,12.093967782318368,0.3599501305828029,0.006033795375084926,0.0019080536320658346,10
3.825,0.02759231,6.7,13.728234180344895,0.3718193990926776,0.005666745782284586,0.001791982359317193,10
3.825,0.02759231,6.7,15.583340149618108,0.3607609116611703,0.006466869390449174,0.0020450036604644124,10
3.825,0.02759231,6.7,17.689127897190275,0.338928509884778,0.005401382530157731,0.001708067130914155,10
3.825,0.02759231,6.7,20.07947222860456,0.3472362266549057,0.008967136332059403,0.0028356574898555672,10
3.825,0.02759231,6.7,22.792825475773903,0.3356231092420342,0.004349403187561888,0.0013754020535092096,10
3.825,0.02759231,6.7,25.872836061348632,0.322834990319592,0.005219723074673937,0.0016506213671306795,10
3.825,0.02759231,6.7,29.369050650123167,0.31524469797606114,0.004976138452554174,0.0015735931462416914,10
3.825,0.02759231,6.7,33.33771118265806,0.3033286951918369,0.007554998677267571,0.0023891003539724897,10
3.825,0.02759231,6.7,37.842659612617176,0.29118581121969334,0.006448636559429375,0.0020392379330428593,10
3.825,0.02759231,6.7,42.95636490189982,0.27801601997758885,0.00467407962308051,0.0014780737573915736,10
3.825,0.02759231,6.7,48.76108879434957,0.2642404630431632,0.0063829152241063405,0.0020184550219940122,10
3.825,0.02759231,6.7,55.350209121286355,0.25069079591715465,0.006631672848217266,0.0020971190897462666,10
3.825,0.02759231,6.7,62.82972192624931,0.23587683574565826,0.007947213273802508,0.002513129499633928,10
3.825,0.02759231,6.7,71.31994657291497,0.2209805102061894,0.0070585826692747,0.002232119828749907,10
3.825,0.02759231,6.7,80.95746126545187,0.20301891729512805,0.0048136728500279636,0.0015222170117002482,10
3.825,0.02759231,6.7,91.89730011710618,0.1896947428364609,0.006236729220296181,0.0019722269485861967,10
3.825,0.02759231,6.7,104.31544711021446,0.17249433159455643,0.005336270136222608,0.0016874767840400426,10
3.825,0.02759231,6.7,118.41166706679324,0.1553956998740719,0.00695014777819181,0.0021978297053844857,10
3.825,0.02759231,6.7,134.41271917018034,0.13873609594259675,0.00549756344173863,0.0017384822057168454,10
3.825,0.02759231,6.7,152.57600473212457,0.11949119489331783,0.004765263924381777,0.0015069087652878795,10
3.825,0.02759231,6.7,173.19370788521238,0.10199110442228634,0.004810963899123467,0.00152136036620747,10
3.825,0.02759231,6.7,196.59749580998604,0.08698410235899436,0.004842618312572703,0.001531370370657095,10
3.825,0.02759231,6.7,223.1638541070668,0.0754266202854115,0.003926218754810222,0.0012415793857270476,10
3.825,0.02759231,6.7,253.32014314187637,0.0598648303259781,0.004217781034139204,0.0013337794739740289,10
3.825,0.02759231,6.7,287.5514727874956,0.04733003557179307,0.0038268691829015477,0.0012101622925476383,10
3.825,0.02759231,6.7,326.40850615637055,0.03666807519165997,0.0034012914957047323,0.0010755828112587768,10
3.825,0.02759231,6.7,370.5163178557939,0.027130442132777134,0.002981701334068077,0.0009428967518017732,10
3.825,0.02759231,6.7,420.58444926569615,0.019465383002557728,0.0022475865478340366,0.0007107492729510542,10
3.825,0.02759231,6.7,477.4183225932176,0.014104729089486668,0.0028018495903090737,0.000886022636658631,10
3.825,0.02759231,6.7,541.9321973165318,0.008644610913514424,0.003065853588637015,0.0009695080312693888,10
3.825,0.02759231,6.7,615.1638774420524,0.005352071368729472,0.00325389195165793,0.001028970982732956,10
3.825,0.02759231,6.7,698.2914061636919,0.0019487157830941325,0.0033109684984823045,0.0010470201716271835,10
3.825,0.02759231,6.7,792.652016483199,0.000488714369789621,0.0035288485139952394,0.0011159198821925527,10
3.825,0.02759231,6.7,899.7636426411872,-0.00011252296232015881,0.00327825569316704,0.0010366754742821935,10
3.825,0.02759231,6.7,1021.3493384030259,0.00026711254732934327,0.0030222385272859428,0.0009557157378536519,10
3.825,0.02759231,6.7,1159.3649950049091,0.00011629634969737455,0.0023991249712591515,0.000758669930056492,10
3.825,0.02759231,6.7,1316.0308046455484,0.0009835917295579473,0.001981145618883656,0.0006264932532136242,10
3.825,0.02759231,6.7,1493.8669756616864,4.21112856438161e-05,0.0015865774842772293,0.000501719853465603,10
3.825,0.02759231,6.7,1695.7342739204687,-0.00040280771153354447,0.0017483381616082844,0.0005528730710873731,10
3.825,0.02759231,6.7,1924.8800425987847,-0.0001351051568119797,0.0010297602011149279,0.00032563876793162335,10
3.825,0.02759231,6.7,2184.990440647822,-0.000297763755445371,0.001933304852099894,0.0006113646744090626,10
3.825,0.02759231,6.7,2480.2497402782196,-0.0001227087929229851,0.0032654747058130677,0.0010326337712037574,10
3.825,0.02759231,6.7,2815.4076373562034,0.00030602848388646786,0.00303916255773079,0.0009610675861932269,10
3.825,0.02759231,6.7,3195.8556575010366,0.001155909615420001,0.0015610472312513547,0.0004936464785853861,10
3.825,0.02759231,6.7,3627.7138869923433,0.00030366549493060925,0.0025635379045066257,0.0008106618646416162,10
3.825,0.02759231,6.7,4117.929423686066,-0.0002618349488467895,0.002454617732611852,0.000776218282009162,10
3.825,0.02759231,6.7,4674.388131672206,-0.000861171042263,0.0010540574747466822,0.0003333222404924929,10
3.825,0.02759231,6.7,5306.041497418272,0.00018986360844277551,0.0009451476553689261,0.00029888193161336775,10
3.825,0.02759231,6.7,6023.050628072877,-0.00011567480654957666,0.0011306905483393559,0.000357555746157708,10
3.825,0.02759231,6.7,6836.949708361742,-0.00032464709980053986,0.0011980881484527602,0.000378868738676466,10
3.825,0.02759231,6.7,7760.831545529242,-0.00016333377687259034,0.0015581451055472258,0.0004927287458572694,10
3.825,0.02759231,6.7,8809.558187098928,0.00011642519463005139,0.001438081207248048,0.0004547612075188475,10
3.825,0.02759231,6.7,9999.99999956053,-0.0004543267298338507,0.0015379840318015126,0.00048635325454616173,10
3.825,0.01691592,6.7,0.010000000000218279,0.999957721132918,0.0001,3.1622776601683795e-05,10
3.825,0.01691592,6.7,0.011351307054675233,0.9999405634923185,0.0001,3.1622776601683795e-05,10
3.825,0.01691592,6.7,0.012885217184670714,0.9999210873276414,0.0001,3.1622776601683795e-05,10
3.825,0.01691592,6.7,0.014626405672618265,0.9998989793350923,0.0001,3.1622776601683795e-05,10
3.825,0.01691592,6.7,0.016602882189250948,0.9998738838739136,0.0001,3.1622776601683795e-05,10
3.825,0.01691592,6.7,0.018846441371867226,0.9998453972453628,0.0001,3.1622776601683795e-05,10
3.825,0.01691592,6.7,0.021393174289532996,0.9998013178905945,0.0001,3.1622776601683795e-05,10
3.825,0.01691592,6.7,0.024284049022937213,0.9997402445658968,0.0001,3.1622776601683795e-05,10
3.825,0.01691592,6.7,0.027565569698412937,0.9996709183597492,0.0001,3.1622776601683795e-05,10
3.825,0.01691592,6.7,0.03129052457769065,0.9995813232304211,0.0001,3.1622776601683795e-05,10
3.825,0.01691592,6.7,0.035518835237547564,0.9994562791447237,0.0001,3.1622776601683795e-05,10
3.825,0.01691592,6.7,0.040318520499702026,0.9993116610867692,0.0001,3.1622776601683795e-05,10
3.825,0.01691592,6.7,0.045766790617234585,0.9991047547042642,0.0001,3.1622776601683795e-05,10
3.825,0.01691592,6.7,0.051951289319191934,0.9988535840666228,0.0001,3.1622776601683795e-05,10
3.825,0.01691592,6.7,0.05897150369355452,0.9985283202332923,0.0001,3.1622776601683795e-05,10
3.825,0.01691592,6.7,0.06694036458868406,0.998101035638301,0.0001,3.1622776601683795e-05,10
3.825,0.01691592,6.7,0.0759860632781475,0.9975566172482463,0.0001,3.1622776601683795e-05,10
3.825,0.01691592,6.7,0.08625411361274073,0.9968581305208464,0.0001,3.1622776601683795e-05,10
3.825,0.01691592,6.7,0.09790969283256912,0.9959629191588224,0.0001,3.1622776601683795e-05,10
3.825,0.01691592,6.7,0.11114029869471674,0.9948077952844201,0.0001,3.1622776601683795e-05,10
3.825,0.01691592,6.7,0.12615876566045128,0.9933115041285809,0.0001,3.1622776601683795e-05,10
3.825,0.01691592,6.7,0.14320668866193417,0.9914186078945079,0.0001,3.1622776601683795e-05,10
3.825,0.01691592,6.7,0.16255830952494102,0.9889947227646962,0.00012171398630144387,3.8489341981109606e-05,10
3.825,0.01691592,6.7,0.1845249285666265,0.9858841590008609,0.00015850640970434637,5.012412784015509e-05,10
3.825,0.01691592,6.7,0.209459912335607,0.9819217865185659,0.0002067389139404576,6.537658490413822e-05,10
3.825,0.01691592,6.7,0.23776437805149325,0.9768622841014819,0.00026997517138793823,8.537364532802065e-05,10
3.825,0.01691592,6.7,0.2698936461867474,0.9705174461522521,0.000351197257757764,0.00011105832425197731,10
3.825,0.01691592,6.7,0.3063645649904774,0.9624720312467948,0.0004570442093336128,0.0001445300692885004,10
3.825,0.01691592,6.7,0.3477638247803005,0.9525426300668933,0.0005907928304821703,0.00018682509696214112,10
3.825,0.01691592,6.7,0.3947573957503299,0.9400579532410219,0.0007605911270765263,0.0002405200329676388,10
3.825,0.01691592,6.7,0.4481012411168134,0.9247721652902705,0.0009697400631639259,0.00030665873379135555,10
3.825,0.01691592,6.7,0.5086534779386983,0.9060735636154094,0.0012294562812045708,0.00038878821322069066,10
3.825,0.01691592,6.7,0.5773881812384607,0.8836263853994843,0.0015450134715236544,0.0004885761585658446,10
3.825,0.01691592,6.7,0.6554110534835178,0.8570736428142377,0.001923859206761989,0.0006083776990852696,10
3.825,0.01691592,6.7,0.7439772114957187,0.8261189434877215,0.002366937796389025,0.0007484914516529185,10
3.825,0.01691592,6.7,0.8445113769184625,0.7905121754566204,0.002844076704795554,0.0008993760227380278,10
3.825,0.01691592,6.7,0.9586307950358789,0.7500526487142535,0.003278248162835182,0.0010366730929821726,10
3.825,0.01691592,6.7,1.088171250628218,0.7044126670390979,0.003571763032635755,0.001129490644551931,10
3.825,0.01691592,6.7,1.2352165993681232,0.6532532082188193,0.0036598152774607023,0.0011573352092256917,10
3.825,0.01691592,6.7,1.402132289815328,0.5965172017999499,0.0036284104613884616,0.0011474041343969973,10
3.825,0.01691592,6.7,1.5916034152621248,0.5356978416297762,0.0036152054932140193,0.00114322835681087,10
3.825,0.01691592,6.7,1.80667790755158,0.4745395194835097,0.0037336324004265346,0.0011806782331149671,10
3.825,0.01691592,6.7,2.0508155677068496,0.4189089110236662,0.003985553486833779,0.0012603426754820648,10
3.825,0.01691592,6.7,2.3279437221040404,0.3743218214449767,0.004173291084028453,0.0013197105164403054,10
3.825,0.01691592,6.7,2.642520399502972,0.3425875195447747,0.0044741766025616445,0.0014148588717928746,10
3.825,0.01691592,6.7,2.9996060452346534,0.3234307177650193,0.005277205905451474,0.0016687990342917841,10
3.825,0.01691592,6.7,3.404944926177538,0.3208085614060039,0.006426126787905313,0.0020321197182802554,10
3.825,0.01691592,6.7,3.865057536045609,0.3395351981323612,0.007002937724891426,0.0022145233522974533,10
3.825,0.01691592,6.7,4.3873454874682505,0.37391318724007494,0.007115524375675495,0.002250126377358217,10
3.825,0.01691592,6.7,4.980210578210885,0.41801448485456605,0.007474202766941157,0.0023635504437466708,10
3.825,0.01691592,6.7,5.653189946897943,0.458418548626155,0.00682367555935782,0.0021578356781594204,10
3.825,0.01691592,6.7,6.417109492424104,0.4707916947582415,0.005157497153150953,0.0016309438029791274,10
3.825,0.01691592,6.7,7.284258025038717,0.4692971830409432,0.004418782578923753,0.0013973417434471802,10
3.825,0.01691592,6.7,8.268584950589176,0.46974432562185575,0.005443989141646464,0.0017215405244827844,10
3.825,0.01691592,6.7,9.385924667975567,0.47706042422439027,0.006854455243988964,0.00216756906906903,10
3.825,0.01691592,6.7,10.65425128959158,0.467165179084385,0.005790180170789913,0.0018310157402438873,10
3.825,0.01691592,6.7,12.093967782318368,0.43286674605391173,0.00572983271404499,0.0018119321988126424,10
3.825,0.01691592,6.7,13.728234180344895,0.41904324158862033,0.007801428041500395,0.002467028161304785,10
3.825,0.01691592,6.7,15.583340149618108,0.4408519722799681,0.006565833126116727,0.0020762987415112438,10
3.825,0.01691592,6.7,17.689127897190275,0.4464693002528349,0.0027942532253614726,0.0008836204551414024,10
3.825,0.01691592,6.7,20.07947222860456,0.4179017672244534,0.005023262058061605,0.0015884949387379647,10
3.825,0.01691592,6.7,22.792825475773903,0.4157198890768215,0.004098659004026955,0.001296109780508242,10
3.825,0.01691592,6.7,25.872836061348632,0.41939128321273395,0.003231683555254512,0.0010219480711514868,10
3.825,0.01691592,6.7,29.369050650123167,0.4030793750579586,0.0016668104759499736,0.0005270917531831225,10
3.825,0.01691592,6.7,33.33771118265806,0.39988557912441436,0.0027448438310072425,0.0008679958327445193,10
3.825,0.01691592,6.7,37.842659612617176,0.389060190657244,0.0036304681494395614,0.0011480548324925561,10
3.825,0.01691592,6.7,42.95636490189982,0.37739961246818116,0.004606290841996681,0.0014566370625884297,10
3.825,0.01691592,6.7,48.76108879434957,0.3682459671606561,0.004924032386029869,0.0015571157612287855,10
3.825,0.01691592,6.7,55.350209121286355,0.35862087976482815,0.007486625254002597,0.002367478779078483,10
3.825,0.01691592,6.7,62.82972192624931,0.3478127564413108,0.005057337825898429,0.0015992706426763122,10
3.825,0.01691592,6.7,71.31994657291497,0.33439904234809215,0.008033613327236438,0.002540451595515075,10
3.825,0.01691592,6.7,80.95746126545187,0.32176141186586277,0.007425232304769882,0.002348064623893436,10
3.825,0.01691592,6.7,91.89730011710618,0.3077294615734306,0.00828622394254592,0.0026203340860665313,10
3.825,0.01691592,6.7,104.31544711021446,0.29102482219448217,0.008181763867347598,0.002587300909848615,10
3.825,0.01691592,6.7,118.41166706679324,0.27438107998698885,0.007171628104745339,0.0022678679342671877,10
3.825,0.01691592,6.7,134.41271917018034,0.25850021526413214,0.007105503929949034,0.0022469576341916453,10
3.825,0.01691592,6.7,152.57600473212457,0.24032540330609048,0.007648040101948372,0.002418522635846323,10
3.825,0.01691592,6.7,173.19370788521238,0.22098429238389694,0.0076383933497755655,0.0024154720649573985,10
3.825,0.01691592,6.7,196.59749580998604,0.20497274704249793,0.009834183545369194,0.003109841893151647,10
3.825,0.01691592,6.7,223.1638541070668,0.1878495636433269,0.007473169211723212,0.002363223604889045,10
3.825,0.01691592,6.7,253.32014314187637,0.1667191865299168,0.006395400285294933,0.002022403145002265,10
3.825,0.01691592,6.7,287.5514727874956,0.15003068192856434,0.00957363405954201,0.0030274489113116805,10
3.825,0.01691592,6.7,326.40850615637055,0.13241980469614906,0.005557252107446935,0.0017573574191303088,10
3.825,0.01691592,6.7,370.5163178557939,0.11464599952901826,0.004396635938439984,0.0013903383608022198,10
3.825,0.01691592,6.7,420.58444926569615,0.096583484207465,0.0038509104793069157,0.0012177648180020566,10
3.825,0.01691592,6.7,477.4183225932176,0.0805432013281985,0.004638179302284628,0.0014667210791470039,10
3.825,0.01691592,6.7,541.9321973165318,0.06575162187406705,0.004612246359714768,0.001458520362651894,10
3.825,0.01691592,6.7,615.1638774420524,0.05393228125018005,0.0034032690192258414,0.0010762081591041029,10
3.825,0.01691592,6.7,698.2914061636919,0.04243455343499036,0.005499650211203078,0.0017391421001627801,10
3.825,0.01691592,6.7,792.652016483199,0.031704974832969836,0.004994498076269258,0.0015793989690340222,10
3.825,0.01691592,6.7,899.7636426411872,0.02433350294567671,0.002464145941032123,0.000779231366072047,10
3.825,0.01691592,6.7,1021.3493384030259,0.016318633509501294,0.00326089576592729,0.0010311857832729526,10
3.825,0.01691592,6.7,1159.3649950049091,0.010793427167123764,0.0031715230413915025,0.0010029236462501623,10
3.825,0.01691592,6.7,1316.0308046455484,0.006861349801024231,0.0031736804424330896,0.0010036058763619458,10
3.825,0.01691592,6.7,1493.8669756616864,0.004618856431082773,0.0024596067584859147,0.000777795950515917,10
3.825,0.01691592,6.7,1695.7342739204687,0.0030763997381287223,0.002088349951779716,0.0006603942399126708,10
3.825,0.01691592,6.7,1924.8800425987847,0.0015721152936624082,0.002189345328907441,0.0006923317823997993,10
3.825,0.01691592,6.7,2184.990440647822,0.00040329818601996285,0.0012703372442488363,0.00040171590883679567,10
3.825,0.01691592,6.7,2480.2497402782196,-0.0011976729163808001,0.002173885345406179,0.000687442906354538,10
3.825,0.01691592,6.7,2815.4076373562034,-0.0008842685758467115,0.0032731065253175135,0.001035047164436292,10
3.825,0.01691592,6.7,3195.8556575010366,0.0004114637185591061,0.0018448455939541575,0.0005833914008221297,10
3.825,0.01691592,6.7,3627.7138869923433,-0.00030868029521430643,0.00165317696255179,0.0005227804576982542,10
3.825,0.01691592,6.7,4117.929423686066,-0.0001430050002132419,0.0017779916742842585,0.0005622503351554483,10
3.825,0.01691592,6.7,4674.388131672206,0.000854254744082516,0.0016051251018002206,0.0005075851251198333,10
3.825,0.01691592,6.7,5306.041497418272,0.0007562742194527986,0.0018881147912726433,0.0005970743224274962,10
3.825,0.01691592,6.7,6023.050628072877,0.0003019677092825593,0.0021519232712207707,0.0006804978886977903,10
3.825,0.01691592,6.7,6836.949708361742,0.0002988300679865734,0.001640879155777772,0.0005188915497351998,10
3.825,0.01691592,6.7,7760.831545529242,-0.0006891149500914036,0.0014502945254468095,0.00045862339784849467,10
3.825,0.01691592,6.7,8809.558187098928,0.0010266671312355166,0.0015925736581054385,0.0005036160101199462,10
3.825,0.01691592,6.7,9999.99999956053,0.0010122358324943146,0.0029652040847106755,0.0009376798634920595,10
3.825,0.01083597,6.7,0.010000000000218279,0.999973027691448,0.0001,3.1622776601683795e-05,10
3.825,0.01083597,6.7,0.011351307054675233,0.9999621371503526,0.0001,3.1622776601683795e-05,10
3.825,0.01083597,6.7,0.012885217184670714,0.9999497749627564,0.0001,3.1622776601683795e-05,10
3.825,0.01083597,6.7,0.014626405672618265,0.9999357422640293,0.0001,3.1622776601683795e-05,10
3.825,0.01083597,6.7,0.016602882189250948,0.9999198133168237,0.0001,3.1622776601683795e-05,10
3.825,0.01083597,6.7,0.018846441371867226,0.9999017318797458,0.0001,3.1622776601683795e-05,10
3.825,0.01083597,6.7,0.021393174289532996,0.9998737349538809,0.0001,3.1622776601683795e-05,10
3.825,0.01083597,6.7,0.024284049022937213,0.9998349317525129,0.0001,3.1622776601683795e-05,10
3.825,0.01083597,6.7,0.027565569698412937,0.9997908850471708,0.0001,3.1622776601683795e-05,10
3.825,0.01083597,6.7,0.03129052457769065,0.9997339783331167,0.0001,3.1622776601683795e-05,10
3.825,0.01083597,6.7,0.035518835237547564,0.9996545898088909,0.0001,3.1622776601683795e-05,10
3.825,0.01083597,6.7,0.040318520499702026,0.9995627729118002,0.0001,3.1622776601683795e-05,10
3.825,0.01083597,6.7,0.045766790617234585,0.999431391364827,0.0001,3.1622776601683795e-05,10
3.825,0.01083597,6.7,0.051951289319191934,0.9992718721064098,0.0001,3.1622776601683795e-05,10
3.825,0.01083597,6.7,0.05897150369355452,0.9990652251803265,0.0001,3.1622776601683795e-05,10
3.825,0.01083597,6.7,0.06694036458868406,0.9987938625619593,0.0001,3.1622776601683795e-05,10
3.825,0.01083597,6.7,0.0759860632781475,0.9984479905829593,0.0001,3.1622776601683795e-05,10
3.825,0.01083597,6.7,0.08625411361274073,0.9980042399863445,0.0001,3.1622776601683795e-05,10
3.825,0.01083597,6.7,0.09790969283256912,0.9974353569521817,0.0001,3.1622776601683795e-05,10
3.825,0.01083597,6.7,0.11114029869471674,0.9967007837168728,0.0001,3.1622776601683795e-05,10
3.825,0.01083597,6.7,0.12615876566045128,0.9957487334306938,0.0001,3.1622776601683795e-05,10
3.825,0.01083597,6.7,0.14320668866193417,0.9945433911958755,0.0001,3.1622776601683795e-05,10
3.825,0.01083597,6.7,0.16255830952494102,0.9929986915721128,0.0001,3.1622776601683795e-05,10
3.825,0.01083597,6.7,0.1845249285666265,0.9910140384589605,0.00011979758602442307,3.788332300271327e-05,10
3.825,0.01083597,6.7,0.209459912335607,0.9884813530639434,0.00015546384008556594,4.916198284665745e-05,10
3.825,0.01083597,6.7,0.23776437805149325,0.9852390304082391,0.00020115388458239003,6.361044354709805e-05,10
3.825,0.01083597,6.7,0.2698936461867474,0.9811616855838532,0.0002584227913836046,8.172046200707264e-05,10
3.825,0.01083597,6.7,0.3063645649904774,0.9759706295377102,0.0003302539504109138,0.00010443546895667884,10
3.825,0.01083597,6.7,0.3477638247803005,0.9695365276524017,0.00041754868559899674,0.00013204048805023777,10
3.825,0.01083597,6.7,0.3947573957503299,0.9613876045834328,0.0005237608811509228,0.00016562773337336687,10
3.825,0.01083597,6.7,0.4481012411168134,0.9513314605983499,0.0006489165342388443,0.00020520542595373864,10
3.825,0.01083597,6.7,0.5086534779386983,0.9388869232920367,0.0007938060292088351,0.0002510235072674067,10
3.825,0.01083597,6.7,0.5773881812384607,0.9237343725084062,0.0009604727061120208,0.00030372813817395125,10
3.825,0.01083597,6.7,0.6554110534835178,0.9054927605019569,0.0011511342041456713,0.0003640205977625563,10
3.825,0.01083597,6.7,0.7439772114957187,0.8837644998363826,0.0013693342106827313,0.0004330214983746302,10
3.825,0.01083597,6.7,0.8445113769184625,0.8580492258993946,0.0016231126306713072,0.0005132732811909004,10
3.825,0.01083597,6.7,0.9586307950358789,0.8278706083693275,0.0019277801961475611,0.0006096176247992449,10
3.825,0.01083597,6.7,1.088171250628218,0.79251348751553,0.002281963644255643,0.0007216202653546041,10
3.825,0.01083597,6.7,1.2352165993681232,0.7511211524130639,0.002650418000561452,0.0008381357633283622,10
3.825,0.01083597,6.7,1.402132289815328,0.7030403726494627,0.002977975040196978,0.0009417183942153934,10
3.825,0.01083597,6.7,1.5916034152621248,0.6484861440571799,0.0032519046291722563,0.0010283425361829563,10
3.825,0.01083597,6.7,1.80667790755158,0.5897837341604354,0.003552989346686168,0.0011235538837841912,10
3.825,0.01083597,6.7,2.0508155677068496,0.5313283417416997,0.003950261075682292,0.0012491822351462824,10
3.825,0.01083597,6.7,2.3279437221040404,0.47780157012018976,0.004501737573376302,0.001423574416022849,10
3.825,0.01083597,6.7,2.642520399502972,0.4315805069538092,0.004973036164091761,0.0015726121164916825,10
3.825,0.01083597,6.7,2.9996060452346534,0.3936576416507033,0.005306410648684323,0.0016780343850014033,10
3.825,0.01083597,6.7,3.404944926177538,0.3687066359394168,0.00563891914089261,0.001783182802674057,10
3.825,0.01083597,6.7,3.865057536045609,0.3631159668236663,0.00578238204838778,0.0018285497574175348,10
3.825,0.01083597,6.7,4.3873454874682505,0.37706593717668957,0.006398293262073436,0.002023317984586069,10
3.825,0.01083597,6.7,4.980210578210885,0.40920168534655443,0.006874019971303827,0.0021737559790805374,10
3.825,0.01083597,6.7,5.653189946897943,0.456235139937876,0.0064058939001204514,0.0020257215173759796,10
3.825,0.01083597,6.7,6.417109492424104,0.49668181610799805,0.005433835530761728,0.0017183296707956998,10
3.825,0.01083597,6.7,7.284258025038717,0.5159532528726727,0.003651451573663464,0.0011546903738582645,10
3.825,0.01083597,6.7,8.268584950589176,0.5122960444606484,0.0031543062829473595,0.0009974792291893193,10
3.825,0.01083597,6.7,9.385924667975567,0.511185487617257,0.002071885513565674,0.000655187727397522,10
3.825,0.01083597,6.7,10.65425128959158,0.5292639629009365,0.003272926600532071,0.0010349902672233404,10
3.825,0.01083597,6.7,12.093967782318368,0.5352713786904835,0.004143839621211225,0.0013103971461476854,10
3.825,0.01083597,6.7,13.728234180344895,0.49819832541136144,0.00434331998096977,0.0013734783746783652,10
3.825,0.01083597,6.7,15.583340149618108,0.4640377988591527,0.004388807332056621,0.0013878627380945836,10
3.825,0.01083597,6.7,17.689127897190275,0.48430449094318845,0.005308398361428564,0.0016786629549619978,10
3.825,0.01083597,6.7,20.07947222860456,0.508998611079585,0.0025085534420057815,0.0007932742508993376,10
3.825,0.01083597,6.7,22.792825475773903,0.4858685309895513,0.004786090722642894,0.0015134947771752757,10
3.825,0.01083597,6.7,25.872836061348632,0.47018616250146633,0.003480820354298488,0.0011007320445457491,10
3.825,0.01083597,6.7,29.369050650123167,0.4813187931810018,0.004164829960539241,0.0013170348742613195,10
3.825,0.01083597,6.7,33.33771118265806,0.4695665016743303,0.0035611620904032987,0.0011261383322720877,10
3.825,0.01083597,6.7,37.842659612617176,0.4664896103938673,0.004048018085701126,0.001280095716037024,10
3.825,0.01083597,6.7,42.95636490189982,0.45878425153666597,0.0039624529591608185,0.0012530376472222344,10
3.825,0.01083597,6.7,48.76108879434957,0.4519454912921573,0.003175548307035062,0.0010041965470122495,10
3.825,0.01083597,6.7,55.350209121286355,0.44523274318870226,0.003706063063641116,0.0011719600433327483,10
3.825,0.01083597,6.7,62.82972192624931,0.436921190939296,0.005420260659990414,0.0017140369197377202,10
3.825,0.01083597,6.7,71.31994657291497,0.42774432340006785,0.006202332730754704,0.0019613498235396738,10
3.825,0.01083597,6.7,80.95746126545187,0.42053088578084463,0.005354655881773537,0.001693290867282167,10
3.825,0.01083597,6.7,91.89730011710618,0.4086826980485564,0.0069430373617952144,0.002195581194291941,10
3.825,0.01083597,6.7,104.31544711021446,0.39978581620063663,0.006387143470470141,0.002019792110895806,10
3.825,0.01083597,6.7,118.41166706679324,0.3892515363367126,0.004665472285711873,0.001475351878324136,10
3.825,0.01083597,6.7,134.41271917018034,0.3765735687876825,0.005583013943569338,0.001765504027015788,10
3.825,0.01083597,6.7,152.57600473212457,0.3629469546513596,0.005898695509002265,0.0018653313032253407,10
3.825,0.01083597,6.7,173.19370788521238,0.3483879974286224,0.005359737190054936,0.0016948977180484366,10
3.825,0.01083597,6.7,196.59749580998604,0.3320059928404115,0.005967426783927745,0.0018870660407505147,10
3.825,0.01083597,6.7,223.1638541070668,0.31719933271351997,0.009146761717567559,0.0028924600242347244,10
3.825,0.01083597,6.7,253.32014314187637,0.30249261272907046,0.007143469711359659,0.002258963468432211,10
3.825,0.01083597,6.7,287.5514727874956,0.2818411884108529,0.0083844424989574,0.0026513935207419324,10
3.825,0.01083597,6.7,326.40850615637055,0.26732170207026024,0.007186682792521184,0.0022726286445506243,10
3.825,0.01083597,6.7,370.5163178557939,0.24849913205549928,0.006070387677894107,0.0019196251342365937,10
3.825,0.01083597,6.7,420.58444926569615,0.22711949489120165,0.00665181099347374,0.0021034873304324442,10
3.825,0.01083597,6.7,477.4183225932176,0.20772909468512818,0.007755552555619824,0.002452521058889835,10
3.825,0.01083597,6.7,541.9321973165318,0.18694113428149947,0.0054710832782653655,0.0017301084427779345,10
3.825,0.01083597,6.7,615.1638774420524,0.16880341449464967,0.004341259922948611,0.001372826927132469,10
3.825,0.01083597,6.7,698.2914061636919,0.14940531492232217,0.005832888668261826,0.0018445213529893658,10
3.825,0.01083597,6.7,792.652016483199,0.12994653367717598,0.007973547335226698,0.0025214570610482497,10
3.825,0.01083597,6.7,899.7636426411872,0.11406264884061028,0.00804630321702301,0.0025444644910132827,10
3.825,0.01083597,6.7,1021.3493384030259,0.09565580301019014,0.007931763461565445,0.002508243840024822,10
3.825,0.01083597,6.7,1159.3649950049091,0.07972626880471216,0.006477808506505671,0.0020484629126971575,10
3.825,0.01083597,6.7,1316.0308046455484,0.06437891618088537,0.004470325530012036,0.001413641055723743,10
3.825,0.01083597,6.7,1493.8669756616864,0.04946745704708217,0.004695029285969408,0.0014846986224857355,10
3.825,0.01083597,6.7,1695.7342739204687,0.03821402599106486,0.003572139539758566,0.001129609706558267,10
3.825,0.01083597,6.7,1924.8800425987847,0.02825079773563372,0.003767928008300892,0.0011915234565772646,10
3.825,0.01083597,6.7,2184.990440647822,0.019282448454101098,0.003423918578321469,0.0010827381230461457,10
3.825,0.01083597,6.7,2480.2497402782196,0.01536401805116431,0.003894351701940312,0.0012315021387884555,10
3.825,0.01083597,6.7,2815.4076373562034,0.01095996271291051,0.002797205561517617,0.0008845540658085907,10
3.825,0.01083597,6.7,3195.8556575010366,0.008187081374695631,0.0019177709599454802,0.0006064524263955259,10
3.825,0.01083597,6.7,3627.7138869923433,0.003860133100093169,0.0027897953077975937,0.0008822107378290897,10
3.825,0.01083597,6.7,4117.929423686066,0.0026970144420765435,0.0025703116798384603,0.0008128039204823022,10
3.825,0.01083597,6.7,4674.388131672206,0.0023089382762904675,0.0023692028325226246,0.0007492077189693941,10
3.825,0.01083597,6.7,5306.041497418272,0.0003228073815963367,0.001349750032416926,0.000426828437432359,10
3.825,0.01083597,6.7,6023.050628072877,0.0007381136728694535,0.0010191555254313908,0.00032228527503088534,10
3.825,0.01083597,6.7,6836.949708361742,-4.17417489678127e-05,0.0014871960883266482,0.0004702926966405159,10
3.825,0.01083597,6.7,7760.831545529242,-0.00019299836637448798,0.0018218416344582353,0.0005761169101011924,10
3.825,0.01083597,6.7,8809.558187098928,0.0009722173015688021,0.0022032016927441243,0.0006967135493809902,10
3.825,0.01083597,6.7,9999.99999956053,-0.0005214091631653104,0.0020017848455405906,0.0006330199497516619,10
3.825,0.0085038,6.7,0.010000000000218279,0.9999788185879893,0.0001,3.1622776601683795e-05,10
3.825,0.0085038,6.7,0.011351307054675233,0.9999702329856444,0.0001,3.1622776601683795e-05,10
3.825,0.0085038,6.7,0.012885217184670714,0.999960487204798,0.0001,3.1622776601683795e-05,10
3.825,0.0085038,6.7,0.014626405672618265,0.9999494244697106,0.0001,3.1622776601683795e-05,10
3.825,0.0085038,6.7,0.016602882189250948,0.9999368668194266,0.0001,3.1622776601683795e-05,10
3.825,0.0085038,6.7,0.018846441371867226,0.9999226122450011,0.0001,3.1622776601683795e-05,10
3.825,0.0085038,6.7,0.021393174289532996,0.9999005351644413,0.0001,3.1622776601683795e-05,10
3.825,0.0085038,6.7,0.024284049022937213,0.9998699329029975,0.0001,3.1622776601683795e-05,10
3.825,0.0085038,6.7,0.027565569698412937,0.9998351953363764,0.0001,3.1622776601683795e-05,10
3.825,0.0085038,6.7,0.03129052457769065,0.9997902955890507,0.0001,3.1622776601683795e-05,10
3.825,0.0085038,6.7,0.035518835237547564,0.9997276197470629,0.0001,3.1622776601683795e-05,10
3.825,0.0085038,6.7,0.040318520499702026,0.9996551339667701,0.0001,3.1622776601683795e-05,10
3.825,0.0085038,6.7,0.045766790617234585,0.9995514454981385,0.0001,3.1622776601683795e-05,10
3.825,0.0085038,6.7,0.051951289319191934,0.9994255344311993,0.0001,3.1622776601683795e-05,10
3.825,0.0085038,6.7,0.05897150369355452,0.9992623882485043,0.0001,3.1622776601683795e-05,10
3.825,0.0085038,6.7,0.06694036458868406,0.9990480804558868,0.0001,3.1622776601683795e-05,10
3.825,0.0085038,6.7,0.0759860632781475,0.9987748950844161,0.0001,3.1622776601683795e-05,10
3.825,0.0085038,6.7,0.08625411361274073,0.998424247433832,0.0001,3.1622776601683795e-05,10
3.825,0.0085038,6.7,0.09790969283256912,0.9979744162414453,0.0001,3.1622776601683795e-05,10
3.825,0.0085038,6.7,0.11114029869471674,0.9973933597559576,0.0001,3.1622776601683795e-05,10
3.825,0.0085038,6.7,0.12615876566045128,0.9966397791381348,0.0001,3.1622776601683795e-05,10
3.825,0.0085038,6.7,0.14320668866193417,0.9956850695010646,0.0001,3.1622776601683795e-05,10
3.825,0.0085038,6.7,0.16255830952494102,0.994460502793096,0.0001,3.1622776601683795e-05,10
3.825,0.0085038,6.7,0.1845249285666265,0.9928848710048186,0.0001,3.1622776601683795e-05,10
3.825,0.0085038,6.7,0.209459912335607,0.9908723577107722,0.00011588834038267028,3.664711098661073e-05,10
3.825,0.0085038,6.7,0.23776437805149325,0.9882922211182095,0.00014776488264481465,4.672735873450996e-05,10
3.825,0.0085038,6.7,0.2698936461867474,0.9850422940560899,0.00018790285591907034,5.942010035547138e-05,10
3.825,0.0085038,6.7,0.3063645649904774,0.9808964650521654,0.0002388331479012102,7.552567281156874e-05,10
3.825,0.0085038,6.7,0.3477638247803005,0.9757480518859671,0.0003020814398659217,9.552653888395018e-05,10
3.825,0.0085038,6.7,0.3947573957503299,0.9692080157853529,0.0003823251634684794,0.00012090183233565961,10
3.825,0.0085038,6.7,0.4481012411168134,0.9611133930424123,0.0004818727434492127,0.0001523815411653494,10
3.825,0.0085038,6.7,0.5086534779386983,0.9510541619751223,0.0006038196446465489,0.0001909445373036591,10
3.825,0.0085038,6.7,0.5773881812384607,0.9387436745452385,0.0007485936612510705,0.00023672610115179154,10
3.825,0.0085038,6.7,0.6554110534835178,0.923830660935475,0.0009177949370886467,0.00029023224261710704,10
3.825,0.0085038,6.7,0.7439772114957187,0.9059258879550709,0.001106201128673284,0.0003498115116856573,10
3.825,0.0085038,6.7,0.8445113769184625,0.884499515833458,0.0013067247478068121,0.0004132226477978641,10
3.825,0.0085038,6.7,0.9586307950358789,0.8590259343050839,0.0015284782411232748,0.0004833472595957589,10
3.825,0.0085038,6.7,1.088171250628218,0.8287141467049262,0.001806407440454596,0.0005712361894111511,10
3.825,0.0085038,6.7,1.2352165993681232,0.7926052674313719,0.0021998290402830824,0.0006956470230276837,10
3.825,0.0085038,6.7,1.402132289815328,0.7498851641747303,0.0027034134100789513,0.0008548943832892285,10
3.825,0.0085038,6.7,1.5916034152621248,0.7003098566996508,0.0032358720308931516,0.0010232725834457097,10
3.825,0.0085038,6.7,1.80667790755158,0.6455569332995315,0.0037057663743789975,0.0011718662219501873,10
3.825,0.0085038,6.7,2.0508155677068496,0.5892027755823867,0.003941295934266889,0.0012463472085044642,10
3.825,0.0085038,6.7,2.3279437221040404,0.5350596593490446,0.0036662523802829493,0.0011593707998707916,10
3.825,0.0085038,6.7,2.642520399502972,0.48492028361978756,0.002751354936675349,0.0008700548251442442,10
3.825,0.0085038,6.7,2.9996060452346534,0.4399140089049052,0.0018604611692507286,0.0005883294793132321,10
3.825,0.0085038,6.7,3.404944926177538,0.4049636453310649,0.0020651211266439814,0.0006530486404328017,10
3.825,0.0085038,6.7,3.865057536045609,0.3859811378182806,0.0030897957777222523,0.0009770792162373662,10
3.825,0.0085038,6.7,4.3873454874682505,0.38409671403842277,0.004390825429025533,0.0013885009163906682,10
3.825,0.0085038,6.7,4.980210578210885,0.4015455067348639,0.00456957920052229,0.0014450278222181718,10
3.825,0.0085038,6.7,5.653189946897943,0.4400182669482313,0.004898921249200728,0.0015491749225271631,10
3.825,0.0085038,6.7,6.417109492424104,0.4859484422877201,0.00543969941773639,0.0017201839946738725,10
3.825,0.0085038,6.7,7.284258025038717,0.522179727639244,0.00575557098418906,0.0018200713544814396,10
3.825,0.0085038,6.7,8.268584950589176,0.5318299085027893,0.0056034886037824305,0.0017719786830749282,10
3.825,0.0085038,6.7,9.385924667975567,0.5256387152835882,0.00466931026146711,0.0014765655528232416,10
3.825,0.0085038,6.7,10.65425128959158,0.5320713963234522,0.003083134704738899,0.0009749728000085652,10
3.825,0.0085038,6.7,12.093967782318368,0.5548921932886062,0.003431514136183524,0.0010851400493405152,10
3.825,0.0085038,6.7,13.728234180344895,0.5508746093353021,0.003464708300531622,0.0010956369657771099,10
3.825,0.0085038,6.7,15.583340149618108,0.5041832935851794,0.003227291457475237,0.0010205591678826191,10
3.825,0.0085038,6.7,17.689127897190275,0.4807819565994954,0.0047260247858099845,0.0014945002601568962,10
3.825,0.0085038,6.7,20.07947222860456,0.5165955085767758,0.006364549698376278,0.00201264733282067,10
3.825,0.0085038,6.7,22.792825475773903,0.5290967555563089,0.004911136959078302,0.001553037869172058,10
3.825,0.0085038,6.7,25.872836061348632,0.5002176854406641,0.0032794168876813154,0.001037042676229354,10
3.825,0.0085038,6.7,29.369050650123167,0.49890954910103663,0.005076856756205175,0.0016054430704022528,10
3.825,0.0085038,6.7,33.33771118265806,0.5045822801874891,0.004073392867868137,0.0012881199267148616,10
3.825,0.0085038,6.7,37.842659612617176,0.4963266248895265,0.0027313530498726006,0.0008637296731644894,10
3.825,0.0085038,6.7,42.95636490189982,0.49247284777417316,0.004062212444641133,0.0012845843664546633,10
3.825,0.0085038,6.7,48.76108879434957,0.48703455119719663,0.005464677343149887,0.001728082708227118,10
3.825,0.0085038,6.7,55.350209121286355,0.48130543567727,0.006732423435467271,0.00212897922287722,10
3.825,0.0085038,6.7,62.82972192624931,0.4763528659294778,0.004595766286767303,0.0014533089059999226,10
3.825,0.0085038,6.7,71.31994657291497,0.46832915873485137,0.0031466326450662156,0.000995052611824943,10
3.825,0.0085038,6.7,80.95746126545187,0.46292751235388596,0.0034520071197706166,0.001091620499759281,10
3.825,0.0085038,6.7,91.89730011710618,0.4546344793065825,0.003067672698792973,0.000970083284410146,10
3.825,0.0085038,6.7,104.31544711021446,0.4445483893023311,0.003978968548823167,0.0012582603352456095,10
3.825,0.0085038,6.7,118.41166706679324,0.4342013275202571,0.00524828129733718,0.0016596522700848882,10
3.825,0.0085038,6.7,134.41271917018034,0.4247487371163115,0.005443696115244041,0.0017214478613981623,10
3.825,0.0085038,6.7,152.57600473212457,0.4147032591606437,0.00614770390279281,0.001944074671313166,10
3.825,0.0085038,6.7,173.19370788521238,0.40246244740573445,0.007061743873280461,0.0022331194892305723,10
3.825,0.0085038,6.7,196.59749580998604,0.39077456346931577,0.00748847040309281,0.002368062266453249,10
3.825,0.0085038,6.7,223.1638541070668,0.37698568651760855,0.006429866974159999,0.002033302469024062,10
3.825,0.0085038,6.7,253.32014314187637,0.3665496489283851,0.008770442796695772,0.002773457532577572,10
3.825,0.0085038,6.7,287.5514727874956,0.3539091712708383,0.008143699789683052,0.0025752639916032643,10
3.825,0.0085038,6.7,326.40850615637055,0.3357267181111975,0.006956060252948619,0.002199699394068462,10
3.825,0.0085038,6.7,370.5163178557939,0.32241370885463944,0.0072371673389646975,0.00228859325989083,10
3.825,0.0085038,6.7,420.58444926569615,0.30757673188032547,0.006341980585815962,0.002005510352774739,10
3.825,0.0085038,6.7,477.4183225932176,0.2891641933049023,0.005856470033101773,0.0018519784353123305,10
3.825,0.0085038,6.7,541.9321973165318,0.2703953722747757,0.007161017047821193,0.0022645124234409873,10
3.825,0.0085038,6.7,615.1638774420524,0.2529516337762874,0.008996831326492795,0.002845047871607121,10
3.825,0.0085038,6.7,698.2914061636919,0.23382818408779688,0.009095422609711112,0.002876225172847983,10
3.825,0.0085038,6.7,792.652016483199,0.21272637799082056,0.009453982281723845,0.0029896116969122997,10
3.825,0.0085038,6.7,899.7636426411872,0.19459727606288385,0.009660368468392603,0.003054876739659295,10
3.825,0.0085038,6.7,1021.3493384030259,0.17444655215865812,0.008084260811462391,0.0025564677363062215,10
3.825,0.0085038,6.7,1159.3649950049091,0.15548522724448352,0.007803464693282113,0.002467672207147872,10
3.825,0.0085038,6.7,1316.0308046455484,0.13665121003043104,0.006716101184992215,0.002123817674073126,10
3.825,0.0085038,6.7,1493.8669756616864,0.11788743121812788,0.005982551320119934,0.0018918488390426112,10
3.825,0.0085038,6.7,1695.7342739204687,0.10015760874148934,0.004213802279949387,0.0013325212814250527,10
3.825,0.0085038,6.7,1924.8800425987847,0.08197375934329346,0.003996643460034575,0.0012638496329325391,10
3.825,0.0085038,6.7,2184.990440647822,0.06702268632055151,0.0029194749835979457,0.0009232190520052229,10
3.825,0.0085038,6.7,2480.2497402782196,0.053309647689965975,0.0038337868912108673,0.0012123498639922505,10
3.825,0.0085038,6.7,2815.4076373562034,0.04178086487525725,0.004100034662279328,0.0012965448018441926,10
3.825,0.0085038,6.7,3195.8556575010366,0.029573037388727408,0.003328722900196018,0.0010526346064180766,10
3.825,0.0085038,6.7,3627.7138869923433,0.02126331041124399,0.003889073488887252,0.0012298330212661254,10
3.825,0.0085038,6.7,4117.929423686066,0.016872924835763588,0.003141413715337609,0.0009934022413358669,10
3.825,0.0085038,6.7,4674.388131672206,0.01182019902370618,0.0029498167221396676,0.0009328139522013386,10
3.825,0.0085038,6.7,5306.041497418272,0.007434580556128087,0.0023846249737504463,0.0007540846282370644,10
3.825,0.0085038,6.7,6023.050628072877,0.004028819223155511,0.0020998365587966586,0.0006640266239887519,10
3.825,0.0085038,6.7,6836.949708361742,0.0022217707525649536,0.0015010475993638343,0.00047467292903176285,10
3.825,0.0085038,6.7,7760.831545529242,0.0010427908165214883,0.0021301427686379977,0.0006736102890233161,10
3.825,0.0085038,6.7,8809.558187098928,-0.00018165834370050492,0.0016542463712358863,0.000523118634417385,10
3.825,0.0085038,6.7,9999.99999956053,0.0004836476495509058,0.0026759683412640694,0.00084621549048972,10
3.825,0.00687376,6.7,0.00999999999839929,0.9999828503143016,0.0001,3.1622776601683795e-05,10
3.825,0.00687376,6.7,0.011346639479503276,0.9999759415348723,0.0001,3.1622776601683795e-05,10
3.825,0.00687376,6.7,0.012874622749843098,0.9999681023919285,0.0001,3.1622776601683795e-05,10
3.825,0.00687376,6.7,0.014608370280046457,0.9999592075990457,0.0001,3.1622776601683795e-05,10
3.825,0.00687376,6.7,0.016575591097731025,0.9999491149982355,0.0001,3.1622776601683795e-05,10
3.825,0.00687376,6.7,0.01880772563757237,0.9999376632879533,0.0001,3.1622776601683795e-05,10
3.825,0.00687376,6.7,0.02134044822731046,0.9999200758952677,0.0001,3.1622776601683795e-05,10
3.825,0.00687376,6.7,0.024214237240505653,0.9998954841316653,0.0001,3.1622776601683795e-05,10
3.825,0.00687376,6.7,0.02747502202831596,0.9998675807440843,0.0001,3.1622776601683795e-05,10
3.825,0.00687376,6.7,0.03117491696966142,0.9998319218909144,0.0001,3.1622776601683795e-05,10
3.825,0.00687376,6.7,0.03537305437148191,0.9997817123468445,0.0001,3.1622776601683795e-05,10
3.825,0.00687376,6.7,0.04013652953063197,0.9997242764215347,0.0001,3.1622776601683795e-05,10
3.825,0.00687376,6.7,0.04554147306154168,0.9996412264199158,0.0001,3.1622776601683795e-05,10
3.825,0.00687376,6.7,0.051674267627753956,0.9995413047402563,0.0001,3.1622776601683795e-05,10
3.825,0.00687376,6.7,0.05863292852333454,0.9994107409714188,0.0001,3.1622776601683795e-05,10
3.825,0.00687376,6.7,0.0665286701688255,0.9992404612833138,0.0001,3.1622776601683795e-05,10
3.825,0.00687376,6.7,0.07548768355772814,0.9990234744140093,0.0001,3.1622776601683795e-05,10
3.825,0.00687376,6.7,0.08565315306094748,0.9987449014360974,0.0001,3.1622776601683795e-05,10
3.825,0.00687376,6.7,0.09718754482208532,0.998387608515509,0.0001,3.1622776601683795e-05,10
3.825,0.00687376,6.7,0.11027520331707867,0.9979301000214873,0.0001,3.1622776601683795e-05,10
3.825,0.00687376,6.7,0.12512529757681054,0.9973285057436924,0.0001,3.1622776601683795e-05,10
3.825,0.00687376,6.7,0.14197516415968958,0.9965775519289313,0.0001,3.1622776601683795e-05,10
3.825,0.00687376,6.7,0.16109410030211582,0.9956095634935668,0.0001,3.1622776601683795e-05,10
3.825,0.00687376,6.7,0.1827876678695639,0.9943633833409079,0.0001,3.1622776601683795e-05,10
3.825,0.00687376,6.7,0.2074025768947119,0.9927696305968162,0.00010525719843224859,3.3285248717420985e-05,10
3.825,0.00687376,6.7,0.23533222675209517,0.9907276928671495,0.0001323811333222526,4.1862590053273115e-05,10
3.825,0.00687376,6.7,0.26702299352921677,0.9881572341658986,0.00016511660616579224,5.2214455500090525e-05,10
3.825,0.00687376,6.7,0.3029813640798744,0.9848758668387398,0.00020418717295241271,6.456965355203519e-05,10
3.825,0.00687376,6.7,0.3437820307772756,0.9807945947258967,0.0002501766747067398,7.91128109520335e-05,10
3.825,0.00687376,6.7,0.3900770763385648,0.9755995993673106,0.0003045040916083759,9.629264863230328e-05,10
3.825,0.00687376,6.7,0.442606395514086,0.9691619341769335,0.0003681421239413124,0.00011641676143065509,10
3.825,0.00687376,6.7,0.5022095202024665,0.961186368175861,0.00044308377276713055,0.00014011539162046193,10
3.825,0.00687376,6.7,0.5698390369823854,0.9513148309196444,0.0005330154581847891,0.00016855428759421714,10
3.825,0.00687376,6.7,0.6465758115021445,0.9392861390719265,0.000642909027679275,0.00020330568557507455,10
3.825,0.00687376,6.7,0.733646263045646,0.9247377769714034,0.0007783791473071615,0.00024614509886703486,10
3.825,0.00687376,6.7,0.8324419653596274,0.9071776395708839,0.000946874854294369,0.0002994281198710272,10
3.825,0.00687376,6.7,0.944541887005679,0.8861179298151232,0.001145419304531916,0.0003622133878246879,10
3.825,0.00687376,6.7,1.07173762668587,0.8607923147361649,0.001358033528867468,0.0004294479090097224,10
3.825,0.00687376,6.7,1.2160620468569607,0.8302252782450876,0.0015456067340847877,0.0004887637646602132,10
3.825,0.00687376,6.7,1.3798217632601455,0.7934618766940037,0.0016742713779448032,0.000529451097553418,10
3.825,0.00687376,6.7,1.5656340096191523,0.7498020215525859,0.0017439988411635824,0.0005515008574771139,10
3.825,0.00687376,6.7,1.7764684666841306,0.6997640672988523,0.001861869357583625,0.0005887747875638749,10
3.825,0.00687376,6.7,2.015694724139736,0.6459449442675412,0.0022476368654536236,0.0007107651847794875,10
3.825,0.00687376,6.7,2.2871361339211447,0.5917530019160078,0.0029867879109190683,0.0009445052686360353,10
3.825,0.00687376,6.7,2.595130915630222,0.5390030063099306,0.003865107069128747,0.0012222541738864715,10
3.825,0.00687376,6.7,2.944601490648283,0.48857675444557386,0.004693500549918988,0.0014842151936996818,10
3.825,0.00687376,6.7,3.341133153054221,0.44414225890234366,0.005544986417435369,0.0017534786673792963,10
3.825,0.00687376,6.7,3.7910633346790696,0.41163347184833243,0.00659128900317148,0.0020843485966442676,10
3.825,0.00687376,6.7,4.301582890945248,0.39441201079189536,0.00786661399143222,0.002487641768627412,10
3.825,0.00687376,6.7,4.880851026256805,0.39479633496927435,0.009203272786287789,0.002910330393251347,10
3.825,0.00687376,6.7,5.53812569569645,0.4161551905459361,0.010311172168222233,0.0032606789397719117,10
3.825,0.00687376,6.7,6.283911567129964,0.4550064863215102,0.010557625919562543,0.003338614458984727,10
3.825,0.00687376,6.7,7.130127908471745,0.5022942871656539,0.010533657906324078,0.0033310351077024654,10
3.825,0.00687376,6.7,8.09029908331239,0.5332013359181575,0.008535164953153498,0.0026990561457209397,10
3.825,0.00687376,6.7,9.179770699439562,0.5382653166944408,0.006198769404681151,0.0019602230008958447,10
3.825,0.00687376,6.7,10.415954864772132,0.5330408125533445,0.004019120999002307,0.0012709576548658615,10
3.825,0.00687376,6.7,11.818608470426591,0.5448217358557377,0.0032013158571058235,0.0010123449618068532,10
3.825,0.00687376,6.7,13.410148948480002,0.5694948351257697,0.003849901361026615,0.0012174457067826302,10
3.825,0.00687376,6.7,15.216012550919903,0.5616660485772595,0.003469658884626636,0.0010972024779259547,10
3.825,0.00687376,6.7,17.265060875852157,0.5144372203726423,0.005058399574076571,0.0015996063969307584,10
3.825,0.00687376,6.7,19.590042138132958,0.4986028719410737,0.0066189170345734225,0.002093085347293947,10
3.825,0.00687376,6.7,22.228114556525306,0.531786330966978,0.00505516549074012,0.0015985836899821602,10
3.825,0.00687376,6.7,25.221440222236385,0.5391747406405261,0.003661703496319569,0.0011579323164571818,10
3.825,0.00687376,6.7,28.617858940136827,0.5132410958819735,0.004162755038142925,0.0013163787261872742,10
3.825,0.00687376,6.7,32.471652812099016,0.5132999477421486,0.0057727643163174415,0.0018255083634907833,10
3.825,0.00687376,6.7,36.84441378214637,0.5198757755527081,0.003936699717004884,0.0012448937569875726,10
3.825,0.00687376,6.7,41.80602800865762,0.5099635883104975,0.004996560446743086,0.0015800511478416596,10
3.825,0.00687376,6.7,47.435792796018546,0.5103715202519574,0.0047053853801811065,0.0014879735070229608,10
3.825,0.00687376,6.7,53.82368393669975,0.5056591497346972,0.006410338787216436,0.0020271271140925398,10
3.825,0.00687376,6.7,61.071793718622224,0.5008286202514765,0.006450774983946786,0.0020399141622507956,10
3.825,0.00687376,6.7,69.29596258027223,0.4954366059721605,0.0036064144236502825,0.001140448376521831,10
3.825,0.00687376,6.7,78.6276304909359,0.4922564456296352,0.005945469449415922,0.0018801225219101563,10
3.825,0.00687376,6.7,89.21593764510581,0.48438122633511355,0.004935742236004514,0.0015608187409266597,10
3.825,0.00687376,6.7,101.23010804468997,0.4794126087927171,0.0040502747193611344,0.0012808093262580466,10
3.825,0.00687376,6.7,114.8621540638123,0.4750330307193833,0.0051868202697049086,0.001640216586619636,10
3.825,0.00687376,6.7,130.32994522098616,0.4669170947367946,0.004492190462115655,0.0014205553543569804,10
3.825,0.00687376,6.7,147.88069020426556,0.4597238402381449,0.004945862899379307,0.001564019175696279,10
3.825,0.00687376,6.7,167.7948877996505,0.4521085106958641,0.004643586706962631,0.0014684310506482777,10
3.825,0.00687376,6.7,190.39080986710982,0.4421999588819502,0.005350770990770558,0.001692062356879076,10
3.825,0.00687376,6.7,216.02958801185522,0.43240794041553476,0.004625688351366338,0.001462771093642687,10
3.825,0.00687376,6.7,245.1209852468513,0.4205758175161535,0.006222047399730336,0.0019675841492675997,10
3.825,0.00687376,6.7,278.129944890187,0.41089379322511466,0.005998106376812439,0.0018967677798707476,10
3.825,0.00687376,6.7,315.5840213628226,0.40102198884702583,0.005429087548192404,0.0017168282268747157,10
3.825,0.00687376,6.7,358.08181164689955,0.3858275330665095,0.004658644446795197,0.001473192726076793,10
3.825,0.00687376,6.7,406.3025221575141,0.37370732564702414,0.005785293679522377,0.0018294704960266936,10
3.825,0.00687376,6.7,461.0168239272161,0.358004359617319,0.007797661143102206,0.0024658369634395134,10
3.825,0.00687376,6.7,523.0991695925094,0.3462535284685701,0.00821110618800157,0.0025965797663587706,10
3.825,0.00687376,6.7,593.5417690343837,0.33041610844919755,0.0070446334448167145,0.002227708696661891,10
3.825,0.00687376,6.7,673.4704470337788,0.3151392186779741,0.007257745996136154,0.002295100802675786,10
3.825,0.00687376,6.7,764.1626363815402,0.2985610099924503,0.00835664177781503,0.002642602160801424,10
3.825,0.00687376,6.7,867.0677940116019,0.28225572038425517,0.008658644360519836,0.00273810376286148,10
3.825,0.00687376,6.7,983.8305664512689,0.2618950647320168,0.008447168521820932,0.002671229230823188,10
3.825,0.00687376,6.7,1116.3170748224945,0.24385723875164142,0.008502295053955332,0.002688661770928305,10
3.825,0.00687376,6.7,1266.6447394852066,0.22575762262247348,0.007273644568017359,0.0023001283725446373,10
3.825,0.00687376,6.7,1437.2161209848562,0.20552410940745558,0.007238815416232317,0.0022891144276833923,10
3.825,0.00687376,6.7,1630.7573181555704,0.18714216439671855,0.007275820971785987,0.0023008166118463416,10
3.825,0.00687376,6.7,1850.3615370634782,0.16711243892286798,0.008748055040212128,0.0027663779023586205,10
3.825,0.00687376,6.7,2099.538527115959,0.14636157297117763,0.008630636506678762,0.002729246901810391,10
3.825,0.00687376,6.7,2382.2706744325433,0.12753458898341205,0.010293910171419335,0.0032552202170859413,10
3.825,0.00687376,6.7,2703.0766489706048,0.11035327130517536,0.009890825920076712,0.003127753784767294,10
3.825,0.00687376,6.7,3067.0836226242814,0.09428507999407851,0.007219410135219742,0.002282977939019857,10
3.825,0.00687376,6.7,3480.1092124977263,0.07953564023631537,0.009456681009858818,0.002990465109681509,10
3.825,0.00687376,6.7,3948.7544589830586,0.062225378054515154,0.006477501364546252,0.0020483657858814805,10
3.825,0.00687376,6.7,4480.509324633379,0.0485832711971372,0.006063757819844192,0.0019175285890364604,10
3.825,0.00687376,6.7,5083.872399930549,0.03774313045762418,0.006912315203874578,0.0021858659949254814,10
3.825,0.00687376,6.7,5768.486729104275,0.029087202637083504,0.006323265808860172,0.001999592220666506,10
3.825,0.00687376,6.7,6545.293926792243,0.01941308790068251,0.005518600717530135,0.0017451347764434735,10
3.825,0.00687376,6.7,7426.709048658179,0.014298310902704637,0.004691370741226049,0.0014835416890546704,10
3.825,0.00687376,6.7,8426.819010777805,0.010557594739956303,0.003809298022166354,0.0012046058036420252,10
3.825,0.00687376,6.7,9561.60772896256,0.007247202038213454,0.002750625577889346,0.0008698241816447216,10
3.825,0.00687376,6.7,10849.211576233662,0.003836251053699341,0.00328893451405111,0.0010400524139540569,10
3.825,0.00687376,6.7,12310.209241208224,0.00238087420928348,0.0021393989374655074,0.0006765373466135141,10
3.825,0.00687376,6.7,13967.950619959773,0.0016185971094771698,0.002736529127566934,0.0008653664926504981,10
3.825,0.00687376,6.7,15848.929997755764,0.002380599919537744,0.0012815883155079973,0.0004052738099663764,10
3.825,0.0057681,6.7,0.00999999999839929,0.9999855853837151,0.0001,3.1622776601683795e-05,10
3.825,0.0057681,6.7,0.011340229638456928,0.9999797832832262,0.0001,3.1622776601683795e-05,10
3.825,0.0057681,6.7,0.012860080827352235,0.9999732035680322,0.0001,3.1622776601683795e-05,10
3.825,0.0057681,6.7,0.014583626977463576,0.9999657420199057,0.0001,3.1622776601683795e-05,10
3.825,0.0057681,6.7,0.016538167891250538,0.9999572804529828,0.0001,3.1622776601683795e-05,10
3.825,0.0057681,6.7,0.018754662171615703,0.9999476848417809,0.0001,3.1622776601683795e-05,10
3.825,0.0057681,6.7,0.02126821758518477,0.9999331560065811,0.0001,3.1622776601683795e-05,10
3.825,0.0057681,6.7,0.024118647145527028,0.9999126185917051,0.0001,3.1622776601683795e-05,10
3.825,0.0057681,6.7,0.027351099724297154,0.9998893286916137,0.0001,3.1622776601683795e-05,10
3.825,0.0057681,6.7,0.03101677517875149,0.9998599918804552,0.0001,3.1622776601683795e-05,10
3.825,0.0057681,6.7,0.0351737353227736,0.9998180802130292,0.0001,3.1622776601683795e-05,10
3.825,0.0057681,6.7,0.03988782358664057,0.9997705514197076,0.0001,3.1622776601683795e-05,10
3.825,0.0057681,6.7,0.04523370793231691,0.9997015931028445,0.0001,3.1622776601683795e-05,10
3.825,0.0057681,6.7,0.05129606354334749,0.9996193100278493,0.0001,3.1622776601683795e-05,10
3.825,0.0057681,6.7,0.05817091402235541,0.9995104989686265,0.0001,3.1622776601683795e-05,10
3.825,0.0057681,6.7,0.06596715233980392,0.9993700856857636,0.0001,3.1622776601683795e-05,10
3.825,0.0057681,6.7,0.07480826562481949,0.9991912137976456,0.0001,3.1622776601683795e-05,10
3.825,0.0057681,6.7,0.08483429111759326,0.9989615897760027,0.0001,3.1622776601683795e-05,10
3.825,0.0057681,6.7,0.09620403426432096,0.9986669427951634,0.0001,3.1622776601683795e-05,10
3.825,0.0057681,6.7,0.10909758408780126,0.9982905504537223,0.0001,3.1622776601683795e-05,10
3.825,0.0057681,6.7,0.123719165675457,0.9977943537391187,0.0001,3.1622776601683795e-05,10
3.825,0.0057681,6.7,0.14030037496625622,0.9971833806016933,0.0001,3.1622776601683795e-05,10
3.825,0.0057681,6.7,0.15910384707336395,0.9963851592697148,0.0001,3.1622776601683795e-05,10
3.825,0.0057681,6.7,0.18042741624626932,0.9953674230912604,0.0001,3.1622776601683795e-05,10
3.825,0.0057681,6.7,0.204608833363367,0.9940579195216872,0.0001,3.1622776601683795e-05,10
3.825,0.0057681,6.7,0.2320311156768765,0.9923812049565323,0.00010470160952482063,3.310955607840131e-05,10
3.825,0.0057681,6.7,0.2631286135464337,0.9902724719703888,0.00013309523380698374,4.208840845427119e-05,10
3.825,0.0057681,6.7,0.298393890254299,0.9875803992933037,0.00016914019319330057,5.3486825437173815e-05,10
3.825,0.0057681,6.7,0.33838552387379267,0.9842275050077628,0.00021397289381946093,6.76641702006862e-05,10
3.825,0.0057681,6.7,0.38373695476726116,0.9799537687830894,0.0002710966700396531,8.572829434124334e-05,10
3.825,0.0057681,6.7,0.43516651885194785,0.9746610293306206,0.00034141278620027467,0.00010796420266969717,10
3.825,0.0057681,6.7,0.49348882555389223,0.9681050970342154,0.00042799341723300183,0.00013534340220150459,10
3.825,0.0057681,6.7,0.5596276606689353,0.9600180895800327,0.0005328171476245901,0.00016849157628878785,10
3.825,0.0057681,6.7,0.6346306185034041,0.9500841974217181,0.0006598488215514229,0.0002086625187480496,10
3.825,0.0057681,6.7,0.719685695057657,0.938026043398463,0.0008138312347340383,0.00025735603327466973,10
3.825,0.0057681,6.7,0.8161401050772725,0.9234120402954747,0.00100209092551375,0.0003168889747209587,10
3.825,0.0057681,6.7,0.9255216210212134,0.9058099920492999,0.0012303812021999072,0.000389080698920788,10
3.825,0.0057681,6.7,1.0495627719417522,0.8845011291045143,0.0014870651784422246,0.0004702512993002151,10
3.825,0.0057681,6.7,1.1902282855700084,0.8585653328881344,0.0017520875842243634,0.0005540587426251088,10
3.825,0.0057681,6.7,1.3497462082711347,0.8270264164615695,0.0020239535688799676,0.0006400303156087184,10
3.825,0.0057681,6.7,1.5306431957881304,0.7889459247332347,0.0023115010412097137,0.0007309608104073426,10
3.825,0.0057681,6.7,1.7357845337557483,0.7442493543046249,0.0025728066556282383,0.0008135929011025699,10
3.825,0.0057681,6.7,1.9684195218822977,0.6943395251630127,0.0027493772271960397,0.0008694294184937719,10
3.825,0.0057681,6.7,2.2322329406540016,0.6416960175225973,0.0028314464503036867,0.0008953819855758406,10
3.825,0.0057681,6.7,2.5314034157596432,0.5888162911976679,0.0026616372923575146,0.0008416836149093221,10
3.825,0.0057681,6.7,2.870669604688374,0.5361348794763328,0.0024129234628085246,0.0007630333962135524,10
3.825,0.0057681,6.7,3.2554052538515506,0.48628626381326023,0.002818463145249272,0.0008912763040229678,10
3.825,0.0057681,6.7,3.691704315082512,0.445286095546716,0.003792522870441946,0.0011993010348876221,10
3.825,0.0057681,6.7,4.186477469701944,0.41712775883552233,0.00465209575824921,0.0014711218489275554,10
3.825,0.0057681,6.7,4.747561589024565,0.403250249872421,0.005851743693166923,0.0018504838353932966,10
3.825,0.0057681,6.7,5.383843865087404,0.4081408716725089,0.006894609176761301,0.0021802668575264163,10
3.825,0.0057681,6.7,6.10540257774617,0.43166169113746927,0.007743954625638074,0.0024488534714012865,10
3.825,0.0057681,6.7,6.923666727795127,0.471534099242783,0.007579446879244213,0.0023968315542666914,10
3.825,0.0057681,6.7,7.851597064590857,0.5153223451328119,0.006952081138926795,0.0021984410877306146,10
3.825,0.0057681,6.7,8.903891375534725,0.5430230458722479,0.0049213067738498265,0.0015562538469780624,10
3.825,0.0057681,6.7,10.097217289060278,0.5448354968534161,0.0036617053221708294,0.0011579328938420472,10
3.825,0.0057681,6.7,11.450476278567004,0.5418875396240503,0.00490758110497121,0.0015519134093714907,10
3.825,0.0057681,6.7,12.985103048943898,0.5584567344022442,0.006143737797233736,0.0019428204786124332,10
3.825,0.0057681,6.7,14.725405047762221,0.5837091928928595,0.006934982804096827,0.002193034119504726,10
3.825,0.0057681,6.7,16.698947478764666,0.5684610546446359,0.006403282908789256,0.002024895849420226,10
3.825,0.0057681,6.7,18.93698991600354,0.5206084414763846,0.005122176192273357,0.0016197743344272368,10
3.825,0.0057681,6.7,21.474981434299885,0.514046454837846,0.005944546522140555,0.001879830666679671,10
3.825,0.0057681,6.7,24.353122098554227,0.5464010232816705,0.006921132832623422,0.002188654373966294,10
3.825,0.0057681,6.7,27.6169997055192,0.5475346504855068,0.0041083299672359614,0.001299168007599057,10
3.825,0.0057681,6.7,31.318311863591678,0.5211562640129691,0.007508468188666723,0.002374386121510571,10
3.825,0.0057681,6.7,35.51568484787901,0.5296710822964225,0.004657965316533299,0.0014729779662312383,10
3.825,0.0057681,6.7,40.275602200648294,0.5335408188440653,0.003751568308361291,0.001186350065212659,10
3.825,0.0057681,6.7,45.67345778556031,0.5217611235633873,0.00407889030545035,0.0012898583691203017,10
3.825,0.0057681,6.7,51.79474997535315,0.5226224376713048,0.004421472198737841,0.001398192275912424,10
3.825,0.0057681,6.7,58.73643588809864,0.5191475646473792,0.0040116612373865615,0.0012685986711150961,10
3.825,0.0057681,6.7,66.60846712221625,0.5155469148171401,0.0038801074130633906,0.001226997699138408,10
3.825,0.0057681,6.7,75.53553131524515,0.5124768224024641,0.004608446401827394,0.0014573187104582118,10
3.825,0.0057681,6.7,85.65902711148503,0.5080115988672548,0.00460042065130232,0.0014547807452990591,10
3.825,0.0057681,6.7,97.13930382065405,0.502796878982733,0.004214409262924463,0.0013327132262952715,10
3.825,0.0057681,6.7,110.15820124223863,0.4979989058511882,0.005738225369080232,0.001814586189365387,10
3.825,0.0057681,6.7,124.92192988463019,0.49204424033095073,0.005810240697777836,0.0018373594358783985,10
3.825,0.0057681,6.7,141.66433719976857,0.48428970431936713,0.006989596291149553,0.002210304420509799,10
3.825,0.0057681,6.7,160.6506115682328,0.4829237328428489,0.004658883142617923,0.0014732682083235709,10
3.825,0.0057681,6.7,182.18148270339256,0.4739270971907474,0.0057212299300684125,0.001809211759654204,10
3.825,0.0057681,6.7,206.59798500617453,0.4691014330190832,0.0054098896819311584,0.001710757328514632,10
3.825,0.0057681,6.7,234.2868593187527,0.45934256894285974,0.005720352216796529,0.001808934202347033,10
3.825,0.0057681,6.7,265.68667863727967,0.4501898819327721,0.006302315352862168,0.001992967104769223,10
3.825,0.0057681,6.7,301.29479481079477,0.4417699457257897,0.004947125050095333,0.0015644183027975847,10
3.825,0.0057681,6.7,341.67521625730984,0.4310674489634588,0.005889154304726421,0.0018623141095120805,10
3.825,0.0057681,6.7,387.4675414747558,0.42010242418036325,0.007662650216805393,0.002423142759828808,10
3.825,0.0057681,6.7,439.3970898475415,0.4109818489970908,0.009384708243153971,0.002967705322452384,10
3.825,0.0057681,6.7,498.28639021384265,0.3991148826662699,0.00854646898380357,0.002702630794080398,10
3.825,0.0057681,6.7,565.0682091647246,0.3845331197833308,0.009612202739676862,0.0030396453988689428,10
3.825,0.0057681,6.7,640.8003254345329,0.3711108291698656,0.00928773731573772,0.002937040422706962,10
3.825,0.0057681,6.7,726.6822843988746,0.35846325129089907,0.009270892249723934,0.002931713545113016,10
3.825,0.0057681,6.7,824.0743980600812,0.34386843360268216,0.010845294353827445,0.0034295832053058786,10
3.825,0.0057681,6.7,934.5192914670386,0.3267044015946397,0.01146973066785875,0.003627047305911787,10
3.825,0.0057681,6.7,1059.7663368500664,0.3092569021115407,0.013110251979915897,0.00414582569552663,10
3.825,0.0057681,6.7,1201.7993624909789,0.2930461165334508,0.012577172105427557,0.003977251037708646,10
3.825,0.0057681,6.7,1362.8680752180405,0.27593116076976526,0.012670419819776985,0.004006738554103542,10
3.825,0.0057681,6.7,1545.5236942368313,0.25799540475634963,0.01130654641671115,0.003575443914722251,10
3.825,0.0057681,6.7,1752.6593607127502,0.2384137517128646,0.013289418956370327,0.004202483268234806,10
3.825,0.0057681,6.7,1987.5559631655215,0.2198622734061236,0.007014519622935079,0.002218185870042032,10
3.825,0.0057681,6.7,2253.934104518936,0.20016944137977535,0.006688017249751287,0.0021149367539709256,10
3.825,0.0057681,6.7,2556.013033928596,0.18090380506098935,0.00972790405012763,0.00307623336579801,10
3.825,0.0057681,6.7,2898.577476827908,0.16363575596722843,0.00856023941066962,0.0027069853854053473,10
3.825,0.0057681,6.7,3287.0534217349177,0.14361586727217482,0.008802220670178404,0.0027835065785177505,10
3.825,0.0057681,6.7,3727.5940642316395,0.1241412785347,0.009516669149230472,0.0030094350249825134,10
3.825,0.0057681,6.7,4227.1772694102265,0.10699520828392672,0.008966731478405182,0.002835529463888929,10
3.825,0.0057681,6.7,4793.716096525065,0.0898367755982725,0.00826301791131018,0.002612995694650736,10
3.825,0.0057681,6.7,5436.1841364863385,0.07518403755875287,0.009085864617133082,0.0028732026702074265,10
3.825,0.0057681,6.7,6164.757647455977,0.06182709267034431,0.006798246489038818,0.002149794300060557,10
3.825,0.0057681,6.7,6990.976739877485,0.05059727277520816,0.006010583838384133,0.0019007134996691251,10
3.825,0.0057681,6.7,7927.9281640012005,0.0384298959297346,0.004356620301003035,0.0013776843051697938,10
3.825,0.0057681,6.7,8990.452595135517,0.029023754905898903,0.004858064388209536,0.0015362548486494581,10
3.825,0.0057681,6.7,10195.37969988176,0.023049255242811945,0.004673041647781173,0.0014777455207814834,10
3.825,0.0057681,6.7,11561.79470664286,0.01610067887965103,0.0040188711349390715,0.0012708786409113366,10
3.825,0.0057681,6.7,13111.340702701305,0.011431593518621464,0.003933990421274276,0.0012440370024512034,10
3.825,0.0057681,6.7,14868.561446048067,0.008033222510643475,0.0032190907440464,0.0010179658745952736,10
3.825,0.0057681,6.7,16861.29012186821,0.005725492889645091,0.002571345126826778,0.0008131307251147147,10
3.825,0.0057681,6.7,19121.09020132387,0.003922243806098084,0.0020821866386180245,0.0006584452291602869,10
3.825,0.0057681,6.7,21683.75538553704,0.002252953801375826,0.003069545706110942,0.0009706755813300406,10
3.825,0.0057681,6.7,24589.876553547903,0.002289255502225234,0.002841122947384114,0.0008984419626304525,10
3.825,0.0057681,6.7,27885.48469431772,0.0006297931876588954,0.0026439106344391117,0.0008360779534768408,10
3.825,0.0057681,6.7,31622.78000638587,-0.00019141981398228532,0.0029626612142951794,0.0009368757372612969,10
3.825,0.00260712,6.7,0.010000000009313226,0.9999935037360579,0.0001,3.1622776601683795e-05,10
3.825,0.00260712,6.7,0.011322141333229493,0.999990927319774,0.0001,3.1622776601683795e-05,10
3.825,0.00260712,6.7,0.012819088425023667,0.9999880102648472,0.0001,3.1622776601683795e-05,10
3.825,0.00260712,6.7,0.01451395307761125,0.9999847075340339,0.0001,3.1622776601683795e-05,10
3.825,0.00260712,6.7,0.016432902789553252,0.999980968135532,0.0001,3.1622776601683795e-05,10
3.825,0.00260712,6.7,0.01860556477252652,0.9999767343357023,0.0001,3.1622776601683795e-05,10
3.825,0.00260712,6.7,0.02106548337429136,0.9999705574715719,0.0001,3.1622776601683795e-05,10
3.825,0.00260712,6.7,0.023850637979439655,0.9999615142145745,0.0001,3.1622776601683795e-05,10
3.825,0.00260712,6.7,0.02700402938394123,0.9999512753112005,0.0001,3.1622776601683795e-05,10
3.825,0.00260712,6.7,0.0305743436966919,0.9999389378015409,0.0001,3.1622776601683795e-05,10
3.825,0.00260712,6.7,0.03461670401822868,0.9999205698374141,0.0001,3.1622776601683795e-05,10
3.825,0.00260712,6.7,0.03919352150199405,0.9998997733688487,0.0001,3.1622776601683795e-05,10
3.825,0.00260712,6.7,0.04437545893792669,0.9998705612355238,0.0001,3.1622776601683795e-05,10
3.825,0.00260712,6.7,0.05024252173542083,0.9998359909616917,0.0001,3.1622776601683795e-05,10
3.825,0.00260712,6.7,0.05688529314965038,0.9997886196256817,0.0001,3.1622776601683795e-05,10
3.825,0.00260712,6.7,0.06440633282227023,0.9997293040935805,0.0001,3.1622776601683795e-05,10
3.825,0.00260712,6.7,0.07292176022896245,0.999653843377056,0.0001,3.1622776601683795e-05,10
3.825,0.00260712,6.7,0.0825630474811258,0.9995569798765761,0.0001,3.1622776601683795e-05,10
3.825,0.00260712,6.7,0.09347904916128522,0.9994325904013553,0.0001,3.1622776601683795e-05,10
3.825,0.00260712,6.7,0.10583830053142833,0.9992735794669094,0.0001,3.1622776601683795e-05,10
3.825,0.00260712,6.7,0.11983161959696308,0.9990655220641994,0.0001,3.1622776601683795e-05,10
3.825,0.00260712,6.7,0.13567505320030374,0.9988103598803061,0.0001,3.1622776601683795e-05,10
3.825,0.00260712,6.7,0.1536132126296635,0.9984745054204744,0.0001,3.1622776601683795e-05,10
3.825,0.00260712,6.7,0.17392305024246993,0.998050958396071,0.0001,3.1622776601683795e-05,10
3.825,0.00260712,6.7,0.19691813541176756,0.997512769030034,0.0001,3.1622776601683795e-05,10
3.825,0.00260712,6.7,0.22295349581316398,0.9968236511573807,0.0001,3.1622776601683795e-05,10
3.825,0.00260712,6.7,0.2524310987983285,0.9959509179642044,0.0001,3.1622776601683795e-05,10
3.825,0.00260712,6.7,0.28580605748353166,0.994836779516443,0.0001,3.1622776601683795e-05,10
3.825,0.00260712,6.7,0.32359365737079593,0.993443297319689,0.00010225872559979349,3.2337048352151526e-05,10
3.825,0.00260712,6.7,0.3663773119876637,0.9916594548300177,0.0001291747019035023,4.084862740883551e-05,10
3.825,0.00260712,6.7,0.4148175703749755,0.9894529604400448,0.0001617385283503632,5.114621349908636e-05,10
3.825,0.00260712,6.7,0.46966231549182735,0.986693905791131,0.00020113035597703352,6.360300314878868e-05,10
3.825,0.00260712,6.7,0.5317583109937905,0.9832611520577149,0.0002483064590503822,7.85213968330538e-05,10
3.825,0.00260712,6.7,0.6020642746583937,0.9790277483797529,0.00030469539488522436,9.635314404017276e-05,10
3.825,0.00260712,6.7,0.6816656803022128,0.9738280483424863,0.00037327114770185514,0.00011803870115629879,10
3.825,0.00260712,6.7,0.7717915167205817,0.9674785957479658,0.0004583384757263911,0.00014493935225851935,10
3.825,0.00260712,6.7,0.8738332623959774,0.9596796491481321,0.0005657689795158637,0.00017891186047392773,10
3.825,0.00260712,6.7,0.9893663689310082,0.950102678100874,0.0006991168747589766,0.00022108016748970463,10
3.825,0.00260712,6.7,1.1201745848948503,0.9382463831080127,0.0008575985386191607,0.00027119647000684206,10
3.825,0.00260712,6.7,1.2682774956259426,0.9233062764519424,0.0010328996569481926,0.0003266315510362852,10
3.825,0.00260712,6.7,1.435961704185783,0.9044481375106587,0.0012077458830892247,0.0003819227825253386,10
3.825,0.00260712,6.7,1.6258161348754934,0.8809142897647015,0.0013580584553320983,0.0004294557914499471,10
3.825,0.00260712,6.7,1.8407720043761726,0.8523495949995151,0.001442750574984442,0.0004562377912468385,10
3.825,0.00260712,6.7,2.0841480776389014,0.8188937693717548,0.0014363879421980439,0.0004542257500948103,10
3.825,0.00260712,6.7,2.3597019072429775,0.7808355774202487,0.0013697360852265193,0.0004331485822638313,10
3.825,0.00260712,6.7,2.671687847321414,0.737855753968003,0.001305646326931845,0.00041288162117374735,10
3.825,0.00260712,6.7,3.024922737747293,0.6896298078293945,0.0013256286337548933,0.00041920058142026295,10
3.825,0.00260712,6.7,3.4248602726977837,0.637933453739024,0.0015149927077901528,0.00047908275951628014,10
3.825,0.00260712,6.7,3.8776752017933567,0.585827170767016,0.0019009011277674227,0.0006011177170527799,10
3.825,0.00260712,6.7,4.39035866381752,0.5347653941218317,0.0023737735602068575,0.0007506531099740505,10
3.825,0.00260712,6.7,4.970826124901611,0.4877347304649945,0.002492410413580516,0.0007881693770836697,10
3.825,0.00260712,6.7,5.628039587663034,0.4494310710713788,0.002711205778978503,0.0008573585466983128,10
3.825,0.00260712,6.7,6.372145958118625,0.4231217954000403,0.003561145178526813,0.0011261329842671675,10
3.825,0.00260712,6.7,7.214633706659467,0.4127982497800936,0.004803540649032759,0.0015190129284147012,10
3.825,0.00260712,6.7,8.168510241820464,0.4200608325422225,0.005641020191866911,0.0017838472133299478,10
3.825,0.00260712,6.7,9.248502735369057,0.44347020684170335,0.006561577311006824,0.0020749529346064583,10
3.825,0.00260712,6.7,10.471285499308664,0.4761682179239983,0.007380691948868601,0.0023339797266491795,10
3.825,0.00260712,6.7,11.855737425335406,0.5063723382906382,0.00782780169984187,0.0024753682443638013,10
3.825,0.00260712,6.7,13.423233461429227,0.5238992548411003,0.007971212153666758,0.002520718611800306,10
3.825,0.00260712,6.7,15.197974625769481,0.5327627977623446,0.008186840754893126,0.002588906362655456,10
3.825,0.00260712,6.7,17.207361653154173,0.5482873718043165,0.008062284994410208,0.0025495183727734148,10
3.825,0.00260712,6.7,19.48241804275608,0.5789722214037601,0.0061029428588802925,0.001929919986392129,10
3.825,0.00260712,6.7,22.058269038771115,0.597654135174358,0.004383710275191827,0.001386250907188969,10
3.825,0.00260712,6.7,24.974683939077185,0.5716341897992583,0.0038517871138536294,0.001218042034186377,10
3.825,0.00260712,6.7,28.276690104762153,0.5267820700211795,0.008503542409669928,0.00268905621943936,10
3.825,0.00260712,6.7,32.01526815038837,0.5243243846501691,0.009090248457121121,0.0028745889621334198,10
3.825,0.00260712,6.7,36.24813904823507,0.5526642908823838,0.006099309484220991,0.001928771012440516,10
3.825,0.00260712,6.7,41.04065529884516,0.559784574212338,0.0036656576254703583,0.0011591827218850781,10
3.825,0.00260712,6.7,46.46680992691227,0.5411831523742866,0.003680393894858363,0.001163842739433069,10
3.825,0.00260712,6.7,52.61037888068399,0.5421161781184074,0.005578007305758806,0.0017639207891257081,10
3.825,0.00260712,6.7,59.56621447271023,0.5472104749272658,0.00621735476719714,0.001966100208564889,10
3.825,0.00260712,6.7,67.44170983173859,0.5421806557815532,0.004507836498700664,0.0014255030655532755,10
3.825,0.00260712,6.7,76.35845697584534,0.5433834843530014,0.0034981947150304784,0.0011062262998259972,10
3.825,0.00260712,6.7,86.45412410626783,0.5420626342780336,0.0039680254079327675,0.001254799810248631,10
3.825,0.00260712,6.7,97.88458110601066,0.5413567639652588,0.00494589813231732,0.001564030317329557,10
3.825,0.00260712,6.7,110.82630605940687,0.5412045995451755,0.006292165561942329,0.0019897574590611042,10
3.825,0.00260712,6.7,125.47910994757356,0.5419041459694234,0.005681680434249229,0.0017967051109442113,10
3.825,0.00260712,6.7,142.06922158711487,0.5396843947927408,0.005171019341852916,0.0016352198945040071,10
3.825,0.00260712,6.7,160.8527804413156,0.5369786440394839,0.005703331827964604,0.0018035518828099753,10
3.825,0.00260712,6.7,182.1197912303386,0.535805734042563,0.0024700852231036314,0.000781109531973264,10
3.825,0.00260712,6.7,206.19860139677655,0.535673156240401,0.003318527602950774,0.0010494105703463352,10
3.825,0.00260712,6.7,233.46097055542833,0.5357445341678915,0.004196295482006654,0.0013269851458215143,10
3.825,0.00260712,6.7,264.32781019597456,0.5328418825581982,0.004077891073091798,0.0012895423841038252,10
3.825,0.00260712,6.7,299.27568225546634,0.5314264731181899,0.004755518674085219,0.001503827046557324,10
3.825,0.00260712,6.7,338.84415689393416,0.5283372835013881,0.003611926656867095,0.0011421914977177473,10
3.825,0.00260712,6.7,383.64414307191413,0.5271555042018357,0.003861914840918208,0.001221244702690837,10
3.825,0.00260712,6.7,434.36732054805697,0.5264100730302272,0.005480443814040186,0.0017330685040947266,10
3.825,0.00260712,6.7,491.7968189201088,0.5228853172107387,0.005979743793026325,0.0018909610210217677,10
3.825,0.00260712,6.7,556.8193085860364,0.5212061731229501,0.003350383947531601,0.001059484431026593,10
3.825,0.00260712,6.7,630.4386903010816,0.5163458395543217,0.005802416945045937,0.001834885348030122,10
3.825,0.00260712,6.7,713.7915946877231,0.5140647887711095,0.005405037893417674,0.0017092230582718265,10
3.825,0.00260712,6.7,808.1649309999045,0.5098209598211415,0.0025480257868281406,0.0008057565023219586,10
3.825,0.00260712,6.7,915.0157560818838,0.5076281582207538,0.005315304938372974,0.001680847006359952,10
3.825,0.00260712,6.7,1035.9937702842494,0.5010681503168766,0.004781741908333798,0.0015121195613414882,10
3.825,0.00260712,6.7,1172.9667876579438,0.4973121180519991,0.003977804866844498,0.001257892346693141,10
3.825,0.00260712,6.7,1328.049573667901,0.4903452984167824,0.005416074545011666,0.001712713153949701,10
3.825,0.00260712,6.7,1503.6364956599452,0.4854095761477405,0.007255397077021838,0.0022943580092317116,10
3.825,0.00260712,6.7,1702.438490180863,0.4805212754454999,0.005701562513095411,0.00180299237632151,10
3.825,0.00260712,6.7,1927.5249179006098,0.4743905663416009,0.006922666003095078,0.002189139205039469,10
3.825,0.00260712,6.7,2182.3709523467332,0.4655929628588896,0.006746961714131567,0.002133576630260961,10
3.825,0.00260712,6.7,2470.9112340992224,0.45855581885622554,0.007753571760515245,0.002451894676478977,10
3.825,0.00260712,6.7,2797.600618828123,0.44677957458206796,0.00980392449469064,0.003100273141153777,10
3.825,0.00260712,6.7,3167.482957080283,0.4372585541911914,0.009371764021863783,0.0029636120002709604,10
3.825,0.00260712,6.7,3586.268967725887,0.4242095645189923,0.008976292558778964,0.0028385529429762377,10
3.825,0.00260712,6.7,4060.4244073751906,0.4126987985948686,0.010657939964742486,0.0033703365453920924,10
3.825,0.00260712,6.7,4597.2698970381125,0.40109890278714805,0.011206768885606061,0.003543891488962213,10
3.825,0.00260712,6.7,5205.093947279073,0.38809838058636953,0.011805163934308978,0.003733120618409073,10
3.825,0.00260712,6.7,5893.280926894562,0.3744375977198423,0.011395235082201445,0.0036034897332812613,10
3.825,0.00260712,6.7,6672.455950858376,0.3575993341162932,0.011963736682320137,0.003783265724263793,10
3.825,0.00260712,6.7,7554.648924500861,0.3405276226064731,0.011455013507252549,0.003622393331091177,10
3.825,0.00260712,6.7,8553.48027664685,0.3222343424878133,0.010619728270301033,0.003358252946623154,10
3.825,0.00260712,6.7,9684.371249299384,0.3025633217583515,0.009351980462141675,0.0029573558893761774,10
3.825,0.00260712,6.7,10964.781990591448,0.282881387094379,0.01047681997032161,0.003313061374175397,10
3.825,0.00260712,6.7,12414.481126990673,0.26059168441809427,0.01083720838261119,0.003427026196692086,10
3.825,0.00260712,6.7,14055.850976759333,0.2407852958022388,0.013503147414338803,0.004270070141032401,10
3.825,0.00260712,6.7,15914.233116946823,0.21713867980658547,0.013973752792033467,0.0044188886282962945,10
3.825,0.00260712,6.7,18018.319639222467,0.1953957555443669,0.012182657922943476,0.003852494699119746,10
3.825,0.00260712,6.7,20400.59613525858,0.1745902541257987,0.010786596683008697,0.0034110213719924743,10
3.825,0.00260712,6.7,23097.84325104177,0.15495725397520183,0.010812389442480596,0.0034191777586996823,10
3.825,0.00260712,6.7,26151.704553751933,0.13568471917515426,0.011271315097605043,0.0035643027933875,10
3.825,0.00260712,6.7,29609.329478668253,0.11780613427550038,0.00957166445754497,0.0030268260684722143,10
3.825,0.00260712,6.7,33524.1012827423,0.10096602722658983,0.009045123224729562,0.002860319110703246,10
3.825,0.00260712,6.7,37956.461243921076,0.08492537755255988,0.007855807420171019,0.00248422443073918,10
3.825,0.00260712,6.7,42974.8418312688,0.07095295326500364,0.00678756604354134,0.002146416846640825,10
3.825,0.00260712,6.7,48656.72325336576,0.05914619281197111,0.005512342197811426,0.0017431556587342537,10
3.825,0.00260712,6.7,55089.82969733774,0.04836829958634685,0.004606127750568281,0.0014565854885503703,10
3.825,0.00260712,6.7,62373.483727590195,0.037703648564402725,0.004469712300089721,0.0014134471353953548,10
3.825,0.00260712,6.7,70620.13975519652,0.031534862871586605,0.006083161219520884,0.0019236644827693525,10
3.825,0.00260712,6.7,79957.12025360957,0.024639451919912358,0.0024022930829312003,0.0007596717749330358,10
3.825,0.00260712,6.7,90528.58152662813,0.019852380896191835,0.004109759321160118,0.0012996200089973404,10
3.825,0.00260712,6.7,102497.73937866882,0.01419486617824344,0.002932481395084414,0.0009273320404534845,10
3.825,0.00260712,6.7,116049.38905010147,0.011380221261408368,0.003002080177877716,0.0009493411080537014,10
3.825,0.00260712,6.7,131392.75832364944,0.008601175678567713,0.0024425314434209154,0.0007723962617788786,10
3.825,0.00260712,6.7,148764.7378517746,0.0056665261365016015,0.0019554926383079036,0.0006183810684744807,10
3.825,0.00260712,6.7,168433.53857899687,0.0041572796100539395,0.001653179407830069,0.0005227812309631418,10
3.825,0.00260712,6.7,190702.83272713036,0.002883692042874051,0.0010444331389514914,0.00033027875828458376,10
3.825,0.00260712,6.7,215916.44227729153,0.00196239761592784,0.0014985637149991246,0.0004738874558280666,10
3.825,0.00260712,6.7,244463.64733548387,0.0005377647880180989,0.0014272813731055294,0.0004513460000946065,10
3.825,0.00260712,6.7,276785.1963391358,-0.00044200663733921146,0.00184967238796666,0.0005849177671097268,10
3.825,0.00260712,6.7,313380.11089787923,0.0005396801553608502,0.001310247907115976,0.0004143367685955224,10
3.825,0.00260712,6.7,354813.3903304457,0.0003415068855293197,0.0017917657971871735,0.0005666060952698786,10
3.85,0.0988608,6.7,0.010000000000218279,0.9997538017369892,0.0001,3.1622776601683795e-05,10
3.85,0.0988608,6.7,0.011351307054675233,0.9996541327144115,0.0001,3.1622776601683795e-05,10
3.85,0.0988608,6.7,0.012885217184670714,0.999540995346502,0.0001,3.1622776601683795e-05,10
3.85,0.0988608,6.7,0.014626405672618265,0.9994125696462547,0.0001,3.1622776601683795e-05,10
3.85,0.0988608,6.7,0.016602882189250948,0.9992667896905363,0.0001,3.1622776601683795e-05,10
3.85,0.0988608,6.7,0.018846441371867226,0.9991013103865619,0.0001,3.1622776601683795e-05,10
3.85,0.0988608,6.7,0.021393174289532996,0.9988451571351344,0.0001,3.1622776601683795e-05,10
3.85,0.0988608,6.7,0.024284049022937213,0.9984901829199618,0.0001,3.1622776601683795e-05,10
3.85,0.0988608,6.7,0.027565569698412937,0.9980872407886787,0.0001,3.1622776601683795e-05,10
3.85,0.0988608,6.7,0.03129052457769065,0.9975670377229887,0.0001,3.1622776601683795e-05,10
3.85,0.0988608,6.7,0.035518835237547564,0.9968420420641703,0.0001,3.1622776601683795e-05,10
3.85,0.0988608,6.7,0.040318520499702026,0.9960036795116542,0.0001,3.1622776601683795e-05,10
3.85,0.0988608,6.7,0.045766790617234585,0.9948061299906451,0.0001,3.1622776601683795e-05,10
3.85,0.0988608,6.7,0.051951289319191934,0.9933532718919315,0.0001,3.1622776601683795e-05,10
3.85,0.0988608,6.7,0.05897150369355452,0.9914738771051705,0.0001,3.1622776601683795e-05,10
3.85,0.0988608,6.7,0.06694036458868406,0.9890128319258874,0.0001,3.1622776601683795e-05,10
3.85,0.0988608,6.7,0.0759860632781475,0.9858857384930253,0.00010126698668689914,3.202343297125498e-05,10
3.85,0.0988608,6.7,0.08625411361274073,0.9818881361483955,0.00012843130632199466,4.0613545084828564e-05,10
3.85,0.0988608,6.7,0.09790969283256912,0.9767852874457302,0.00016374384461589718,5.17803501818934e-05,10
3.85,0.0988608,6.7,0.11114029869471674,0.9702425338177083,0.00020723998054390634,6.553503607677246e-05,10
3.85,0.0988608,6.7,0.12615876566045128,0.9618372361043658,0.00026170879632091316,8.275958800751801e-05,10
3.85,0.0988608,6.7,0.14320668866193417,0.9512986657680991,0.00032661121462978213,0.00010328353475842197,10
3.85,0.0988608,6.7,0.16255830952494102,0.9379715723492241,0.00040688599666897376,0.00012866864975016412,10
3.85,0.0988608,6.7,0.1845249285666265,0.9211575282128086,0.0005022816909982859,0.00015883541705554761,10
3.85,0.0988608,6.7,0.209459912335607,0.9001788576827867,0.0006152626976990358,0.00019456314840685918,10
3.85,0.0988608,6.7,0.23776437805149325,0.8741402746052994,0.0007489111693463839,0.00023682650602746476,10
3.85,0.0988608,6.7,0.2698936461867474,0.8425036025352328,0.0009073683569009525,0.0002869350684571571,10
3.85,0.0988608,6.7,0.3063645649904774,0.8042094664769065,0.0010915727607439265,0.00034518561557488417,10
3.85,0.0988608,6.7,0.3477638247803005,0.7590747068738498,0.0013119911940152429,0.000414888044317204,10
3.85,0.0988608,6.7,0.3947573957503299,0.7064655410610741,0.00156855334884228,0.000496020121382624,10
3.85,0.0988608,6.7,0.4481012411168134,0.6470294389646535,0.0018882476029898085,0.0005971163211801162,10
3.85,0.0988608,6.7,0.5086534779386983,0.5821351475198472,0.0022725646998781363,0.0007186480581711888,10
3.85,0.0988608,6.7,0.5773881812384607,0.513750295011149,0.0027104685477671525,0.0008571254137193096,10
3.85,0.0988608,6.7,0.6554110534835178,0.4444850530249524,0.003169100632867419,0.0010021576134142112,10
3.85,0.0988608,6.7,0.7439772114957187,0.37714805678233726,0.00357289529949141,0.0011298486987702295,10
3.85,0.0988608,6.7,0.8445113769184625,0.3154293356445574,0.003850974927631703,0.0012177851983518275,10
3.85,0.0988608,6.7,0.9586307950358789,0.26054902491999743,0.004071920087510805,0.001287654192672629,10
3.85,0.0988608,6.7,1.088171250628218,0.21387098156470588,0.004380072033169741,0.0013851003940420963,10
3.85,0.0988608,6.7,1.2352165993681232,0.17564480328113125,0.004885422583011587,0.0015449062694739642,10
3.85,0.0988608,6.7,1.402132289815328,0.14508251338508704,0.005439884232373116,0.0017202424381935718,10
3.85,0.0988608,6.7,1.5916034152621248,0.12344212145195765,0.005541882185576727,0.0017524970230734396,10
3.85,0.0988608,6.7,1.80667790755158,0.11267596051268795,0.0052747975641558925,0.001668037449904076,10
3.85,0.0988608,6.7,2.0508155677068496,0.11555814306065541,0.00523537391489963,0.0016555705973715369,10
3.85,0.0988608,6.7,2.3279437221040404,0.13269670444305254,0.005924466299131703,0.0018734807426164617,10
3.85,0.0988608,6.7,2.642520399502972,0.15889661692019091,0.005960486842531475,0.0018848714385864844,10
3.85,0.0988608,6.7,2.9996060452346534,0.1844710716966601,0.005629915406671268,0.0017803355719154326,10
3.85,0.0988608,6.7,3.404944926177538,0.2036982855699805,0.005046456992309203,0.0015958298209779902,10
3.85,0.0988608,6.7,3.865057536045609,0.21507356288887208,0.00567059333351775,0.0017931990618482918,10
3.85,0.0988608,6.7,4.3873454874682505,0.21082367939262325,0.0066887269391868835,0.0021151611774757103,10
3.85,0.0988608,6.7,4.980210578210885,0.20258472032943145,0.005710523415977697,0.0018058260626214692,10
3.85,0.0988608,6.7,5.653189946897943,0.1898105548055737,0.006257970733843047,0.0019789441049619383,10
3.85,0.0988608,6.7,6.417109492424104,0.17547684072341618,0.006005276281627027,0.001899035102852818,10
3.85,0.0988608,6.7,7.284258025038717,0.1700446219659167,0.006452138020675538,0.0020403451923105276,10
3.85,0.0988608,6.7,8.268584950589176,0.16378725135068736,0.004237544996202111,0.0013400293875448232,10
3.85,0.0988608,6.7,9.385924667975567,0.1585321402895462,0.004650462607034923,0.0014706054011674938,10
3.85,0.0988608,6.7,10.65425128959158,0.15247772600681622,0.004699946958720236,0.0014862537271537319,10
3.85,0.0988608,6.7,12.093967782318368,0.14156278703737635,0.005693203793387325,0.001800349117061461,10
3.85,0.0988608,6.7,13.728234180344895,0.13614393933076768,0.004726719603357358,0.0014947199807576915,10
3.85,0.0988608,6.7,15.583340149618108,0.12442133709812028,0.005011526404734169,0.0015847837993034817,10
3.85,0.0988608,6.7,17.689127897190275,0.1171362253193738,0.005712548194055541,0.0018064663536697056,10
3.85,0.0988608,6.7,20.07947222860456,0.1083600954311228,0.0046192198647422855,0.0014607255785680532,10
3.85,0.0988608,6.7,22.792825475773903,0.09760061778964725,0.005328765885884893,0.001685103731720116,10
3.85,0.0988608,6.7,25.872836061348632,0.08792644391340322,0.0031947675074934703,0.0010102741918378416,10
3.85,0.0988608,6.7,29.369050650123167,0.07823865580133849,0.004333444320926152,0.00137035541676483,10
3.85,0.0988608,6.7,33.33771118265806,0.07118116333471683,0.003000130149472883,0.0009487244549275718,10
3.85,0.0988608,6.7,37.842659612617176,0.05953440281348821,0.0026606416750191496,0.0008413687730626033,10
3.85,0.0988608,6.7,42.95636490189982,0.04985256871620908,0.0037295819487160563,0.0011793973678192035,10
3.85,0.0988608,6.7,48.76108879434957,0.04124044295907171,0.003813353756893201,0.001205888339574253,10
3.85,0.0988608,6.7,55.350209121286355,0.030830315419752764,0.0028993934272120107,0.0009168687062911574,10
3.85,0.0988608,6.7,62.82972192624931,0.027269886010055294,0.005560778346729307,0.0017584725139010143,10
3.85,0.0988608,6.7,71.31994657291497,0.0193859369203532,0.003591446510849125,0.001135715106894786,10
3.85,0.0988608,6.7,80.95746126545187,0.014952586385323407,0.003986775858039641,0.0012607292231977378,10
3.85,0.0988608,6.7,91.89730011710618,0.010729123182305386,0.0031124808534843387,0.0009842528670675334,10
3.85,0.0988608,6.7,104.31544711021446,0.008007444061834556,0.002909400152964027,0.0009200331108208608,10
3.85,0.0988608,6.7,118.41166706679324,0.005361544253866329,0.0019519846995248475,0.0006172717608297912,10
3.85,0.0988608,6.7,134.41271917018034,0.0025489601474159955,0.002581110522993472,0.0008162188145287778,10
3.85,0.0988608,6.7,152.57600473212457,0.0015497708523515585,0.0017618571739610534,0.0005571481581624433,10
3.85,0.0988608,6.7,173.19370788521238,0.0009210140579861921,0.0034527189704416815,0.0010918456067067295,10
3.85,0.0988608,6.7,196.59749580998604,0.00014174275862196642,0.002227118361886405,0.0007042766642344175,10
3.85,0.0988608,6.7,223.1638541070668,-8.459444177188685e-05,0.0029564658922648845,0.0009349166044159018,10
3.85,0.0988608,6.7,253.32014314187637,-0.0003955416606231556,0.0030703984386424754,0.0009709452390334972,10
3.85,0.0988608,6.7,287.5514727874956,0.0008816197184414867,0.0025680893975480196,0.0008121011731181374,10
3.85,0.0988608,6.7,326.40850615637055,-4.524859916622433e-05,0.0020490631888123475,0.0006479706746254668,10
3.85,0.0988608,6.7,370.5163178557939,-0.0001853800329865657,0.0019421714258318359,0.0006141685312125383,10
3.85,0.0988608,6.7,420.58444926569615,0.0004901509417768542,0.0017316344816019262,0.0005475909036747024,10
3.85,0.0988608,6.7,477.4183225932176,-0.00022456372202349093,0.0007844378194833738,0.00024806101923434686,10
3.85,0.0988608,6.7,541.9321973165318,0.00012915184862251694,0.0011145638857915988,0.0003524560476869233,10
3.85,0.0988608,6.7,615.1638774420524,-0.00032968354976191817,0.0009715837207975477,0.0003072417495261357,10
3.85,0.0988608,6.7,698.2914061636919,-0.00048311027923397365,0.0025240884819298704,0.0007981868618695147,10
3.85,0.0988608,6.7,792.652016483199,-0.0012389165448383368,0.0019477453198531503,0.0006159311512669132,10
3.85,0.0988608,6.7,899.7636426411872,0.0010004632370007914,0.0018431859548279426,0.0005828665768488526,10
3.85,0.0988608,6.7,1021.3493384030259,-4.9098917005254726e-05,0.0025269963871132352,0.000799106422229439,10
3.85,0.0988608,6.7,1159.3649950049091,-5.2092359588537225e-05,0.0014618918330948326,0.000462290788537839,10
3.85,0.0988608,6.7,1316.0308046455484,-6.06682653197921e-05,0.0013527804473854256,0.0004277867387879517,10
3.85,0.0988608,6.7,1493.8669756616864,0.00032501311090518865,0.0012806424373927512,0.0004049746970430679,10
3.85,0.0988608,6.7,1695.7342739204687,0.00022334526976298198,0.0016987704327408584,0.0005371983789210986,10
3.85,0.0988608,6.7,1924.8800425987847,0.0003027342724233012,0.0010161197399753035,0.0003213252753780005,10
3.85,0.0988608,6.7,2184.990440647822,-0.00024057568766030972,0.0012117789695365504,0.0003831981564427292,10
3.85,0.0988608,6.7,2480.2497402782196,-0.0007864805933342897,0.001230830463292454,0.00038922276775244234,10
3.85,0.0988608,6.7,2815.4076373562034,0.001082964938114808,0.0017201478751868204,0.0005439585197889388,10
3.85,0.0988608,6.7,3195.8556575010366,0.00037883612693772234,0.0013413520649490213,0.00042417276694090147,10
3.85,0.0988608,6.7,3627.7138869923433,-0.0007295524721358832,0.0008951888250415929,0.0002830835623061409,10
3.85,0.0988608,6.7,4117.929423686066,-6.06601184811054e-05,0.0011269054863450802,0.000356358804459023,10
3.85,0.0988608,6.7,4674.388131672206,0.00035646857227064507,0.0010173484523957172,0.00032171382836178504,10
3.85,0.0988608,6.7,5306.041497418272,-3.7976667169417304e-05,0.001055057902988722,0.0003336386036805333,10
3.85,0.0988608,6.7,6023.050628072877,-0.000308621695703318,0.001260074745038415,0.0003984706216377346,10
3.85,0.0988608,6.7,6836.949708361742,-0.0005059371435814182,0.0010563796590151613,0.00033405657963599345,10
3.85,0.0988608,6.7,7760.831545529242,0.00018810568612587139,0.0008383117053372397,0.000265097437804561,10
3.85,0.0988608,6.7,8809.558187098928,0.00017684873133333128,0.001361226676168534,0.0004304576708473012,10
3.85,0.0988608,6.7,9999.99999956053,0.0007418977899678463,0.0008980178856327791,0.00028397818981681797,10
3.85,0.0636712,6.7,0.010000000000218279,0.9998411302229971,0.0001,3.1622776601683795e-05,10
3.85,0.0636712,6.7,0.011351307054675233,0.9997768504479593,0.0001,3.1622776601683795e-05,10
3.85,0.0636712,6.7,0.012885217184670714,0.9997038845015751,0.0001,3.1622776601683795e-05,10
3.85,0.0636712,6.7,0.014626405672618265,0.9996210586153825,0.0001,3.1622776601683795e-05,10
3.85,0.0636712,6.7,0.016602882189250948,0.9995270404087601,0.0001,3.1622776601683795e-05,10
3.85,0.0636712,6.7,0.018846441371867226,0.999420317455552,0.0001,3.1622776601683795e-05,10
3.85,0.0636712,6.7,0.021393174289532996,0.9992551159989722,0.0001,3.1622776601683795e-05,10
3.85,0.0636712,6.7,0.024284049022937213,0.9990261817690833,0.0001,3.1622776601683795e-05,10
3.85,0.0636712,6.7,0.027565569698412937,0.9987663114952097,0.0001,3.1622776601683795e-05,10
3.85,0.0636712,6.7,0.03129052457769065,0.9984307887845892,0.0001,3.1622776601683795e-05,10
3.85,0.0636712,6.7,0.035518835237547564,0.9979631270682386,0.0001,3.1622776601683795e-05,10
3.85,0.0636712,6.7,0.040318520499702026,0.9974222971159088,0.0001,3.1622776601683795e-05,10
3.85,0.0636712,6.7,0.045766790617234585,0.9966491211845987,0.0001,3.1622776601683795e-05,10
3.85,0.0636712,6.7,0.051951289319191934,0.9957109463086867,0.0001,3.1622776601683795e-05,10
3.85,0.0636712,6.7,0.05897150369355452,0.9944969607494276,0.0001,3.1622776601683795e-05,10
3.85,0.0636712,6.7,0.06694036458868406,0.9929057537148653,0.0001,3.1622776601683795e-05,10
3.85,0.0636712,6.7,0.0759860632781475,0.9908821071379739,0.00010809543918628634,3.4182779250488286e-05,10
3.85,0.0636712,6.7,0.08625411361274073,0.9882919861346637,0.0001393830837585686,4.407680119750996e-05,10
3.85,0.0636712,6.7,0.09790969283256912,0.9849805427680579,0.00017859718979037735,5.647739034429624e-05,10
3.85,0.0636712,6.7,0.11114029869471674,0.9807243836475401,0.0002299253422128314,7.270877731862063e-05,10
3.85,0.0636712,6.7,0.12615876566045128,0.9752416061163975,0.00029578040708457237,9.353397736390522e-05,10
3.85,0.0636712,6.7,0.14320668866193417,0.9683430793607372,0.00037871450949122313,0.00011976004329457205,10
3.85,0.0636712,6.7,0.16255830952494102,0.9595771488386087,0.0004843981527842293,0.00015318014571763977,10
3.85,0.0636712,6.7,0.1845249285666265,0.9484433554561026,0.0006220017497543292,0.00019669422378337578,10
3.85,0.0636712,6.7,0.209459912335607,0.9344416275143697,0.0007969640137015238,0.0002520221496486455,10
3.85,0.0636712,6.7,0.23776437805149325,0.9168662470231078,0.0010165592173847133,0.000321464250337393,10
3.85,0.0636712,6.7,0.2698936461867474,0.8952382696532515,0.0012838498806113376,0.00040598897964670737,10
3.85,0.0636712,6.7,0.3063645649904774,0.8685647293659086,0.001603711063750873,0.0005071379670264253,10
3.85,0.0636712,6.7,0.3477638247803005,0.8365348865028601,0.0019721318501824624,0.0006236428492738534,10
3.85,0.0636712,6.7,0.3947573957503299,0.7980280196719974,0.002362020193674203,0.000746936369132252,10
3.85,0.0636712,6.7,0.4481012411168134,0.7530754097078708,0.0027458846281864877,0.0008683249617113887,10
3.85,0.0636712,6.7,0.5086534779386983,0.7016913136629352,0.0030530806551164955,0.0009654688750367134,10
3.85,0.0636712,6.7,0.5773881812384607,0.6446427029186236,0.003250184574191102,0.0010277986070388397,10
3.85,0.0636712,6.7,0.6554110534835178,0.5832256268459335,0.0033276046682261143,0.0010522809904203452,10
3.85,0.0636712,6.7,0.7439772114957187,0.5191917536089564,0.003359232258637427,0.0010622825126806103,10
3.85,0.0636712,6.7,0.8445113769184625,0.45528416704403807,0.003441293437430936,0.0010882325359271897,10
3.85,0.0636712,6.7,0.9586307950358789,0.3931615175097246,0.003630419951774338,0.0011480395910525552,10
3.85,0.0636712,6.7,1.088171250628218,0.3347719977299571,0.0038572553423973435,0.0012197712398828251,10
3.85,0.0636712,6.7,1.2352165993681232,0.2815137846596705,0.004089444525782907,0.0012931959066381157,10
3.85,0.0636712,6.7,1.402132289815328,0.23405213502749658,0.004278970982557641,0.0013531294346650767,10
3.85,0.0636712,6.7,1.5916034152621248,0.19527963623238803,0.004399583267258641,0.0013912703880102606,10
3.85,0.0636712,6.7,1.80667790755158,0.16799507718905074,0.005158667543029351,0.0016313139127557418,10
3.85,0.0636712,6.7,2.0508155677068496,0.1557284695369034,0.005827805899342063,0.0018429140403286896,10
3.85,0.0636712,6.7,2.3279437221040404,0.1602552656073938,0.005591116219014701,0.0017680661914795282,10
3.85,0.0636712,6.7,2.642520399502972,0.17806545610055716,0.0057240406549919935,0.0018101005889176757,10
3.85,0.0636712,6.7,2.9996060452346534,0.20219270236077397,0.006849384603306245,0.0021659655916936595,10
3.85,0.0636712,6.7,3.404944926177538,0.23118734812845837,0.007704058151175337,0.002436237098409987,10
3.85,0.0636712,6.7,3.865057536045609,0.2623261769696633,0.007315109636216525,0.0023132407784289956,10
3.85,0.0636712,6.7,4.3873454874682505,0.27529635963518984,0.0038373884040843404,0.00121348876236251,10
3.85,0.0636712,6.7,4.980210578210885,0.2729163947166551,0.0039360191252832905,0.0012446785349878834,10
3.85,0.0636712,6.7,5.653189946897943,0.2664720490091822,0.002982513509613836,0.0009431535842602222,10
3.85,0.0636712,6.7,6.417109492424104,0.25061459606024394,0.0050757178859523275,0.0016050829280064118,10
3.85,0.0636712,6.7,7.284258025038717,0.23800697176569505,0.005796015416159968,0.00183286100685142,10
3.85,0.0636712,6.7,8.268584950589176,0.22581447372757898,0.005315208870305433,0.0016808166269695678,10
3.85,0.0636712,6.7,9.385924667975567,0.22024793937282916,0.004221086489417001,0.001334824750712195,10
3.85,0.0636712,6.7,10.65425128959158,0.2184827613795514,0.003850738744161527,0.0012177105105806835,10
3.85,0.0636712,6.7,12.093967782318368,0.20973307065723384,0.0030760408381219034,0.0009727295224158512,10
3.85,0.0636712,6.7,13.728234180344895,0.19627332029478442,0.005254957746098007,0.0016617635485614505,10
3.85,0.0636712,6.7,15.583340149618108,0.18913537668223807,0.004040446828089055,0.0012777014741564207,10
3.85,0.0636712,6.7,17.689127897190275,0.17826504996853468,0.005114176419549862,0.0016172445841702435,10
3.85,0.0636712,6.7,20.07947222860456,0.16747408689561802,0.0057064098934711815,0.0018045252525887739,10
3.85,0.0636712,6.7,22.792825475773903,0.16017711967257686,0.004693581589398174,0.001484240820633144,10
3.85,0.0636712,6.7,25.872836061348632,0.14839892938697571,0.002986753598788738,0.0009444944181877137,10
3.85,0.0636712,6.7,29.369050650123167,0.13589313740786113,0.003032616124876836,0.0009589974223564418,10
3.85,0.0636712,6.7,33.33771118265806,0.12306713452004689,0.004289075160212735,0.0013563246561923844,10
3.85,0.0636712,6.7,37.842659612617176,0.1114329020226759,0.003905205715884875,0.0012349344793704602,10
3.85,0.0636712,6.7,42.95636490189982,0.09813240847624519,0.004844663317637815,0.0015320170580403287,10
3.85,0.0636712,6.7,48.76108879434957,0.08573347674928225,0.005280537514062116,0.0016698525814399696,10
3.85,0.0636712,6.7,55.350209121286355,0.0755356280331589,0.00402949642841412,0.0012742386537302243,10
3.85,0.0636712,6.7,62.82972192624931,0.06435551217080779,0.006010677061506972,0.0019007429794090016,10
3.85,0.0636712,6.7,71.31994657291497,0.05119504134923142,0.003234755397683863,0.001022919473020476,10
3.85,0.0636712,6.7,80.95746126545187,0.04309688045324222,0.005914571189169351,0.0018703516340985763,10
3.85,0.0636712,6.7,91.89730011710618,0.0338376811240315,0.0028857817439413833,0.0009125643140987582,10
3.85,0.0636712,6.7,104.31544711021446,0.02569564964611759,0.0030760563129754413,0.000972734415994215,10
3.85,0.0636712,6.7,118.41166706679324,0.018506628753235214,0.0033736557357063003,0.0010668436166122951,10
3.85,0.0636712,6.7,134.41271917018034,0.013951626814805818,0.0034818939597273365,0.0011010715483920975,10
3.85,0.0636712,6.7,152.57600473212457,0.008688810975727254,0.0025814630854649506,0.0008163303045715149,10
3.85,0.0636712,6.7,173.19370788521238,0.006229979138669852,0.0024987984738352523,0.0007901894591072059,10
3.85,0.0636712,6.7,196.59749580998604,0.004531897519715635,0.0023202204258153275,0.0007337181219222174,10
3.85,0.0636712,6.7,223.1638541070668,0.002617090068705366,0.0030046873369578486,0.0009501655641452624,10
3.85,0.0636712,6.7,253.32014314187637,-0.00038822362932790716,0.001450804415970508,0.000458784639389717,10
3.85,0.0636712,6.7,287.5514727874956,0.0005972164870610711,0.0026373980677458757,0.0008340184990604032,10
3.85,0.0636712,6.7,326.40850615637055,0.00019282538915253773,0.002479536306509303,0.0007840982269650784,10
3.85,0.0636712,6.7,370.5163178557939,-0.0008616281838304275,0.0016699544707235803,0.0005280859716267488,10
3.85,0.0636712,6.7,420.58444926569615,-0.0005058454541931601,0.0009951721893967694,0.0003147010782550259,10
3.85,0.0636712,6.7,477.4183225932176,0.0005990180841027607,0.0014802904693661596,0.0004681089481836771,10
3.85,0.0636712,6.7,541.9321973165318,-0.00022603439075426758,0.002235362717100675,0.0007068837582660753,10
3.85,0.0636712,6.7,615.1638774420524,0.0007769401066956628,0.001853839660110004,0.0005862355742700006,10
3.85,0.0636712,6.7,698.2914061636919,0.0002813601394809907,0.0019276952079629172,0.0006095907491754771,10
3.85,0.0636712,6.7,792.652016483199,0.0006080286752247997,0.0022640725881151492,0.000715962616639614,10
3.85,0.0636712,6.7,899.7636426411872,0.0012181434052942427,0.0017456586076073143,0.0005520257217117248,10
3.85,0.0636712,6.7,1021.3493384030259,0.0007362103502519172,0.0016912826035888483,0.0005348305194360427,10
3.85,0.0636712,6.7,1159.3649950049091,0.00015886660408075866,0.002088499930556414,0.000660441667366176,10
3.85,0.0636712,6.7,1316.0308046455484,-0.0008559242279940791,0.0015568068540567177,0.0004923055535780573,10
3.85,0.0636712,6.7,1493.8669756616864,-0.0003095606468131716,0.0012571727990002626,0.00039755294572498825,10
3.85,0.0636712,6.7,1695.7342739204687,-0.0004531663949865647,0.0013290534240137232,0.0004202835951928889,10
3.85,0.0636712,6.7,1924.8800425987847,0.00031195251879393706,0.0012719118828015638,0.00040221385326860866,10
3.85,0.0636712,6.7,2184.990440647822,8.854137721576785e-05,0.001387827415225342,0.00043886956313363243,10
3.85,0.0636712,6.7,2480.2497402782196,-0.0005438244041967636,0.0013430273335538535,0.0004247025333892857,10
3.85,0.0636712,6.7,2815.4076373562034,0.00021762350601290306,0.0013973149672122105,0.00044186979050340845,10
3.85,0.0636712,6.7,3195.8556575010366,-0.0004202379844282719,0.0014211290967688958,0.00044940047949275456,10
3.85,0.0636712,6.7,3627.7138869923433,-0.0003970203146792527,0.0008792735381417172,0.00027805070668427616,10
3.85,0.0636712,6.7,4117.929423686066,-0.00031830039051211433,0.0008055941831412416,0.0002547512488509142,10
3.85,0.0636712,6.7,4674.388131672206,-0.00025980680396894167,0.0007256134003661201,0.00022945910458965955,10
3.85,0.0636712,6.7,5306.041497418272,0.00014919377719319098,0.0012651288908647413,0.0004000688828815171,10
3.85,0.0636712,6.7,6023.050628072877,-0.0007593575759448867,0.0009681409156477931,0.0003061530389447975,10
3.85,0.0636712,6.7,6836.949708361742,-2.876405469508681e-05,0.0012821808231012442,0.0004054611773189369,10
3.85,0.0636712,6.7,7760.831545529242,0.0001279326241981012,0.0006152729144228931,0.00019456637921862058,10
3.85,0.0636712,6.7,8809.558187098928,0.0003410744308021892,0.0011875677006434123,0.0003755418809682192,10
3.85,0.0636712,6.7,9999.99999956053,0.0001780952378091963,0.0011045501519990374,0.00034928942702021435,10
3.85,0.04100738,6.7,0.010000000000218279,0.999897770217461,0.0001,3.1622776601683795e-05,10
3.85,0.04100738,6.7,0.011351307054675233,0.9998563246377428,0.0001,3.1622776601683795e-05,10
3.85,0.04100738,6.7,0.012885217184670714,0.9998092784875998,0.0001,3.1622776601683795e-05,10
3.85,0.04100738,6.7,0.014626405672618265,0.9997558749579998,0.0001,3.1622776601683795e-05,10
3.85,0.04100738,6.7,0.016602882189250948,0.9996952549717717,0.0001,3.1622776601683795e-05,10
3.85,0.04100738,6.7,0.018846441371867226,0.9996264433640405,0.0001,3.1622776601683795e-05,10
3.85,0.04100738,6.7,0.021393174289532996,0.9995199783312877,0.0001,3.1622776601683795e-05,10
3.85,0.04100738,6.7,0.024284049022937213,0.9993724759624956,0.0001,3.1622776601683795e-05,10
3.85,0.04100738,6.7,0.027565569698412937,0.999205041494554,0.0001,3.1622776601683795e-05,10
3.85,0.04100738,6.7,0.03129052457769065,0.9989887591377629,0.0001,3.1622776601683795e-05,10
3.85,0.04100738,6.7,0.035518835237547564,0.9986871005481417,0.0001,3.1622776601683795e-05,10
3.85,0.04100738,6.7,0.040318520499702026,0.9983382349182428,0.0001,3.1622776601683795e-05,10
3.85,0.04100738,6.7,0.045766790617234585,0.9978393222124129,0.0001,3.1622776601683795e-05,10
3.85,0.04100738,6.7,0.051951289319191934,0.9972337547595893,0.0001,3.1622776601683795e-05,10
3.85,0.04100738,6.7,0.05897150369355452,0.9964497331676464,0.0001,3.1622776601683795e-05,10
3.85,0.04100738,6.7,0.06694036458868406,0.9954209698717837,0.0001,3.1622776601683795e-05,10
3.85,0.04100738,6.7,0.0759860632781475,0.9941107325818909,0.0001,3.1622776601683795e-05,10
3.85,0.04100738,6.7,0.08625411361274073,0.992431430859898,0.0001,3.1622776601683795e-05,10
3.85,0.04100738,6.7,0.09790969283256912,0.9902820126250674,0.0001,3.1622776601683795e-05,10
3.85,0.04100738,6.7,0.11114029869471674,0.987513012089533,0.00010873272538587417,3.438430684169731e-05,10
3.85,0.04100738,6.7,0.12615876566045128,0.9839351250708142,0.00013773632267177055,4.355604961786835e-05,10
3.85,0.04100738,6.7,0.14320668866193417,0.9794202033348179,0.0001745345244526976,5.5192662760487736e-05,10
3.85,0.04100738,6.7,0.16255830952494102,0.9736610352496303,0.00022064954095283971,6.977551140815729e-05,10
3.85,0.04100738,6.7,0.1845249285666265,0.9663090410862092,0.00027814872416221753,8.795834966225172e-05,10
3.85,0.04100738,6.7,0.209459912335607,0.9570022616638365,0.0003519510345019988,0.00011129668938788212,10
3.85,0.04100738,6.7,0.23776437805149325,0.9452214244901802,0.0004437916340072378,0.00014033923699907096,10
3.85,0.04100738,6.7,0.2698936461867474,0.9305939958518668,0.0005552909047135808,0.00017559840228704448,10
3.85,0.04100738,6.7,0.3063645649904774,0.9123180939419051,0.0006905316922948345,0.00021836529441822205,10
3.85,0.04100738,6.7,0.3477638247803005,0.8900925283630448,0.0008489852115642101,0.0002684726968342827,10
3.85,0.04100738,6.7,0.3947573957503299,0.8628159717978973,0.0010232657479839562,0.0003235850415265151,10
3.85,0.04100738,6.7,0.4481012411168134,0.8302939928169172,0.0012125635455348515,0.0003834462611579424,10
3.85,0.04100738,6.7,0.5086534779386983,0.7919884920437402,0.0013961183267155585,0.0004414913795524269,10
3.85,0.04100738,6.7,0.5773881812384607,0.7479853355449583,0.001576802714499126,0.0004986287998553445,10
3.85,0.04100738,6.7,0.6554110534835178,0.6986158408586409,0.0017664201856123136,0.0005585911091432301,10
3.85,0.04100738,6.7,0.7439772114957187,0.6445355069969128,0.002008667825531405,0.0006351965391376957,10
3.85,0.04100738,6.7,0.8445113769184625,0.5870406131344159,0.0023664188014533762,0.0007483273310438443,10
3.85,0.04100738,6.7,0.9586307950358789,0.5271599489454467,0.0028982888833996873,0.0009165194188689188,10
3.85,0.04100738,6.7,1.088171250628218,0.4662740697473625,0.003592831846084966,0.0011361531883616004,10
3.85,0.04100738,6.7,1.2352165993681232,0.4058410582188343,0.004368681646802602,0.0013814984376071475,10
3.85,0.04100738,6.7,1.402132289815328,0.3471440033886008,0.0051054850810101126,0.0016144961416001227,10
3.85,0.04100738,6.7,1.5916034152621248,0.2937992602423268,0.0057414601631688,0.0018156091210735394,10
3.85,0.04100738,6.7,1.80667790755158,0.24979903722993146,0.00635603472947884,0.0020099546632285302,10
3.85,0.04100738,6.7,2.0508155677068496,0.219567703732812,0.006683341789144381,0.0021134582435081042,10
3.85,0.04100738,6.7,2.3279437221040404,0.2060571301158455,0.0062829710863028295,0.001986849910569929,10
3.85,0.04100738,6.7,2.642520399502972,0.20765019684491692,0.005608583158478773,0.001773589722725403,10
3.85,0.04100738,6.7,2.9996060452346534,0.2206411254458513,0.005768598886276439,0.0018241911388544175,10
3.85,0.04100738,6.7,3.404944926177538,0.24657617498166662,0.006400237025294731,0.002023932656487205,10
3.85,0.04100738,6.7,3.865057536045609,0.28709301558317507,0.007330529092655202,0.002318116838691792,10
3.85,0.04100738,6.7,4.3873454874682505,0.32091926197926945,0.00748930464856304,0.0023683260780346096,10
3.85,0.04100738,6.7,4.980210578210885,0.3361107011712435,0.007136123716837444,0.0022566404609952787,10
3.85,0.04100738,6.7,5.653189946897943,0.3348510879162697,0.005648027372788201,0.001786063078498763,10
3.85,0.04100738,6.7,6.417109492424104,0.32274078082081065,0.006020813225426514,0.0019039483158812588,10
3.85,0.04100738,6.7,7.284258025038717,0.31762482997034913,0.007487434784813571,0.0023677347751983593,10
3.85,0.04100738,6.7,8.268584950589176,0.30684158985145576,0.007419296527149885,0.002346187566197092,10
3.85,0.04100738,6.7,9.385924667975567,0.2896339793198567,0.0059168187318891195,0.0018710623695118761,10
3.85,0.04100738,6.7,10.65425128959158,0.278831272797439,0.0057307036130947306,0.0018122076012735682,10
3.85,0.04100738,6.7,12.093967782318368,0.2801350631923312,0.005464813251866591,0.0017281256863369834,10
3.85,0.04100738,6.7,13.728234180344895,0.27673030951808264,0.005631653411727626,0.0017808851773717309,10
3.85,0.04100738,6.7,15.583340149618108,0.2595614713471508,0.006228684379749054,0.001969682946632017,10
3.85,0.04100738,6.7,17.689127897190275,0.25270049757558255,0.006594695084363071,0.002085425694090356,10
3.85,0.04100738,6.7,20.07947222860456,0.24470136727814817,0.004903027290850499,0.0015504733669052422,10
3.85,0.04100738,6.7,22.792825475773903,0.23037566501662968,0.0037759865939444,0.0011940718051125666,10
3.85,0.04100738,6.7,25.872836061348632,0.22044455528271797,0.004890721621446807,0.001546581972560371,10
3.85,0.04100738,6.7,29.369050650123167,0.20996356410505354,0.0035790445668094496,0.0011317932678368537,10
3.85,0.04100738,6.7,33.33771118265806,0.19661862677823466,0.005283749387099666,0.0016708682648753639,10
3.85,0.04100738,6.7,37.842659612617176,0.18305114135979994,0.005408405384249735,0.0017102879523747316,10
3.85,0.04100738,6.7,42.95636490189982,0.16747218809874412,0.006000915358726806,0.0018976560579463094,10
3.85,0.04100738,6.7,48.76108879434957,0.15566338704927424,0.0034244108797969073,0.0010828938024419305,10
3.85,0.04100738,6.7,55.350209121286355,0.14134878122671418,0.007109764474309547,0.002248304936616786,10
3.85,0.04100738,6.7,62.82972192624931,0.12520952661247126,0.00601760533587228,0.0019029338921338946,10
3.85,0.04100738,6.7,71.31994657291497,0.11159984791095415,0.003856756034199131,0.0012196133447667506,10
3.85,0.04100738,6.7,80.95746126545187,0.09829452067541264,0.005759169875618679,0.0018212094238783652,10
3.85,0.04100738,6.7,91.89730011710618,0.08418456411310186,0.005694711447690591,0.0018008258792137086,10
3.85,0.04100738,6.7,104.31544711021446,0.06991690676243541,0.0036723777586156687,0.0011613078145769552,10
3.85,0.04100738,6.7,118.41166706679324,0.055949323328488045,0.0033167588585698527,0.0010488512442621018,10
3.85,0.04100738,6.7,134.41271917018034,0.044215571773061894,0.001861697254229832,0.0005887203637047809,10
3.85,0.04100738,6.7,152.57600473212457,0.03490553175454665,0.0026381319793874784,0.000834250582299281,10
3.85,0.04100738,6.7,173.19370788521238,0.028539857338313886,0.00296266296555871,0.0009368762910594509,10
3.85,0.04100738,6.7,196.59749580998604,0.021016413091042123,0.003410478525401759,0.001078488005136198,10
3.85,0.04100738,6.7,223.1638541070668,0.015559612712493811,0.004432361481689005,0.0014016357695335955,10
3.85,0.04100738,6.7,253.32014314187637,0.009626074599522555,0.0028160964255445867,0.0008905278815379672,10
3.85,0.04100738,6.7,287.5514727874956,0.006140772003363848,0.0024821042181302397,0.0007849102719202958,10
3.85,0.04100738,6.7,326.40850615637055,0.0037536548445909076,0.002842704294503269,0.0008989420284972401,10
3.85,0.04100738,6.7,370.5163178557939,0.0017085459733650007,0.00201928060794237,0.000638552595610738,10
3.85,0.04100738,6.7,420.58444926569615,0.0006624959260274823,0.002145208636162441,0.0006783745346536763,10
3.85,0.04100738,6.7,477.4183225932176,0.0002712533784365511,0.0018144980084076308,0.0005737946516407467,10
3.85,0.04100738,6.7,541.9321973165318,0.00019567925566793117,0.002072398635339873,0.0006553499907498716,10
3.85,0.04100738,6.7,615.1638774420524,0.0011185651150749584,0.0024835873760486325,0.0007853792876354795,10
3.85,0.04100738,6.7,698.2914061636919,-0.0007370465681696969,0.0023256659615551755,0.0007354401515239944,10
3.85,0.04100738,6.7,792.652016483199,0.0005729125423898915,0.002683055271302631,0.000848456574543732,10
3.85,0.04100738,6.7,899.7636426411872,-0.0013983843851831047,0.0020042239249783477,0.0006337912543934014,10
3.85,0.04100738,6.7,1021.3493384030259,-0.0006788588998419435,0.002335009449517312,0.0007383948218490661,10
3.85,0.04100738,6.7,1159.3649950049091,-1.642766854098517e-05,0.0017271520575731672,0.0005461734367377477,10
3.85,0.04100738,6.7,1316.0308046455484,-0.0005886606227467667,0.0015574373882828424,0.0004925049460077818,10
3.85,0.04100738,6.7,1493.8669756616864,-0.00011672315205766121,0.001596298889450225,0.000504794031706004,10
3.85,0.04100738,6.7,1695.7342739204687,0.0007600981759659254,0.0015877948784739399,0.0005021048273127906,10
3.85,0.04100738,6.7,1924.8800425987847,0.00045822868702245014,0.0011935610743589059,0.00037743715214917374,10
3.85,0.04100738,6.7,2184.990440647822,-0.001138011776016913,0.001971111841824025,0.0006233202943093462,10
3.85,0.04100738,6.7,2480.2497402782196,-0.0001779021483283573,0.0015668350172037798,0.0004954767372073051,10
3.85,0.04100738,6.7,2815.4076373562034,0.00043209979577624093,0.0018628647554817788,0.0005890895600175059,10
3.85,0.04100738,6.7,3195.8556575010366,0.0005346173189487452,0.0018121180814589044,0.0005730420526584677,10
3.85,0.04100738,6.7,3627.7138869923433,0.00017572332841875118,0.001473736866082933,0.00046603651685806174,10
3.85,0.04100738,6.7,4117.929423686066,0.0001535408025291508,0.0010732442049457413,0.0003393896173205091,10
3.85,0.04100738,6.7,4674.388131672206,0.00026706053394471294,0.0008303099143295928,0.0002625670493100792,10
3.85,0.04100738,6.7,5306.041497418272,0.0005223788381205929,0.0012732901815757655,0.00040264970961087824,10
3.85,0.04100738,6.7,6023.050628072877,0.00022287559414332523,0.0014518698144398343,0.0004591215479675898,10
3.85,0.04100738,6.7,6836.949708361742,0.00018674946765097816,0.001581799332202475,0.0005002088691093147,10
3.85,0.04100738,6.7,7760.831545529242,-0.0002959710989550847,0.00112766248051287,0.0003565981870335909,10
3.85,0.04100738,6.7,8809.558187098928,-2.907737635416941e-05,0.00045966457186466693,0.00014535870067784986,10
3.85,0.04100738,6.7,9999.99999956053,-0.00042855648939619655,0.0019525042265126804,0.000617436049688539,10
3.85,0.0239427,6.7,0.010000000000218279,0.9999399252847336,0.0001,3.1622776601683795e-05,10
3.85,0.0239427,6.7,0.011351307054675233,0.99991557722568,0.0001,3.1622776601683795e-05,10
3.85,0.0239427,6.7,0.012885217184670714,0.9998879389962309,0.0001,3.1622776601683795e-05,10
3.85,0.0239427,6.7,0.014626405672618265,0.9998565659933384,0.0001,3.1622776601683795e-05,10
3.85,0.0239427,6.7,0.016602882189250948,0.9998209535344339,0.0001,3.1622776601683795e-05,10
3.85,0.0239427,6.7,0.018846441371867226,0.9997805287388344,0.0001,3.1622776601683795e-05,10
3.85,0.0239427,6.7,0.021393174289532996,0.9997179799221776,0.0001,3.1622776601683795e-05,10
3.85,0.0239427,6.7,0.024284049022937213,0.9996313188555671,0.0001,3.1622776601683795e-05,10
3.85,0.0239427,6.7,0.027565569698412937,0.9995329472178913,0.0001,3.1622776601683795e-05,10
3.85,0.0239427,6.7,0.03129052457769065,0.9994058577384498,0.0001,3.1622776601683795e-05,10
3.85,0.0239427,6.7,0.035518835237547564,0.9992285654600931,0.0001,3.1622776601683795e-05,10
3.85,0.0239427,6.7,0.040318520499702026,0.999023526361893,0.0001,3.1622776601683795e-05,10
3.85,0.0239427,6.7,0.045766790617234585,0.9987302676032537,0.0001,3.1622776601683795e-05,10
3.85,0.0239427,6.7,0.051951289319191934,0.9983742569258928,0.0001,3.1622776601683795e-05,10
3.85,0.0239427,6.7,0.05897150369355452,0.997913193949387,0.0001,3.1622776601683795e-05,10
3.85,0.0239427,6.7,0.06694036458868406,0.9973080069873663,0.0001,3.1622776601683795e-05,10
3.85,0.0239427,6.7,0.0759860632781475,0.9965370516536922,0.0001,3.1622776601683795e-05,10
3.85,0.0239427,6.7,0.08625411361274073,0.9955484813296597,0.0001,3.1622776601683795e-05,10
3.85,0.0239427,6.7,0.09790969283256912,0.9942818193894591,0.0001,3.1622776601683795e-05,10
3.85,0.0239427,6.7,0.11114029869471674,0.9926484080195941,0.00011808731458075374,3.7342487684799326e-05,10
3.85,0.0239427,6.7,0.12615876566045128,0.9905350500742921,0.00015126984111778758,4.783572392239998e-05,10
3.85,0.0239427,6.7,0.14320668866193417,0.9878633440476609,0.00019287007610451387,6.099087329802793e-05,10
3.85,0.0239427,6.7,0.16255830952494102,0.9844477221106921,0.0002447625030776523,7.740069955293539e-05,10
3.85,0.0239427,6.7,0.1845249285666265,0.9800735402310302,0.00030990992066831576,9.800212187939696e-05,10
3.85,0.0239427,6.7,0.209459912335607,0.9745137396586954,0.0003909057723884651,0.00012361525912549083,10
3.85,0.0239427,6.7,0.23776437805149325,0.9674366012486656,0.00048996453646596,0.00015494039079410606,10
3.85,0.0239427,6.7,0.2698936461867474,0.9585910677981969,0.000608721382037805,0.0001924946027684972,10
3.85,0.0239427,6.7,0.3063645649904774,0.9474303829052481,0.0007503807530745385,0.0002372912292067938,10
3.85,0.0239427,6.7,0.3477638247803005,0.933719780915553,0.0009163727094384225,0.0002897824947445093,10
3.85,0.0239427,6.7,0.3947573957503299,0.9166086630897052,0.0011084205026972386,0.0003505133393752082,10
3.85,0.0239427,6.7,0.4481012411168134,0.8958199189928766,0.0013257307701021958,0.0004192328797691995,10
3.85,0.0239427,6.7,0.5086534779386983,0.870659816901793,0.0015651336944267295,0.0004949387317062449,10
3.85,0.0239427,6.7,0.5773881812384607,0.8408153516542688,0.0018235876638355763,0.0005766690530705888,10
3.85,0.0239427,6.7,0.6554110534835178,0.8060304559371361,0.0020906059366703174,0.0006611076449747934,10
3.85,0.0239427,6.7,0.7439772114957187,0.7662053782036853,0.0023471610363919254,0.0007422374910199846,10
3.85,0.0239427,6.7,0.8445113769184625,0.721492129768833,0.002579672464039214,0.0008157640603582723,10
3.85,0.0239427,6.7,0.9586307950358789,0.6721141485617504,0.002808662762241903,0.0008881771507984381,10
3.85,0.0239427,6.7,1.088171250628218,0.6183454383244988,0.0030641520875182363,0.0009689699693717223,10
3.85,0.0239427,6.7,1.2352165993681232,0.5604569142254571,0.003323395148001755,0.0010509498232437935,10
3.85,0.0239427,6.7,1.402132289815328,0.4988777189936676,0.0035687697586086653,0.0011285440881932682,10
3.85,0.0239427,6.7,1.5916034152621248,0.4361505095004473,0.003839633003573603,0.001214198567044602,10
3.85,0.0239427,6.7,1.80667790755158,0.37680917468573344,0.004110529192420024,0.001299863463665981,10
3.85,0.0239427,6.7,2.0508155677068496,0.3267387237694344,0.004455925921808586,0.0014090874997900484,10
3.85,0.0239427,6.7,2.3279437221040404,0.2903397653859075,0.005145840172630425,0.0016272575420706189,10
3.85,0.0239427,6.7,2.642520399502972,0.2682061949158405,0.005413420085919358,0.0017118737402809572,10
3.85,0.0239427,6.7,2.9996060452346534,0.25878983888069207,0.005399315797636968,0.0017074135727061597,10
3.85,0.0239427,6.7,3.404944926177538,0.26570933306765104,0.006307019504340785,0.001994454688082311,10
3.85,0.0239427,6.7,3.865057536045609,0.293929382832605,0.006692334747846691,0.0021163020667484176,10
3.85,0.0239427,6.7,4.3873454874682505,0.33380300111475697,0.006469168574990397,0.002045730726455544,10
3.85,0.0239427,6.7,4.980210578210885,0.3753962941420882,0.005988996796806156,0.0018938870777360087,10
3.85,0.0239427,6.7,5.653189946897943,0.40496181695182765,0.005323138295646842,0.0016833241314310788,10
3.85,0.0239427,6.7,6.417109492424104,0.4052737152312357,0.005358051786582764,0.0016943647466735948,10
3.85,0.0239427,6.7,7.284258025038717,0.3977787905520439,0.0057116392234807176,0.001806178911935454,10
3.85,0.0239427,6.7,8.268584950589176,0.3955177136457063,0.006458383060962935,0.0020423200474492965,10
3.85,0.0239427,6.7,9.385924667975567,0.392007719980108,0.005130924927436949,0.0016225409274034925,10
3.85,0.0239427,6.7,10.65425128959158,0.3741602563212099,0.004588789676985936,0.00145110270827439,10
3.85,0.0239427,6.7,12.093967782318368,0.3516891934407137,0.003749171970272694,0.0011855922765722808,10
3.85,0.0239427,6.7,13.728234180344895,0.3512093611916626,0.003370315076110645,0.0010657872072913383,10
3.85,0.0239427,6.7,15.583340149618108,0.36318733008204734,0.005279141268907977,0.0016694110499540645,10
3.85,0.0239427,6.7,17.689127897190275,0.3453987275513283,0.009340717331485334,0.002953794174730367,10
3.85,0.0239427,6.7,20.07947222860456,0.32580083631871937,0.00413276139152925,0.0013068939023239332,10
3.85,0.0239427,6.7,22.792825475773903,0.33424044771921546,0.002556730737120527,0.0008085092493062075,10
3.85,0.0239427,6.7,25.872836061348632,0.3164092407027844,0.004315874377632881,0.0013647993128481565,10
3.85,0.0239427,6.7,29.369050650123167,0.3080228139810352,0.004391962097306835,0.0013888603624619665,10
3.85,0.0239427,6.7,33.33771118265806,0.29692450678207233,0.0030270005299797725,0.0009572216153272879,10
3.85,0.0239427,6.7,37.842659612617176,0.2842050905561792,0.004807119386243365,0.0015201446244879724,10
3.85,0.0239427,6.7,42.95636490189982,0.2708479153537571,0.0038476248420591126,0.001216725808275242,10
3.85,0.0239427,6.7,48.76108879434957,0.2590629703599254,0.007272499550061011,0.0022997662860742524,10
3.85,0.0239427,6.7,55.350209121286355,0.24452018779214893,0.00658967174954291,0.002083837176142222,10
3.85,0.0239427,6.7,62.82972192624931,0.23327453453153318,0.006294134754440143,0.001990380172405545,10
3.85,0.0239427,6.7,71.31994657291497,0.21824460717434424,0.01116241680765646,0.003529866130434006,10
3.85,0.0239427,6.7,80.95746126545187,0.20327212827384172,0.007686505916577327,0.002430686594474455,10
3.85,0.0239427,6.7,91.89730011710618,0.18650101844598316,0.00844095221557257,0.0026692634621853922,10
3.85,0.0239427,6.7,104.31544711021446,0.16930395350029798,0.007765492742318911,0.0024556644219234777,10
3.85,0.0239427,6.7,118.41166706679324,0.15046886235429682,0.00815125574391249,0.002577653394129365,10
3.85,0.0239427,6.7,134.41271917018034,0.13226803176871377,0.006878816509001809,0.002175272777481386,10
3.85,0.0239427,6.7,152.57600473212457,0.11681639865270262,0.007173979407176604,0.0022686114813822568,10
3.85,0.0239427,6.7,173.19370788521238,0.10112943969019143,0.0063611976909851205,0.0020115873350116924,10
3.85,0.0239427,6.7,196.59749580998604,0.08634165091500039,0.0061158750219184885,0.0019340094954194633,10
3.85,0.0239427,6.7,223.1638541070668,0.07321931877135308,0.00521861694822778,0.0016502715792356792,10
3.85,0.0239427,6.7,253.32014314187637,0.05960335154912953,0.005321778564107166,0.0016828941465639043,10
3.85,0.0239427,6.7,287.5514727874956,0.04704010790356785,0.004489240536908164,0.0014196225060986987,10
3.85,0.0239427,6.7,326.40850615637055,0.035701369095522566,0.003307295412907542,0.0010458586399814875,10
3.85,0.0239427,6.7,370.5163178557939,0.026580941599846346,0.004264968510403403,0.001348701464177029,10
3.85,0.0239427,6.7,420.58444926569615,0.019741596176014415,0.004341394491174673,0.0013728694813419735,10
3.85,0.0239427,6.7,477.4183225932176,0.012861537095554246,0.003029206243720122,0.0009579191232558713,10
3.85,0.0239427,6.7,541.9321973165318,0.008104066512700066,0.0019481749875352385,0.0006160670241181495,10
3.85,0.0239427,6.7,615.1638774420524,0.003652436273073474,0.003052953550080785,0.0009654286808952211,10
3.85,0.0239427,6.7,698.2914061636919,0.002599268439117339,0.004511591914496,0.001426690632300699,10
3.85,0.0239427,6.7,792.652016483199,0.00045521639248577146,0.00268602881742899,0.0008493968923924185,10
3.85,0.0239427,6.7,899.7636426411872,0.0006996955868699438,0.0031166965811826068,0.000985585997219692,10
3.85,0.0239427,6.7,1021.3493384030259,0.0007427271397503098,0.0031583993429998344,0.0009987735684258861,10
3.85,0.0239427,6.7,1159.3649950049091,0.0003825200881700643,0.002918050419903128,0.000922768565410462,10
3.85,0.0239427,6.7,1316.0308046455484,0.00012262248991322372,0.0032782656573330975,0.0010366786252281662,10
3.85,0.0239427,6.7,1493.8669756616864,-4.2400276388926795e-05,0.002074496159246462,0.0006560132860490191,10
3.85,0.0239427,6.7,1695.7342739204687,-0.0002060464175402343,0.0012643846302793497,0.0003998335270192643,10
3.85,0.0239427,6.7,1924.8800425987847,0.0004621040662804816,0.001109025839259562,0.0003507047636040001,10
3.85,0.0239427,6.7,2184.990440647822,0.00043307353862990095,0.0016961773944566176,0.000536378388217277,10
3.85,0.0239427,6.7,2480.2497402782196,-0.0011948154618595668,0.0016698873686447546,0.0005280647520862666,10
3.85,0.0239427,6.7,2815.4076373562034,0.0006025058923957106,0.002294078935203464,0.0007254514567456776,10
3.85,0.0239427,6.7,3195.8556575010366,6.184748705217781e-05,0.0013340539187321355,0.00042186489046667147,10
3.85,0.0239427,6.7,3627.7138869923433,0.001047350839887702,0.0013824964388768491,0.0004371837603922599,10
3.85,0.0239427,6.7,4117.929423686066,0.0003491448916491363,0.0020544513824032238,0.0006496745710475758,10
3.85,0.0239427,6.7,4674.388131672206,0.00021287022046411695,0.0020407786646810945,0.000645350878066928,10
3.85,0.0239427,6.7,5306.041497418272,-7.699793815184239e-05,0.001863011426391832,0.0005891359414317317,10
3.85,0.0239427,6.7,6023.050628072877,0.0004196706497913582,0.0009281045645472877,0.00029349243307681894,10
3.85,0.0239427,6.7,6836.949708361742,-0.0004433780116007741,0.0014726888140753865,0.00046570509371304586,10
3.85,0.0239427,6.7,7760.831545529242,-0.0005020679483283522,0.0015085620101455057,0.00047704919436618364,10
3.85,0.0239427,6.7,8809.558187098928,-0.00046716549909958573,0.0015506909226300138,0.0004903715262458786,10
3.85,0.0239427,6.7,9999.99999956053,0.00010548366053512313,0.0012571922732640423,0.00039755910402791814,10
3.85,0.01212699,6.7,0.010000000000218279,0.9999698995470222,0.0001,3.1622776601683795e-05,10
3.85,0.01212699,6.7,0.011351307054675233,0.9999576915295683,0.0001,3.1622776601683795e-05,10
3.85,0.01212699,6.7,0.012885217184670714,0.9999438338341035,0.0001,3.1622776601683795e-05,10
3.85,0.01212699,6.7,0.014626405672618265,0.9999281035384747,0.0001,3.1622776601683795e-05,10
3.85,0.01212699,6.7,0.016602882189250948,0.9999102475969011,0.0001,3.1622776601683795e-05,10
3.85,0.01212699,6.7,0.018846441371867226,0.9998899787693463,0.0001,3.1622776601683795e-05,10
3.85,0.01212699,6.7,0.021393174289532996,0.9998586253336013,0.0001,3.1622776601683795e-05,10
3.85,0.01212699,6.7,0.024284049022937213,0.9998151910214643,0.0001,3.1622776601683795e-05,10
3.85,0.01212699,6.7,0.027565569698412937,0.9997658874000876,0.0001,3.1622776601683795e-05,10
3.85,0.01212699,6.7,0.03129052457769065,0.9997021644570028,0.0001,3.1622776601683795e-05,10
3.85,0.01212699,6.7,0.035518835237547564,0.9996132207843518,0.0001,3.1622776601683795e-05,10
3.85,0.01212699,6.7,0.040318520499702026,0.999510353845047,0.0001,3.1622776601683795e-05,10
3.85,0.01212699,6.7,0.045766790617234585,0.9993631760107338,0.0001,3.1622776601683795e-05,10
3.85,0.01212699,6.7,0.051951289319191934,0.9991844798117923,0.0001,3.1622776601683795e-05,10
3.85,0.01212699,6.7,0.05897150369355452,0.9989529959305458,0.0001,3.1622776601683795e-05,10
3.85,0.01212699,6.7,0.06694036458868406,0.998649014508308,0.0001,3.1622776601683795e-05,10
3.85,0.01212699,6.7,0.0759860632781475,0.9982616033670786,0.0001,3.1622776601683795e-05,10
3.85,0.01212699,6.7,0.08625411361274073,0.9977645785011499,0.0001,3.1622776601683795e-05,10
3.85,0.01212699,6.7,0.09790969283256912,0.9971272993039593,0.0001,3.1622776601683795e-05,10
3.85,0.01212699,6.7,0.11114029869471674,0.9963044906727669,0.0001,3.1622776601683795e-05,10
3.85,0.01212699,6.7,0.12615876566045128,0.9952380595996011,0.0001,3.1622776601683795e-05,10
3.85,0.01212699,6.7,0.14320668866193417,0.9938879052910341,0.0001,3.1622776601683795e-05,10
3.85,0.01212699,6.7,0.16255830952494102,0.9921575379502434,0.0001,3.1622776601683795e-05,10
3.85,0.01212699,6.7,0.1845249285666265,0.9899348296788147,0.00012047303621316423,3.809691910695454e-05,10
3.85,0.01212699,6.7,0.209459912335607,0.9870995334869284,0.0001546434146138337,4.8902541532548256e-05,10
3.85,0.01212699,6.7,0.23776437805149325,0.9834713022382694,0.00019866634971778174,6.282381595397397e-05,10
3.85,0.01212699,6.7,0.2698936461867474,0.9789116192649086,0.00025435922500101246,8.043544948784439e-05,10
3.85,0.01212699,6.7,0.3063645649904774,0.9731124517903353,0.0003255979893519859,0.00010296312479235269,10
3.85,0.01212699,6.7,0.3477638247803005,0.9659324964116681,0.00041516575100003934,0.00013128693796544524,10
3.85,0.01212699,6.7,0.3947573957503299,0.9568556235944229,0.0005283442326940744,0.00016707711639272753,10
3.85,0.01212699,6.7,0.4481012411168134,0.9456768251957131,0.0006696721856745532,0.00021176893923947703,10
3.85,0.01212699,6.7,0.5086534779386983,0.9318832002827971,0.0008395130155822477,0.000265477325459633,10
3.85,0.01212699,6.7,0.5773881812384607,0.915139704684768,0.0010361877646318054,0.0003276713419834969,10
3.85,0.01212699,6.7,0.6554110534835178,0.8950508991571674,0.0012579597558912312,0.0003978018033445708,10
3.85,0.01212699,6.7,0.7439772114957187,0.8712082619488916,0.0015051026564922483,0.00047595525068855186,10
3.85,0.01212699,6.7,0.8445113769184625,0.8431123941269176,0.0017799791128395425,0.0005628788184098816,10
3.85,0.01212699,6.7,0.9586307950358789,0.8102976711160652,0.0020952145292601476,0.0006625650099139572,10
3.85,0.01212699,6.7,1.088171250628218,0.772088075800345,0.0024554081870120504,0.0007764682456382749,10
3.85,0.01212699,6.7,1.2352165993681232,0.7276865343506829,0.0028253133474332092,0.000893442528156358,10
3.85,0.01212699,6.7,1.402132289815328,0.676464206176,0.0031350585146190145,0.0009913925504100372,10
3.85,0.01212699,6.7,1.5916034152621248,0.6187604973241906,0.0032912618077923475,0.0010407883688547134,10
3.85,0.01212699,6.7,1.80667790755158,0.557201051622414,0.0033515920432325283,0.0010598664644312316,10
3.85,0.01212699,6.7,2.0508155677068496,0.49654731668977653,0.003311423263046124,0.0010471639808092635,10
3.85,0.01212699,6.7,2.3279437221040404,0.44140127742387314,0.0031746558057358172,0.001003914313320222,10
3.85,0.01212699,6.7,2.642520399502972,0.3937095859415319,0.0033428550394204704,0.001057103581234064,10
3.85,0.01212699,6.7,2.9996060452346534,0.3541704361366094,0.004147498314787848,0.001311554126643961,10
3.85,0.01212699,6.7,3.404944926177538,0.3271515605200429,0.004949893258022885,0.0015652936870063842,10
3.85,0.01212699,6.7,3.865057536045609,0.31809593344039183,0.0056077417284697865,0.0017733236391934018,10
3.85,0.01212699,6.7,4.3873454874682505,0.327438979510475,0.006812352965108719,0.002154255159474512,10
3.85,0.01212699,6.7,4.980210578210885,0.3566052266636677,0.007799275316148229,0.0024663474097758216,10
3.85,0.01212699,6.7,5.653189946897943,0.40300380135713665,0.00766106440185645,0.0024226412811101878,10
3.85,0.01212699,6.7,6.417109492424104,0.44503810817612477,0.005036551829941998,0.0015926975336105751,10
3.85,0.01212699,6.7,7.284258025038717,0.46922349621483495,0.003508529333626749,0.0011094943931773318,10
3.85,0.01212699,6.7,8.268584950589176,0.46919327874602496,0.005924957622353251,0.0018736361126612043,10
3.85,0.01212699,6.7,9.385924667975567,0.46424766946528884,0.0064638121605019565,0.0020440368794680044,10
3.85,0.01212699,6.7,10.65425128959158,0.47393731462902533,0.005330672383799182,0.0016857066192964675,10
3.85,0.01212699,6.7,12.093967782318368,0.4776646783173997,0.003981990406098744,0.0012592159304210871,10
3.85,0.01212699,6.7,13.728234180344895,0.44981311405382884,0.005958872108485604,0.0018843608148464471,10
3.85,0.01212699,6.7,15.583340149618108,0.4193438034136066,0.004937017034259668,0.0015612218675310095,10
3.85,0.01212699,6.7,17.689127897190275,0.43326221296242806,0.005582667805379147,0.0017653945685091712,10
3.85,0.01212699,6.7,20.07947222860456,0.4494958928977183,0.0035167868380637205,0.0011121056453583095,10
3.85,0.01212699,6.7,22.792825475773903,0.42809564075274986,0.004305365470741935,0.001361476104698754,10
3.85,0.01212699,6.7,25.872836061348632,0.41636257024207934,0.004465807914151745,0.001412212460152521,10
3.85,0.01212699,6.7,29.369050650123167,0.41731683272209985,0.004946381428093435,0.0015641831488731634,10
3.85,0.01212699,6.7,33.33771118265806,0.40899875695154275,0.0038322432202754337,0.0012118617123808733,10
3.85,0.01212699,6.7,37.842659612617176,0.4016505078181779,0.0032079713515556873,0.0010144496139484712,10
3.85,0.01212699,6.7,42.95636490189982,0.3918684468628365,0.004023773858130464,0.0012724290181135496,10
3.85,0.01212699,6.7,48.76108879434957,0.3822450932835283,0.004729387614764392,0.0014955636800446453,10
3.85,0.01212699,6.7,55.350209121286355,0.37283138932782733,0.006201033882006613,0.0019609390915016713,10
3.85,0.01212699,6.7,62.82972192624931,0.36416810044285386,0.005534310592862651,0.0017501026752242779,10
3.85,0.01212699,6.7,71.31994657291497,0.34885387346204166,0.006092022953358292,0.001926466809063792,10
3.85,0.01212699,6.7,80.95746126545187,0.337439745057953,0.003392499802661841,0.0010728026338083173,10
3.85,0.01212699,6.7,91.89730011710618,0.3242474737205126,0.003924625629932219,0.001241075595405891,10
3.85,0.01212699,6.7,104.31544711021446,0.3106557988037198,0.004898402019054172,0.0015490107275378691,10
3.85,0.01212699,6.7,118.41166706679324,0.2959819626527792,0.004651774350339366,0.0014710202108222453,10
3.85,0.01212699,6.7,134.41271917018034,0.2790655710875141,0.004593562877908091,0.0014526121269387523,10
3.85,0.01212699,6.7,152.57600473212457,0.2634539622143892,0.003999038437237405,0.0012646069912230513,10
3.85,0.01212699,6.7,173.19370788521238,0.24593614766935415,0.006746284201344172,0.002133362381905755,10
3.85,0.01212699,6.7,196.59749580998604,0.22830199750499483,0.006530061657185398,0.002064986809803949,10
3.85,0.01212699,6.7,223.1638541070668,0.21171037785120625,0.004299132251880068,0.0013595049878229715,10
3.85,0.01212699,6.7,253.32014314187637,0.19043380738099663,0.0032114560992557535,0.0010155515879287954,10
3.85,0.01212699,6.7,287.5514727874956,0.17288961903370254,0.0045161008746293085,0.001428116490690714,10
3.85,0.01212699,6.7,326.40850615637055,0.15709851408896805,0.004832142667767527,0.0015280576809027686,10
3.85,0.01212699,6.7,370.5163178557939,0.13899728199207892,0.0066555572943733255,0.002104672014796747,10
3.85,0.01212699,6.7,420.58444926569615,0.12034971822382164,0.006203294680482953,0.0019616540187532587,10
3.85,0.01212699,6.7,477.4183225932176,0.1031869354500267,0.00635114776245874,0.0020084092685651663,10
3.85,0.01212699,6.7,541.9321973165318,0.08796154533705763,0.006260027298369954,0.001979594447767952,10
3.85,0.01212699,6.7,615.1638774420524,0.07087130159812875,0.005995435776964024,0.001895923262046758,10
3.85,0.01212699,6.7,698.2914061636919,0.05699985191791114,0.00502716389566025,0.001589728808125145,10
3.85,0.01212699,6.7,792.652016483199,0.04464178402468294,0.00594630822523094,0.0018803877661123284,10
3.85,0.01212699,6.7,899.7636426411872,0.03447067629763177,0.005466274182521974,0.0017285876731744408,10
3.85,0.01212699,6.7,1021.3493384030259,0.025463841377426483,0.00449698499002891,0.0014220715172080945,10
3.85,0.01212699,6.7,1159.3649950049091,0.017242062833567294,0.0034942936076248947,0.0011049926613461377,10
3.85,0.01212699,6.7,1316.0308046455484,0.009413838049971042,0.002778694760009215,0.0008787004364004075,10
3.85,0.01212699,6.7,1493.8669756616864,0.006379247240905027,0.0032728492964062073,0.0010349658215123147,10
3.85,0.01212699,6.7,1695.7342739204687,0.004045972263137488,0.002885635100074087,0.0009125179412362031,10
3.85,0.01212699,6.7,1924.8800425987847,0.002937500632701198,0.0021028137046776147,0.0006649680801797929,10
3.85,0.01212699,6.7,2184.990440647822,0.001993057279660446,0.001929300250511733,0.0006100983081950511,10
3.85,0.01212699,6.7,2480.2497402782196,0.0005377613618545604,0.0018009231674306783,0.0005695019100045712,10
3.85,0.01212699,6.7,2815.4076373562034,0.0003440364860820866,0.003729313071581934,0.001179312341403747,10
3.85,0.01212699,6.7,3195.8556575010366,0.0006804345267327641,0.0017349940004610736,0.000548653276818422,10
3.85,0.01212699,6.7,3627.7138869923433,-0.0006517205846918565,0.0017892531221113826,0.000565811517643935,10
3.85,0.01212699,6.7,4117.929423686066,-0.0007047490691923525,0.0018142205610967377,0.0005737069150974355,10
3.85,0.01212699,6.7,4674.388131672206,-0.0010382072037321657,0.0029724686599012524,0.000939977123875637,10
3.85,0.01212699,6.7,5306.041497418272,-0.000476052569950889,0.001522468421079035,0.00048144678762900576,10
3.85,0.01212699,6.7,6023.050628072877,0.0001960582222327309,0.0013064970868576693,0.0004131506550845074,10
3.85,0.01212699,6.7,6836.949708361742,0.0003070819637601384,0.0009168185118702333,0.0002899234698516057,10
3.85,0.01212699,6.7,7760.831545529242,0.0002106950564542597,0.0019572492231121155,0.0006189365493629358,10
3.85,0.01212699,6.7,8809.558187098928,-0.0003691996166820063,0.002256688578039817,0.0007136275876292459,10
3.85,0.01212699,6.7,9999.99999956053,0.0005669645366440475,0.0030777060849727293,0.0009732561197073545,10
3.85,0.00826466,6.7,0.010000000000218279,0.9999792719417799,0.0001,3.1622776601683795e-05,10
3.85,0.00826466,6.7,0.011351307054675233,0.9999709210180034,0.0001,3.1622776601683795e-05,10
3.85,0.00826466,6.7,0.012885217184670714,0.9999614416280063,0.0001,3.1622776601683795e-05,10
3.85,0.00826466,6.7,0.014626405672618265,0.9999506812813511,0.0001,3.1622776601683795e-05,10
3.85,0.00826466,6.7,0.016602882189250948,0.9999384668814619,0.0001,3.1622776601683795e-05,10
3.85,0.00826466,6.7,0.018846441371867226,0.9999246019410991,0.0001,3.1622776601683795e-05,10
3.85,0.00826466,6.7,0.021393174289532996,0.9999031298055421,0.0001,3.1622776601683795e-05,10
3.85,0.00826466,6.7,0.024284049022937213,0.9998733671187805,0.0001,3.1622776601683795e-05,10
3.85,0.00826466,6.7,0.027565569698412937,0.9998395825791613,0.0001,3.1622776601683795e-05,10
3.85,0.00826466,6.7,0.03129052457769065,0.9997959203835839,0.0001,3.1622776601683795e-05,10
3.85,0.00826466,6.7,0.035518835237547564,0.9997349828134906,0.0001,3.1622776601683795e-05,10
3.85,0.00826466,6.7,0.040318520499702026,0.9996645061141077,0.0001,3.1622776601683795e-05,10
3.85,0.00826466,6.7,0.045766790617234585,0.9995636717718999,0.0001,3.1622776601683795e-05,10
3.85,0.00826466,6.7,0.051951289319191934,0.9994412283243953,0.0001,3.1622776601683795e-05,10
3.85,0.00826466,6.7,0.05897150369355452,0.9992825793551289,0.0001,3.1622776601683795e-05,10
3.85,0.00826466,6.7,0.06694036458868406,0.9990741860784613,0.0001,3.1622776601683795e-05,10
3.85,0.00826466,6.7,0.0759860632781475,0.9988085480053133,0.0001,3.1622776601683795e-05,10
3.85,0.00826466,6.7,0.08625411361274073,0.998467599450836,0.0001,3.1622776601683795e-05,10
3.85,0.00826466,6.7,0.09790969283256912,0.9980302447068523,0.0001,3.1622776601683795e-05,10
3.85,0.00826466,6.7,0.11114029869471674,0.9974653047485184,0.0001,3.1622776601683795e-05,10
3.85,0.00826466,6.7,0.12615876566045128,0.9967325975071519,0.0001,3.1622776601683795e-05,10
3.85,0.00826466,6.7,0.14320668866193417,0.9958044211528806,0.0001,3.1622776601683795e-05,10
3.85,0.00826466,6.7,0.16255830952494102,0.9946139196900432,0.0001,3.1622776601683795e-05,10
3.85,0.00826466,6.7,0.1845249285666265,0.993082795422126,0.0001023918849280511,3.2379157029050735e-05,10
3.85,0.00826466,6.7,0.209459912335607,0.9911268494349154,0.0001326069301669145,4.1933993285034206e-05,10
3.85,0.00826466,6.7,0.23776437805149325,0.988619767164559,0.00017156995454986176,5.42551834429132e-05,10
3.85,0.00826466,6.7,0.2698936461867474,0.9854620770903552,0.00022149109421396154,7.004163391590603e-05,10
3.85,0.00826466,6.7,0.3063645649904774,0.9814333246661769,0.00028628024838149883,9.052976340042686e-05,10
3.85,0.00826466,6.7,0.3477638247803005,0.9764301528531426,0.0003685006826755675,0.0001165301476581744,10
3.85,0.00826466,6.7,0.3947573957503299,0.970073802994658,0.00047344093031666907,0.0001497151677349737,10
3.85,0.00826466,6.7,0.4481012411168134,0.9622062605235315,0.0006020353266598739,0.00019038028641286917,10
3.85,0.00826466,6.7,0.5086534779386983,0.952424094692276,0.0007549452425171468,0.00023873464750623726,10
3.85,0.00826466,6.7,0.5773881812384607,0.9404470402794892,0.0009291710560625414,0.00029382968730616354,10
3.85,0.00826466,6.7,0.6554110534835178,0.9259246192873997,0.0011210616183715317,0.0003545108111448504,10
3.85,0.00826466,6.7,0.7439772114957187,0.9084706116031805,0.0013295536102768486,0.0004204417679774694,10
3.85,0.00826466,6.7,0.8445113769184625,0.8875592469038853,0.0015638823339942688,0.000494543016792206,10
3.85,0.00826466,6.7,0.9586307950358789,0.8626603128832941,0.0018534269507828795,0.0005861050641214698,10
3.85,0.00826466,6.7,1.088171250628218,0.8329779473304371,0.0022239560316012143,0.0007032766475929241,10
3.85,0.00826466,6.7,1.2352165993681232,0.7975076301157137,0.0026611100882154813,0.0008415168983212521,10
3.85,0.00826466,6.7,1.402132289815328,0.7553155752765041,0.003066689060565156,0.0009697722306907945,10
3.85,0.00826466,6.7,1.5916034152621248,0.7058837120828914,0.0032803363253509337,0.001037333427949609,10
3.85,0.00826466,6.7,1.80667790755158,0.6505206987961486,0.0031876606823326567,0.0010080268163937653,10
3.85,0.00826466,6.7,2.0508155677068496,0.5924660055240037,0.0028293591395248765,0.0008947219199512745,10
3.85,0.00826466,6.7,2.3279437221040404,0.535383590866777,0.0026008803987578465,0.0008224705981761764,10
3.85,0.00826466,6.7,2.642520399502972,0.481146371384103,0.002628549620208789,0.000831220374263033,10
3.85,0.00826466,6.7,2.9996060452346534,0.4307061824792079,0.0026341935588096513,0.00083300514435832,10
3.85,0.00826466,6.7,3.404944926177538,0.3887598228630215,0.002291824420098206,0.0007247385164704907,10
3.85,0.00826466,6.7,3.865057536045609,0.3612959364763546,0.002444343555348454,0.0007729693018854966,10
3.85,0.00826466,6.7,4.3873454874682505,0.3496378468162471,0.003100063715540515,0.0009803262232752352,10
3.85,0.00826466,6.7,4.980210578210885,0.35593026144273604,0.003896582378148574,0.001232207540542501,10
3.85,0.00826466,6.7,5.653189946897943,0.38414677711793377,0.006524851662954304,0.0020633392649672894,10
3.85,0.00826466,6.7,6.417109492424104,0.42660555156567365,0.009462002139861802,0.0029921477987350374,10
3.85,0.00826466,6.7,7.284258025038717,0.4704124326170701,0.009831604597004188,0.0031090263580715086,10
3.85,0.00826466,6.7,8.268584950589176,0.49511168106613396,0.00858837550666272,0.00271588280018568,10
3.85,0.00826466,6.7,9.385924667975567,0.4958268874807884,0.005527114143891499,0.0017478269582428764,10
3.85,0.00826466,6.7,10.65425128959158,0.49250023711063307,0.004579303292857415,0.00144810285021385,10
3.85,0.00826466,6.7,12.093967782318368,0.50642509210673,0.004831369627697622,0.0015278132241684208,10
3.85,0.00826466,6.7,13.728234180344895,0.5185423142982096,0.0038989910509706,0.0012329692297680759,10
3.85,0.00826466,6.7,15.583340149618108,0.4935283899392884,0.005922141781955573,0.0018727456657427865,10
3.85,0.00826466,6.7,17.689127897190275,0.4516473660570874,0.010476994836761771,0.0033131166717991203,10
3.85,0.00826466,6.7,20.07947222860456,0.45974040706070207,0.009652047056491999,0.003052245278163861,10
3.85,0.00826466,6.7,22.792825475773903,0.4824489991407809,0.007972525959749822,0.002521134073762933,10
3.85,0.00826466,6.7,25.872836061348632,0.47036106506409314,0.0046394076785533835,0.0014671095258303006,10
3.85,0.00826466,6.7,29.369050650123167,0.45650340591656774,0.005244845010860895,0.001658565620889099,10
3.85,0.00826466,6.7,33.33771118265806,0.45978714776667634,0.006163765717750151,0.0019491538631753018,10
3.85,0.00826466,6.7,37.842659612617176,0.4508098832955751,0.004435270659381636,0.0014025557322962824,10
3.85,0.00826466,6.7,42.95636490189982,0.44418416709975495,0.004966638978532796,0.001570589148793576,10
3.85,0.00826466,6.7,48.76108879434957,0.4389920126144394,0.005374577354741668,0.0016995905901746437,10
3.85,0.00826466,6.7,55.350209121286355,0.43044039308047416,0.006272074671616624,0.0019834041616961172,10
3.85,0.00826466,6.7,62.82972192624931,0.42305566190955785,0.005661233329700736,0.0017902391687513286,10
3.85,0.00826466,6.7,71.31994657291497,0.4132986214786091,0.006605203875306129,0.0020887488655738176,10
3.85,0.00826466,6.7,80.95746126545187,0.40498953522088554,0.004744600345078157,0.0015003743677667839,10
3.85,0.00826466,6.7,91.89730011710618,0.3952536983974731,0.004316609049488657,0.0013650316364878642,10
3.85,0.00826466,6.7,104.31544711021446,0.3827281252553608,0.007302693710281351,0.002309314517907485,10
3.85,0.00826466,6.7,118.41166706679324,0.37118768765657134,0.007183228686064754,0.002271536360182323,10
3.85,0.00826466,6.7,134.41271917018034,0.3599076650605303,0.006642071423458875,0.002100407407964679,10
3.85,0.00826466,6.7,152.57600473212457,0.3428650984602578,0.0052466464535494695,0.0016591352870861142,10
3.85,0.00826466,6.7,173.19370788521238,0.3277620097360007,0.004735924487193383,0.0014976308206096022,10
3.85,0.00826466,6.7,196.59749580998604,0.3123687269681974,0.0061345730852620075,0.0019399223422194255,10
3.85,0.00826466,6.7,223.1638541070668,0.2972390909875245,0.005850140003836742,0.0018499767042990285,10
3.85,0.00826466,6.7,253.32014314187637,0.2824976361311035,0.005525236585484714,0.0017472332221423325,10
3.85,0.00826466,6.7,287.5514727874956,0.26430998265915967,0.007482820532592603,0.002366275620526684,10
3.85,0.00826466,6.7,326.40850615637055,0.24553776492624496,0.00595532014423544,0.001883237585126646,10
3.85,0.00826466,6.7,370.5163178557939,0.22829088158849836,0.005516060846967197,0.0017443315988493835,10
3.85,0.00826466,6.7,420.58444926569615,0.21060852294447577,0.0061924104916931165,0.001958212136047343,10
3.85,0.00826466,6.7,477.4183225932176,0.1910855312850042,0.006796112576991079,0.002149119497820824,10
3.85,0.00826466,6.7,541.9321973165318,0.1710262118370613,0.007239179466929566,0.0022892295506221003,10
3.85,0.00826466,6.7,615.1638774420524,0.15187781051204027,0.009289248753955745,0.0029375183814381203,10
3.85,0.00826466,6.7,698.2914061636919,0.13296008477203478,0.008266240707504547,0.002614014832291609,10
3.85,0.00826466,6.7,792.652016483199,0.11563755744239386,0.007684982918384408,0.002430204980158261,10
3.85,0.00826466,6.7,899.7636426411872,0.09627859916405983,0.00759840933009822,0.002402828007738458,10
3.85,0.00826466,6.7,1021.3493384030259,0.0802035173758617,0.005704451564098004,0.0018039059744659686,10
3.85,0.00826466,6.7,1159.3649950049091,0.06474118567138253,0.004443625355312124,0.0014051977191261306,10
3.85,0.00826466,6.7,1316.0308046455484,0.05195229743579517,0.004830364027247327,0.0015274952253845186,10
3.85,0.00826466,6.7,1493.8669756616864,0.04143008303599537,0.0042016627576894165,0.0013286824274202707,10
3.85,0.00826466,6.7,1695.7342739204687,0.029970714504108143,0.004153988188277896,0.001313606404839451,10
3.85,0.00826466,6.7,1924.8800425987847,0.021299306785733614,0.004470768375474111,0.0014137810957549058,10
3.85,0.00826466,6.7,2184.990440647822,0.014543929678139708,0.0036110919451229568,0.0011419275386876306,10
3.85,0.00826466,6.7,2480.2497402782196,0.008582163428752032,0.003483140122095265,0.0011014656195338017,10
3.85,0.00826466,6.7,2815.4076373562034,0.005420983290942705,0.0031661417175929242,0.0010012219222471246,10
3.85,0.00826466,6.7,3195.8556575010366,0.002798042992995602,0.0025910520614917812,0.0008193626050388685,10
3.85,0.00826466,6.7,3627.7138869923433,0.002115867149170763,0.0031887990115296635,0.0010083867876927264,10
3.85,0.00826466,6.7,4117.929423686066,0.001055163708839674,0.0024955718011578244,0.0007891690956147552,10
3.85,0.00826466,6.7,4674.388131672206,0.0005770975070139089,0.0010586806255649134,0.00033478420914770103,10
3.85,0.00826466,6.7,5306.041497418272,0.0007226507057564184,0.0009454928806376986,0.00029899110142888425,10
3.85,0.00826466,6.7,6023.050628072877,-0.0005423398306176037,0.0008510520820435383,0.0002691262986686068,10
3.85,0.00826466,6.7,6836.949708361742,-0.0011585722739434615,0.0015195327356390218,0.0004805184423805822,10
3.85,0.00826466,6.7,7760.831545529242,-0.0002620394038513387,0.0012099779294910285,0.00038262861757262697,10
3.85,0.00826466,6.7,8809.558187098928,3.04430098774058e-05,0.0028468283869393617,0.0009002461810351525,10
3.85,0.00826466,6.7,9999.99999956053,0.00045765439841109957,0.00215088240539719,0.0006801687380236761,10
3.85,0.00476227,6.7,0.010000000000218279,0.9999879848704201,0.0001,3.1622776601683795e-05,10
3.85,0.00476227,6.7,0.011351307054672998,0.9999831514709655,0.0001,3.1622776601683795e-05,10
3.85,0.00476227,6.7,0.012885217184665648,0.9999776649308331,0.0001,3.1622776601683795e-05,10
3.85,0.00476227,6.7,0.014626405672609628,0.999971436990662,0.0001,3.1622776601683795e-05,10
3.85,0.00476227,6.7,0.016602882189237875,0.9999643674645423,0.0001,3.1622776601683795e-05,10
3.85,0.00476227,6.7,0.01884644137184869,0.9999563426283707,0.0001,3.1622776601683795e-05,10
3.85,0.00476227,6.7,0.02139317428950774,0.9999439030538099,0.0001,3.1622776601683795e-05,10
3.85,0.00476227,6.7,0.024284049022903764,0.9999266523385995,0.0001,3.1622776601683795e-05,10
3.85,0.00476227,6.7,0.027565569698369544,0.9999070705220732,0.0001,3.1622776601683795e-05,10
3.85,0.00476227,6.7,0.03129052457763524,0.9998817854615611,0.0001,3.1622776601683795e-05,10
3.85,0.00476227,6.7,0.03551883523747767,0.9998465373693343,0.0001,3.1622776601683795e-05,10
3.85,0.00476227,6.7,0.04031852049961476,0.9998057703756233,0.0001,3.1622776601683795e-05,10
3.85,0.00476227,6.7,0.045766790617126504,0.9997474245060847,0.0001,3.1622776601683795e-05,10
3.85,0.00476227,6.7,0.05195128931905905,0.9996765761178967,0.0001,3.1622776601683795e-05,10
3.85,0.00476227,6.7,0.05897150369339207,0.9995847811552891,0.0001,3.1622776601683795e-05,10
3.85,0.00476227,6.7,0.06694036458848644,0.9994642064236476,0.0001,3.1622776601683795e-05,10
3.85,0.00476227,6.7,0.07598606327790826,0.9993104511197168,0.0001,3.1622776601683795e-05,10
3.85,0.00476227,6.7,0.0862541136124522,0.999113136130708,0.0001,3.1622776601683795e-05,10
3.85,0.00476227,6.7,0.09790969283222231,0.9988600987095315,0.0001,3.1622776601683795e-05,10
3.85,0.00476227,6.7,0.11114029869430124,0.9985331888077926,0.0001,3.1622776601683795e-05,10
3.85,0.00476227,6.7,0.12615876565995482,0.9981092254957098,0.0001,3.1622776601683795e-05,10
3.85,0.00476227,6.7,0.14320668866134237,0.9975718990308324,0.0001,3.1622776601683795e-05,10
3.85,0.00476227,6.7,0.1625583095242373,0.9968824269175662,0.0001,3.1622776601683795e-05,10
3.85,0.00476227,6.7,0.18452492856579136,0.9959951854336226,0.0001,3.1622776601683795e-05,10
3.85,0.00476227,6.7,0.2094599123346178,0.9948607569008656,0.0001,3.1622776601683795e-05,10
3.85,0.00476227,6.7,0.2377643780503237,0.993404557069127,0.0001,3.1622776601683795e-05,10
3.85,0.00476227,6.7,0.2698936461853665,0.9915676548396464,0.00010749358601211268,3.3992456565749206e-05,10
3.85,0.00476227,6.7,0.30636456498884956,0.9892184140640143,0.00013591171101346114,4.297905674931288e-05,10
3.85,0.00476227,6.7,0.34776382477838447,0.9862931700573805,0.00017112453882430336,5.41143306230711e-05,10
3.85,0.00476227,6.7,0.3947573957480773,0.9825594418944796,0.00021480513637593505,6.792734840510415e-05,10
3.85,0.00476227,6.7,0.44810124111416794,0.9779128146197344,0.0002699589003532229,8.536849997506184e-05,10
3.85,0.00476227,6.7,0.5086534779355955,0.9720915617185465,0.00033996208533745577,0.00010750545077668925,10
3.85,0.00476227,6.7,0.5773881812348249,0.9648969882503851,0.00042783631603609114,0.00013529372244096695,10
3.85,0.00476227,6.7,0.6554110534792618,0.9560762029506129,0.0005372780465024533,0.00016990223637536157,10
3.85,0.00476227,6.7,0.7439772114907415,0.9453363483017101,0.0006730203149212955,0.00021282771067151,10
3.85,0.00476227,6.7,0.844511376912646,0.932257630582753,0.0008389710571895325,0.00026530594316783064,10
3.85,0.00476227,6.7,0.9586307950290877,0.9163989481995755,0.00103152483712919,0.0003261967948362463,10
3.85,0.00476227,6.7,1.0881712506202943,0.8970523050134446,0.0012358430246261175,0.00039080787882500914,10
3.85,0.00476227,6.7,1.2352165993588877,0.8732355134957561,0.0014351096907139272,0.0004538215314835804,10
3.85,0.00476227,6.7,1.4021322898045676,0.8438814579872037,0.001628373415966137,0.0005149368875721786,10
3.85,0.00476227,6.7,1.591603415249598,0.8078909479450047,0.00182052776282224,0.0005757014274089087,10
3.85,0.00476227,6.7,1.8066779075370039,0.765371735861365,0.00203677945969947,0.0006440862184097456,10
3.85,0.00476227,6.7,2.050815567689899,0.717678672729887,0.0023888334412513097,0.0007554154625132169,10
3.85,0.00476227,6.7,2.327943722084342,0.6665708600094593,0.002947100736487116,0.0009319550821258984,10
3.85,0.00476227,6.7,2.642520399480093,0.6128211898389264,0.003582719043100895,0.0011329552392657792,10
3.85,0.00476227,6.7,2.9996060452080937,0.5568828009166069,0.004107491493931299,0.001298902859059059,10
3.85,0.00476227,6.7,3.404944926146718,0.5023737110391427,0.00434178475376286,0.0013729928932083959,10
3.85,0.00476227,6.7,3.865057536009861,0.45481838814658754,0.004466764425238786,0.0014125149355167462,10
3.85,0.00476227,6.7,4.387345487426811,0.4164718236250441,0.004878574832189331,0.001542740820529202,10
3.85,0.00476227,6.7,4.980210578162862,0.3900689759543691,0.005731402911270154,0.001812428738773362,10
3.85,0.00476227,6.7,5.6531899468423275,0.3810478012774675,0.006706303255374852,0.002120719296678637,10
3.85,0.00476227,6.7,6.417109492359706,0.3906821959626028,0.007812215306695338,0.002470439394078813,10
3.85,0.00476227,6.7,7.2842580249641795,0.41946548204325024,0.007870047877929248,0.002488727658883122,10
3.85,0.00476227,6.7,8.268584950502943,0.45891253449718156,0.007512292336425765,0.0023755954232133314,10
3.85,0.00476227,6.7,9.385924667875829,0.4936913145044236,0.00676777592537232,0.0021401586617830265,10
3.85,0.00476227,6.7,10.654251289476262,0.512285218927632,0.005595966161918693,0.0017695998780893668,10
3.85,0.00476227,6.7,12.093967782185103,0.5159009542722105,0.005044719965647285,0.0015952805249171802,10
3.85,0.00476227,6.7,13.728234180190913,0.5232511026267469,0.004564472268357305,0.0014434128684684393,10
3.85,0.00476227,6.7,15.583340149440259,0.5446971208519936,0.004961192469618883,0.0015688668114471386,10
3.85,0.00476227,6.7,17.689127896984903,0.5523452116487702,0.0057823691837972915,0.001828545689276824,10
3.85,0.00476227,6.7,20.07947222836747,0.5190471643217694,0.005621001224651982,0.0017775166600496064,10
3.85,0.00476227,6.7,22.792825475500305,0.48605847996734475,0.005678011097496836,0.0017955447647802385,10
3.85,0.00476227,6.7,25.87283606103298,0.49669007073815025,0.00539610355523112,0.0017063977724662538,10
3.85,0.00476227,6.7,29.369050649759096,0.5148530578228788,0.004419810402131968,0.0013976667696841744,10
3.85,0.00476227,6.7,33.33771118223821,0.5045890155979025,0.005203230721143864,0.0016454060270175046,10
3.85,0.00476227,6.7,37.842659612133126,0.49445503378916805,0.006147763610718923,0.0019440935526172543,10
3.85,0.00476227,6.7,42.95636490134192,0.49688575132679835,0.004894244790797542,0.001547696096533453,10
3.85,0.00476227,6.7,48.76108879370671,0.4893061568412523,0.006160546068083387,0.0019481357205538242,10
3.85,0.00476227,6.7,55.35020912054576,0.48476579261789415,0.0053264096010054475,0.0016843586090165897,10
3.85,0.00476227,6.7,62.82972192539625,0.4832089904272873,0.0051140611798558165,0.0016172081421792393,10
3.85,0.00476227,6.7,71.31994657193255,0.47385355742358637,0.00533116927787552,0.0016858637510001745,10
3.85,0.00476227,6.7,80.9574612643208,0.4720094411626725,0.007404126201842753,0.002341390288115469,10
3.85,0.00476227,6.7,91.89730011580414,0.46463510118872503,0.006375049816030361,0.0020159677615693345,10
3.85,0.00476227,6.7,104.31544710871599,0.457935245702261,0.007254512039980861,0.0022940781359454014,10
3.85,0.00476227,6.7,118.41166706506878,0.4500980885920982,0.007355076365958541,0.002325879368090312,10
3.85,0.00476227,6.7,134.41271916819676,0.4404755276766557,0.005031718470571462,0.001591169091174474,10
3.85,0.00476227,6.7,152.57600472984296,0.4320931866006538,0.005705996697738993,0.001804394588625456,10
3.85,0.00476227,6.7,173.1937078825881,0.4223980796908949,0.00884174365681603,0.00279600484428848,10
3.85,0.00476227,6.7,196.59749580696857,0.41184142861239376,0.009149462868876737,0.002893314203278899,10
3.85,0.00476227,6.7,223.16385410359732,0.4021150016829183,0.008794068636922935,0.0027809286792528786,10
3.85,0.00476227,6.7,253.3201431378888,0.3896818221833833,0.008641802880832015,0.0027327780193633824,10
3.85,0.00476227,6.7,287.55147278291213,0.37574855281096203,0.005837828660207072,0.0018460835156063524,10
3.85,0.00476227,6.7,326.40850615110367,0.36405812489115025,0.004932310718149059,0.0015597335997011824,10
3.85,0.00476227,6.7,370.51631784974256,0.3516055188848124,0.005615306301747285,0.0017757157673018158,10
3.85,0.00476227,6.7,420.58444925874363,0.3359517434074287,0.006668012291830909,0.002108610630818504,10
3.85,0.00476227,6.7,477.4183225852329,0.3210420974451762,0.007080568303951609,0.0022390722968882483,10
3.85,0.00476227,6.7,541.9321973073605,0.3053336502033776,0.006626470108027872,0.0020954738388390087,10
3.85,0.00476227,6.7,615.163877431521,0.2857075395074467,0.005093790370692634,0.0016107979494822122,10
3.85,0.00476227,6.7,698.2914061516004,0.26788335031349664,0.007949071575956385,0.0025137171463726327,10
3.85,0.00476227,6.7,792.6520164693162,0.24800524825356143,0.005675616278852027,0.001794787456630175,10
3.85,0.00476227,6.7,899.7636426252536,0.2285686850502882,0.009489755014874592,0.0030009240284008766,10
3.85,0.00476227,6.7,1021.3493383847366,0.20960387911180312,0.007408617598833156,0.002342810592552039,10
3.85,0.00476227,6.7,1159.3649949839207,0.1906418126271934,0.00558990753509419,0.0017676839720635247,10
3.85,0.00476227,6.7,1316.030804621463,0.17104590945152726,0.006502208869770688,0.0020561789850624536,10
3.85,0.00476227,6.7,1493.866975634053,0.1516522456716617,0.006623530046501898,0.0020945441097506975,10
3.85,0.00476227,6.7,1695.7342738887714,0.1320245737476219,0.007260409288074376,0.0022959430095356604,10
3.85,0.00476227,6.7,1924.8800425624227,0.11260057332494597,0.007382355469905461,0.0023345057781903877,10
3.85,0.00476227,6.7,2184.9904406061173,0.09460250959525976,0.006609530562124371,0.0020901170840806047,10
3.85,0.00476227,6.7,2480.249740230387,0.07657407129353323,0.006685266818467686,0.00211406699123053,10
3.85,0.00476227,6.7,2815.407637301355,0.06300173177146298,0.006659671928890957,0.002105973176478233,10
3.85,0.00476227,6.7,3195.855657438155,0.0487336990432127,0.006306464296364852,0.001994279115904407,10
3.85,0.00476227,6.7,3627.713886920245,0.036678626132644346,0.0055571480719411445,0.0017573245202147261,10
3.85,0.00476227,6.7,4117.929423603417,0.027204822196692752,0.0034753767521230224,0.0010990106263907172,10
3.85,0.00476227,6.7,4674.388131577461,0.021139279560445163,0.002721770341215677,0.0008606993546135201,10
3.85,0.00476227,6.7,5306.041497309682,0.014240160603477553,0.0026394013899108636,0.0008346520051532493,10
3.85,0.00476227,6.7,6023.0506279484425,0.0098240147884081,0.004349834851794571,0.0013755385577251804,10
3.85,0.00476227,6.7,6836.949708219136,0.005773291052658801,0.0033383396751602767,0.0010556756976813106,10
3.85,0.00476227,6.7,7760.831545365842,0.004223326337825805,0.002778025565581339,0.0008784888185414495,10
3.85,0.00476227,6.7,8809.5581869117,0.0023296345033418106,0.0022522534317107865,0.0007122250712136588,10
3.85,0.00476227,6.7,9999.999999346035,0.0009271236464284301,0.0021551253539524194,0.0006815104761666206,10
3.85,0.00373261,6.7,0.00999999999839929,0.9999906365299541,0.0001,3.1622776601683795e-05,10
3.85,0.00373261,6.7,0.011346639479501913,0.9999868460847308,0.0001,3.1622776601683795e-05,10
3.85,0.00373261,6.7,0.012874622749840012,0.9999825452031885,0.0001,3.1622776601683795e-05,10
3.85,0.00373261,6.7,0.0146083702800412,0.9999776651479572,0.0001,3.1622776601683795e-05,10
3.85,0.00373261,6.7,0.01657559109772307,0.9999721279252215,0.0001,3.1622776601683795e-05,10
3.85,0.00373261,6.7,0.018807725637561085,0.9999658450382103,0.0001,3.1622776601683795e-05,10
3.85,0.00373261,6.7,0.021340448227295097,0.9999562030208008,0.0001,3.1622776601683795e-05,10
3.85,0.00373261,6.7,0.024214237240485326,0.9999427263047057,0.0001,3.1622776601683795e-05,10
3.85,0.00373261,6.7,0.02747502202828959,0.9999274347608134,0.0001,3.1622776601683795e-05,10
3.85,0.00373261,6.7,0.031174916969627774,0.999907896790638,0.0001,3.1622776601683795e-05,10
3.85,0.00373261,6.7,0.035373054371439484,0.9998803943194428,0.0001,3.1622776601683795e-05,10
3.85,0.00373261,6.7,0.04013652953057901,0.999848933352413,0.0001,3.1622776601683795e-05,10
3.85,0.00373261,6.7,0.045541473061476136,0.999803433776919,0.0001,3.1622776601683795e-05,10
3.85,0.00373261,6.7,0.05167426762767335,0.9997486871357975,0.0001,3.1622776601683795e-05,10
3.85,0.00373261,6.7,0.058632928523236094,0.9996771410357906,0.0001,3.1622776601683795e-05,10
3.85,0.00373261,6.7,0.0665286701687058,0.9995837922572506,0.0001,3.1622776601683795e-05,10
3.85,0.00373261,6.7,0.07548768355758326,0.9994648351365865,0.0001,3.1622776601683795e-05,10
3.85,0.00373261,6.7,0.08565315306077284,0.999312132060758,0.0001,3.1622776601683795e-05,10
3.85,0.00373261,6.7,0.09718754482187549,0.9991161216261236,0.0001,3.1622776601683795e-05,10
3.85,0.00373261,6.7,0.11027520331682732,0.9988650031275291,0.0001,3.1622776601683795e-05,10
3.85,0.00373261,6.7,0.12512529757651036,0.9985346420467897,0.0001,3.1622776601683795e-05,10
3.85,0.00373261,6.7,0.14197516415933195,0.9981219781888548,0.0001,3.1622776601683795e-05,10
3.85,0.00373261,6.7,0.16109410030169066,0.9975896591886977,0.0001,3.1622776601683795e-05,10
3.85,0.00373261,6.7,0.18278766786905953,0.996903626446157,0.0001,3.1622776601683795e-05,10
3.85,0.00373261,6.7,0.20740257689411476,0.9960252337342819,0.0001,3.1622776601683795e-05,10
3.85,0.00373261,6.7,0.23533222675138937,0.9948976973945445,0.0001,3.1622776601683795e-05,10
3.85,0.00373261,6.7,0.2670229935283839,0.9934757207201704,0.0001,3.1622776601683795e-05,10
3.85,0.00373261,6.7,0.30298136407889326,0.9916557838464737,0.0001,3.1622776601683795e-05,10
3.85,0.00373261,6.7,0.343782030776121,0.9893869942882658,0.0001,3.1622776601683795e-05,10
3.85,0.00373261,6.7,0.39007707633720784,0.9864878727885081,0.00011358995403444874,3.5920297406269034e-05,10
3.85,0.00373261,6.7,0.4426063955124931,0.982881717890222,0.0001459418461396945,4.6150863973128666e-05,10
3.85,0.00373261,6.7,0.502209520200599,0.9783927779507835,0.00018732150801041044,5.92362620050373e-05,10
3.85,0.00373261,6.7,0.5698390369801979,0.9728005209118591,0.0002418016475297868,7.646439481753533e-05,10
3.85,0.00373261,6.7,0.6465758114995848,0.965933934384075,0.00031222125696117305,9.873303059180085e-05,10
3.85,0.00373261,6.7,0.7336462630426538,0.9575472616809717,0.0004042137337246439,0.00012782360600906912,10
3.85,0.00373261,6.7,0.8324419653561324,0.9472825546364463,0.0005245938941920835,0.00016589115522643602,10
3.85,0.00373261,6.7,0.9445418870015998,0.9347574310590445,0.0006752486957346467,0.00021353238655795082,10
3.85,0.00373261,6.7,1.0717376266811138,0.9193496706983886,0.0008542230005275343,0.0002701290311370223,10
3.85,0.00373261,6.7,1.2160620468514172,0.9002124343065937,0.001059472035173102,0.00033503447484010273,10
3.85,0.00373261,6.7,1.3798217632536904,0.8764038393987515,0.0012909806746929495,0.00040824393472906154,10
3.85,0.00373261,6.7,1.5656340096116408,0.8468991192659887,0.001550960657206374,0.0004904568238083784,10
3.85,0.00373261,6.7,1.7764684666753932,0.8111978586472242,0.0018380244351988435,0.0005812343610272906,10
3.85,0.00373261,6.7,2.0156947241295806,0.7699535190125768,0.002137796378232726,0.000676030572887422,10
3.85,0.00373261,6.7,2.2871361339093483,0.7245172921162715,0.0023472670249069247,0.0007422710075313063,10
3.85,0.00373261,6.7,2.5951309156165236,0.6752542971305335,0.0024602341075822703,0.0007779943357191702,10
3.85,0.00373261,6.7,2.944601490632388,0.6220149490239474,0.0026311132226553456,0.000832031056537663,10
3.85,0.00373261,6.7,3.341133153035782,0.5671143527488338,0.002888324018734949,0.0009133682519773284,10
3.85,0.00373261,6.7,3.7910633346576943,0.5150002171386505,0.0032708680368654847,0.0010343392922338526,10
3.85,0.00373261,6.7,4.301582890920479,0.4681849244986373,0.0036069126722783687,0.0011406059365724115,10
3.85,0.00373261,6.7,4.880851026228111,0.42965008404572663,0.0034611502065796562,0.0010945117976754017,10
3.85,0.00373261,6.7,5.53812569566323,0.40382820728951063,0.0029001550929928705,0.0009171095661594902,10
3.85,0.00373261,6.7,6.283911567091519,0.39346150809072133,0.0025372177693087834,0.0008023387070867414,10
3.85,0.00373261,6.7,7.130127908427263,0.40432540748337037,0.0029968529591606805,0.000947688116356332,10
3.85,0.00373261,6.7,8.090299083260948,0.43265142135240175,0.003831297076323091,0.0012115625153924937,10
3.85,0.00373261,6.7,9.179770699380107,0.46980970082317325,0.005110826832340558,0.0016161853516899669,10
3.85,0.00373261,6.7,10.415954864703412,0.503261791704356,0.006284166858301134,0.0019872280468776183,10
3.85,0.00373261,6.7,11.818608470347202,0.5207834748523298,0.005840156392574401,0.001846819609212758,10
3.85,0.00373261,6.7,13.410148948388319,0.5241937948774869,0.004234793904336809,0.001339159415910152,10
3.85,0.00373261,6.7,15.216012550814037,0.5325214577435593,0.004197629355716489,0.0013274069537249238,10
3.85,0.00373261,6.7,17.26506087572997,0.5549853934705268,0.0041546886264317755,0.0013138279028320852,10
3.85,0.00373261,6.7,19.590042137991954,0.5629983871292129,0.004447834319279763,0.0014065287103988623,10
3.85,0.00373261,6.7,22.228114556362655,0.5319487827914164,0.00328121900344501,0.0010376125552714107,10
3.85,0.00373261,6.7,25.221440222048813,0.49825081355880874,0.0043923468510275124,0.001388982032271523,10
3.85,0.00373261,6.7,28.617858939920545,0.5048553181092855,0.005385247244463492,0.0017029647055650224,10
3.85,0.00373261,6.7,32.47165281184972,0.525269075971717,0.005377339820186818,0.0017004641584510622,10
3.85,0.00373261,6.7,36.844413781859096,0.5194190114739611,0.004210743433575001,0.0013315539892694921,10
3.85,0.00373261,6.7,41.806028008326614,0.507607938241468,0.004672001270063028,0.0014774165244598608,10
3.85,0.00373261,6.7,47.43579279563729,0.5068962527220328,0.002349057340917091,0.0007428371551636652,10
3.85,0.00373261,6.7,53.82368393626072,0.505304627117443,0.004480666233558867,0.0014169110733053998,10
3.85,0.00373261,6.7,61.0717937181167,0.4993618425919385,0.004008536058389921,0.0012676104027425858,10
3.85,0.00373261,6.7,69.29596257969034,0.4962379393211444,0.0022121569007684965,0.0006995454348087534,10
3.85,0.00373261,6.7,78.62763049026616,0.4931989450987576,0.005217367673812675,0.0016498765239782484,10
3.85,0.00373261,6.7,89.21593764433521,0.48674226673200405,0.004691498526709695,0.001483582098372693,10
3.85,0.00373261,6.7,101.23010804380348,0.48194128631678146,0.00469779896808568,0.0014855744728739409,10
3.85,0.00373261,6.7,114.86215406279281,0.47578778345440637,0.0042987154651557835,0.0013593731882882458,10
3.85,0.00373261,6.7,130.32994521981365,0.4654503186539764,0.006612216390136393,0.002090966417472752,10
3.85,0.00373261,6.7,147.88069020291732,0.45816312291246675,0.006356952905644409,0.002010245016026178,10
3.85,0.00373261,6.7,167.79488779810077,0.45340905645932034,0.005185204480507282,0.0016397056292113165,10
3.85,0.00373261,6.7,190.39080986532846,0.4454479535268619,0.007503180039581415,0.0023727138619389606,10
3.85,0.00373261,6.7,216.0295880098079,0.4364011711841241,0.006174376901630811,0.0019525094141486768,10
3.85,0.00373261,6.7,245.1209852444992,0.42662194037323375,0.008624147503671232,0.002727194898885643,10
3.85,0.00373261,6.7,278.1299448874846,0.4183635356995916,0.010468131892038955,0.0033103139625890936,10
3.85,0.00373261,6.7,315.58402135971824,0.40485665296061624,0.01076260161888327,0.0034034334664686593,10
3.85,0.00373261,6.7,358.0818116433346,0.39198981933041355,0.009946099301437257,0.003145232762675136,10
3.85,0.00373261,6.7,406.3025221534201,0.38035326162132255,0.009545983074811191,0.0030187049021820882,10
3.85,0.00373261,6.7,461.01682392251513,0.3666763590541535,0.009477017248933253,0.002996895993133202,10
3.85,0.00373261,6.7,523.0991695871134,0.3524684146904944,0.008631662563545726,0.002729571369481237,10
3.85,0.00373261,6.7,593.5417690281895,0.33878135236490625,0.007968089327996083,0.0025197310876148085,10
3.85,0.00373261,6.7,673.4704470266691,0.3235324650341838,0.010462314454466118,0.003308474327301493,10
3.85,0.00373261,6.7,764.1626363733824,0.3071785694716271,0.010434984107294284,0.003299831712670879,10
3.85,0.00373261,6.7,867.0677940022409,0.29015275214661146,0.008946600180338316,0.002829163388474225,10
3.85,0.00373261,6.7,983.8305664405286,0.2711700445179619,0.00979586053168554,0.003097723092147432,10
3.85,0.00373261,6.7,1116.3170748101732,0.2529556607653673,0.010816997338684737,0.0034206349034223552,10
3.85,0.00373261,6.7,1266.6447394710758,0.23424006492645894,0.010068857010929397,0.0031840521589091794,10
3.85,0.00373261,6.7,1437.216120968649,0.21311513828128495,0.00898277298420772,0.002840602233432412,10
3.85,0.00373261,6.7,1630.757318136984,0.19546308867528212,0.009381966205717887,0.0029668382140796367,10
3.85,0.00373261,6.7,1850.3615370421694,0.1757185483091353,0.007552587411217753,0.0023883378446962833,10
3.85,0.00373261,6.7,2099.538527091527,0.15563843909994995,0.008270783744049055,0.0026154514665890113,10
3.85,0.00373261,6.7,2382.2706744045345,0.13623310083623158,0.007044161165711169,0.002227559348895408,10
3.85,0.00373261,6.7,2703.0766489385032,0.11863334275689805,0.006811275789450656,0.002153914526622555,10
3.85,0.00373261,6.7,3067.083622587487,0.10173609920072435,0.007595667609929727,0.0024019609996945323,10
3.85,0.00373261,6.7,3480.1092124555566,0.08691980639981993,0.00564598571325297,0.0017854174490649698,10
3.85,0.00373261,6.7,3948.754458934742,0.07082650536247134,0.0050044529607367145,0.0015825469799101216,10
3.85,0.00373261,6.7,4480.509324578015,0.05865340956544536,0.004780926376506639,0.00151186166753367,10
3.85,0.00373261,6.7,5083.872399867117,0.046198877731488876,0.006373990523896665,0.002015632783984337,10
3.85,0.00373261,6.7,5768.486729031616,0.03405214641163815,0.005404912044400615,0.0017091832613183066,10
3.85,0.00373261,6.7,6545.2939267090105,0.02706428436633484,0.005050687475554953,0.0015971676172439654,10
3.85,0.00373261,6.7,7426.709048562856,0.019273667729640155,0.004072401483228293,0.0012878064233649404,10
3.85,0.00373261,6.7,8426.819010668647,0.013804463343452176,0.0026467512886051378,0.0008369762471977897,10
3.85,0.00373261,6.7,9561.607728837547,0.00923560844272603,0.0022379157478206583,0.000707691097467228,10
3.85,0.00373261,6.7,10849.211576090507,0.005521985711270714,0.002193735704079377,0.0006937201409323964,10
3.85,0.00373261,6.7,12310.20924104433,0.004268689274455859,0.003232095345198339,0.0010220782905654914,10
3.85,0.00373261,6.7,13967.950619772151,0.0019360099469390094,0.0019217163515046162,0.0006077000687543333,10
3.85,0.00373261,6.7,15848.929997540941,3.611958236544631e-05,0.0027234657668802555,0.0008612354952838775,10
3.85,0.00227471,6.7,0.010000000002037268,0.9999943438081477,0.0001,3.1622776601683795e-05,10
3.85,0.00227471,6.7,0.011338235021390817,0.9999920733209914,0.0001,3.1622776601683795e-05,10
3.85,0.00227471,6.7,0.012855557337410305,0.9999894989892928,0.0001,3.1622776601683795e-05,10
3.85,0.00227471,6.7,0.014575933039282818,0.9999865801515112,0.0001,3.1622776601683795e-05,10
3.85,0.00227471,6.7,0.016526535442177494,0.9999832707046362,0.0001,3.1622776601683795e-05,10
3.85,0.00227471,6.7,0.018738174289457874,0.9999795183759911,0.0001,3.1622776601683795e-05,10
3.85,0.00227471,6.7,0.0212457823922373,0.9999738557995572,0.0001,3.1622776601683795e-05,10
3.85,0.00227471,6.7,0.02408896739274377,0.9999658183423229,0.0001,3.1622776601683795e-05,10
3.85,0.00227471,6.7,0.027312637366590568,0.9999567052844152,0.0001,3.1622776601683795e-05,10
3.85,0.00227471,6.7,0.030967710145333508,0.9999452800640519,0.0001,3.1622776601683795e-05,10
3.85,0.00227471,6.7,0.03511191756305678,0.9999288855829122,0.0001,3.1622776601683795e-05,10
3.85,0.00227471,6.7,0.03981071733005328,0.9999102971348945,0.0001,3.1622776601683795e-05,10
3.85,0.00227471,6.7,0.04513832693663415,0.9998834283173667,0.0001,3.1622776601683795e-05,10
3.85,0.00227471,6.7,0.051178895917566865,0.9998513954151512,0.0001,3.1622776601683795e-05,10
3.85,0.00227471,6.7,0.05802783499304541,0.9998088735132095,0.0001,3.1622776601683795e-05,10
3.85,0.00227471,6.7,0.06579332307995966,0.9997541583127869,0.0001,3.1622776601683795e-05,10
3.85,0.00227471,6.7,0.07459801597669032,0.9996844644329184,0.0001,3.1622776601683795e-05,10
3.85,0.00227471,6.7,0.08458098371008677,0.9995949945415304,0.0001,3.1622776601683795e-05,10
3.85,0.00227471,6.7,0.09589990714500185,0.9994801606261972,0.0001,3.1622776601683795e-05,10
3.85,0.00227471,6.7,0.10873356855180678,0.9993334629799859,0.0001,3.1622776601683795e-05,10
3.85,0.00227471,6.7,0.12328467547037315,0.9991400693075185,0.0001,3.1622776601683795e-05,10
3.85,0.00227471,6.7,0.13978306247342112,0.9989023972734916,0.0001,3.1622776601683795e-05,10
3.85,0.00227471,6.7,0.15848932140105185,0.9985904486162938,0.0001,3.1622776601683795e-05,10
3.85,0.00227471,6.7,0.17969891740597763,0.9981941095015886,0.0001,3.1622776601683795e-05,10
3.85,0.00227471,6.7,0.2037468558223385,0.9976833660758094,0.0001,3.1622776601683795e-05,10
3.85,0.00227471,6.7,0.23101297357124695,0.9970278545636344,0.0001,3.1622776601683795e-05,10
3.85,0.00227471,6.7,0.2619279386807526,0.9962024266730054,0.0001,3.1622776601683795e-05,10
3.85,0.00227471,6.7,0.2969800526825787,0.9951463867591285,0.0001,3.1622776601683795e-05,10
3.85,0.00227471,6.7,0.33672296332941104,0.9938277440659984,0.0001,3.1622776601683795e-05,10
3.85,0.00227471,6.7,0.38178440945502284,0.9921398625851923,0.0001,3.1622776601683795e-05,10
3.85,0.00227471,6.7,0.4328761361022066,0.9900413040424944,0.0001,3.1622776601683795e-05,10
3.85,0.00227471,6.7,0.49080513652784746,0.9874259395429383,0.0001,3.1622776601683795e-05,10
3.85,0.00227471,6.7,0.5564863986524832,0.984175007472998,0.00011970838213140983,3.785511425490569e-05,10
3.85,0.00227471,6.7,0.630957357284381,0.9801558232063412,0.00015279617931721038,4.831839444138961e-05,10
3.85,0.00227471,6.7,0.7153942803908516,0.9751998073319657,0.00019662529249977017,6.217837698960964e-05,10
3.85,0.00227471,6.7,0.8111308482377744,0.969090992931798,0.00025202987683698114,7.969884492165735e-05,10
3.85,0.00227471,6.7,0.9196792188546343,0.9615877361054241,0.0003179336949122621,0.00010053946208358356,10
3.85,0.00227471,6.7,1.04275391255386,0.9522696586054661,0.0003919845121978013,0.00012395638660551067,10
3.85,0.00227471,6.7,1.1822988927601805,0.9405577183434091,0.0004743461720852997,0.00015000143031717288,10
3.85,0.00227471,6.7,1.3405182708914076,0.925756597796618,0.0005732353434490862,0.00018127293206079935,10
3.85,0.00227471,6.7,1.519911120273876,0.906989605157065,0.0006968692399313914,0.00022036940294935573,10
3.85,0.00227471,6.7,1.7233109489779772,0.8835615691821538,0.0008431115731149871,0.0002666152892690943,10
3.85,0.00227471,6.7,1.953930455046767,0.8553215378705662,0.001023718463726742,0.00032372820281449693,10
3.85,0.00227471,6.7,2.2154122710259947,0.8224813899547037,0.0012683963224950847,0.0004011021354865933,10
3.85,0.00227471,6.7,2.511886499304852,0.7849380309271253,0.0016526612614031057,0.0005226173786760735,10
3.85,0.00227471,6.7,2.8480359470374856,0.7417163252840914,0.0021511905431473946,0.0006802661797360488,10
3.85,0.00227471,6.7,3.2291700910301677,0.6929602368709598,0.0025137905633851967,0.0007949303740935091,10
3.85,0.00227471,6.7,3.6613089408686967,0.641440227010194,0.0024917867497124056,0.0007879721572519116,10
3.85,0.00227471,6.7,4.151278124903153,0.5895000513079497,0.0022299380580795133,0.0007051683304624102,10
3.85,0.00227471,6.7,4.70681670097215,0.5385998594198849,0.0019806554800002765,0.0006263382576894952,10
3.85,0.00227471,6.7,5.336699394735736,0.49269680728986953,0.0022310168071437374,0.0007055094608690826,10
3.85,0.00227471,6.7,6.05087519637006,0.4545008966724973,0.002682193233649388,0.0008481839743024245,10
3.85,0.00227471,6.7,6.860624504757115,0.4274243475292918,0.00322131843044926,0.001018670330889836,10
3.85,0.00227471,6.7,7.778737301260181,0.414873419672252,0.0037663290626763655,0.0011910178255744382,10
3.85,0.00227471,6.7,8.81971516733791,0.41822993157039257,0.003901856901994175,0.0012338754914349981,10
3.85,0.00227471,6.7,10.000000336862982,0.43673130552284595,0.004872448534904418,0.001540803515224839,10
3.85,0.00227471,6.7,11.338235401024084,0.46377237329779114,0.00714315287435854,0.0022588632757751556,10
3.85,0.00227471,6.7,12.855557767847428,0.4896895758611741,0.009076691041906424,0.0028703017310071134,10
3.85,0.00227471,6.7,14.575933527322544,0.5076645699241654,0.009544424339921975,0.003018211986930259,10
3.85,0.00227471,6.7,16.526535995528395,0.51874048855004,0.00860255071224888,0.002720365393781021,10
3.85,0.00227471,6.7,18.73817491686014,0.5341341562906857,0.007167179446874756,0.0022664611451270003,10
3.85,0.00227471,6.7,21.245783103600733,0.5564573359410737,0.005586587646254276,0.0017666341310322545,10
3.85,0.00227471,6.7,24.08896819930433,0.5659170198599066,0.005755524780601216,0.0018200567436240738,10
3.85,0.00227471,6.7,27.312638281087896,0.5484105455261532,0.0052978749665772255,0.0016753351653172458,10
3.85,0.00227471,6.7,30.96771118221209,0.519666580857153,0.005679116482545472,0.001795894318224757,10
3.85,0.00227471,6.7,35.11191873869409,0.5139555030465399,0.005198798953025656,0.001644004578885979,10
3.85,0.00227471,6.7,39.810718663018484,0.5280325103488681,0.006493445283038511,0.002053407695607842,10
3.85,0.00227471,6.7,45.1383284479814,0.5332840418572701,0.005977174404916046,0.0018901485091596239,10
3.85,0.00227471,6.7,51.17889763116792,0.5230823079351481,0.0059109624287813625,0.0018692104438629926,10
3.85,0.00227471,6.7,58.02783693596656,0.5186375885799778,0.004896955556671273,0.0015485533159698976,10
3.85,0.00227471,6.7,65.79332528288927,0.5203422451910912,0.004670217819001025,0.0014768525477147233,10
3.85,0.00227471,6.7,74.59801847442371,0.515973133051712,0.006188185520377481,0.0019568760828067144,10
3.85,0.00227471,6.7,84.58098654207562,0.5142582896074492,0.00464722005020592,0.0014695800146652753,10
3.85,0.00227471,6.7,95.89991035597738,0.5102663885609928,0.004877421530513645,0.0015423761145167564,10
3.85,0.00227471,6.7,108.73357219248642,0.5057599382356379,0.005073798599512216,0.0016044759963431089,10
3.85,0.00227471,6.7,123.28467959826115,0.5037240274656399,0.004355589459447534,0.0013773583244475803,10
3.85,0.00227471,6.7,139.7830671537174,0.49791928923294115,0.006751276776557694,0.002134941172812198,10
3.85,0.00227471,6.7,158.489326707682,0.4951918862284345,0.004310271418129314,0.001363027501481261,10
3.85,0.00227471,6.7,179.69892342275952,0.4892591769460733,0.0055294479820915425,0.0017485649826831208,10
3.85,0.00227471,6.7,203.74686264430747,0.48485781183813836,0.003954728450795735,0.0012505949431983656,10
3.85,0.00227471,6.7,231.01298130615544,0.4789845863081378,0.005863226541333862,0.0018541150308166385,10
3.85,0.00227471,6.7,261.92794745077344,0.47234549233335194,0.0034357552142845467,0.0010864811959939045,10
3.85,0.00227471,6.7,296.98006262623494,0.4666144961373619,0.0026275873458220067,0.0008309160763834057,10
3.85,0.00227471,6.7,336.7229746037618,0.4589727429305051,0.0035713025661410006,0.0011293450322609692,10
3.85,0.00227471,6.7,381.78442223814716,0.4499361394089326,0.004900098371415904,0.001549547161255597,10
3.85,0.00227471,6.7,432.87615059601313,0.44353586071516815,0.004241305660583463,0.0013412186140408775,10
3.85,0.00227471,6.7,490.8051529612657,0.43383575140313446,0.005492318456327204,0.0017368235956973994,10
3.85,0.00227471,6.7,556.4864172850796,0.42289390133464744,0.005596334838131877,0.0017697164637446457,10
3.85,0.00227471,6.7,630.957378410456,0.4122777358549291,0.006806925290545899,0.002152538778072845,10
3.85,0.00227471,6.7,715.3943043440916,0.40215539926022414,0.004407343255083719,0.0013937243116245032,10
3.85,0.00227471,6.7,811.130875396522,0.3887213743613799,0.006581558514087541,0.0020812715458190024,10
3.85,0.00227471,6.7,919.6792496478598,0.3755447100873829,0.007378379027559146,0.0023332483167105176,10
3.85,0.00227471,6.7,1042.7539474679418,0.362847209171893,0.006789279724382126,0.0021469587601047726,10
3.85,0.00227471,6.7,1182.2989323465895,0.3478776931378331,0.0077243114413713355,0.0024426417511231586,10
3.85,0.00227471,6.7,1340.518315775407,0.3342736214768225,0.007613939995119004,0.002407739235242736,10
3.85,0.00227471,6.7,1519.911171164411,0.317524162836497,0.006689192192302514,0.0021153083034290985,10
3.85,0.00227471,6.7,1723.3110066788597,0.3025225962749712,0.004601708947347002,0.0014551881402792373,10
3.85,0.00227471,6.7,1953.930520469382,0.2867159054284607,0.006108100193719575,0.0019315508788669562,10
3.85,0.00227471,6.7,2215.412345203698,0.26752777972213776,0.007587771475323904,0.0023994640226879644,10
3.85,0.00227471,6.7,2511.8865834092726,0.25096572656627236,0.010057607577186505,0.0031804947756077103,10
3.85,0.00227471,6.7,2848.036042397057,0.23117788982165885,0.008942487709621208,0.002827862911046544,10
3.85,0.00227471,6.7,3229.1701991510904,0.2136349926389356,0.0096639001879033,0.003055993567430361,10
3.85,0.00227471,6.7,3661.3090634587365,0.1952254088418681,0.007358100061809448,0.0023268355446743588,10
3.85,0.00227471,6.7,4151.2782638986255,0.17694140654008356,0.006159857824046218,0.0019479180786794758,10
3.85,0.00227471,6.7,4706.816858568479,0.1562022566060047,0.006136302746676593,0.0019404693091845254,10
3.85,0.00227471,6.7,5336.699573422151,0.13739939844016522,0.004439814363648964,0.0014039925777461805,10
3.85,0.00227471,6.7,6050.875398968929,0.1196824514456399,0.0043986415216859245,0.0013909725819116444,10
3.85,0.00227471,6.7,6860.624734468468,0.10238837538234594,0.0035903830521870957,0.0011353788117378413,10
3.85,0.00227471,6.7,7778.737561712303,0.08635704379174938,0.004311010216890964,0.0013632611301631935,10
3.85,0.00227471,6.7,8819.715462644666,0.07068238528529695,0.005430855115324008,0.0017173871806800277,10
3.85,0.00227471,6.7,10000.000671688711,0.05680250340484153,0.00497245047461977,0.0015724269052183753,10
3.85,0.00227471,6.7,11338.235780657378,0.04558374654383356,0.004572714320818833,0.0014460192343057417,10
3.85,0.00227471,6.7,12855.558198284563,0.03699048919492272,0.004639870900020441,0.001467256009319999,10
3.85,0.00227471,6.7,14575.934015362269,0.02793490172220975,0.005357111012052355,0.0016940672476455179,10
3.85,0.00227471,6.7,16526.53654887934,0.021001537658567153,0.005775511681058204,0.001826377156505188,10
3.85,0.00227471,6.7,18738.175544262427,0.015910018651948292,0.004646913289335424,0.001469483008360497,10
3.85,0.00227471,6.7,21245.783814964212,0.012291094920634259,0.0027461355011517453,0.000868404294708746,10
3.85,0.00227471,6.7,24088.96900586496,0.009300736038966936,0.0031609532083377236,0.0009995811715563948,10
3.85,0.00227471,6.7,27312.63919558527,0.006123065644092732,0.00347426837363967,0.0010986601263390256,10
3.85,0.00227471,6.7,30967.712219090732,0.00407646468696698,0.0029201122958887583,0.0009234205878472016,10
3.85,0.00227471,6.7,35111.919914331425,0.0021428765155415606,0.0019592581218419117,0.0006195718189204133,10
3.85,0.00227471,6.7,39810.71999598365,0.0016658046181772378,0.002748235871026215,0.0008690684899819586,10
3.85,0.00163685,6.7,0.00999999999476131,0.9999959075956848,0.0001,3.1622776601683795e-05,10
3.85,0.00163685,6.7,0.011330878056379046,0.9999942739024912,0.0001,3.1622776601683795e-05,10
3.85,0.00163685,6.7,0.012838879759579109,0.9999924227846545,0.0001,3.1622776601683795e-05,10
3.85,0.00163685,6.7,0.01454757810125143,0.9999903253056056,0.0001,3.1622776601683795e-05,10
3.85,0.00163685,6.7,0.016483683356728316,0.9999879486776717,0.0001,3.1622776601683795e-05,10
3.85,0.00163685,6.7,0.018677460613289884,0.9999852557495398,0.0001,3.1622776601683795e-05,10
3.85,0.00163685,6.7,0.02116320287228777,0.9999812532461576,0.0001,3.1622776601683795e-05,10
3.85,0.00163685,6.7,0.023979767115392615,0.9999754926548661,0.0001,3.1622776601683795e-05,10
3.85,0.00163685,6.7,0.027171181714722353,0.9999689653991167,0.0001,3.1622776601683795e-05,10
3.85,0.00163685,6.7,0.030787334681852033,0.9999609263597191,0.0001,3.1622776601683795e-05,10
3.85,0.00163685,6.7,0.034884753514374534,0.9999491993721806,0.0001,3.1622776601683795e-05,10
3.85,0.00163685,6.7,0.039527488830529055,0.9999359116655964,0.0001,3.1622776601683795e-05,10
3.85,0.00163685,6.7,0.044788115604824055,0.9999169509012124,0.0001,3.1622776601683795e-05,10
3.85,0.00163685,6.7,0.050748867655912654,0.9998944206460699,0.0001,3.1622776601683795e-05,10
3.85,0.00163685,6.7,0.05750292312097052,0.999864085903801,0.0001,3.1622776601683795e-05,10
3.85,0.00163685,6.7,0.06515586101103873,0.9998255285572849,0.0001,3.1622776601683795e-05,10
3.85,0.00163685,6.7,0.07382731161612206,0.9997764450622073,0.0001,3.1622776601683795e-05,10
3.85,0.00163685,6.7,0.08365282655908068,0.9997134400152436,0.0001,3.1622776601683795e-05,10
3.85,0.00163685,6.7,0.09478599773089239,0.9996325337215447,0.0001,3.1622776601683795e-05,10
3.85,0.00163685,6.7,0.10740085823036027,0.999529159266902,0.0001,3.1622776601683795e-05,10
3.85,0.00163685,6.7,0.12169460283961868,0.9993933882959295,0.0001,3.1622776601683795e-05,10
3.85,0.00163685,6.7,0.13789067056175647,0.9992266292484567,0.0001,3.1622776601683795e-05,10
3.85,0.00163685,6.7,0.15624223740661036,0.9990075455956304,0.0001,3.1622776601683795e-05,10
3.85,0.00163685,6.7,0.17703617402375652,0.9987301912234117,0.0001,3.1622776601683795e-05,10
3.85,0.00163685,6.7,0.20059753004819528,0.9983770834507956,0.0001,3.1622776601683795e-05,10
3.85,0.00163685,6.7,0.2272946152577659,0.9979195122647051,0.0001,3.1622776601683795e-05,10
3.85,0.00163685,6.7,0.25754475697065354,0.9973445652107464,0.0001,3.1622776601683795e-05,10
3.85,0.00163685,6.7,0.2918208236823013,0.9966095283595905,0.0001,3.1622776601683795e-05,10
3.85,0.00163685,6.7,0.33065861691884635,0.9956906790276893,0.0001,3.1622776601683795e-05,10
3.85,0.00163685,6.7,0.37466524685611574,0.9945135608718724,0.0001,3.1622776601683795e-05,10
3.85,0.00163685,6.7,0.4245286226313776,0.9930520163385552,0.0001,3.1622776601683795e-05,10
3.85,0.00163685,6.7,0.48102820569986543,0.9912252805559602,0.0001,3.1622776601683795e-05,10
3.85,0.00163685,6.7,0.5450471943319326,0.9889489662144852,0.00011084847905105274,3.5053366896678666e-05,10
3.85,0.00163685,6.7,0.6175863297182006,0.9861323586926698,0.00014042377063420847,4.440589528331659e-05,10
3.85,0.00163685,6.7,0.6997795394989561,0.9826602992521968,0.00017683867177314643,5.592129812020695e-05,10
3.85,0.00163685,6.7,0.7929116632565577,0.9783967010091406,0.00022042626090553285,6.97049040576013e-05,10
3.85,0.00163685,6.7,0.8984385370547385,0.9731200710935966,0.00027086736900296587,8.565578298666638e-05,10
3.85,0.00163685,6.7,1.018009750985187,0.9665671641512918,0.00032832984683051276,0.00010382701397986362,10
3.85,0.00163685,6.7,1.153494435466075,0.9583278210636165,0.00039528730786403594,0.00012500082230065414,10
3.85,0.00163685,6.7,1.3070104793824906,0.9478808991994283,0.0004760531389232194,0.00015054122062699304,10
3.85,0.00163685,6.7,1.4809576368050812,0.9345270297267227,0.0005714281191597915,0.00018070143756110434,10
3.85,0.00163685,6.7,1.678055039809247,0.9176557389813593,0.0006819564515150137,0.00021565356518336281,10
3.85,0.00163685,6.7,1.901383703793162,0.8969235801828785,0.0008225277984816553,0.00026010612820060174,10
3.85,0.00163685,6.7,2.154434689735309,0.8721991572937833,0.0010066110787883393,0.00031831837269303577,10
3.85,0.00163685,6.7,2.4411636762612106,0.8432490855660143,0.001201431277805741,0.0003799259290032645,10
3.85,0.00163685,6.7,2.766052794586824,0.8091668725423858,0.001398933921610778,0.0004423817488361506,10
3.85,0.00163685,6.7,3.134180692938881,0.7691276319101535,0.0016276123026151795,0.0005146962023975198,10
3.85,0.00163685,6.7,3.5513019256952205,0.7242132078431578,0.0019824226595339077,0.0006268970889255661,10
3.85,0.00163685,6.7,4.023936908251677,0.6765113426307865,0.0025260121579958935,0.0007987951816544132,10
3.85,0.00163685,6.7,4.559473843784839,0.6261316395905008,0.003362714773396082,0.0010633837805428604,10
3.85,0.00163685,6.7,5.1662842152240405,0.5763647758234388,0.004437225806834134,0.0014031740042074192,10
3.85,0.00163685,6.7,5.853853647796609,0.5299304099318269,0.005392998062179882,0.00170541572933628,10
3.85,0.00163685,6.7,6.632930187782089,0.4887108077289829,0.00578741548303745,0.0018301414692121916,10
3.85,0.00163685,6.7,7.515692315360659,0.4561796452406307,0.006368880582864823,0.0020140168787473596,10
3.85,0.00163685,6.7,8.515939317922916,0.43500765002323494,0.0077640412114081524,0.002455205407546264,10
3.85,0.00163685,6.7,9.649306999745802,0.426959468413253,0.009355628084565965,0.0029585093688666835,10
3.85,0.00163685,6.7,10.93351209999617,0.4326370370547097,0.01040825436815451,0.0032913790269764958,10
3.85,0.00163685,6.7,12.388629239790168,0.44884607276999733,0.010824395006255533,0.0034229742513120034,10
3.85,0.00163685,6.7,14.037404727529182,0.4691765591911552,0.009452145671351305,0.0029890309097171477,10
3.85,0.00163685,6.7,15.905612127899644,0.48770924101677504,0.008459941631384924,0.002675268442725698,10
3.85,0.00163685,6.7,18.02245515277087,0.5023778817734685,0.0069155082413591565,0.0021868757220360377,10
3.85,0.00163685,6.7,20.42102417195863,0.5205317598518285,0.006865003742231981,0.002170904797103252,10
3.85,0.00163685,6.7,23.138813480004917,0.5441480195504697,0.007770075663646177,0.00245711366889663,10
3.85,0.00163685,6.7,26.21830740485852,0.5632490049644946,0.0058673622608732936,0.001855422860167465,10
3.85,0.00163685,6.7,29.707644420474075,0.5612350750108195,0.005024341815749648,0.0015888363880994943,10
3.85,0.00163685,6.7,33.66136964470025,0.5413032411919069,0.006060719493469301,0.0019165677858744986,10
3.85,0.00163685,6.7,38.14128748546085,0.5232874243032086,0.00671643026814902,0.002123921739304636,10
3.85,0.00163685,6.7,43.217427763745576,0.5224343161918489,0.005487633726511724,0.0017353421540534577,10
3.85,0.00163685,6.7,48.969140415790534,0.5300268494855727,0.0046470363728600105,0.0014695219307885106,10
3.85,0.00163685,6.7,55.48633588677014,0.5291828098768218,0.0067160266113028555,0.0021237940918019363,10
3.85,0.00163685,6.7,62.8708906057642,0.5220773815001079,0.007757799350498595,0.002453231557815047,10
3.85,0.00163685,6.7,71.2382395123056,0.5259051508535847,0.006244749513761923,0.0019747631880716677,10
3.85,0.00163685,6.7,80.71918052879218,0.5246712487232713,0.004874310022194062,0.001541392169191912,10
3.85,0.00163685,6.7,91.46191918617305,0.5185755850858961,0.005180548925583481,0.001638233413478194,10
3.85,0.00163685,6.7,103.63438536438312,0.5172486687589194,0.004945113531404955,0.0015637822047358252,10
3.85,0.00163685,6.7,117.426858362678,0.5154772583720123,0.005699483147986341,0.0018023348233383355,10
3.85,0.00163685,6.7,133.05494133482333,0.5135747801738808,0.004515079937576088,0.0014277936420471302,10
3.85,0.00163685,6.7,150.76293158533522,0.5091402389805569,0.005231367485688812,0.0016543036532124954,10
3.85,0.00163685,6.7,170.82763941105614,0.5044820542953097,0.006292688316584345,0.0019899227685937237,10
3.85,0.00163685,6.7,193.56271518397853,0.5018166531334186,0.0043246746316989645,0.0013675821975318548,10
3.85,0.00163685,6.7,219.32355231602594,0.4994209168600853,0.005928879425094537,0.0018748762955808397,10
3.85,0.00163685,6.7,248.51284274866387,0.49484474021585767,0.005117888958885221,0.001618418592190514,10
3.85,0.00163685,6.7,281.5868718104361,0.4927507285496534,0.005725265255452605,0.001810487841585598,10
3.85,0.00163685,6.7,319.0626508432763,0.4835291697018052,0.0034934608039529844,0.0011047293057014388,10
3.85,0.00163685,6.7,361.52599909441267,0.4781868483782655,0.0037982212824607944,0.0012011030309901861,10
3.85,0.00163685,6.7,409.64070120953755,0.4719333007822972,0.004439145017200394,0.0014037809118140582,10
3.85,0.00163685,6.7,464.1588834766463,0.4658374451890846,0.004373883102686149,0.0013831432823812365,10
3.85,0.00163685,6.7,525.9327710214122,0.45816358813299296,0.004581652779252738,0.00144884582304793,10
3.85,0.00163685,6.7,595.9280097419033,0.4513735201096769,0.00510976506022145,0.0016158495898647223,10
3.85,0.00163685,6.7,675.2387612303543,0.4423869393158798,0.004849260621749804,0.001533470853249363,10
3.85,0.00163685,6.7,765.104806644973,0.43244945352051756,0.007366046710440781,0.002329348495618366,10
3.85,0.00163685,6.7,866.9309268985247,0.4243412650994987,0.006562689435787042,0.002075304619341239,10
3.85,0.00163685,6.7,982.308862113686,0.4137256581667021,0.005062525204135974,0.0016009110357078553,10
3.85,0.00163685,6.7,1113.0421936141504,0.4033377927405029,0.004492485084029551,0.0014206485219866313,10
3.85,0.00163685,6.7,1261.174537405349,0.3925410005768961,0.006295475481926075,0.0019908041476632585,10
3.85,0.00163685,6.7,1429.0214898636475,0.3792287169878215,0.00626277186546417,0.001980462356088839,10
3.85,0.00163685,6.7,1619.2068250072598,0.3641234491624978,0.005905170000256045,0.0018673787171306193,10
3.85,0.00163685,6.7,1834.7035091825405,0.34973743742146446,0.007139604050192917,0.002257741039037274,10
3.85,0.00163685,6.7,2078.8801743048707,0.33505041975183375,0.008372009443015487,0.0026474618432366587,10
3.85,0.00163685,6.7,2355.553776121254,0.3203628375342148,0.009361460787139722,0.0029603538313714233,10
3.85,0.00163685,6.7,2669.049260645541,0.30464963107637016,0.007769175681494851,0.0024568290695514607,10
3.85,0.00163685,6.7,3024.2671714686503,0.2874561383045857,0.009712979560397454,0.0030715138277516954,10
3.85,0.00163685,6.7,3426.7602547773417,0.27065801171030485,0.01218749055555168,0.0038540229117334187,10
3.85,0.00163685,6.7,3882.8202595669295,0.2538676240109738,0.013899606982991001,0.004395441664743285,10
3.85,0.00163685,6.7,4399.576289903897,0.23743381537436928,0.011085488583046567,0.003505539289821978,10
3.85,0.00163685,6.7,4985.106246675307,0.2190578755504058,0.012304285031208796,0.0038909565678535763,10
3.85,0.00163685,6.7,5648.563100876235,0.19864686886934144,0.010356085224127481,0.003274881695105818,10
3.85,0.00163685,6.7,6400.317972332025,0.17952573294646462,0.009829065436088597,0.0031082234048876137,10
3.85,0.00163685,6.7,7252.122250453705,0.15968722619616432,0.012094394893654511,0.003824583478545818,10
3.85,0.00163685,6.7,8217.291291289186,0.14325440872900244,0.011915631390862899,0.0037680534954126817,10
3.85,0.00163685,6.7,9310.912562412033,0.12566073263620853,0.011363555471776544,0.003593471760848311,10
3.85,0.00163685,6.7,10550.08148935671,0.10885506706528951,0.01145349904706183,0.0036219144167283445,10
3.85,0.00163685,6.7,11954.1686903387,0.09462925475184182,0.010488926160131556,0.003316889687533972,10
3.85,0.00163685,6.7,13545.122776657103,0.07814459535639728,0.01117085219536386,0.003532533634244203,10
3.85,0.00163685,6.7,15347.813452138655,0.06528437734783388,0.00836296399571399,0.0026446014216438833,10
3.85,0.00163685,6.7,17390.42027493395,0.05313852419772143,0.006600037702396236,0.0020871151782556655,10
3.85,0.00163685,6.7,19704.873158768623,0.04094778818446407,0.006127326719917693,0.0019376308402948511,10
3.85,0.00163685,6.7,22327.35149953901,0.032256839407882744,0.004801516298981303,0.001518372772720293,10
3.85,0.00163685,6.7,25298.849729572143,0.02250880349259656,0.005032794682381611,0.001591509419230958,10
3.85,0.00163685,6.7,28665.81814026115,0.018036299814437322,0.004991968330040427,0.0015785989930354892,10
3.85,0.00163685,6.7,32480.88899037951,0.01483754399339581,0.003089343331082662,0.0009769361400472868,10
3.85,0.00163685,6.7,36803.69925055769,0.009481222043354231,0.004466601718268413,0.00141246348305499,10
3.85,0.00163685,6.7,41701.822845018134,0.0062033678290547315,0.0039084749666870875,0.0012359683072481926,10
3.85,0.00163685,6.7,47251.826963316045,0.004953835445060344,0.0020148613533439723,0.0006371551046016271,10
3.85,0.00163685,6.7,53540.46895429399,0.003037454597091904,0.0023653240228533445,0.0007479811316528732,10
3.85,0.00163685,6.7,60666.05251202645,0.0017226970175046933,0.0027663132579978903,0.0008747850616794334,10
3.85,0.00163685,6.7,68739.96435357674,0.0010731955983472995,0.001996596124470106,0.000631379132079058,10
3.85,0.00163685,6.7,77888.41540982513,0.0016261376518641238,0.0020623712711765516,0.0006521790597814671,10
3.85,0.00163685,6.7,88254.41374756614,0.0008337418448368852,0.001663636263397936,0.0005260879790389291,10
3.85,0.00163685,6.7,100000.00006347646,0.00046643625348666615,0.00236039685458515,0.000746423024238633,10
3.75,0.16952498,6.7,0.010000000000218279,0.9995755240753399,0.0001,3.1622776601683795e-05,10
3.75,0.16952498,6.7,0.011351307054675233,0.999403715966797,0.0001,3.1622776601683795e-05,10
3.75,0.16952498,6.7,0.012885217184670714,0.9992086913073457,0.0001,3.1622776601683795e-05,10
3.75,0.16952498,6.7,0.014626405672618265,0.9989873128280843,0.0001,3.1622776601683795e-05,10
3.75,0.16952498,6.7,0.016602882189250948,0.9987360193187502,0.0001,3.1622776601683795e-05,10
3.75,0.16952498,6.7,0.018846441371867226,0.9984507683402271,0.0001,3.1622776601683795e-05,10
3.75,0.16952498,6.7,0.021393174289532996,0.998009663249569,0.0001,3.1622776601683795e-05,10
3.75,0.16952498,6.7,0.024284049022937213,0.9973986939735087,0.0001,3.1622776601683795e-05,10
3.75,0.16952498,6.7,0.027565569698412937,0.9967051639881704,0.0001,3.1622776601683795e-05,10
3.75,0.16952498,6.7,0.03129052457769065,0.995810235692107,0.0001,3.1622776601683795e-05,10
3.75,0.16952498,6.7,0.035518835237547564,0.9945637978414,0.0001,3.1622776601683795e-05,10
3.75,0.16952498,6.7,0.040318520499702026,0.9931227367753023,0.00012010960860063653,3.7981993204936075e-05,10
3.75,0.16952498,6.7,0.045766790617234585,0.9910686761328854,0.00015432767724004765,4.880269660818787e-05,10
3.75,0.16952498,6.7,0.051951289319191934,0.9885790273331452,0.00019550863481118742,6.182525882334359e-05,10
3.75,0.16952498,6.7,0.05897150369355452,0.985363806733208,0.00024800228260881264,7.842520779646132e-05,10
3.75,0.16952498,6.7,0.06694036458868406,0.9811638782262474,0.00031459355781112677,9.948321798990157e-05,10
3.75,0.16952498,6.7,0.0759860632781475,0.9758417379314887,0.00039767594917802286,0.00012575617700719173,10
3.75,0.16952498,6.7,0.08625411361274073,0.9690616640783603,0.0005008057179568857,0.00015836867339796457,10
3.75,0.16952498,6.7,0.09790969283256912,0.9604477833216905,0.0006271398729161144,0.00019831904099234648,10
3.75,0.16952498,6.7,0.11114029869471674,0.9494647973869939,0.0007832255349341266,0.0002476776611995617,10
3.75,0.16952498,6.7,0.12615876566045128,0.9354671190148641,0.0009697665362635564,0.00030666710532051126,10
3.75,0.16952498,6.7,0.14320668866193417,0.9180716893336754,0.0011860406115537085,0.00037505897299687345,10
3.75,0.16952498,6.7,0.16255830952494102,0.896321550501268,0.0014382986682695386,0.00045482997473186924,10
3.75,0.16952498,6.7,0.1845249285666265,0.8692882583160113,0.0017197545721279687,0.0005438341464412704,10
3.75,0.16952498,6.7,0.209459912335607,0.8361818272487488,0.0020306277600132864,0.0006421408801607772,10
3.75,0.16952498,6.7,0.23776437805149325,0.7960821097213004,0.0023537276111768035,0.0007443140242945891,10
3.75,0.16952498,6.7,0.2698936461867474,0.748631677372288,0.0026869596127606847,0.0008496912357207792,10
3.75,0.16952498,6.7,0.3063645649904774,0.6933249245344609,0.003007288016657047,0.0009509879712766653,10
3.75,0.16952498,6.7,0.3477638247803005,0.6304847153683776,0.003314542047939854,0.001048150227188895,10
3.75,0.16952498,6.7,0.3947573957503299,0.5614369286903098,0.003564042662551335,0.0011270492491673115,10
3.75,0.16952498,6.7,0.4481012411168134,0.4879404419825398,0.0037699757441152205,0.0011921710074992223,10
3.75,0.16952498,6.7,0.5086534779386983,0.41393414084619035,0.003974119619591482,0.0012567269691871,10
3.75,0.16952498,6.7,0.5773881812384607,0.3425592900297651,0.004220533366549939,0.0013346498379036113,10
3.75,0.16952498,6.7,0.6554110534835178,0.2771361282841596,0.004480949771497011,0.00141700073587416,10
3.75,0.16952498,6.7,0.7439772114957187,0.220269530469342,0.004730769443230481,0.0014960006525734952,10
3.75,0.16952498,6.7,0.8445113769184625,0.17475017222655323,0.005065216802589979,0.0016017621938739797,10
3.75,0.16952498,6.7,0.9586307950358789,0.13990619817017708,0.0053698242213388574,0.0016980875174170931,10
3.75,0.16952498,6.7,1.088171250628218,0.11554070606296347,0.005306210922793893,0.0016779712261292567,10
3.75,0.16952498,6.7,1.2352165993681232,0.10089967538414443,0.004769861871615852,0.001508362763869974,10
3.75,0.16952498,6.7,1.402132289815328,0.09453242845391586,0.0040429971347739095,0.0012785079519420299,10
3.75,0.16952498,6.7,1.5916034152621248,0.09642963474256322,0.0032458499541717055,0.0010264278798335742,10
3.75,0.16952498,6.7,1.80667790755158,0.10703520159174729,0.0035013986114860803,0.0011072394608447013,10
3.75,0.16952498,6.7,2.0508155677068496,0.12697999555297884,0.0055293363840811455,0.001748529692293601,10
3.75,0.16952498,6.7,2.3279437221040404,0.15384144216152856,0.006131751742117962,0.0019390301551798171,10
3.75,0.16952498,6.7,2.642520399502972,0.17791681086177033,0.005395129631925419,0.0017060897908750205,10
3.75,0.16952498,6.7,2.9996060452346534,0.18449410689382337,0.005128168605006498,0.0016216693017188889,10
3.75,0.16952498,6.7,3.404944926177538,0.17655834787108743,0.004943095458639376,0.0015631440340935067,10
3.75,0.16952498,6.7,3.865057536045609,0.1719028749567278,0.00315647125701863,0.0009981638541033616,10
3.75,0.16952498,6.7,4.3873454874682505,0.16019381840839386,0.006520992379769427,0.0020621188524673094,10
3.75,0.16952498,6.7,4.980210578210885,0.1463112916580997,0.007888799976248067,0.00249465759304261,10
3.75,0.16952498,6.7,5.653189946897943,0.1444922764498116,0.008508815750431735,0.002690723796207912,10
3.75,0.16952498,6.7,6.417109492424104,0.13946773111412142,0.006904034876094563,0.00218324752536972,10
3.75,0.16952498,6.7,7.284258025038717,0.1337984173937395,0.004272819392086337,0.0013511841309528858,10
3.75,0.16952498,6.7,8.268584950589176,0.12462717700108261,0.006302711641312522,0.0019930924221805766,10
3.75,0.16952498,6.7,9.385924667975567,0.11547146163445683,0.004131342591962758,0.0013064452385065956,10
3.75,0.16952498,6.7,10.65425128959158,0.11066342563822473,0.0026581263791528604,0.0008405733666699354,10
3.75,0.16952498,6.7,12.093967782318368,0.10187994102863052,0.0044182438075379945,0.001397171368975468,10
3.75,0.16952498,6.7,13.728234180344895,0.09658410333344737,0.004663265866354712,0.0014746541472599247,10
3.75,0.16952498,6.7,15.583340149618108,0.08524704605789692,0.0035473445506361257,0.0011217688425396658,10
3.75,0.16952498,6.7,17.689127897190275,0.07882495898582575,0.0028314549295438097,0.0008953846669470021,10
3.75,0.16952498,6.7,20.07947222860456,0.0692256097339517,0.0030352680885591347,0.0009598360469072529,10
3.75,0.16952498,6.7,22.792825475773903,0.059676671389762584,0.004265459439475316,0.0013488567095807126,10
3.75,0.16952498,6.7,25.872836061348632,0.05232765841826446,0.0036487216110441018,0.001153827083877834,10
3.75,0.16952498,6.7,29.369050650123167,0.04461808223539938,0.0036929325378263853,0.0011678078064877296,10
3.75,0.16952498,6.7,33.33771118265806,0.0372624527292806,0.005097613862508129,0.00161200704375741,10
3.75,0.16952498,6.7,37.842659612617176,0.030765049492400737,0.004807515981989796,0.0015202700390748779,10
3.75,0.16952498,6.7,42.95636490189982,0.024305245909222336,0.0028956293946376128,0.000915678414678941,10
3.75,0.16952498,6.7,48.76108879434957,0.019567789434505767,0.003206233322655282,0.0010139000009520233,10
3.75,0.16952498,6.7,55.350209121286355,0.014365357585940536,0.0039535850776661425,0.0012502333768678708,10
3.75,0.16952498,6.7,62.82972192624931,0.011796973071777916,0.004353904108391321,0.0013768253696481198,10
3.75,0.16952498,6.7,71.31994657291497,0.0063693743628072145,0.004511945872570813,0.0014268025636719607,10
3.75,0.16952498,6.7,80.95746126545187,0.005991431954956895,0.0025834181319130058,0.0008169485445422425,10
3.75,0.16952498,6.7,91.89730011710618,0.0037756812161137505,0.0026656981695301852,0.0008429677770257045,10
3.75,0.16952498,6.7,104.31544711021446,0.0011533354174608733,0.002990452060238142,0.000945663974389558,10
3.75,0.16952498,6.7,118.41166706679324,0.00026790797068825233,0.002325466633962231,0.000735377118604572,10
3.75,0.16952498,6.7,134.41271917018034,0.0011730175585573533,0.002163279363246771,0.000684089000309854,10
3.75,0.16952498,6.7,152.57600473212457,0.00018607439331762553,0.0027435581139688206,0.0008675892533177293,10
3.75,0.16952498,6.7,173.19370788521238,0.00038818966188655126,0.001999713828215503,0.0006323650365695672,10
3.75,0.16952498,6.7,196.59749580998604,0.0010519585707931712,0.0021644679854617662,0.0006844648756575399,10
3.75,0.16952498,6.7,223.1638541070668,0.0001147483899853403,0.002722442125195281,0.0008609117913606363,10
3.75,0.16952498,6.7,253.32014314187637,-0.001438067134141711,0.0018731321678960616,0.0005923364009080481,10
3.75,0.16952498,6.7,287.5514727874956,-0.0015305534074670365,0.0030573407760994538,0.0009668160435781157,10
3.75,0.16952498,6.7,326.40850615637055,-1.8139852326720585e-05,0.0016595366171001024,0.0005247915570487059,10
3.75,0.16952498,6.7,370.5163178557939,0.00015720637322711055,0.0013259266218546015,0.00041929481353133324,10
3.75,0.16952498,6.7,420.58444926569615,0.00035284301516463337,0.001275171441306538,0.0004032446161728379,10
3.75,0.16952498,6.7,477.4183225932176,-0.00010293020872037474,0.0012657776263301438,0.0004002740310484772,10
3.75,0.16952498,6.7,541.9321973165318,-1.5367449259475612e-06,0.001676614856657918,0.0005301921705915744,10
3.75,0.16952498,6.7,615.1638774420524,1.471352826732707e-05,0.00178940118884598,0.0005658583404566382,10
3.75,0.16952498,6.7,698.2914061636919,0.0007657700205915602,0.0015246360325835333,0.00048213224657266563,10
3.75,0.16952498,6.7,792.652016483199,-0.0007749766543757475,0.0021798137069801503,0.000689317618891215,10
3.75,0.16952498,6.7,899.7636426411872,0.0006519965009973953,0.0024785506349023776,0.0007837865302347941,10
3.75,0.16952498,6.7,1021.3493384030259,0.0003088456996359127,0.00216959768649544,0.0006860870295557529,10
3.75,0.16952498,6.7,1159.3649950049091,0.00017728262990131501,0.0012511893650589414,0.0003956608177766149,10
3.75,0.16952498,6.7,1316.0308046455484,-0.00029882493139119626,0.0015103437466044381,0.0004776126289062226,10
3.75,0.16952498,6.7,1493.8669756616864,0.0005247911682346189,0.0011542599887146639,0.0003650090576338587,10
3.75,0.16952498,6.7,1695.7342739204687,0.00020895091662783221,0.0008284894168503618,0.0002619913574591827,10
3.75,0.16952498,6.7,1924.8800425987847,-0.00013770388742841692,0.0013972801360801308,0.00044185877593232306,10
3.75,0.16952498,6.7,2184.990440647822,0.0005299617352742057,0.0008406304738396311,0.00026583069678798245,10
3.75,0.16952498,6.7,2480.2497402782196,0.00024903085883132715,0.0014533254431255446,0.000459581858175022,10
3.75,0.16952498,6.7,2815.4076373562034,-0.0008019565662246061,0.0015132238786546416,0.00047852340663029195,10
3.75,0.16952498,6.7,3195.8556575010366,0.00020677791940396377,0.0015125456123583634,0.00047830891999465537,10
3.75,0.16952498,6.7,3627.7138869923433,-0.00020452961589108808,0.001362631483754096,0.000430901910011767,10
3.75,0.16952498,6.7,4117.929423686066,-0.0002944176200975861,0.0015339218820952718,0.00048506869001933124,10
3.75,0.16952498,6.7,4674.388131672206,-0.0001591118875132514,0.0013489854873232517,0.0004265866670453673,10
3.75,0.16952498,6.7,5306.041497418272,0.00015315391205036633,0.00045624904305666006,0.0001442786156331277,10
3.75,0.16952498,6.7,6023.050628072877,-0.00010199925752351674,0.0008316163503695067,0.00026298018066042505,10
3.75,0.16952498,6.7,6836.949708361742,0.0002049729414486272,0.0010141699950872776,0.0003207087119077573,10
3.75,0.16952498,6.7,7760.831545529242,7.100960242115431e-05,0.000570240572904368,0.00018032590246171008,10
3.75,0.16952498,6.7,8809.558187098928,0.00016025263968858633,0.0009017064091997606,0.000285144603384305,10
3.75,0.16952498,6.7,9999.99999956053,0.00018836006482446474,0.0005809960580723986,0.00018372708550882364,10
3.75,0.016527131,6.7,0.010000000002037268,0.9999588225140912,0.0001,3.1622776601683795e-05,10
3.75,0.016527131,6.7,0.011337262358441222,0.9999423076601746,0.0001,3.1622776601683795e-05,10
3.75,0.016527131,6.7,0.012853351775794254,0.9999235843370122,0.0001,3.1622776601683795e-05,10
3.75,0.016527131,6.7,0.014572182123782838,0.9999023572143251,0.0001,3.1622776601683795e-05,10
3.75,0.016527131,6.7,0.016520865183865578,0.9998782914684284,0.0001,3.1622776601683795e-05,10
3.75,0.016527131,6.7,0.018730138293976312,0.9998510075009254,0.0001,3.1622776601683795e-05,10
3.75,0.016527131,6.7,0.0212348491805435,0.9998099220400256,0.0001,3.1622776601683795e-05,10
3.75,0.016527131,6.7,0.024074505625270602,0.9997515053847588,0.0001,3.1622776601683795e-05,10
3.75,0.016527131,6.7,0.027293898636785684,0.9996852768900861,0.0001,3.1622776601683795e-05,10
3.75,0.016527131,6.7,0.030943808956689967,0.9996024473516671,0.0001,3.1622776601683795e-05,10
3.75,0.016527131,6.7,0.035081808044000656,0.9994833666069534,0.0001,3.1622776601683795e-05,10
3.75,0.016527131,6.7,0.03977316617222805,0.9993483616425151,0.0001,3.1622776601683795e-05,10
3.75,0.016527131,6.7,0.045091881962856455,0.9991536360472718,0.0001,3.1622776601683795e-05,10
3.75,0.016527131,6.7,0.051121849594461845,0.9989216137668017,0.0001,3.1622776601683795e-05,10
3.75,0.016527131,6.7,0.057958182098310954,0.9986131675935415,0.0001,3.1622776601683795e-05,10
3.75,0.016527131,6.7,0.06570871161329964,0.9982170802497388,0.0001,3.1622776601683795e-05,10
3.75,0.016527131,6.7,0.07449569026433642,0.9977129437980363,0.0001,3.1622776601683795e-05,10
3.75,0.016527131,6.7,0.08445771849278944,0.9970662427960655,0.0001,3.1622776601683795e-05,10
3.75,0.016527131,6.7,0.09575193125530543,0.9962369809562104,0.0001,3.1622776601683795e-05,10
3.75,0.016527131,6.7,0.1085564765747667,0.995179023933966,0.0001,3.1622776601683795e-05,10
3.75,0.016527131,6.7,0.1230733255385376,0.9937879680066593,0.0001,3.1622776601683795e-05,10
3.75,0.016527131,6.7,0.1395314580671982,0.9920807883630101,0.0001,3.1622776601683795e-05,10
3.75,0.016527131,6.7,0.15819047470413894,0.9898469781888088,0.0001,3.1622776601683795e-05,10
3.75,0.016527131,6.7,0.17934469139618092,0.9870197659658198,0.0001202418003892604,3.802379591893837e-05,10
3.75,0.016527131,6.7,0.2033277818537947,0.9833991437821401,0.00015410610815460443,4.873263031127977e-05,10
3.75,0.016527131,6.7,0.23051804071667475,0.978775738308787,0.00019816244320025356,6.266446672165471e-05,10
3.75,0.016527131,6.7,0.2613443505426349,0.9729948609986645,0.00025462804445479576,8.052045766317616e-05,10
3.75,0.016527131,6.7,0.29629294673946555,0.965672105711621,0.0003286304356220984,0.00010392206850191645,10
3.75,0.016527131,6.7,0.33591508714566226,0.9566179703734476,0.00042356074413671266,0.00013394166789078212,10
3.75,0.016527131,6.7,0.3808357472353155,0.9452224433377745,0.0005483851797235143,0.00017341462030070906,10
3.75,0.016527131,6.7,0.431763478100016,0.9313022162494766,0.0007075890328902771,0.00022375929912890716,10
3.75,0.016527131,6.7,0.4895015827015728,0.9143454402962338,0.0009083974875576415,0.0002872605081456613,10
3.75,0.016527131,6.7,0.554960786682934,0.8938920124441543,0.0011558094641439288,0.00036549904478735317,10
3.75,0.016527131,6.7,0.629173603598956,0.8695848569601681,0.0014444281362999544,0.0004567682827139992,10
3.75,0.016527131,6.7,0.7133106211554061,0.8411178193432847,0.0017569219265788456,0.0005555874959080273,10
3.75,0.016527131,6.7,0.8086989653453974,0.8083530217756824,0.0020697165704867864,0.0006545018473730677,10
3.75,0.016527131,6.7,0.9168432337252881,0.7712184363942063,0.002388742625482526,0.0007553867440455354,10
3.75,0.016527131,6.7,1.0394492280187604,0.7296320206407072,0.002751954028823721,0.0008702442747159619,10
3.75,0.016527131,6.7,1.178450860392705,0.6835732410676238,0.0032364004938941495,0.0010234396981199378,10
3.75,0.016527131,6.7,1.3360406578081019,0.6331680377137943,0.0038902360849431446,0.0012302006664196602,10
3.75,0.016527131,6.7,1.514704345602899,0.5794643554038257,0.004626573141290838,0.0014630508887839059,10
3.75,0.016527131,6.7,1.7172600558072562,0.525331991437311,0.005269025387335519,0.0016662121273231152,10
3.75,0.016527131,6.7,1.9469027786391924,0.4756119496470544,0.005707533349343878,0.001804880520529615,10
3.75,0.016527131,6.7,2.207254758331398,0.43627275153565204,0.005882321850308424,0.0018601534977150654,10
3.75,0.016527131,6.7,2.5024226282022712,0.4117134890982074,0.005735439287371333,0.0018137051529706415,10
3.75,0.016527131,6.7,2.837062186184932,0.4032227370411639,0.005042464064217538,0.0015945671462476972,10
3.75,0.016527131,6.7,3.2164518325438594,0.41138217239097363,0.00410415915207043,0.0012978490800367917,10
3.75,0.016527131,6.7,3.646575828140975,0.4409538675992849,0.00474777049959212,0.0015013768586466627,10
3.75,0.016527131,6.7,4.1342186865161805,0.48755802698166917,0.005039037183313353,0.0015934834713549608,10
3.75,0.016527131,6.7,4.687072188665535,0.5305858953476411,0.004176073033475293,0.0013205902460990513,10
3.75,0.016527131,6.7,5.313856708502876,0.5548602655245767,0.003756566571077583,0.001187930654665397,10
3.75,0.016527131,6.7,6.024458762718662,0.5528330498794217,0.0036033240818549917,0.0011394711246396777,10
3.75,0.016527131,6.7,6.83008695466369,0.5485432819714653,0.0050229341052332125,0.0015883912309476835,10
3.75,0.016527131,6.7,7.743448772021364,0.5713003368489059,0.004307541401942957,0.0013621641945614593,10
3.75,0.016527131,6.7,8.778951026967068,0.5942427169097129,0.0032721999511222183,0.0010347604805037852,10
3.75,0.016527131,6.7,9.95292710043558,0.5608229109467949,0.0075231966526869785,0.002379043670784556,10
3.75,0.016527131,6.7,11.283894574908956,0.506533341282808,0.004029378975275201,0.0012742015117864923,10
3.75,0.016527131,6.7,12.792847319467203,0.5233842716074122,0.0026328105648479407,0.0008325678032673935,10
3.75,0.016527131,6.7,14.503586634273342,0.5580825733518997,0.004897610609787363,0.0015487604619534212,10
3.75,0.016527131,6.7,16.443096677763943,0.5485625827203473,0.004935655496114116,0.0015607913113648945,10
3.75,0.016527131,6.7,18.641970098304427,0.5263354386773986,0.0030318924963317643,0.0009587685909182077,10
3.75,0.016527131,6.7,21.134890583963625,0.5383201016220962,0.003778458429269589,0.0011948534680754125,10
3.75,0.016527131,6.7,23.961179941852937,0.5345372653506786,0.003588117315946099,0.0011346623230279675,10
3.75,0.016527131,6.7,27.165418336326272,0.5264231757339364,0.003705327418459998,0.0011717274119005423,10
3.75,0.016527131,6.7,30.798147469299685,0.5327621008905561,0.003594490056760153,0.0011366775606190002,10
3.75,0.016527131,6.7,34.91666779422786,0.5256237192365625,0.005415658759836885,0.001712581671132737,10
3.75,0.016527131,6.7,39.58594233850491,0.5206854905060313,0.004145247176765613,0.0013108422542961941,10
3.75,0.016527131,6.7,44.87962139063247,0.5189863798233465,0.004684042570520071,0.001481224318003329,10
3.75,0.016527131,6.7,50.88120421494526,0.5120444094319846,0.005583874162363282,0.0017657760520832827,10
3.75,0.016527131,6.7,57.685356118073884,0.5084015353694877,0.004440297890969788,0.0014041454825106528,10
3.75,0.016527131,6.7,65.39940164174803,0.5029859067999073,0.003425487127926089,0.0010832341419835013,10
3.75,0.016527131,6.7,74.14501743465152,0.49662745229807603,0.0018765851110343868,0.0005934283174028639,10
3.75,0.016527131,6.7,84.06015150565901,0.4914779913927122,0.0034670597382621417,0.0010963805556775598,10
3.75,0.016527131,6.7,95.30119913158204,0.4846978307130924,0.003769258653835848,0.001191944243642144,10
3.75,0.016527131,6.7,108.04546974086797,0.47966745995025145,0.004500769025752624,0.0014232681343715322,10
3.75,0.016527131,6.7,122.49398368436887,0.4711271555910483,0.004669608193345624,0.0014766597671556092,10
3.75,0.016527131,6.7,138.87464300773826,0.4608191722328148,0.006734859148195391,0.0021297494628718925,10
3.75,0.016527131,6.7,157.44582623928363,0.45411377016838833,0.006882580605987565,0.0021764630894622623,10
3.75,0.016527131,6.7,178.50046389526534,0.4473849918134013,0.006924302785346493,0.00218965680103429,10
3.75,0.016527131,6.7,202.37065898718035,0.4333811583658716,0.005788528757689349,0.0018304935175683249,10
3.75,0.016527131,6.7,229.43292541208916,0.4237631413066521,0.007977752733970148,0.0025227869248981008,10
3.75,0.016527131,6.7,260.1141268531607,0.41271007936044546,0.007744519343460408,0.002449032050856673,10
3.75,0.016527131,6.7,294.8982098670356,0.40221819150801974,0.007044878093953275,0.0022277860615118033,10
3.75,0.016527131,6.7,334.3338373616119,0.38856469437062946,0.006436632843253136,0.0020354420246925468,10
3.75,0.016527131,6.7,379.0430428700798,0.3759991872028988,0.007737214330529258,0.0024467220029367313,10
3.75,0.016527131,6.7,429.73104212844976,0.36106767892721,0.007178917098192076,0.002270172916381361,10
3.75,0.016527131,6.7,487.1973567184048,0.34616342561323404,0.009688216834356746,0.0030636831662153555,10
3.75,0.016527131,6.7,552.3484252330346,0.33192837559312627,0.009397400684099342,0.002971719024697839,10
3.75,0.016527131,6.7,626.2119008863003,0.3157032550861766,0.009095623173507898,0.0028762885966893844,10
3.75,0.016527131,6.7,709.9528610879825,0.29864592035151544,0.012627086539683774,0.003993035367745484,10
3.75,0.016527131,6.7,804.8921846640648,0.28309294732201373,0.01349941894214618,0.0042688910946002715,10
3.75,0.016527131,6.7,912.5273865936354,0.26377389907600446,0.012943706726409925,0.004093159462069729,10
3.75,0.016527131,6.7,1034.556238896709,0.2451747737864359,0.01216196227305531,0.0038459501599893446,10
3.75,0.016527131,6.7,1172.903550254468,0.22653719491898644,0.010951851366356746,0.0034632794913314474,10
3.75,0.016527131,6.7,1329.7515267672984,0.20666377316417467,0.010658013311504769,0.0033703597396748737,10
3.75,0.016527131,6.7,1507.5741927427293,0.18728605852589258,0.010851771204388759,0.003431631365289708,10
3.75,0.016527131,6.7,1709.1764144457532,0.16984465623203787,0.01105293808290754,0.0034952459178802828,10
3.75,0.016527131,6.7,1937.7381423483669,0.15154413965701566,0.013659474964449305,0.00431950525297073,10
3.75,0.016527131,6.7,2196.8645697286343,0.13166446055234216,0.013240913241167742,0.004187144414277244,10
3.75,0.016527131,6.7,2490.6429987903543,0.11560651801673343,0.013600235918507706,0.004300772221811649,10
3.75,0.016527131,6.7,2823.7073112748385,0.09774108181865351,0.012236498813969151,0.0038695206838091512,10
3.75,0.016527131,6.7,3201.311060484955,0.08244206925126212,0.009749451914119042,0.003083047398690449,10
3.75,0.016527131,6.7,3629.41033763036,0.06976495938112985,0.009817748448160184,0.003104644659076972,10
3.75,0.016527131,6.7,4114.757719577124,0.05684924726047299,0.009057745922142162,0.0028643107581071393,10
3.75,0.016527131,6.7,4665.008779876326,0.04554310753974271,0.007498229872687534,0.0023711484817206976,10
3.75,0.016527131,6.7,5288.842843111497,0.03517038508763347,0.008443457358158275,0.0026700556578288233,10
3.75,0.016527131,6.7,5996.099887270353,0.02635080526154838,0.00722356833915747,0.0022842928785617267,10
3.75,0.016527131,6.7,6797.935753555457,0.020069918096070366,0.004968199203690121,0.00157108253530956,10
3.75,0.016527131,6.7,7706.998111818494,0.014294832532901194,0.005164868702940415,0.0016332748917011306,10
3.75,0.016527131,6.7,8737.625957189644,0.011680569823540939,0.004329771221064407,0.0013691938806011938,10
3.75,0.016527131,6.7,9906.075784640372,0.007874056465168746,0.002014191475227837,0.000636943270541458,10
3.75,0.016527131,6.7,11230.778009018944,0.004927576679127884,0.0031673222420416833,0.0010015952368562838,10
3.75,0.016527131,6.7,12732.627675172007,0.003532397815693191,0.004032498788283831,0.0012751880832846019,10
3.75,0.016527131,6.7,14435.314043636587,0.0020441978788308655,0.0022254046446268235,0.0007037347392538355,10
3.75,0.016527131,6.7,16365.694250585795,0.0009632210116398005,0.0020515845904037293,0.0006487680118179408,10
3.75,0.016527131,6.7,18554.216935912424,0.0011190977240330671,0.00274877447222827,0.0008692388106368586,10
3.75,0.016527131,6.7,21035.402521501765,0.0012096323711864108,0.0015755590268641151,0.0004982355112929022,10
3.75,0.016527131,6.7,23848.387715309585,0.0006224305172699429,0.001695301944845897,0.0005361015467426186,10
3.75,0.016527131,6.7,27037.542829920905,-0.0006550099514504192,0.0014879523286416539,0.000470531840825902,10
3.75,0.016527131,6.7,30653.171652795572,0.00021158531820389412,0.0017187236482451296,0.0005435081396848669,10
3.75,0.016527131,6.7,34752.30490752768,-0.00013556840834074547,0.0008292900280681779,0.0002622445329560407,10
3.75,0.016527131,6.7,39399.599821691874,0.00015375858772078622,0.0012062739569797224,0.0003814573186199888,10
3.75,0.016527131,6.7,44668.35999051133,-0.00025289920025884006,0.0018868736359444005,0.0005966818346507661,10
3.775,0.13638536,6.7,0.010000000000218279,0.9996593603390732,0.0001,3.1622776601683795e-05,10
3.775,0.13638536,6.7,0.011351307054675233,0.9995215162536926,0.0001,3.1622776601683795e-05,10
3.775,0.13638536,6.7,0.012885217184670714,0.9993650451998135,0.0001,3.1622776601683795e-05,10
3.775,0.13638536,6.7,0.014626405672618265,0.9991874301020424,0.0001,3.1622776601683795e-05,10
3.775,0.13638536,6.7,0.016602882189250948,0.9989858137508124,0.0001,3.1622776601683795e-05,10
3.775,0.13638536,6.7,0.018846441371867226,0.9987569528398115,0.0001,3.1622776601683795e-05,10
3.775,0.13638536,6.7,0.021393174289532996,0.9984028906329863,0.0001,3.1622776601683795e-05,10
3.775,0.13638536,6.7,0.024284049022937213,0.9979123748456674,0.0001,3.1622776601683795e-05,10
3.775,0.13638536,6.7,0.027565569698412937,0.9973555753139776,0.0001,3.1622776601683795e-05,10
3.775,0.13638536,6.7,0.03129052457769065,0.9966370008192508,0.0001,3.1622776601683795e-05,10
3.775,0.13638536,6.7,0.035518835237547564,0.9956360293050803,0.0001,3.1622776601683795e-05,10
3.775,0.13638536,6.7,0.040318520499702026,0.9944786357718923,0.0001,3.1622776601683795e-05,10
3.775,0.13638536,6.7,0.045766790617234585,0.9928269214148454,0.0001,3.1622776601683795e-05,10
3.775,0.13638536,6.7,0.051951289319191934,0.9908241231796723,0.0001,3.1622776601683795e-05,10
3.775,0.13638536,6.7,0.05897150369355452,0.9882357519258514,0.00011285998994592306,3.568946249328204e-05,10
3.775,0.13638536,6.7,0.06694036458868406,0.9848497352020814,0.0001463566940130951,4.6282050389370975e-05,10
3.775,0.13638536,6.7,0.0759860632781475,0.9805527515077269,0.0001883818515972692,5.957157208871993e-05,10
3.775,0.13638536,6.7,0.08625411361274073,0.9750695747996868,0.00024204378430781764,7.654096518992254e-05,10
3.775,0.13638536,6.7,0.09790969283256912,0.9680865216155091,0.0003102517685683578,9.811022367714481e-05,10
3.775,0.13638536,6.7,0.11114029869471674,0.9591586087691365,0.0003983810585516015,0.00012597915216919605,10
3.775,0.13638536,6.7,0.12615876566045128,0.9477365117703991,0.0005100021035079546,0.0001612768258562086,10
3.775,0.13638536,6.7,0.14320668866193417,0.9334835069567301,0.0006520654159420104,0.00020620118978018214,10
3.775,0.13638536,6.7,0.16255830952494102,0.9155674679657556,0.0008346095077501598,0.0002639267001322458,10
3.775,0.13638536,6.7,0.1845249285666265,0.8931504658947116,0.0010632319729599927,0.0003362234715668135,10
3.775,0.13638536,6.7,0.209459912335607,0.8654654305853654,0.0013461393606727407,0.0004256866427728752,10
3.775,0.13638536,6.7,0.23776437805149325,0.831564589934237,0.0016945447993531638,0.0005358621163149018,10
3.775,0.13638536,6.7,0.2698936461867474,0.7909807316722596,0.0021064094101594997,0.0006661051420915839,10
3.775,0.13638536,6.7,0.3063645649904774,0.7428870458365321,0.002581080994554832,0.0008162094768165928,10
3.775,0.13638536,6.7,0.3477638247803005,0.6873644698543818,0.0031018262033988505,0.0009808835708733084,10
3.775,0.13638536,6.7,0.3947573957503299,0.6248028982369149,0.0036250518508422207,0.0011463420484870389,10
3.775,0.13638536,6.7,0.4481012411168134,0.5565075579246737,0.004111045523068064,0.0013000267417533368,10
3.775,0.13638536,6.7,0.5086534779386983,0.4853581620174948,0.004547027483399202,0.0014378963430924942,10
3.775,0.13638536,6.7,0.5773881812384607,0.414129176764538,0.004958529117516586,0.0015680245855617125,10
3.775,0.13638536,6.7,0.6554110534835178,0.34601799979130055,0.00538575256791507,0.0017031245028712306,10
3.775,0.13638536,6.7,0.7439772114957187,0.2838971387221696,0.005885292380804252,0.001861092861937646,10
3.775,0.13638536,6.7,0.8445113769184625,0.2311204837507265,0.006372061959831156,0.0020150229184782804,10
3.775,0.13638536,6.7,0.9586307950358789,0.18782687263802542,0.006547849761498852,0.002070611902292667,10
3.775,0.13638536,6.7,1.088171250628218,0.15426975706884868,0.006047522536555381,0.0019123945416713892,10
3.775,0.13638536,6.7,1.2352165993681232,0.12964427840503867,0.004970583906704125,0.001571836644616292,10
3.775,0.13638536,6.7,1.402132289815328,0.11308417457796358,0.004504141462095917,0.0014243345923824057,10
3.775,0.13638536,6.7,1.5916034152621248,0.10641629533059142,0.005561922897453362,0.001758834452619575,10
3.775,0.13638536,6.7,1.80667790755158,0.11118729642698344,0.006476773134028464,0.002048135499171695,10
3.775,0.13638536,6.7,2.0508155677068496,0.1282743978024962,0.00646669108145852,0.0020449472742106374,10
3.775,0.13638536,6.7,2.3279437221040404,0.1563560848041952,0.006880888959580551,0.002175928143898082,10
3.775,0.13638536,6.7,2.642520399502972,0.18619354787137657,0.005001624938036742,0.0015816526806094642,10
3.775,0.13638536,6.7,2.9996060452346534,0.20118800559903613,0.0035610122694295235,0.0011260909547202483,10
3.775,0.13638536,6.7,3.404944926177538,0.20104041417372004,0.0036413817828198376,0.0011515060263955277,10
3.775,0.13638536,6.7,3.865057536045609,0.19775342099401402,0.004755342288324002,0.0015037712684820971,10
3.775,0.13638536,6.7,4.3873454874682505,0.18871917214387365,0.005002838657723665,0.0015820364924746307,10
3.775,0.13638536,6.7,4.980210578210885,0.1771204066398338,0.005635969904861621,0.001782250172352521,10
3.775,0.13638536,6.7,5.653189946897943,0.16835587132100416,0.0051600392898097135,0.0016317476971756365,10
3.775,0.13638536,6.7,6.417109492424104,0.15835911847278397,0.004920708892734725,0.0015560647803686903,10
3.775,0.13638536,6.7,7.284258025038717,0.15551377431829752,0.004141071940026943,0.0013095219285097332,10
3.775,0.13638536,6.7,8.268584950589176,0.14955243654855582,0.003719185198107302,0.0011761096266003628,10
3.775,0.13638536,6.7,9.385924667975567,0.14123158312044912,0.00425105396902157,0.001344301299840703,10
3.775,0.13638536,6.7,10.65425128959158,0.1331465681248328,0.002520208601477409,0.0007969599359416204,10
3.775,0.13638536,6.7,12.093967782318368,0.1265920342931605,0.004562322764312352,0.0014427331356062596,10
3.775,0.13638536,6.7,13.728234180344895,0.11646772169215928,0.0026463187705278116,0.000836839472972435,10
3.775,0.13638536,6.7,15.583340149618108,0.1078187421420356,0.003755742362048141,0.0011876700168852857,10
3.775,0.13638536,6.7,17.689127897190275,0.09810628481083253,0.003614570420544243,0.0011430275291992485,10
3.775,0.13638536,6.7,20.07947222860456,0.08908317018815817,0.0042530278318924685,0.0013449254900867909,10
3.775,0.13638536,6.7,22.792825475773903,0.08250473890192608,0.0017847736622467654,0.000564394988057985,10
3.775,0.13638536,6.7,25.872836061348632,0.07084311400067726,0.0030311225927689357,0.0009585251260344861,10
3.775,0.13638536,6.7,29.369050650123167,0.06345053364536458,0.003937951294840271,0.0012452895406504533,10
3.775,0.13638536,6.7,33.33771118265806,0.05352636687826242,0.0035028607453663012,0.0011077018281752612,10
3.775,0.13638536,6.7,37.842659612617176,0.04430466369677209,0.0036315930785504095,0.0011484105663122069,10
3.775,0.13638536,6.7,42.95636490189982,0.036548659161507,0.0028215233110253876,0.0008922440134099901,10
3.775,0.13638536,6.7,48.76108879434957,0.030574159685688364,0.003779704602039331,0.001195247542506459,10
3.775,0.13638536,6.7,55.350209121286355,0.02552809415351926,0.003771949004203524,0.0011927950071287166,10
3.775,0.13638536,6.7,62.82972192624931,0.018920042626034594,0.0037226161744720113,0.0011771945965914315,10
3.775,0.13638536,6.7,71.31994657291497,0.012493142099202251,0.00365341419395124,0.001155311008887407,10
3.775,0.13638536,6.7,80.95746126545187,0.00824088207101278,0.0030543786716016974,0.0009658793438900818,10
3.775,0.13638536,6.7,91.89730011710618,0.007026488737288869,0.0025273822205783337,0.0007992284334841616,10
3.775,0.13638536,6.7,104.31544711021446,0.002038422352943966,0.002961060016808563,0.0009363693941571524,10
3.775,0.13638536,6.7,118.41166706679324,0.001447104246117482,0.0021870075080775934,0.0006915924985414289,10
3.775,0.13638536,6.7,134.41271917018034,0.0012149624979835981,0.003032442114439255,0.000958942395424502,10
3.775,0.13638536,6.7,152.57600473212457,0.0012356949617852353,0.0025865401819464948,0.0008179358234497255,10
3.775,0.13638536,6.7,173.19370788521238,0.0010759725627713162,0.002313038271058763,0.0007314469251683618,10
3.775,0.13638536,6.7,196.59749580998604,0.0005441591661469842,0.00325250124697046,0.001028531203296448,10
3.775,0.13638536,6.7,223.1638541070668,-0.000318558932554462,0.001656643531032482,0.0005238766829046479,10
3.775,0.13638536,6.7,253.32014314187637,0.0003725283635891771,0.003000743224819847,0.0009489183263749422,10
3.775,0.13638536,6.7,287.5514727874956,2.253008964236162e-05,0.002861340368571779,0.0009048352725672493,10
3.775,0.13638536,6.7,326.40850615637055,-0.000604647324153358,0.002440911451984398,0.0007718839755059423,10
3.775,0.13638536,6.7,370.5163178557939,-0.0012727788600372385,0.0019025288004168202,0.0006016324323385055,10
3.775,0.13638536,6.7,420.58444926569615,-5.133380741745048e-06,0.0013189506836040596,0.000417088828162493,10
3.775,0.13638536,6.7,477.4183225932176,5.474085080043181e-05,0.0013307300228521145,0.00042081378229805985,10
3.775,0.13638536,6.7,541.9321973165318,-0.00030550642382828907,0.001346429596600847,0.0004257784234320381,10
3.775,0.13638536,6.7,615.1638774420524,-0.0004779149896872811,0.0009649676880319083,0.00030514957626476334,10
3.775,0.13638536,6.7,698.2914061636919,-0.0006255591533941909,0.0018035516152548686,0.0005703330981881066,10
3.775,0.13638536,6.7,792.652016483199,0.0009751789457880369,0.0026380731761693602,0.0008342319870889809,10
3.775,0.13638536,6.7,899.7636426411872,-0.0006505384382843717,0.0014208575304667536,0.0004493146026877027,10
3.775,0.13638536,6.7,1021.3493384030259,-0.0011475660207906295,0.001249260687126513,0.00039505091626267715,10
3.775,0.13638536,6.7,1159.3649950049091,-8.313226360176824e-05,0.001828041219807705,0.0005780773911264859,10
3.775,0.13638536,6.7,1316.0308046455484,0.0003331434341910187,0.001467004521752726,0.0004639075626504642,10
3.775,0.13638536,6.7,1493.8669756616864,-0.000556792852417304,0.0009613018913434119,0.00030399034956728817,10
3.775,0.13638536,6.7,1695.7342739204687,-0.00040505625500787825,0.0009618565122288655,0.00030416573609088146,10
3.775,0.13638536,6.7,1924.8800425987847,-0.00029649544633033535,0.0010148117846999218,0.00032091166360321654,10
3.775,0.13638536,6.7,2184.990440647822,-0.00017739417065615993,0.0011384364672025078,0.00036000522077555023,10
3.775,0.13638536,6.7,2480.2497402782196,6.03899963986586e-05,0.0016068742273001293,0.0005081382471691525,10
3.775,0.13638536,6.7,2815.4076373562034,-0.0004403043889013959,0.0010088540449233996,0.0003190276608631773,10
3.775,0.13638536,6.7,3195.8556575010366,-0.001065228399120192,0.0009060225920086743,0.00028650950023168805,10
3.775,0.13638536,6.7,3627.7138869923433,0.00034029906908968527,0.0013917739642399728,0.00044011757151200505,10
3.775,0.13638536,6.7,4117.929423686066,-0.000310787528421697,0.0010887740892148636,0.0003443005979294337,10
3.775,0.13638536,6.7,4674.388131672206,-0.0005291008064961608,0.0010168475549879857,0.00032155543069353445,10
3.775,0.13638536,6.7,5306.041497418272,-0.000556053567743638,0.000811222658019248,0.00025653112888766806,10
3.775,0.13638536,6.7,6023.050628072877,-0.000143349550296549,0.0005572679584768083,0.0001762236015818851,10
3.775,0.13638536,6.7,6836.949708361742,0.00019082415958889765,0.0009602685317580911,0.0003036635725741301,10
3.775,0.13638536,6.7,7760.831545529242,0.0004999771997741435,0.0009280446058618743,0.00029347347247567733,10
3.775,0.13638536,6.7,8809.558187098928,8.04665633175494e-05,0.001277119447487423,0.0004038606298156061,10
3.775,0.13638536,6.7,9999.99999956053,2.9331766990239523e-05,0.001334767316324161,0.00042209048659347945,10
3.8,0.13345388,6.7,0.010000000000218279,0.9996686564826087,0.0001,3.1622776601683795e-05,10
3.8,0.13345388,6.7,0.011351307054675233,0.9995345099290829,0.0001,3.1622776601683795e-05,10
3.8,0.13345388,6.7,0.012885217184670714,0.9993822360571463,0.0001,3.1622776601683795e-05,10
3.8,0.13345388,6.7,0.014626405672618265,0.9992093853094746,0.0001,3.1622776601683795e-05,10
3.8,0.13345388,6.7,0.016602882189250948,0.9990131771183334,0.0001,3.1622776601683795e-05,10
3.8,0.13345388,6.7,0.018846441371867226,0.9987904551759099,0.0001,3.1622776601683795e-05,10
3.8,0.13345388,6.7,0.021393174289532996,0.9984459876485298,0.0001,3.1622776601683795e-05,10
3.8,0.13345388,6.7,0.024284049022937213,0.9979688313838448,0.0001,3.1622776601683795e-05,10
3.8,0.13345388,6.7,0.027565569698412937,0.9974271966565065,0.0001,3.1622776601683795e-05,10
3.8,0.13345388,6.7,0.03129052457769065,0.996727996806617,0.0001,3.1622776601683795e-05,10
3.8,0.13345388,6.7,0.035518835237547564,0.9957536445542431,0.0001,3.1622776601683795e-05,10
3.8,0.13345388,6.7,0.040318520499702026,0.9946269990775292,0.0001,3.1622776601683795e-05,10
3.8,0.13345388,6.7,0.045766790617234585,0.9930186791649991,0.0001,3.1622776601683795e-05,10
3.8,0.13345388,6.7,0.051951289319191934,0.9910684630277862,0.0001,3.1622776601683795e-05,10
3.8,0.13345388,6.7,0.05897150369355452,0.9885479643507156,0.00010915006891736012,3.451628245432069e-05,10
3.8,0.13345388,6.7,0.06694036458868406,0.9852512458012989,0.0001391622565159393,4.400696949189763e-05,10
3.8,0.13345388,6.7,0.0759860632781475,0.9810661745618303,0.0001755156986679002,5.5502937290634576e-05,10
3.8,0.13345388,6.7,0.08625411361274073,0.9757236802047444,0.00022113948134281679,6.993044416316116e-05,10
3.8,0.13345388,6.7,0.09790969283256912,0.9689195044985416,0.0002784669825423835,8.805899179882773e-05,10
3.8,0.13345388,6.7,0.11114029869471674,0.960217476658429,0.00035004577682844163,0.0001106941940100867,10
3.8,0.13345388,6.7,0.12615876566045128,0.949081652818565,0.00043959688250825473,0.00013901274010355176,10
3.8,0.13345388,6.7,0.14320668866193417,0.935180296313022,0.0005491428291547466,0.0001736542100877716,10
3.8,0.13345388,6.7,0.16255830952494102,0.9176940770225375,0.0006843235916054652,0.00021640212060601517,10
3.8,0.13345388,6.7,0.1845249285666265,0.8957962782906301,0.0008535956049497594,0.00026993063123505374,10
3.8,0.13345388,6.7,0.209459912335607,0.8687298045115182,0.0010632916136753129,0.00033624233161698284,10
3.8,0.13345388,6.7,0.23776437805149325,0.8355452994081135,0.0013246514297048848,0.00041889156236658614,10
3.8,0.13345388,6.7,0.2698936461867474,0.7957588828534324,0.001650161677673565,0.0005218269408973088,10
3.8,0.13345388,6.7,0.3063645649904774,0.7485120795827298,0.0020505557135589657,0.0006484426523918148,10
3.8,0.13345388,6.7,0.3477638247803005,0.6938502533711721,0.0025346613053138702,0.0008015302821887275,10
3.8,0.13345388,6.7,0.3947573957503299,0.6320278266185556,0.003096665010108073,0.0009792514582489848,10
3.8,0.13345388,6.7,0.4481012411168134,0.5642856386123063,0.003719583994100995,0.001176235736966545,10
3.8,0.13345388,6.7,0.5086534779386983,0.49333010068240474,0.004352610363533427,0.0013764162516019124,10
3.8,0.13345388,6.7,0.5773881812384607,0.4218628859639845,0.00495525533294595,0.0015669893239805201,10
3.8,0.13345388,6.7,0.6554110534835178,0.35299505661476294,0.005499020054522318,0.001738942827123383,10
3.8,0.13345388,6.7,0.7439772114957187,0.28952208370825183,0.005924220354133462,0.0018734029679791052,10
3.8,0.13345388,6.7,0.8445113769184625,0.23468737969313,0.006035430951442042,0.0019085708467233954,10
3.8,0.13345388,6.7,0.9586307950358789,0.18879689764989555,0.005707145762628213,0.0018047579548483824,10
3.8,0.13345388,6.7,1.088171250628218,0.15261306467872532,0.005014663098150812,0.0015857757088553065,10
3.8,0.13345388,6.7,1.2352165993681232,0.12603046508358645,0.00481431818213054,0.001522421083629385,10
3.8,0.13345388,6.7,1.402132289815328,0.10808409729692119,0.005050142475021494,0.0015969952729427918,10
3.8,0.13345388,6.7,1.5916034152621248,0.09997335532352276,0.004725362131937888,0.0014942907106032808,10
3.8,0.13345388,6.7,1.80667790755158,0.10324781080197583,0.006011296821263868,0.0019009389646523918,10
3.8,0.13345388,6.7,2.0508155677068496,0.1192672108721742,0.00751960858066486,0.002377909022784694,10
3.8,0.13345388,6.7,2.3279437221040404,0.14576729342529166,0.008640459768072765,0.0027323532898160157,10
3.8,0.13345388,6.7,2.642520399502972,0.1741938733699605,0.00795386348638403,0.00251523248150212,10
3.8,0.13345388,6.7,2.9996060452346534,0.19150995954700792,0.0066769235731445635,0.0021114286254006686,10
3.8,0.13345388,6.7,3.404944926177538,0.19522975775358925,0.00522464322574507,0.0016521772555123694,10
3.8,0.13345388,6.7,3.865057536045609,0.19342352063194862,0.004091582130827012,0.0012938718767058395,10
3.8,0.13345388,6.7,4.3873454874682505,0.1848929977243166,0.00555748042933948,0.001757429620852321,10
3.8,0.13345388,6.7,4.980210578210885,0.17310696469720493,0.0049224509663666535,0.0015566156724215517,10
3.8,0.13345388,6.7,5.653189946897943,0.16294825410701821,0.007332765492282516,0.0023188240503498585,10
3.8,0.13345388,6.7,6.417109492424104,0.15456888230429147,0.004465977933346968,0.0014122662249428063,10
3.8,0.13345388,6.7,7.284258025038717,0.14927922372257535,0.005185219360359642,0.0016397103346337868,10
3.8,0.13345388,6.7,8.268584950589176,0.14450946916376253,0.003647967505549139,0.001153588614781821,10
3.8,0.13345388,6.7,9.385924667975567,0.13481456244878492,0.0035370690495412395,0.0011185194437837265,10
3.8,0.13345388,6.7,10.65425128959158,0.1272318269675703,0.005814918955403734,0.0018388388308362875,10
3.8,0.13345388,6.7,12.093967782318368,0.12054431055907862,0.005046118225937098,0.0015957226936449377,10
3.8,0.13345388,6.7,13.728234180344895,0.11127351754496,0.005154640827949546,0.0016300405536416687,10
3.8,0.13345388,6.7,15.583340149618108,0.10448231063522499,0.005646115554329755,0.0017854585084186188,10
3.8,0.13345388,6.7,17.689127897190275,0.09689020661878969,0.00462983571681396,0.001464082605753044,10
3.8,0.13345388,6.7,20.07947222860456,0.08453725110249147,0.004867355448500335,0.0015391929398891452,10
3.8,0.13345388,6.7,22.792825475773903,0.07554003874407762,0.005748772153317311,0.0018179213753833402,10
3.8,0.13345388,6.7,25.872836061348632,0.06888172483684013,0.0027238399205999977,0.0008613538130788185,10
3.8,0.13345388,6.7,29.369050650123167,0.05970394782236369,0.0058313775088840855,0.0018440434824352476,10
3.8,0.13345388,6.7,33.33771118265806,0.05050353877873849,0.003621260516973126,0.0011451431234473911,10
3.8,0.13345388,6.7,37.842659612617176,0.0413159473066634,0.002523057564596091,0.0007978608571841056,10
3.8,0.13345388,6.7,42.95636490189982,0.03453142063472285,0.0033361103220685613,0.0010549707143334547,10
3.8,0.13345388,6.7,48.76108879434957,0.028376450838734912,0.003709024113453091,0.0011728964094998538,10
3.8,0.13345388,6.7,55.350209121286355,0.02288620141901294,0.003213384323105043,0.0010161613458490365,10
3.8,0.13345388,6.7,62.82972192624931,0.017334053908021774,0.002315456940339318,0.0007322117755516853,10
3.8,0.13345388,6.7,71.31994657291497,0.013099690907570696,0.004554908842767218,0.0014403886477586177,10
3.8,0.13345388,6.7,80.95746126545187,0.00849073831818047,0.0038555733053571035,0.0012192393330672324,10
3.8,0.13345388,6.7,91.89730011710618,0.00605009354488981,0.0019047903214500887,0.0006023475880826562,10
3.8,0.13345388,6.7,104.31544711021446,0.0037406531430417777,0.0021350044427280077,0.0006751476853599018,10
3.8,0.13345388,6.7,118.41166706679324,0.0025537765917299127,0.002436943594527855,0.0007706292288065864,10
3.8,0.13345388,6.7,134.41271917018034,0.001521024872973423,0.0018446357569465506,0.0005833250445339865,10
3.8,0.13345388,6.7,152.57600473212457,0.00019551226802191874,0.0018011870972902382,0.000569585371954445,10
3.8,0.13345388,6.7,173.19370788521238,-0.0002688332587000938,0.0027863495600191778,0.0008811210967068638,10
3.8,0.13345388,6.7,196.59749580998604,0.00047444738699287174,0.0032401529074968386,0.0010246263154906872,10
3.8,0.13345388,6.7,223.1638541070668,-0.0010837890664801297,0.002695254806363272,0.0008523144062624026,10
3.8,0.13345388,6.7,253.32014314187637,1.8438738359903114e-05,0.0025269157529708504,0.0007990809234747279,10
3.8,0.13345388,6.7,287.5514727874956,0.0006292753870973945,0.0026293716452962432,0.0008314803214200486,10
3.8,0.13345388,6.7,326.40850615637055,-0.00025669122835135624,0.0014905469448007582,0.0004713523304975668,10
3.8,0.13345388,6.7,370.5163178557939,-0.0003596852788077199,0.002460275268604303,0.0007780073519772146,10
3.8,0.13345388,6.7,420.58444926569615,-0.0006185317243595899,0.002777222714754072,0.0008782349348178981,10
3.8,0.13345388,6.7,477.4183225932176,-0.0002496897159905784,0.0011122697000231305,0.000351730562446533,10
3.8,0.13345388,6.7,541.9321973165318,-0.0008006053843906104,0.0013102739356579134,0.00041434499954319195,10
3.8,0.13345388,6.7,615.1638774420524,0.000472362479186334,0.0017673655236336969,0.0005588900512738629,10
3.8,0.13345388,6.7,698.2914061636919,8.323495915811517e-05,0.0015172205123623822,0.00047978725317927834,10
3.8,0.13345388,6.7,792.652016483199,0.001023013660545026,0.001959687828339203,0.0006197077040460947,10
3.8,0.13345388,6.7,899.7636426411872,0.0008584622932498965,0.0023507098977910003,0.0007433597395321174,10
3.8,0.13345388,6.7,1021.3493384030259,0.00017545977447620307,0.001525678989366896,0.00048246205846632056,10
3.8,0.13345388,6.7,1159.3649950049091,-0.00025947043765660186,0.0015130238360185277,0.0004784601475943655,10
3.8,0.13345388,6.7,1316.0308046455484,0.00011486806879519498,0.0011994014820960073,0.0003792840512405048,10
3.8,0.13345388,6.7,1493.8669756616864,-0.00042492183703120995,0.0012664384319056735,0.0004004829961193984,10
3.8,0.13345388,6.7,1695.7342739204687,-0.00018218073692784133,0.0008864006268524428,0.0002803044900254727,10
3.8,0.13345388,6.7,1924.8800425987847,0.0005106799473232939,0.001053241175120717,0.00033306410388537355,10
3.8,0.13345388,6.7,2184.990440647822,0.00031504748780649013,0.0015151965755306445,0.00047914722815641875,10
3.8,0.13345388,6.7,2480.2497402782196,0.0006799791831577449,0.0016439296390950335,0.000519856197259889,10
3.8,0.13345388,6.7,2815.4076373562034,0.00019233736567004313,0.0016006719454680584,0.0005061769134411899,10
3.8,0.13345388,6.7,3195.8556575010366,-0.00044449004057730705,0.000964174261582888,0.000304898672791291,10
3.8,0.13345388,6.7,3627.7138869923433,2.7269103526563874e-05,0.001437506260387387,0.0004545793933575223,10
3.8,0.13345388,6.7,4117.929423686066,-0.0001790048981919583,0.0006840157777302264,0.00021630478131189944,10
3.8,0.13345388,6.7,4674.388131672206,-0.0005989953229457619,0.0009890407367832731,0.0003127621426926219,10
3.8,0.13345388,6.7,5306.041497418272,-3.561406988901486e-05,0.0005830480827025113,0.00018437599267341569,10
3.8,0.13345388,6.7,6023.050628072877,-6.538080519514042e-05,0.001377662973549675,0.00043565528444972784,10
3.8,0.13345388,6.7,6836.949708361742,5.2775630559220495e-05,0.0008771076063635333,0.0002773657789167162,10
3.8,0.13345388,6.7,7760.831545529242,0.00021314362852702708,0.0009262607089640367,0.0002929093547448698,10
3.8,0.13345388,6.7,8809.558187098928,-0.0001080741568011524,0.0009611144405494152,0.00030393107242146456,10
3.8,0.13345388,6.7,9999.99999956053,-0.00010386589725599476,0.001255696376318312,0.0003970860598785784,10
3.815,0.12622191,6.7,0.010000000000218279,0.9996858126241467,0.0001,3.1622776601683795e-05,10
3.815,0.12622191,6.7,0.011351307054675233,0.9995587595533892,0.0001,3.1622776601683795e-05,10
3.815,0.12622191,6.7,0.012885217184670714,0.9994145377115518,0.0001,3.1622776601683795e-05,10
3.815,0.12622191,6.7,0.014626405672618265,0.9992508270704865,0.0001,3.1622776601683795e-05,10
3.815,0.12622191,6.7,0.016602882189250948,0.9990649940950055,0.0001,3.1622776601683795e-05,10
3.815,0.12622191,6.7,0.018846441371867226,0.9988540493784536,0.0001,3.1622776601683795e-05,10
3.815,0.12622191,6.7,0.021393174289532996,0.9985277364064885,0.0001,3.1622776601683795e-05,10
3.815,0.12622191,6.7,0.024284049022937213,0.9980756861532069,0.0001,3.1622776601683795e-05,10
3.815,0.12622191,6.7,0.027565569698412937,0.9975625500303039,0.0001,3.1622776601683795e-05,10
3.815,0.12622191,6.7,0.03129052457769065,0.9969002665166731,0.0001,3.1622776601683795e-05,10
3.815,0.12622191,6.7,0.035518835237547564,0.9959775977827094,0.0001,3.1622776601683795e-05,10
3.815,0.12622191,6.7,0.040318520499702026,0.9949107079250521,0.0001,3.1622776601683795e-05,10
3.815,0.12622191,6.7,0.045766790617234585,0.9933875947130796,0.0001,3.1622776601683795e-05,10
3.815,0.12622191,6.7,0.051951289319191934,0.9915407740404355,0.00012415449331371992,3.926109806155009e-05,10
3.815,0.12622191,6.7,0.05897150369355452,0.989154079904527,0.0001586079872587599,5.015624948326474e-05,10
3.815,0.12622191,6.7,0.06694036458868406,0.9860319715408178,0.00020339654545065028,6.431963518340138e-05,10
3.815,0.12622191,6.7,0.0759860632781475,0.9820686633201768,0.0002615434489397622,8.270730057455992e-05,10
3.815,0.12622191,6.7,0.08625411361274073,0.9770090066678787,0.000335465807111023,0.00010608360275775427,10
3.815,0.12622191,6.7,0.09790969283256912,0.9705649239914507,0.00042896596189481864,0.00013565094782726252,10
3.815,0.12622191,6.7,0.11114029869471674,0.9623233637753618,0.0005479963105332911,0.00017329164906541202,10
3.815,0.12622191,6.7,0.12615876566045128,0.9517674374089469,0.0007010741584181676,0.00022169911492871184,10
3.815,0.12622191,6.7,0.14320668866193417,0.9385858836279178,0.0008884739130570412,0.0002809601206902664,10
3.815,0.12622191,6.7,0.16255830952494102,0.9219933464300745,0.0011212441176140263,0.00035456852247260423,10
3.815,0.12622191,6.7,0.1845249285666265,0.9011884205921884,0.0014097928900648152,0.0004458156561716181,10
3.815,0.12622191,6.7,0.209459912335607,0.8754297071734569,0.0017587200880117217,0.0005561561244808833,10
3.815,0.12622191,6.7,0.23776437805149325,0.8437732539429847,0.0021726303195822635,0.0006870460323419478,10
3.815,0.12622191,6.7,0.2698936461867474,0.8057192370011504,0.002656288923848373,0.0008399923122838415,10
3.815,0.12622191,6.7,0.3063645649904774,0.7603421576008191,0.0032063323463954224,0.0010139313150081505,10
3.815,0.12622191,6.7,0.3477638247803005,0.7076244532633374,0.0038097737393073534,0.0012047562386107793,10
3.815,0.12622191,6.7,0.3947573957503299,0.6475842993306612,0.004399961965061669,0.0013913901427705076,10
3.815,0.12622191,6.7,0.4481012411168134,0.5812927739931528,0.004949021322252206,0.0015650179567055125,10
3.815,0.12622191,6.7,0.5086534779386983,0.5111201122918219,0.005360891219110843,0.0016952626540787045,10
3.815,0.12622191,6.7,0.5773881812384607,0.43963309919493854,0.005572155753658172,0.0017620703658771935,10
3.815,0.12622191,6.7,0.6554110534835178,0.3699569187155019,0.0055071022092713405,0.0017414986288642686,10
3.815,0.12622191,6.7,0.7439772114957187,0.30513214204481376,0.005121433238178963,0.0016195393917137137,10
3.815,0.12622191,6.7,0.8445113769184625,0.24878307391584026,0.004443668313532864,0.0014052113037083074,10
3.815,0.12622191,6.7,0.9586307950358789,0.20138769566138945,0.0037167902961479783,0.0011753522921039365,10
3.815,0.12622191,6.7,1.088171250628218,0.16355875746321763,0.0031564088325479254,0.000998144113752446,10
3.815,0.12622191,6.7,1.2352165993681232,0.13472232858175667,0.002807192959186232,0.0008877123582616586,10
3.815,0.12622191,6.7,1.402132289815328,0.11381284695434499,0.0026709261472469426,0.0008446210087398605,10
3.815,0.12622191,6.7,1.5916034152621248,0.10250468809412558,0.002931168498679774,0.0009269168661564338,10
3.815,0.12622191,6.7,1.80667790755158,0.10205162133469878,0.0046299016165087525,0.0014641034450663093,10
3.815,0.12622191,6.7,2.0508155677068496,0.11335434525249447,0.005679903801780816,0.0017961432904276921,10
3.815,0.12622191,6.7,2.3279437221040404,0.1376053683313366,0.0060101598608508396,0.0019005794262009303,10
3.815,0.12622191,6.7,2.642520399502972,0.1677442804324586,0.006520138190863213,0.002061848734217741,10
3.815,0.12622191,6.7,2.9996060452346534,0.18728994044156955,0.004406398090034569,0.0013934254241924932,10
3.815,0.12622191,6.7,3.404944926177538,0.19182749439881566,0.0033914167746821816,0.001072460150289776,10
3.815,0.12622191,6.7,3.865057536045609,0.1937936978035824,0.0036319922507503646,0.0011485367956452549,10
3.815,0.12622191,6.7,4.3873454874682505,0.18829313913633297,0.0035469121725971806,0.0011216321125983354,10
3.815,0.12622191,6.7,4.980210578210885,0.17834996059587777,0.004374771044642607,0.0013834240742824798,10
3.815,0.12622191,6.7,5.653189946897943,0.16648503155060135,0.005981824231998535,0.001891618913590284,10
3.815,0.12622191,6.7,6.417109492424104,0.15791660291074305,0.003984206982480266,0.0012599168734184214,10
3.815,0.12622191,6.7,7.284258025038717,0.15365733283170255,0.0023482928135765712,0.000742595390390714,10
3.815,0.12622191,6.7,8.268584950589176,0.14855072344419426,0.0040812791435063485,0.0012906137860421263,10
3.815,0.12622191,6.7,9.385924667975567,0.1393248320389644,0.003906401395500371,0.0012353125864641404,10
3.815,0.12622191,6.7,10.65425128959158,0.13152320147138147,0.0038706745853862435,0.0012240147771148421,10
3.815,0.12622191,6.7,12.093967782318368,0.12395673979032715,0.005829497746342925,0.0018434490493262146,10
3.815,0.12622191,6.7,13.728234180344895,0.11552335425924096,0.004483779800320144,0.0014178956695666627,10
3.815,0.12622191,6.7,15.583340149618108,0.10945734894875851,0.005359786753201717,0.00169491339129162,10
3.815,0.12622191,6.7,17.689127897190275,0.0967586661413148,0.005327893507798493,0.0016848278615467316,10
3.815,0.12622191,6.7,20.07947222860456,0.0905987755478359,0.005798893115648314,0.0018337710153318873,10
3.815,0.12622191,6.7,22.792825475773903,0.08052617880861873,0.0038306191308042858,0.0012113481301956007,10
3.815,0.12622191,6.7,25.872836061348632,0.07112250592052827,0.003983511688736637,0.001259697002231148,10
3.815,0.12622191,6.7,29.369050650123167,0.061944057917797356,0.004504435578881402,0.001424427600276428,10
3.815,0.12622191,6.7,33.33771118265806,0.054707017033019036,0.003730577420622704,0.001179712163676375,10
3.815,0.12622191,6.7,37.842659612617176,0.0456454380250339,0.0027544640246243276,0.0008710380050806995,10
3.815,0.12622191,6.7,42.95636490189982,0.0369012276985302,0.003333787305135276,0.0010542361118782227,10
3.815,0.12622191,6.7,48.76108879434957,0.029904061543061584,0.004451967076073518,0.0014078356028472427,10
3.815,0.12622191,6.7,55.350209121286355,0.02409763574709571,0.0028596763816291096,0.0009043090736936877,10
3.815,0.12622191,6.7,62.82972192624931,0.01655735836944284,0.0035113639942704303,0.001110390791580099,10
3.815,0.12622191,6.7,71.31994657291497,0.011316602126107899,0.0024524452246180908,0.0007755312746596412,10
3.815,0.12622191,6.7,80.95746126545187,0.009481685954046356,0.0036926268749904595,0.0011677111474119703,10
3.815,0.12622191,6.7,91.89730011710618,0.00506670625367052,0.003299722605814353,0.001043463908111932,10
3.815,0.12622191,6.7,104.31544711021446,0.002826116700959241,0.002110806330860874,0.0006674955705023326,10
3.815,0.12622191,6.7,118.41166706679324,0.0014460141207547198,0.003406125320609814,0.0010771114009098274,10
3.815,0.12622191,6.7,134.41271917018034,0.0013858475662644615,0.002206935273425152,0.0006978942112589952,10
3.815,0.12622191,6.7,152.57600473212457,0.000966744617757434,0.0023495450478562027,0.0007429913816394915,10
3.815,0.12622191,6.7,173.19370788521238,-0.0009684053824028968,0.0026010331726684867,0.0008225189095286438,10
3.815,0.12622191,6.7,196.59749580998604,-0.00044422352902010706,0.0027362423160277307,0.0008652757948781879,10
3.815,0.12622191,6.7,223.1638541070668,0.00014771498308088798,0.0026171028844496993,0.0008276005985857511,10
3.815,0.12622191,6.7,253.32014314187637,7.282508065147654e-06,0.0027011100129800862,0.0008541659851704047,10
3.815,0.12622191,6.7,287.5514727874956,0.00034774927049385557,0.0020539703517888377,0.0006495224558110028,10
3.815,0.12622191,6.7,326.40850615637055,0.00027200405488710816,0.0029208770533904454,0.0009236624254035047,10
3.815,0.12622191,6.7,370.5163178557939,-8.219718941882784e-05,0.001629592236257655,0.0005153223123901413,10
3.815,0.12622191,6.7,420.58444926569615,0.0005559643928606456,0.0012894410471806816,0.00040775706176035905,10
3.815,0.12622191,6.7,477.4183225932176,0.00038335312414110377,0.0012588881007434686,0.00039809537176328704,10
3.815,0.12622191,6.7,541.9321973165318,0.00035588941625734556,0.0012639064234512857,0.00039968230474233163,10
3.815,0.12622191,6.7,615.1638774420524,0.00026202253495824463,0.001993974869493382,0.0006305502184736081,10
3.815,0.12622191,6.7,698.2914061636919,0.0005761207637703476,0.0031463275719495836,0.0009949561392347986,10
3.815,0.12622191,6.7,792.652016483199,9.020820263723925e-05,0.0022338537016203283,0.0007064065656718404,10
3.815,0.12622191,6.7,899.7636426411872,6.505440055723524e-05,0.0022699736122420554,0.0007178286843164771,10
3.815,0.12622191,6.7,1021.3493384030259,-0.0013493813715025422,0.0016963427776120594,0.0005364306869630592,10
3.815,0.12622191,6.7,1159.3649950049091,-0.00071313126402247,0.001510764177731039,0.00047774558090215154,10
3.815,0.12622191,6.7,1316.0308046455484,0.0001972165515176806,0.0011531207898377329,0.00036464881131795793,10
3.815,0.12622191,6.7,1493.8669756616864,-0.00010348651025385469,0.0009379621189485794,0.00029660966548352883,10
3.815,0.12622191,6.7,1695.7342739204687,3.288248615648138e-05,0.0013011291701860428,0.00041145317078727445,10
3.815,0.12622191,6.7,1924.8800425987847,-9.281178623257364e-05,0.0012726166114561373,0.00040243670803669253,10
3.815,0.12622191,6.7,2184.990440647822,9.888008280329016e-05,0.0013099552339945223,0.000414244217228152,10
3.815,0.12622191,6.7,2480.2497402782196,-0.0001467375850231937,0.0006496361932520752,0.00020543300211578656,10
3.815,0.12622191,6.7,2815.4076373562034,0.00048775987192675935,0.001425604508297041,0.00045081572888230594,10
3.815,0.12622191,6.7,3195.8556575010366,-0.00018403910565286747,0.0011389718211318592,0.00036017451455265737,10
3.815,0.12622191,6.7,3627.7138869923433,0.0003074900376194671,0.001466125425987294,0.0004636295681604468,10
3.815,0.12622191,6.7,4117.929423686066,0.0005899959729401026,0.0012070827190885389,0.00038171307165489897,10
3.815,0.12622191,6.7,4674.388131672206,0.0002536778086398733,0.0009143676230670411,0.00028914843076061655,10
3.815,0.12622191,6.7,5306.041497418272,0.0002097182941428158,0.0004298898258857955,0.00013594309927323253,10
3.815,0.12622191,6.7,6023.050628072877,0.0005664675049923132,0.0005426815434797834,0.00017161097215318138,10
3.815,0.12622191,6.7,6836.949708361742,0.00039824438506288595,0.0006600615527417602,0.00020872979025713206,10
3.815,0.12622191,6.7,7760.831545529242,-0.00027962708214022394,0.0008775588721938744,0.0002775084817021247,10
3.815,0.12622191,6.7,8809.558187098928,-0.00021415126278767938,0.001123020566426583,0.00035513028491204225,10
3.815,0.12622191,6.7,9999.99999956053,0.0002802184837712511,0.0008538925078150174,0.0002700245201648583,10
3.815,0.0068171315,6.7,0.00999999999476131,0.9999829005074948,0.0001,3.1622776601683795e-05,10
3.815,0.0068171315,6.7,0.01133087805636538,0.9999760757772018,0.0001,3.1622776601683795e-05,10
3.815,0.0068171315,6.7,0.012838879759548139,0.9999683427585259,0.0001,3.1622776601683795e-05,10
3.815,0.0068171315,6.7,0.014547578101198786,0.9999595805693587,0.0001,3.1622776601683795e-05,10
3.815,0.0068171315,6.7,0.016483683356648782,0.9999496522396576,0.0001,3.1622776601683795e-05,10
3.815,0.0068171315,6.7,0.01867746061317724,0.9999384025703371,0.0001,3.1622776601683795e-05,10
3.815,0.0068171315,6.7,0.02116320287213461,0.9999216817113947,0.0001,3.1622776601683795e-05,10
3.815,0.0068171315,6.7,0.023979767115190134,0.9998976158147436,0.0001,3.1622776601683795e-05,10
3.815,0.0068171315,6.7,0.027171181714460153,0.9998703470407024,0.0001,3.1622776601683795e-05,10
3.815,0.0068171315,6.7,0.030787334681517824,0.9998367687304908,0.0001,3.1622776601683795e-05,10
3.815,0.0068171315,6.7,0.03488475351395375,0.9997878094651421,0.0001,3.1622776601683795e-05,10
3.815,0.0068171315,6.7,0.03952748883000458,0.9997323343185736,0.0001,3.1622776601683795e-05,10
3.815,0.0068171315,6.7,0.044788115604175775,0.9996531991562978,0.0001,3.1622776601683795e-05,10
3.815,0.0068171315,6.7,0.050748867655116894,0.9995591737765401,0.0001,3.1622776601683795e-05,10
3.815,0.0068171315,6.7,0.05750292311999947,0.9994326183720597,0.0001,3.1622776601683795e-05,10
3.815,0.0068171315,6.7,0.06515586100985987,0.9992718057224728,0.0001,3.1622776601683795e-05,10
3.815,0.0068171315,6.7,0.07382731161469726,0.9990671597635552,0.0001,3.1622776601683795e-05,10
3.815,0.0068171315,6.7,0.08365282655736536,0.998804562027129,0.0001,3.1622776601683795e-05,10
3.815,0.0068171315,6.7,0.09478599772883445,0.9984676383697101,0.0001,3.1622776601683795e-05,10
3.815,0.0068171315,6.7,0.10740085822789887,0.9980373892342881,0.0001,3.1622776601683795e-05,10
3.815,0.0068171315,6.7,0.12169460283668292,0.99747263528153,0.0001,3.1622776601683795e-05,10
3.815,0.0068171315,6.7,0.13789067055826376,0.9967797110059748,0.0001,3.1622776601683795e-05,10
3.815,0.0068171315,6.7,0.1562422374024643,0.9958703510687691,0.0001,3.1622776601683795e-05,10
3.815,0.0068171315,6.7,0.17703617401884503,0.9947206581439205,0.0001,3.1622776601683795e-05,10
3.815,0.0068171315,6.7,0.20059753004238828,0.9932595434475232,0.0001,3.1622776601683795e-05,10
3.815,0.0068171315,6.7,0.2272946152509119,0.9913708648563307,0.0001,3.1622776601683795e-05,10
3.815,0.0068171315,6.7,0.25754475696257667,0.98900340764019,0.00012045386652708372,3.809085711995006e-05,10
3.815,0.0068171315,6.7,0.29182082367279727,0.9859870049121913,0.00016098174077707004,5.090689625543456e-05,10
3.815,0.0068171315,6.7,0.3306586169076789,0.9822293315468965,0.00021389156785785188,6.76384526735274e-05,10
3.815,0.0068171315,6.7,0.37466524684301017,0.9774428709500482,0.00028504602650521795,9.013946817372144e-05,10
3.815,0.0068171315,6.7,0.42452862261601554,0.9715328256844746,0.0003759936033471521,0.00011889961722309098,10
3.815,0.0068171315,6.7,0.4810282056818787,0.9642015789456947,0.0004922645344170656,0.00015566771400802747,10
3.815,0.0068171315,6.7,0.5450471943108947,0.9551573364369776,0.0006386624573983484,0.00020196280214190363,10
3.815,0.0068171315,6.7,0.6175863296936179,0.9441073800587564,0.0008195842490520097,0.00025917529614030477,10
3.815,0.0068171315,6.7,0.6997795394702577,0.9307130948832893,0.0010426469551642551,0.00032971391737585056,10
3.815,0.0068171315,6.7,0.7929116632230832,0.9146130477498815,0.0013184701197060944,0.0004169368605146111,10
3.815,0.0068171315,6.7,0.8984385370157254,0.895275497465593,0.0016656050442278843,0.0005267105622025603,10
3.815,0.0068171315,6.7,1.0180097509397539,0.8721250260070048,0.002091972204551175,0.0006615396968145375,10
3.815,0.0068171315,6.7,1.1534944354132035,0.8443066711914213,0.0025677351620144633,0.000811989154006717,10
3.815,0.0068171315,6.7,1.307010479321007,0.8108593675610465,0.0030118035664187556,0.0009524159134901482,10
3.815,0.0068171315,6.7,1.4809576367336277,0.7708929549562932,0.0033052701540982415,0.0010452181969126165,10
3.815,0.0068171315,6.7,1.6780550397262608,0.7244858927733939,0.0033529385129704645,0.0010602922555484685,10
3.815,0.0068171315,6.7,1.9013837036968393,0.6731312278641769,0.0031497177470619156,0.0009960282067369773,10
3.815,0.0068171315,6.7,2.154434689623565,0.6196482532090744,0.002924302082814803,0.0009247455148069112,10
3.815,0.0068171315,6.7,2.441163676131652,0.5669232433425985,0.0031091201020457255,0.000983190104147963,10
3.815,0.0068171315,6.7,2.766052794436688,0.5160187965592161,0.003743171563752792,0.0011836947814232992,10
3.815,0.0068171315,6.7,3.134180692764979,0.4679264298117799,0.004701351733972255,0.0014866979560934333,10
3.815,0.0068171315,6.7,3.5513019254938922,0.42824056531816035,0.005824428986808665,0.0018418461668222186,10
3.815,0.0068171315,6.7,4.023936908018704,0.40421151103915437,0.006541618498025233,0.002068641403764942,10
3.815,0.0068171315,6.7,4.559473843515358,0.3953626701262928,0.006907422258441531,0.0021843187097219468,10
3.815,0.0068171315,6.7,5.166284214912466,0.40682491095480583,0.007845919263190813,0.0024810975209473055,10
3.815,0.0068171315,6.7,5.853853647436499,0.43872939717491743,0.009137597221186303,0.0028895619560174103,10
3.815,0.0068171315,6.7,6.632930187366056,0.4827506948565111,0.009421956795479377,0.0029794843489416084,10
3.815,0.0068171315,6.7,7.515692314880196,0.5250189960587892,0.007905141103679623,0.002499825111264488,10
3.815,0.0068171315,6.7,8.515939317368224,0.5456387372931275,0.006632599127756032,0.0020974120050555175,10
3.815,0.0068171315,6.7,9.649306999105654,0.5431371172537794,0.005240254616172744,0.0016571140106317291,10
3.815,0.0068171315,6.7,10.933512099257646,0.5421051296025113,0.006157504260579319,0.0019471738165621594,10
3.815,0.0068171315,6.7,12.388629238938407,0.569161389378303,0.0070132850170513674,0.002217795453381515,10
3.815,0.0068171315,6.7,14.03740472654714,0.5962740647942364,0.005728398486830538,0.0018114786563446555,10
3.815,0.0068171315,6.7,15.90561212676771,0.5579811062072165,0.0025352091526199727,0.0008017035267184546,10
3.815,0.0068171315,6.7,18.022455151466545,0.5020912414077369,0.004438091546502848,0.001403447775128809,10
3.815,0.0068171315,6.7,20.421024170456096,0.5164011285115561,0.007316635782530925,0.002313723388268613,10
3.815,0.0068171315,6.7,23.138813478274493,0.5532719390978376,0.006683455598197934,0.0021134942330908618,10
3.815,0.0068171315,6.7,26.218307402866163,0.5414803554997447,0.003774438886374449,0.0011935823770052735,10
3.815,0.0068171315,6.7,29.707644418180745,0.523504517918662,0.005424427465033801,0.0017153545791880182,10
3.815,0.0068171315,6.7,33.661369642061125,0.5330732887815766,0.005248861385283346,0.0016598357100001977,10
3.815,0.0068171315,6.7,38.14128748242447,0.5288566606326154,0.004913827409166413,0.0015538886641930014,10
3.815,0.0068171315,6.7,43.21742776025294,0.5249631466199449,0.00441059807547758,0.0013947535762064396,10
3.815,0.0068171315,6.7,48.969140411774035,0.5246879476161249,0.005926822472450439,0.001874225830041394,10
3.815,0.0068171315,6.7,55.48633588215215,0.5215030342496779,0.005097097201131867,0.0016118436610846076,10
3.815,0.0068171315,6.7,62.870890600455745,0.5187294626680377,0.005960036260062173,0.0018847289518988107,10
3.815,0.0068171315,6.7,71.23823950620478,0.5153365967520109,0.00563279987167551,0.001781247719839878,10
3.815,0.0068171315,6.7,80.719180521782,0.5096692139328328,0.004419294936871549,0.0013975037652564127,10
3.815,0.0068171315,6.7,91.46191917811964,0.5069533645801018,0.004309700645042142,0.0013628470071830017,10
3.815,0.0068171315,6.7,103.63438535513285,0.5027647814012344,0.003142080841028178,0.0009936132050026478,10
3.815,0.0068171315,6.7,117.42685835205519,0.49845973589365683,0.003597372307772204,0.0011375890084176408,10
3.815,0.0068171315,6.7,133.05494132262592,0.49191703941140225,0.003885542108197652,0.0012287163006396982,10
3.815,0.0068171315,6.7,150.7629315713326,0.48837852697676754,0.003663740339184161,0.0011585764227259794,10
3.815,0.0068171315,6.7,170.82763939498415,0.4841676155658072,0.0035478366947659604,0.0011219244721784017,10
3.815,0.0068171315,6.7,193.56271516553397,0.47682759060664326,0.003770184169919545,0.001192236917525704,10
3.815,0.0068171315,6.7,219.32355229486203,0.46832639180762703,0.003193479992610474,0.001009867043882678,10
3.815,0.0068171315,6.7,248.51284272438394,0.45971084973262755,0.004428434966683604,0.0014003940964652062,10
3.815,0.0068171315,6.7,281.58687178258504,0.4539238092727606,0.005275672634669232,0.0016683141714976166,10
3.815,0.0068171315,6.7,319.0626508113336,0.4443099359176528,0.006772731526807585,0.0021417257605541706,10
3.815,0.0068171315,6.7,361.52599905778334,0.4350729750418981,0.007484031804965629,0.0023666586584832443,10
3.815,0.0068171315,6.7,409.6407011675382,0.42723854587753285,0.0066430475033170625,0.0021007160715176875,10
3.815,0.0068171315,6.7,464.1588834284973,0.41510550351475695,0.006895104400278506,0.0021804234609529407,10
3.815,0.0068171315,6.7,525.9327709662217,0.40286775102664496,0.00796281416181916,0.002518062933599313,10
3.815,0.0068171315,6.7,595.9280096786484,0.3912932716691825,0.009123713886984377,0.0028851716602578703,10
3.815,0.0068171315,6.7,675.2387611578663,0.3797950058979124,0.008964915976385717,0.0028349553517411146,10
3.815,0.0068171315,6.7,765.104806561916,0.36485312289800903,0.010898767583673887,0.003446492925321924,10
3.815,0.0068171315,6.7,866.9309268033678,0.35102995898582967,0.012653439948962897,0.0040013690474887485,10
3.815,0.0068171315,6.7,982.3088620046776,0.3365812741839781,0.01293677580069791,0.00409096771091539,10
3.815,0.0068171315,6.7,1113.0421934892938,0.32244485011529533,0.014930566015127928,0.004721459536330826,10
3.815,0.0068171315,6.7,1261.1745372623534,0.3074924140219489,0.01481541176096422,0.004685044563789302,10
3.815,0.0068171315,6.7,1429.0214896998968,0.2913477325732188,0.01512735709764924,0.004783690340728577,10
3.815,0.0068171315,6.7,1619.2068248197654,0.27149270618473187,0.013285432192549835,0.004201222542818215,10
3.815,0.0068171315,6.7,1834.7035089678793,0.25664330572217564,0.014078614086211737,0.004452048681095924,10
3.815,0.0068171315,6.7,2078.880174059132,0.23652187639449998,0.014936287201032471,0.004723268734168388,10
3.815,0.0068171315,6.7,2355.5537758399687,0.2175081738222276,0.014785146064560628,0.0046754737102286505,10
3.815,0.0068171315,6.7,2669.049260323605,0.1976933787129033,0.014961293627674026,0.00473117646060131,10
3.815,0.0068171315,6.7,3024.2671711002126,0.1796076303691426,0.014752360074134331,0.004665105869719493,10
3.815,0.0068171315,6.7,3426.760254355735,0.16179498845179266,0.012601182892869864,0.003984843915381832,10
3.815,0.0068171315,6.7,3882.8202590845353,0.14250959616675857,0.01120863194897584,0.0035444806413295863,10
3.815,0.0068171315,6.7,4399.576289351993,0.12324893795345022,0.009116453813391564,0.0028828758234044974,10
3.815,0.0068171315,6.7,4985.106246043937,0.10825918573726337,0.010149877188802886,0.0032096729887603997,10
3.815,0.0068171315,6.7,5648.563100154032,0.09181605028536009,0.009971058662135122,0.0031531256055498304,10
3.815,0.0068171315,6.7,6400.317971505983,0.07880105105800875,0.009019241019998007,0.0028521344389213963,10
3.815,0.0068171315,6.7,7252.122249508962,0.06611845873316473,0.008544829103555775,0.0027021122184131027,10
3.815,0.0068171315,6.7,8217.291290208812,0.05345930241357354,0.008395235208966447,0.002654806475317361,10
3.815,0.0068171315,6.7,9310.91256117664,0.04266688137953485,0.008165289982823952,0.002582091410148083,10
3.815,0.0068171315,6.7,10550.08148794417,0.032502444456795086,0.0058630591507202855,0.0018540620972568548,10
3.815,0.0068171315,6.7,11954.168688723743,0.02604646292944377,0.004065288482733344,0.0012855570951087459,10
3.815,0.0068171315,6.7,13545.122774810872,0.01999424408430449,0.004309593835064459,0.0013628132309023708,10
3.815,0.0068171315,6.7,15347.813450028194,0.014546213364431303,0.00354041545593374,0.001119577670401411,10
3.815,0.0068171315,6.7,17390.4202725217,0.011807814120040153,0.003786185930123885,0.0011972971184074598,10
3.815,0.0068171315,6.7,19704.873156011556,0.007158933352041663,0.002985908788633181,0.0009442272657595135,10
3.815,0.0068171315,6.7,22327.351496388073,0.004929753707435912,0.002424342196330666,0.0007666443168060007,10
3.815,0.0068171315,6.7,25298.849725971326,0.003861950992897073,0.002662322389615629,0.0008419002616847599,10
3.815,0.0068171315,6.7,28665.818136146525,0.0019213385801641364,0.0037345890179625897,0.0011809807421413264,10
3.815,0.0068171315,6.7,32480.88898567808,0.0017871662628130007,0.0021780894985976517,0.00068877237632627,10
3.815,0.0068171315,6.7,36803.699245186304,0.0016943587616410692,0.0019288612729323107,0.0006099594912957789,10
3.815,0.0068171315,6.7,41701.82283888156,0.0012639322734473452,0.0014427350116128991,0.0004562328696766238,10
3.815,0.0068171315,6.7,47251.826956305755,0.000661566545365316,0.0018788190362382907,0.000594134746579543,10
3.815,0.0068171315,6.7,53540.468946285895,0.0004375532378561335,0.0018254082579185905,0.0005772447754702838,10
3.815,0.0068171315,6.7,60666.05250287938,0.0001873064191238835,0.001149027590537024,0.00036335442804723305,10
3.815,0.0068171315,6.7,68739.96434312935,0.00046696799714165667,0.0012083359445967615,0.00038210937635767956,10
3.815,0.0068171315,6.7,77888.41539789367,0.00037674914308958576,0.0010755028940985121,0.0003401038775454163,10
3.815,0.0068171315,6.7,88254.41373394025,0.0005536571891340256,0.0016525842514715397,0.0005225930259974532,10
3.815,0.0068171315,6.7,100000.00004791653,-0.0007341583648121975,0.0021700996825758916,0.0006862457746548233,10
3.825,0.12355752,6.7,0.010000000000218279,0.9996914748839327,0.0001,3.1622776601683795e-05,10
3.825,0.12355752,6.7,0.011351307054675233,0.9995666690010199,0.0001,3.1622776601683795e-05,10
3.825,0.12355752,6.7,0.012885217184670714,0.9994249980111055,0.0001,3.1622776601683795e-05,10
3.825,0.12355752,6.7,0.014626405672618265,0.9992641829203837,0.0001,3.1622776601683795e-05,10
3.825,0.12355752,6.7,0.016602882189250948,0.9990816367730065,0.0001,3.1622776601683795e-05,10
3.825,0.12355752,6.7,0.018846441371867226,0.9988744230359587,0.0001,3.1622776601683795e-05,10
3.825,0.12355752,6.7,0.021393174289532996,0.9985538204978208,0.0001,3.1622776601683795e-05,10
3.825,0.12355752,6.7,0.024284049022937213,0.9981096389481833,0.0001,3.1622776601683795e-05,10
3.825,0.12355752,6.7,0.027565569698412937,0.9976054348323984,0.0001,3.1622776601683795e-05,10
3.825,0.12355752,6.7,0.03129052457769065,0.9969547385051521,0.0001,3.1622776601683795e-05,10
3.825,0.12355752,6.7,0.035518835237547564,0.996048323749155,0.0001,3.1622776601683795e-05,10
3.825,0.12355752,6.7,0.040318520499702026,0.9950001841349444,0.0001,3.1622776601683795e-05,10
3.825,0.12355752,6.7,0.045766790617234585,0.9935031435071069,0.0001,3.1622776601683795e-05,10
3.825,0.12355752,6.7,0.051951289319191934,0.9916879933867454,0.0001260698040778253,3.9866772505711134e-05,10
3.825,0.12355752,6.7,0.05897150369355452,0.9893423587756999,0.00016214622535624693,5.1275138612468725e-05,10
3.825,0.12355752,6.7,0.06694036458868406,0.986272191925044,0.00020895914845775506,6.607868470557666e-05,10
3.825,0.12355752,6.7,0.0759860632781475,0.9823738786194633,0.0002676168454691036,8.462787719116797e-05,10
3.825,0.12355752,6.7,0.08625411361274073,0.9773971406693447,0.00034304756789229306,0.00010848116603208937,10
3.825,0.12355752,6.7,0.09790969283256912,0.9710563301552098,0.0004402691583536521,0.00013922533239228886,10
3.825,0.12355752,6.7,0.11114029869471674,0.9629416810939195,0.0005647701464392519,0.00017859600172148704,10
3.825,0.12355752,6.7,0.12615876566045128,0.9525440755078849,0.0007232130109920367,0.0002287000348203226,10
3.825,0.12355752,6.7,0.14320668866193417,0.939550663918402,0.0009196424104510998,0.0002908164649912912,10
3.825,0.12355752,6.7,0.16255830952494102,0.9231873844650951,0.0011657904344553106,0.0003686553047316018,10
3.825,0.12355752,6.7,0.1845249285666265,0.902652525928706,0.001475259825484244,0.0004665181189072726,10
3.825,0.12355752,6.7,0.209459912335607,0.877207510231063,0.001854079828569269,0.0005863115222053417,10
3.825,0.12355752,6.7,0.23776437805149325,0.8459028540198048,0.002307062073851161,0.0007295570856761258,10
3.825,0.12355752,6.7,0.2698936461867474,0.80822807670707,0.002836297281027775,0.0008969159529390448,10
3.825,0.12355752,6.7,0.3063645649904774,0.7632335760740371,0.0034333120154021518,0.0010857085886693898,10
3.825,0.12355752,6.7,0.3477638247803005,0.7108940177888996,0.00408270585850341,0.0012910649529383896,10
3.825,0.12355752,6.7,0.3947573957503299,0.6511768144732222,0.004710870135547383,0.0014897079389595874,10
3.825,0.12355752,6.7,0.4481012411168134,0.5851517457229644,0.0053071980184042945,0.001678283373168979,10
3.825,0.12355752,6.7,0.5086534779386983,0.5151485814393042,0.005815459937403656,0.001839009904365578,10
3.825,0.12355752,6.7,0.5773881812384607,0.4437410011173194,0.006246805061826463,0.0019754132094440572,10
3.825,0.12355752,6.7,0.6554110534835178,0.37407790653920503,0.006609861496573638,0.0020902217347421943,10
3.825,0.12355752,6.7,0.7439772114957187,0.30920574555356245,0.006871241142067464,0.00217287723611898,10
3.825,0.12355752,6.7,0.8445113769184625,0.2527755440466858,0.006786831771368323,0.0021461846493919037,10
3.825,0.12355752,6.7,0.9586307950358789,0.20542968563030115,0.006096350900426739,0.0019278354260966859,10
3.825,0.12355752,6.7,1.088171250628218,0.16792912622917536,0.0048021114388853495,0.0015185609724826172,10
3.825,0.12355752,6.7,1.2352165993681232,0.13956769354137258,0.003591848336046745,0.0011358421751793586,10
3.825,0.12355752,6.7,1.402132289815328,0.11866226047229182,0.0038200517557301903,0.0012080064327832575,10
3.825,0.12355752,6.7,1.5916034152621248,0.10631948232343107,0.005186992147171442,0.0016402709390469065,10
3.825,0.12355752,6.7,1.80667790755158,0.10441463216205607,0.0054892723847021685,0.0017358603432722872,10
3.825,0.12355752,6.7,2.0508155677068496,0.1144864685083897,0.004914336902453067,0.0015540497801168405,10
3.825,0.12355752,6.7,2.3279437221040404,0.1365154403299972,0.004917285871386375,0.0015549823259746736,10
3.825,0.12355752,6.7,2.642520399502972,0.16558564901985648,0.004940598862443557,0.0015623545410558565,10
3.825,0.12355752,6.7,2.9996060452346534,0.18777905184805094,0.002815001014832265,0.0008901814822555388,10
3.825,0.12355752,6.7,3.404944926177538,0.1957415392361639,0.004342857358293037,0.0013733320805427932,10
3.825,0.12355752,6.7,3.865057536045609,0.19804045697647915,0.004599518662684567,0.0014544955114534947,10
3.825,0.12355752,6.7,4.3873454874682505,0.1897969412972398,0.00433095263041529,0.001369567475040975,10
3.825,0.12355752,6.7,4.980210578210885,0.17628901756587595,0.008958676325929582,0.002832982201016645,10
3.825,0.12355752,6.7,5.653189946897943,0.16378914286460586,0.005500753289117466,0.0017394909240273895,10
3.825,0.12355752,6.7,6.417109492424104,0.15452478245796283,0.0040771802802367346,0.0012893176116671678,10
3.825,0.12355752,6.7,7.284258025038717,0.15180690229523092,0.003753125656723476,0.0011868425420061425,10
3.825,0.12355752,6.7,8.268584950589176,0.14699231320944425,0.005800850554034314,0.0018343900116998076,10
3.825,0.12355752,6.7,9.385924667975567,0.1395767870489612,0.00343421312046367,0.0010859935431099402,10
3.825,0.12355752,6.7,10.65425128959158,0.1316178220577134,0.004550137769369103,0.0014388799018764296,10
3.825,0.12355752,6.7,12.093967782318368,0.12296190441699488,0.004005713829116973,0.001266717935484414,10
3.825,0.12355752,6.7,13.728234180344895,0.11507658092287705,0.004594932888089495,0.001453045362197838,10
3.825,0.12355752,6.7,15.583340149618108,0.10493320392785,0.004172426870711475,0.0013194372281937156,10
3.825,0.12355752,6.7,17.689127897190275,0.0966190163279931,0.004242762509693495,0.0013416793101803663,10
3.825,0.12355752,6.7,20.07947222860456,0.09023457814553014,0.004098966419805933,0.0012962069939132664,10
3.825,0.12355752,6.7,22.792825475773903,0.07754225146747996,0.003394110013899631,0.0010733118273108591,10
3.825,0.12355752,6.7,25.872836061348632,0.06893587934415188,0.0053120720897145675,0.0016798246898508335,10
3.825,0.12355752,6.7,29.369050650123167,0.06157427767165099,0.005715183769163708,0.0018072997956983309,10
3.825,0.12355752,6.7,33.33771118265806,0.053887852868970354,0.00453813077465948,0.0014350829567628294,10
3.825,0.12355752,6.7,37.842659612617176,0.04400891905616376,0.0023658340606488256,0.0007481424197655224,10
3.825,0.12355752,6.7,42.95636490189982,0.035801469527376964,0.003721910846547098,0.0011769715523174268,10
3.825,0.12355752,6.7,48.76108879434957,0.02911468331951885,0.0022795203503327677,0.0007208476279756509,10
3.825,0.12355752,6.7,55.350209121286355,0.02253646035848496,0.0038154349337725423,0.001206546465489493,10
3.825,0.12355752,6.7,62.82972192624931,0.017076983642231452,0.0043924802264562815,0.001389024209285404,10
3.825,0.12355752,6.7,71.31994657291497,0.013625358066426885,0.003543119969741788,0.001120432912761092,10
3.825,0.12355752,6.7,80.95746126545187,0.010538148529087823,0.00320470110398151,0.0010134154708637672,10
3.825,0.12355752,6.7,91.89730011710618,0.006248680505799611,0.0034797666556479825,0.0011003988357754448,10
3.825,0.12355752,6.7,104.31544711021446,0.003648487040497901,0.003536673362308341,0.0011183943164940254,10
3.825,0.12355752,6.7,118.41166706679324,0.00033632708833613,0.0028104764336299485,0.0008887506840497684,10
3.825,0.12355752,6.7,134.41271917018034,0.00011489718494558511,0.0023264252230580386,0.0007356802510928674,10
3.825,0.12355752,6.7,152.57600473212457,-0.0015498611572729794,0.0026165942214602484,0.0008274397452249416,10
3.825,0.12355752,6.7,173.19370788521238,-0.000737752710338151,0.002360862719519941,0.0007465703436662275,10
3.825,0.12355752,6.7,196.59749580998604,-0.00016788249844034952,0.0026779475811289483,0.0008468413810906021,10
3.825,0.12355752,6.7,223.1638541070668,0.0003883052227591505,0.002368480598328065,0.0007489793284635077,10
3.825,0.12355752,6.7,253.32014314187637,-0.0007574636125263743,0.0028677927600324637,0.0009068756979043278,10
3.825,0.12355752,6.7,287.5514727874956,0.00025863642316737687,0.0013554723982220271,0.0004286380083872373,10
3.825,0.12355752,6.7,326.40850615637055,-0.0006585958063916582,0.002587546213613256,0.0008182539585962476,10
3.825,0.12355752,6.7,370.5163178557939,0.00044154353009342626,0.0020206844411141847,0.0006389965266385213,10
3.825,0.12355752,6.7,420.58444926569615,-2.854140609482279e-05,0.0013362095970291187,0.0004225465757987774,10
3.825,0.12355752,6.7,477.4183225932176,7.880005550446468e-05,0.0014825305715901213,0.0004688173307056098,10
3.825,0.12355752,6.7,541.9321973165318,0.0003598682888485391,0.001735757541884116,0.000548894729816892,10
3.825,0.12355752,6.7,615.1638774420524,-0.00014605751485270184,0.0019151857656867942,0.0006056349161903821,10
3.825,0.12355752,6.7,698.2914061636919,0.00012113143420926166,0.0007673004424395129,0.0002426417047763785,10
3.825,0.12355752,6.7,792.652016483199,-0.00023189284926907285,0.002317423786254647,0.0007328337468415891,10
3.825,0.12355752,6.7,899.7636426411872,4.703955305629564e-05,0.0021717122162761924,0.0006867557025844963,10
3.825,0.12355752,6.7,1021.3493384030259,-0.00033673339085626633,0.001439591433322899,0.00045523878293667806,10
3.825,0.12355752,6.7,1159.3649950049091,8.328546371112622e-05,0.0016280555042303493,0.0005148363550541799,10
3.825,0.12355752,6.7,1316.0308046455484,-0.00017501454478912026,0.001771057561724212,0.0005600575762312756,10
3.825,0.12355752,6.7,1493.8669756616864,-0.0002412826479103322,0.001177135894523843,0.000372243054223507,10
3.825,0.12355752,6.7,1695.7342739204687,1.4601221215187056e-05,0.0011968460806936765,0.00037847596236376943,10
3.825,0.12355752,6.7,1924.8800425987847,0.0003908806347790318,0.0014168254362781005,0.00044803954255005546,10
3.825,0.12355752,6.7,2184.990440647822,-0.0003333176002123466,0.0017141434970215222,0.0005420597686954063,10
3.825,0.12355752,6.7,2480.2497402782196,-0.0006518958872858653,0.0010481928745995994,0.00033146769108939887,10
3.825,0.12355752,6.7,2815.4076373562034,0.00024079543425658284,0.0013010305842986718,0.0004114219951923503,10
3.825,0.12355752,6.7,3195.8556575010366,7.596778368972066e-05,0.0013924043982935733,0.0004403169322643961,10
3.825,0.12355752,6.7,3627.7138869923433,0.00021075580399752746,0.0012035917779444792,0.0003806091391356167,10
3.825,0.12355752,6.7,4117.929423686066,-6.721480720041362e-05,0.0009453609423684691,0.0002989493788847536,10
3.825,0.12355752,6.7,4674.388131672206,-0.0005527394124705748,0.0009383504185882359,0.0002967324566111226,10
3.825,0.12355752,6.7,5306.041497418272,-0.00023242405763734185,0.0009986056935633132,0.0003157868476072215,10
3.825,0.12355752,6.7,6023.050628072877,-4.239592309181923e-05,0.0010510281463584868,0.00033236428274376246,10
3.825,0.12355752,6.7,6836.949708361742,-0.0005738305261373258,0.000865583007231182,0.0002737213806788531,10
3.825,0.12355752,6.7,7760.831545529242,-0.0004580290871743803,0.0008835059884935968,0.0002793891250038282,10
3.825,0.12355752,6.7,8809.558187098928,2.1429485852072994e-05,0.0007761339983221084,0.0002454351204191166,10
3.825,0.12355752,6.7,9999.99999956053,0.0003906225922949854,0.0007628025895760216,0.0002412193588134842,10
3.85,0.11421505,6.7,0.010000000000218279,0.9997140768007103,0.0001,3.1622776601683795e-05,10
3.85,0.11421505,6.7,0.011351307054675233,0.9995983618430507,0.0001,3.1622776601683795e-05,10
3.85,0.11421505,6.7,0.012885217184670714,0.9994670102415325,0.0001,3.1622776601683795e-05,10
3.85,0.11421505,6.7,0.014626405672618265,0.9993179090054399,0.0001,3.1622776601683795e-05,10
3.85,0.11421505,6.7,0.016602882189250948,0.9991486596141319,0.0001,3.1622776601683795e-05,10
3.85,0.11421505,6.7,0.018846441371867226,0.9989565394331807,0.0001,3.1622776601683795e-05,10
3.85,0.11421505,6.7,0.021393174289532996,0.9986592973512266,0.0001,3.1622776601683795e-05,10
3.85,0.11421505,6.7,0.024284049022937213,0.9982474859883551,0.0001,3.1622776601683795e-05,10
3.85,0.11421505,6.7,0.027565569698412937,0.9977800262655091,0.0001,3.1622776601683795e-05,10
3.85,0.11421505,6.7,0.03129052457769065,0.9971763952306916,0.0001,3.1622776601683795e-05,10
3.85,0.11421505,6.7,0.035518835237547564,0.9963348736722863,0.0001,3.1622776601683795e-05,10
3.85,0.11421505,6.7,0.040318520499702026,0.9953618428898279,0.0001,3.1622776601683795e-05,10
3.85,0.11421505,6.7,0.045766790617234585,0.9939731620419081,0.0001,3.1622776601683795e-05,10
3.85,0.11421505,6.7,0.051951289319191934,0.9922889004407853,0.00010886417402271953,3.4425874550472876e-05,10
3.85,0.11421505,6.7,0.05897150369355452,0.9901112614884031,0.00013975980242129072,4.419593009863942e-05,10
3.85,0.11421505,6.7,0.06694036458868406,0.987260383912513,0.00018091886785337656,5.721156941156878e-05,10
3.85,0.11421505,6.7,0.0759860632781475,0.9836395229898081,0.00023333245018416465,7.378619946097351e-05,10
3.85,0.11421505,6.7,0.08625411361274073,0.9790146806346611,0.0003000225888899972,9.4875473039272e-05,10
3.85,0.11421505,6.7,0.09790969283256912,0.9731193126699555,0.00038447897308420214,0.0001215829267388652,10
3.85,0.11421505,6.7,0.11114029869471674,0.9655685174087105,0.0004933817004965441,0.00015602099294161076,10
3.85,0.11421505,6.7,0.12615876566045128,0.9558850645319465,0.0006313697580850521,0.0001996566481298274,10
3.85,0.11421505,6.7,0.14320668866193417,0.9437721736078764,0.0008001016796117587,0.00025301436672994624,10
3.85,0.11421505,6.7,0.16255830952494102,0.9284951209198491,0.001007379866374265,0.0003185614846738745,10
3.85,0.11421505,6.7,0.1845249285666265,0.9092929978474229,0.0012618920239750163,0.0003990452956960855,10
3.85,0.11421505,6.7,0.209459912335607,0.8854444382585414,0.001563710532941151,0.0004944886885289792,10
3.85,0.11421505,6.7,0.23776437805149325,0.8560251579924678,0.0019133596450140325,0.0006050574461295575,10
3.85,0.11421505,6.7,0.2698936461867474,0.820518461803936,0.0023076922308988084,0.0007297563588315431,10
3.85,0.11421505,6.7,0.3063645649904774,0.7779427523102187,0.0027299364047422008,0.0008632816906396644,10
3.85,0.11421505,6.7,0.3477638247803005,0.7282127256684845,0.0031622634790949276,0.0009999955155508226,10
3.85,0.11421505,6.7,0.3947573957503299,0.671101149858903,0.0035383740571888764,0.0011189321234367734,10
3.85,0.11421505,6.7,0.4481012411168134,0.6075057673939287,0.003828711801474633,0.0012107449797026262,10
3.85,0.11421505,6.7,0.5086534779386983,0.5394027249652109,0.003963368370755456,0.0012533271257857924,10
3.85,0.11421505,6.7,0.5773881812384607,0.46910095676674246,0.003953635408241798,0.0012502492927933726,10
3.85,0.11421505,6.7,0.6554110534835178,0.3994610406990121,0.0038986115404098594,0.001232849217991273,10
3.85,0.11421505,6.7,0.7439772114957187,0.33335035911778194,0.0040328208115801845,0.001275289915992213,10
3.85,0.11421505,6.7,0.8445113769184625,0.27435055361093885,0.004543275723725549,0.001436709932512263,10
3.85,0.11421505,6.7,0.9586307950358789,0.22322378790923886,0.005255715945370981,0.0016620033122237388,10
3.85,0.11421505,6.7,1.088171250628218,0.18090703719116485,0.005638913893388334,0.0017831811432675027,10
3.85,0.11421505,6.7,1.2352165993681232,0.14739513762506667,0.00547966697144119,0.0017328228448950994,10
3.85,0.11421505,6.7,1.402132289815328,0.12210685222692627,0.00506965896260899,0.001603166928213081,10
3.85,0.11421505,6.7,1.5916034152621248,0.10622836219281244,0.004357826111374013,0.001378065615889648,10
3.85,0.11421505,6.7,1.80667790755158,0.10009243589742516,0.003345351540570918,0.0010578930442157286,10
3.85,0.11421505,6.7,2.0508155677068496,0.1059565986141571,0.0023251196502889313,0.0007352673927327201,10
3.85,0.11421505,6.7,2.3279437221040404,0.1251071964944801,0.0037160015676939557,0.001175102874266927,10
3.85,0.11421505,6.7,2.642520399502972,0.1530109811520333,0.00489684072216655,0.0015485170021110075,10
3.85,0.11421505,6.7,2.9996060452346534,0.17732401140122347,0.005451541342875539,0.0017239287402059642,10
3.85,0.11421505,6.7,3.404944926177538,0.19142954137191476,0.005109445640023193,0.001615748580329007,10
3.85,0.11421505,6.7,3.865057536045609,0.1979058502544258,0.003657454584948552,0.0011565886927063216,10
3.85,0.11421505,6.7,4.3873454874682505,0.19024290864652005,0.004708583415295033,0.0014889848145226813,10
3.85,0.11421505,6.7,4.980210578210885,0.17972323169568152,0.004939602753050845,0.001562039543607891,10
3.85,0.11421505,6.7,5.653189946897943,0.17042640881106386,0.004231367792541556,0.001338075984231015,10
3.85,0.11421505,6.7,6.417109492424104,0.15983139111797404,0.004605968785441307,0.0014565352193633926,10
3.85,0.11421505,6.7,7.284258025038717,0.15163663408236655,0.005537703445375666,0.0017511755893948931,10
3.85,0.11421505,6.7,8.268584950589176,0.14828543005018333,0.005783484703658018,0.0018288984476303289,10
3.85,0.11421505,6.7,9.385924667975567,0.14201767280624122,0.005298973074926914,0.0016756824176675123,10
3.85,0.11421505,6.7,10.65425128959158,0.1326464270978009,0.0067416757203592435,0.00213190505225916,10
3.85,0.11421505,6.7,12.093967782318368,0.12132856835696401,0.0040889169278365755,0.0012930290655181922,10
3.85,0.11421505,6.7,13.728234180344895,0.11315384832899111,0.0030748244170654944,0.0009723448563026472,10
3.85,0.11421505,6.7,15.583340149618108,0.10882105321523605,0.0060039986822069255,0.0018986310904423348,10
3.85,0.11421505,6.7,17.689127897190275,0.09755989219473384,0.007675354225630522,0.0024271601201590366,10
3.85,0.11421505,6.7,20.07947222860456,0.08958860712493855,0.006049690245118781,0.0019130800313077688,10
3.85,0.11421505,6.7,22.792825475773903,0.08034942595934388,0.0054212290641326025,0.0017143431560162057,10
3.85,0.11421505,6.7,25.872836061348632,0.07114279520267212,0.004653600401087216,0.0014715976587708712,10
3.85,0.11421505,6.7,29.369050650123167,0.06246343457114608,0.005600722528489436,0.0017711039732643903,10
3.85,0.11421505,6.7,33.33771118265806,0.05353240920387279,0.0046979738827766055,0.001485629785755896,10
3.85,0.11421505,6.7,37.842659612617176,0.04539075519915002,0.0043227568069378434,0.0013669757280920338,10
3.85,0.11421505,6.7,42.95636490189982,0.03878775889365999,0.004707002237134961,0.001488484802085447,10
3.85,0.11421505,6.7,48.76108879434957,0.03223561512641441,0.006396122627324153,0.002022631569608465,10
3.85,0.11421505,6.7,55.350209121286355,0.025257255740485023,0.004698236554738106,0.0014857128499234764,10
3.85,0.11421505,6.7,62.82972192624931,0.019942232407289547,0.0029845109567901346,0.0009437852325185198,10
3.85,0.11421505,6.7,71.31994657291497,0.013751418080132083,0.0018420732452587754,0.0005825147071875693,10
3.85,0.11421505,6.7,80.95746126545187,0.009493332791442561,0.002524675223914837,0.0007983724059766489,10
3.85,0.11421505,6.7,91.89730011710618,0.006891020510483821,0.0019753617137295504,0.0006246642218078883,10
3.85,0.11421505,6.7,104.31544711021446,0.003926881273035162,0.0023619964264830675,0.0007469288532864947,10
3.85,0.11421505,6.7,118.41166706679324,0.0021711850890075964,0.0020379760647795922,0.000644464618161037,10
3.85,0.11421505,6.7,134.41271917018034,0.0023947592800534993,0.0019086407797294965,0.0006035652099024943,10
3.85,0.11421505,6.7,152.57600473212457,0.0026131741694268985,0.0022324064852432216,0.0007059489156699651,10
3.85,0.11421505,6.7,173.19370788521238,0.0013852399301399073,0.0018713223357673535,0.0005917640817371212,10
3.85,0.11421505,6.7,196.59749580998604,-0.00016206234972028586,0.00225472331619854,0.0007130061172675408,10
3.85,0.11421505,6.7,223.1638541070668,0.0018358554981298628,0.003597026982927003,0.0011374798071132927,10
3.85,0.11421505,6.7,253.32014314187637,-0.0005995978569075789,0.0024701226440771804,0.0007811213655241317,10
3.85,0.11421505,6.7,287.5514727874956,0.0006476080910797833,0.001881394771364116,0.000594949265544234,10
3.85,0.11421505,6.7,326.40850615637055,-0.000338550216532452,0.0030431883640526115,0.000962340657932793,10
3.85,0.11421505,6.7,370.5163178557939,0.00011506004750612227,0.0009632480421895121,0.00030460577650168224,10
3.85,0.11421505,6.7,420.58444926569615,-0.0003865457448286989,0.0016441994814021868,0.0005199415288898569,10
3.85,0.11421505,6.7,477.4183225932176,-0.0008073025473243886,0.0021182128719027175,0.0006698377244299069,10
3.85,0.11421505,6.7,541.9321973165318,-0.0006513295723966552,0.00164504001688232,0.0005202073295469974,10
3.85,0.11421505,6.7,615.1638774420524,-0.0004514596542272842,0.0023344106181989715,0.0007382054547590463,10
3.85,0.11421505,6.7,698.2914061636919,-0.0004597147049663193,0.001556704332463639,0.0004922731334037095,10
3.85,0.11421505,6.7,792.652016483199,-0.0002177437962282614,0.0023004234443889117,0.0007274577667118652,10
3.85,0.11421505,6.7,899.7636426411872,-0.0005316018441843955,0.0013801804937769444,0.0004364513942470994,10
3.85,0.11421505,6.7,1021.3493384030259,-8.235006529318058e-05,0.0008275437280004012,0.00026169230438681263,10
3.85,0.11421505,6.7,1159.3649950049091,0.00039923572985192245,0.0018760990548032808,0.0005932746129267426,10
3.85,0.11421505,6.7,1316.0308046455484,-0.0003505179511337754,0.0010931667032080857,0.00034568966443948465,10
3.85,0.11421505,6.7,1493.8669756616864,-0.00038812739150916205,0.0013141139991778657,0.00041555933425146925,10
3.85,0.11421505,6.7,1695.7342739204687,0.0002234203433637932,0.0013460051986587535,0.0004256442170189077,10
3.85,0.11421505,6.7,1924.8800425987847,0.00027468243764707634,0.0007291726696890501,0.00023058464437630198,10
3.85,0.11421505,6.7,2184.990440647822,-0.0005462918353645264,0.0007745591923853471,0.00024493712305582446,10
3.85,0.11421505,6.7,2480.2497402782196,-0.000316052984466574,0.0014328004185341972,0.00045309127550105955,10
3.85,0.11421505,6.7,2815.4076373562034,-0.00037600988288599235,0.0021052133837931356,0.0006657269253456513,10
3.85,0.11421505,6.7,3195.8556575010366,0.00045393178579039876,0.0014964888066219151,0.00047323131218725197,10
3.85,0.11421505,6.7,3627.7138869923433,0.00014842694397255844,0.001229862267190677,0.00038891659726211124,10
3.85,0.11421505,6.7,4117.929423686066,-0.0003260562750977298,0.0008288038520589249,0.0002620907906027436,10
3.85,0.11421505,6.7,4674.388131672206,-0.0004177863634988336,0.0011817630558739406,0.0003737062911202478,10
3.85,0.11421505,6.7,5306.041497418272,-0.00030930608193038107,0.0009715462902080762,0.0003072299129344464,10
3.85,0.11421505,6.7,6023.050628072877,-0.0001476141462184438,0.0011869347628471996,0.00037534172846289527,10
3.85,0.11421505,6.7,6836.949708361742,-0.000200696928733357,0.001277905297150619,0.00040410913729902365,10
3.85,0.11421505,6.7,7760.831545529242,-0.00023724334217254355,0.0009444060015978379,0.0002986474000981785,10
3.85,0.11421505,6.7,8809.558187098928,-0.0005797714216717072,0.0007514816620759312,0.00023763936720089203,10
3.85,0.11421505,6.7,9999.99999956053,0.0003822942696385135,0.0011375038652368676,0.0003597103061393729,10
3.85,0.0025044372,6.7,0.00999999999476131,0.9999937169116739,0.0001,3.1622776601683795e-05,10
3.85,0.0025044372,6.7,0.01133087805636538,0.9999912020261762,0.0001,3.1622776601683795e-05,10
3.85,0.0025044372,6.7,0.012838879759548139,0.9999883524400845,0.0001,3.1622776601683795e-05,10
3.85,0.0025044372,6.7,0.014547578101198786,0.9999851236088313,0.0001,3.1622776601683795e-05,10
3.85,0.0025044372,6.7,0.016483683356648782,0.99998146505951,0.0001,3.1622776601683795e-05,10
3.85,0.0025044372,6.7,0.01867746061317724,0.9999773196018855,0.0001,3.1622776601683795e-05,10
3.85,0.0025044372,6.7,0.02116320287213461,0.9999711611586685,0.0001,3.1622776601683795e-05,10
3.85,0.0025044372,6.7,0.023979767115190134,0.999962300541527,0.0001,3.1622776601683795e-05,10
3.85,0.0025044372,6.7,0.027171181714460153,0.9999522606842884,0.0001,3.1622776601683795e-05,10
3.85,0.0025044372,6.7,0.030787334681517824,0.9999399008360502,0.0001,3.1622776601683795e-05,10
3.85,0.0025044372,6.7,0.03488475351395375,0.9999218908837355,0.0001,3.1622776601683795e-05,10
3.85,0.0025044372,6.7,0.03952748883000458,0.999901484026377,0.0001,3.1622776601683795e-05,10
3.85,0.0025044372,6.7,0.044788115604175775,0.9998723643379644,0.0001,3.1622776601683795e-05,10
3.85,0.0025044372,6.7,0.050748867655116894,0.9998377625498838,0.0001,3.1622776601683795e-05,10
3.85,0.0025044372,6.7,0.05750292311999947,0.9997911739691017,0.0001,3.1622776601683795e-05,10
3.85,0.0025044372,6.7,0.06515586100985987,0.9997319562121547,0.0001,3.1622776601683795e-05,10
3.85,0.0025044372,6.7,0.07382731161469726,0.9996565530319034,0.0001,3.1622776601683795e-05,10
3.85,0.0025044372,6.7,0.08365282655736536,0.999559755882415,0.0001,3.1622776601683795e-05,10
3.85,0.0025044372,6.7,0.09478599772883445,0.999435492197388,0.0001,3.1622776601683795e-05,10
3.85,0.0025044372,6.7,0.10740085822789887,0.9992767177380617,0.0001,3.1622776601683795e-05,10
3.85,0.0025044372,6.7,0.12169460283668292,0.9990681878012573,0.0001,3.1622776601683795e-05,10
3.85,0.0025044372,6.7,0.13789067055826376,0.9988121681817587,0.0001,3.1622776601683795e-05,10
3.85,0.0025044372,6.7,0.1562422374024643,0.9984757465230605,0.0001,3.1622776601683795e-05,10
3.85,0.0025044372,6.7,0.17703617401884503,0.9980498580182712,0.0001,3.1622776601683795e-05,10
3.85,0.0025044372,6.7,0.20059753004238828,0.9975077368771874,0.0001,3.1622776601683795e-05,10
3.85,0.0025044372,6.7,0.2272946152509119,0.9968053684358967,0.0001,3.1622776601683795e-05,10
3.85,0.0025044372,6.7,0.25754475696257667,0.9959233227040156,0.0001,3.1622776601683795e-05,10
3.85,0.0025044372,6.7,0.29182082367279727,0.9947963795201089,0.0001,3.1622776601683795e-05,10
3.85,0.0025044372,6.7,0.3306586169076789,0.9933886832632149,0.00010510312243551085,3.32365256091758e-05,10
3.85,0.0025044372,6.7,0.37466524684301017,0.9915878195740163,0.00013351496097636228,4.222113783938034e-05,10
3.85,0.0025044372,6.7,0.42452862261601554,0.9893551961037883,0.00016794163485082402,5.3107808010091613e-05,10
3.85,0.0025044372,6.7,0.4810282056818787,0.9865710771155882,0.00020940613955919816,6.622003570301543e-05,10
3.85,0.0025044372,6.7,0.5450471943108947,0.9831120313959127,0.0002580531708147706,8.160357772031638e-05,10
3.85,0.0025044372,6.7,0.6175863296936179,0.9788470071918933,0.0003136198577911819,9.917530700782385e-05,10
3.85,0.0025044372,6.7,0.6997795394702577,0.9736107146733607,0.0003763479527432977,0.00011901167234102352,10
3.85,0.0025044372,6.7,0.7929116632230832,0.9672087572710231,0.00044873646357631376,0.00014190292940703385,10
3.85,0.0025044372,6.7,0.8984385370157254,0.9593262680656958,0.000535610788153759,0.00016937500299238104,10
3.85,0.0025044372,6.7,1.0180097509397539,0.9495914747180552,0.0006420455618879246,0.00020303263371684383,10
3.85,0.0025044372,6.7,1.1534944354132035,0.9374366892930344,0.0007730752835667053,0.0002444678698851327,10
3.85,0.0025044372,6.7,1.307010479321007,0.922159444042674,0.0009349099427868462,0.0002956444826344141,10
3.85,0.0025044372,6.7,1.4809576367336277,0.9028495380642136,0.0011351807977905833,0.000358975687710528,10
3.85,0.0025044372,6.7,1.6780550397262608,0.8787962295401066,0.0013680114321830193,0.00043260319908473117,10
3.85,0.0025044372,6.7,1.9013837036968393,0.8497861765923487,0.0015971836271270092,0.0005050738103250443,10
3.85,0.0025044372,6.7,2.154434689623565,0.8160432473107896,0.0017540258174368335,0.0005546716657839078,10
3.85,0.0025044372,6.7,2.441163676131652,0.7777130625722204,0.0017746725550250022,0.0005612007374869503,10
3.85,0.0025044372,6.7,2.766052794436688,0.7341587715748642,0.0017052341821279012,0.0005392423959498559,10
3.85,0.0025044372,6.7,3.134180692764979,0.6851333862838703,0.001779201397697787,0.0005626328832880067,10
3.85,0.0025044372,6.7,3.5513019254938922,0.6331323900533292,0.0021785704910585015,0.0006889244794976354,10
3.85,0.0025044372,6.7,4.023936908018704,0.5815655674672633,0.00275139943093072,0.0008700688954632206,10
3.85,0.0025044372,6.7,4.559473843515358,0.5307183159997145,0.0032539345398244525,0.0010289844502937141,10
3.85,0.0025044372,6.7,5.166284214912466,0.48520413115592376,0.003285541615663451,0.0010389794852766053,10
3.85,0.0025044372,6.7,5.853853647436499,0.4482462091491596,0.0030503450229670812,0.0009646037921934602,10
3.85,0.0025044372,6.7,6.632930187366056,0.42265481697209273,0.002913159255783103,0.0009212218435075647,10
3.85,0.0025044372,6.7,7.515692314880196,0.4117120305862879,0.0035071070624388832,0.001109044631536923,10
3.85,0.0025044372,6.7,8.515939317368224,0.416287103307558,0.004886803699715355,0.0015453430169238053,10
3.85,0.0025044372,6.7,9.649306999105654,0.4356936961139378,0.006664954604637719,0.0021076437052282232,10
3.85,0.0025044372,6.7,10.933512099257646,0.46412458871922413,0.0075782623179796935,0.0023964569631043024,10
3.85,0.0025044372,6.7,12.388629238938407,0.49104912274001433,0.007974530963694793,0.002521768111681306,10
3.85,0.0025044372,6.7,14.03740472654714,0.5072426333392951,0.00776123676880725,0.002454318564927658,10
3.85,0.0025044372,6.7,15.90561212676771,0.5162808058392553,0.007042014792800942,0.0022268806061849678,10
3.85,0.0025044372,6.7,18.022455151466545,0.5310573156451215,0.005137966259935074,0.0016247675922491565,10
3.85,0.0025044372,6.7,20.421024170456096,0.5551860001853005,0.004892256184554128,0.001547067244023611,10
3.85,0.0025044372,6.7,23.138813478274493,0.5661876729978246,0.004966754201696271,0.001570625585557155,10
3.85,0.0025044372,6.7,26.218307402866163,0.5462030868599348,0.005376642548877629,0.00170024366190265,10
3.85,0.0025044372,6.7,29.707644418180745,0.5191902282251455,0.005419630185315096,0.001713837546139614,10
3.85,0.0025044372,6.7,33.661369642061125,0.5135801368541321,0.005231827421344998,0.0016544490976375624,10
3.85,0.0025044372,6.7,38.14128748242447,0.5247521898538012,0.003983434249254746,0.0012596725137167884,10
3.85,0.0025044372,6.7,43.21742776025294,0.5275216709302427,0.002159965149977196,0.0006830409540515129,10
3.85,0.0025044372,6.7,48.969140411774035,0.5192985978443067,0.003941385816538351,0.0012463756317743734,10
3.85,0.0025044372,6.7,55.48633588215215,0.5169421377185562,0.004051575089272286,0.0012812205393300455,10
3.85,0.0025044372,6.7,62.870890600455745,0.5182516349377414,0.005897236455289493,0.0018648699099292523,10
3.85,0.0025044372,6.7,71.23823950620478,0.5117857591670731,0.006627507287011911,0.002095801823632091,10
3.85,0.0025044372,6.7,80.719180521782,0.5100593121919836,0.00596307588527536,0.0018856901657895052,10
3.85,0.0025044372,6.7,91.46191917811964,0.5060424879060651,0.005675559505852698,0.0017947695034314273,10
3.85,0.0025044372,6.7,103.63438535513285,0.5034197273425749,0.005984879048496736,0.0018925849313871014,10
3.85,0.0025044372,6.7,117.42685835205519,0.49850468717100177,0.004224280529785586,0.0013358347949625202,10
3.85,0.0025044372,6.7,133.05494132262592,0.49420891855094046,0.0033537982246373615,0.00106056412024831,10
3.85,0.0025044372,6.7,150.7629315713326,0.49086005456040843,0.005504494859937543,0.0017406741126092162,10
3.85,0.0025044372,6.7,170.82763939498415,0.48686521474333605,0.005307001753398204,0.0016782213087245556,10
3.85,0.0025044372,6.7,193.56271516553397,0.4796003806348167,0.00675115015486513,0.0021349011315172296,10
3.85,0.0025044372,6.7,219.32355229486203,0.47312861074017576,0.0068861950591574475,0.0021776060799135466,10
3.85,0.0025044372,6.7,248.51284272438394,0.47003303947887104,0.004595490449782915,0.0014532216786865648,10
3.85,0.0025044372,6.7,281.58687178258504,0.4642296182029952,0.006659554703932378,0.0021059361066914604,10
3.85,0.0025044372,6.7,319.0626508113336,0.4553923304627808,0.0029074223861396123,0.0009194076860362739,10
3.85,0.0025044372,6.7,361.52599905778334,0.44867184757507916,0.006953637878073567,0.0021989333718732693,10
3.85,0.0025044372,6.7,409.6407011675382,0.437427848130325,0.006135689049381022,0.0019402752410597364,10
3.85,0.0025044372,6.7,464.1588834284973,0.42761535226332137,0.004688442458932773,0.0014826156848868012,10
3.85,0.0025044372,6.7,525.9327709662217,0.4164396150654972,0.005428859997986033,0.0017167562691812982,10
3.85,0.0025044372,6.7,595.9280096786484,0.406063241144716,0.004980316084635566,0.0015749142295020302,10
3.85,0.0025044372,6.7,675.2387611578663,0.39502627848243227,0.004576984533189827,0.0014473695940242387,10
3.85,0.0025044372,6.7,765.104806561916,0.38204463368157543,0.004594728664490204,0.0014529807810252666,10
3.85,0.0025044372,6.7,866.9309268033678,0.36932065049999663,0.00406933429032968,0.0012868364918066694,10
3.85,0.0025044372,6.7,982.3088620046776,0.3550774965556722,0.0029325937889677343,0.0009273675825201208,10
3.85,0.0025044372,6.7,1113.0421934892938,0.342646987960909,0.007281093585403167,0.002302483958671572,10
3.85,0.0025044372,6.7,1261.1745372623534,0.3274629269541035,0.007162022604957594,0.002264830408527834,10
3.85,0.0025044372,6.7,1429.0214896998968,0.3121689095696019,0.00607565500747578,0.0019212908101030805,10
3.85,0.0025044372,6.7,1619.2068248197654,0.29569655154264896,0.004804909916229407,0.0015194459287213773,10
3.85,0.0025044372,6.7,1834.7035089678793,0.2790124757798672,0.007687963915953775,0.0024311476543601236,10
3.85,0.0025044372,6.7,2078.880174059132,0.2609531612648325,0.00575007403241004,0.0018183330657004578,10
3.85,0.0025044372,6.7,2355.5537758399687,0.24138559067037008,0.006515176670910969,0.002060279763847195,10
3.85,0.0025044372,6.7,2669.049260323605,0.22194402377754913,0.006966924419349625,0.0022031349451390875,10
3.85,0.0025044372,6.7,3024.2671711002126,0.20331354428538861,0.005111239196977971,0.0016163157528380405,10
3.85,0.0025044372,6.7,3426.760254355735,0.1849182839055285,0.006727942874584715,0.002127562345118827,10
3.85,0.0025044372,6.7,3882.8202590845353,0.16663196939010932,0.009784582216692948,0.003094156575792891,10
3.85,0.0025044372,6.7,4399.576289351993,0.14624880900844667,0.008106214070074903,0.002563409966234046,10
3.85,0.0025044372,6.7,4985.106246043937,0.12893226633827543,0.00741725700162077,0.0023455426115952856,10
3.85,0.0025044372,6.7,5648.563100154032,0.10870421746972533,0.00578368506523551,0.0018289618075243747,10
3.85,0.0025044372,6.7,6400.317971505983,0.09353390610702035,0.00868970330788792,0.0027479254644025234,10
3.85,0.0025044372,6.7,7252.122249508962,0.07810254040081985,0.006196052489758011,0.0019593638369592424,10
3.85,0.0025044372,6.7,8217.291290208812,0.06489269402819661,0.007040764606858224,0.0022264852626771962,10
3.85,0.0025044372,6.7,9310.91256117664,0.05155158740718979,0.005661599841958224,0.0017903550701037318,10
3.85,0.0025044372,6.7,10550.08148794417,0.041509126726538434,0.004425029228643916,0.001399317107533277,10
3.85,0.0025044372,6.7,11954.168688723743,0.03271356282743436,0.003459846568668045,0.001094099551170918,10
3.85,0.0025044372,6.7,13545.122774810872,0.025302332457481584,0.003138978486415657,0.0009926321543341384,10
3.85,0.0025044372,6.7,15347.813450028194,0.01790435524728288,0.002608176239148977,0.000824777745484279,10
3.85,0.0025044372,6.7,17390.4202725217,0.012617185959580907,0.0028807969342886366,0.000910987978878251,10
3.85,0.0025044372,6.7,19704.873156011556,0.008239531019356296,0.003990091753311342,0.0012617778013518537,10
3.85,0.0025044372,6.7,22327.351496388073,0.007705508592986793,0.003987643959886455,0.0012610037411054308,10
3.85,0.0025044372,6.7,25298.849725971326,0.003719851482380832,0.0020965642630841543,0.0006629918332258401,10
3.85,0.0025044372,6.7,28665.818136146525,0.0024596275834180077,0.001844367559480864,0.000583240233048561,10
3.85,0.0025044372,6.7,32480.88898567808,0.0011444064394976815,0.0019121584994476822,0.0006046776105504496,10
3.85,0.0025044372,6.7,36803.699245186304,0.0017132139759263483,0.0019225656922451876,0.0006079686538793112,10
3.85,0.0025044372,6.7,41701.82283888156,0.0008321418098801373,0.002444023273617639,0.000772868019909265,10
3.85,0.0025044372,6.7,47251.826956305755,0.00022978594938999992,0.0025077721973803067,0.000793027199656711,10
3.85,0.0025044372,6.7,53540.468946285895,6.95440990060435e-05,0.0019054096754477297,0.0006025434450137037,10
3.85,0.0025044372,6.7,60666.05250287938,-0.0006982133193469594,0.001296862085361796,0.0004101038000858985,10
3.85,0.0025044372,6.7,68739.96434312935,0.0003397329121158978,0.002316373063602378,0.0007325014791645588,10
3.85,0.0025044372,6.7,77888.41539789367,-2.024000764742698e-05,0.002031393708553012,0.0006423830943563786,10
3.85,0.0025044372,6.7,88254.41373394025,0.0002436861671973217,0.001962104334077531,0.000620471870257293,10
3.85,0.0025044372,6.7,100000.00004791653,0.00022022179948505345,0.0016537928683582766,0.0005229752242155163,10
